county_fips,state_abbr,county_name,year,total_population
1001,AL,Autauga County,2020,58909
1001,AL,Autauga County,2021,59191
1001,AL,Autauga County,2022,59736
1001,AL,Autauga County,2023,60436
1001,AL,Autauga County,2024,61464
1003,AL,Baldwin County,2020,233244
1003,AL,Baldwin County,2021,239411
1003,AL,Baldwin County,2022,246577
1003,AL,Baldwin County,2023,254107
1003,AL,Baldwin County,2024,261608
1005,AL,Barbour County,2020,24975
1005,AL,Barbour County,2021,24517
1005,AL,Barbour County,2022,24722
1005,AL,Barbour County,2023,24644
1005,AL,Barbour County,2024,24358
1007,AL,Bibb County,2020,22176
1007,AL,Bibb County,2021,22344
1007,AL,Bibb County,2022,21983
1007,AL,Bibb County,2023,21890
1007,AL,Bibb County,2024,22258
1009,AL,Blount County,2020,59110
1009,AL,Blount County,2021,59050
1009,AL,Blount County,2022,59491
1009,AL,Blount County,2023,59777
1009,AL,Blount County,2024,60163
1011,AL,Bullock County,2020,10230
1011,AL,Bullock County,2021,10126
1011,AL,Bullock County,2022,10126
1011,AL,Bullock County,2023,9908
1011,AL,Bullock County,2024,9901
1013,AL,Butler County,2020,19027
1013,AL,Butler County,2021,18856
1013,AL,Butler County,2022,18652
1013,AL,Butler County,2023,18357
1013,AL,Butler County,2024,18256
1015,AL,Calhoun County,2020,116242
1015,AL,Calhoun County,2021,115633
1015,AL,Calhoun County,2022,115744
1015,AL,Calhoun County,2023,116403
1015,AL,Calhoun County,2024,116427
1017,AL,Chambers County,2020,34572
1017,AL,Chambers County,2021,34396
1017,AL,Chambers County,2022,34093
1017,AL,Chambers County,2023,34087
1017,AL,Chambers County,2024,33813
1019,AL,Cherokee County,2020,24981
1019,AL,Cherokee County,2021,25060
1019,AL,Cherokee County,2022,25334
1019,AL,Cherokee County,2023,25700
1019,AL,Cherokee County,2024,26138
1021,AL,Chilton County,2020,45060
1021,AL,Chilton County,2021,45255
1021,AL,Chilton County,2022,45856
1021,AL,Chilton County,2023,46525
1021,AL,Chilton County,2024,47262
1023,AL,Choctaw County,2020,12622
1023,AL,Choctaw County,2021,12544
1023,AL,Choctaw County,2022,12420
1023,AL,Choctaw County,2023,12263
1023,AL,Choctaw County,2024,12052
1025,AL,Clarke County,2020,22989
1025,AL,Clarke County,2021,22735
1025,AL,Clarke County,2022,22545
1025,AL,Clarke County,2023,22305
1025,AL,Clarke County,2024,22142
1027,AL,Clay County,2020,14210
1027,AL,Clay County,2021,14156
1027,AL,Clay County,2022,14198
1027,AL,Clay County,2023,14157
1027,AL,Clay County,2024,14239
1029,AL,Cleburne County,2020,15063
1029,AL,Cleburne County,2021,15151
1029,AL,Cleburne County,2022,15353
1029,AL,Cleburne County,2023,15658
1029,AL,Cleburne County,2024,15905
1031,AL,Coffee County,2020,53565
1031,AL,Coffee County,2021,54201
1031,AL,Coffee County,2022,54769
1031,AL,Coffee County,2023,55707
1031,AL,Coffee County,2024,56358
1033,AL,Colbert County,2020,57305
1033,AL,Colbert County,2021,57615
1033,AL,Colbert County,2022,58023
1033,AL,Colbert County,2023,58382
1033,AL,Colbert County,2024,58785
1035,AL,Conecuh County,2020,11551
1035,AL,Conecuh County,2021,11317
1035,AL,Conecuh County,2022,11220
1035,AL,Conecuh County,2023,11177
1035,AL,Conecuh County,2024,11109
1037,AL,Coosa County,2020,10340
1037,AL,Coosa County,2021,10321
1037,AL,Coosa County,2022,10283
1037,AL,Coosa County,2023,10267
1037,AL,Coosa County,2024,10291
1039,AL,Covington County,2020,37513
1039,AL,Covington County,2021,37512
1039,AL,Covington County,2022,37508
1039,AL,Covington County,2023,37861
1039,AL,Covington County,2024,37748
1041,AL,Crenshaw County,2020,13171
1041,AL,Crenshaw County,2021,13062
1041,AL,Crenshaw County,2022,13096
1041,AL,Crenshaw County,2023,13168
1041,AL,Crenshaw County,2024,13114
1043,AL,Cullman County,2020,88142
1043,AL,Cullman County,2021,89578
1043,AL,Cullman County,2022,90597
1043,AL,Cullman County,2023,91909
1043,AL,Cullman County,2024,92604
1045,AL,Dale County,2020,49260
1045,AL,Dale County,2021,49344
1045,AL,Dale County,2022,49472
1045,AL,Dale County,2023,49852
1045,AL,Dale County,2024,50067
1047,AL,Dallas County,2020,38185
1047,AL,Dallas County,2021,37496
1047,AL,Dallas County,2022,36772
1047,AL,Dallas County,2023,36294
1047,AL,Dallas County,2024,35545
1049,AL,DeKalb County,2020,71673
1049,AL,DeKalb County,2021,71880
1049,AL,DeKalb County,2022,72046
1049,AL,DeKalb County,2023,72626
1049,AL,DeKalb County,2024,73122
1051,AL,Elmore County,2020,87871
1051,AL,Elmore County,2021,88734
1051,AL,Elmore County,2022,89566
1051,AL,Elmore County,2023,90416
1051,AL,Elmore County,2024,91042
1053,AL,Escambia County,2020,36687
1053,AL,Escambia County,2021,36628
1053,AL,Escambia County,2022,36620
1053,AL,Escambia County,2023,36582
1053,AL,Escambia County,2024,36630
1055,AL,Etowah County,2020,103437
1055,AL,Etowah County,2021,102887
1055,AL,Etowah County,2022,102821
1055,AL,Etowah County,2023,103174
1055,AL,Etowah County,2024,103207
1057,AL,Fayette County,2020,16329
1057,AL,Fayette County,2021,16119
1057,AL,Fayette County,2022,16041
1057,AL,Fayette County,2023,15913
1057,AL,Fayette County,2024,15863
1059,AL,Franklin County,2020,32076
1059,AL,Franklin County,2021,31991
1059,AL,Franklin County,2022,31947
1059,AL,Franklin County,2023,31941
1059,AL,Franklin County,2024,31874
1061,AL,Geneva County,2020,26703
1061,AL,Geneva County,2021,26632
1061,AL,Geneva County,2022,26787
1061,AL,Geneva County,2023,27052
1061,AL,Geneva County,2024,27259
1063,AL,Greene County,2020,7701
1063,AL,Greene County,2021,7583
1063,AL,Greene County,2022,7412
1063,AL,Greene County,2023,7299
1063,AL,Greene County,2024,7127
1065,AL,Hale County,2020,14771
1065,AL,Hale County,2021,14715
1065,AL,Hale County,2022,14613
1065,AL,Hale County,2023,14931
1065,AL,Hale County,2024,15116
1067,AL,Henry County,2020,17171
1067,AL,Henry County,2021,17412
1067,AL,Henry County,2022,17638
1067,AL,Henry County,2023,17872
1067,AL,Henry County,2024,18141
1069,AL,Houston County,2020,107300
1069,AL,Houston County,2021,107412
1069,AL,Houston County,2022,108063
1069,AL,Houston County,2023,108556
1069,AL,Houston County,2024,109366
1071,AL,Jackson County,2020,52532
1071,AL,Jackson County,2021,52688
1071,AL,Jackson County,2022,52842
1071,AL,Jackson County,2023,53423
1071,AL,Jackson County,2024,53780
1073,AL,Jefferson County,2020,674727
1073,AL,Jefferson County,2021,669677
1073,AL,Jefferson County,2022,665543
1073,AL,Jefferson County,2023,664084
1073,AL,Jefferson County,2024,664744
1075,AL,Lamar County,2020,13954
1075,AL,Lamar County,2021,13725
1075,AL,Lamar County,2022,13628
1075,AL,Lamar County,2023,13616
1075,AL,Lamar County,2024,13543
1077,AL,Lauderdale County,2020,94031
1077,AL,Lauderdale County,2021,94846
1077,AL,Lauderdale County,2022,95903
1077,AL,Lauderdale County,2023,96867
1077,AL,Lauderdale County,2024,97502
1079,AL,Lawrence County,2020,33075
1079,AL,Lawrence County,2021,33052
1079,AL,Lawrence County,2022,33182
1079,AL,Lawrence County,2023,33505
1079,AL,Lawrence County,2024,33567
1081,AL,Lee County,2020,174856
1081,AL,Lee County,2021,177652
1081,AL,Lee County,2022,181044
1081,AL,Lee County,2023,184271
1081,AL,Lee County,2024,187847
1083,AL,Limestone County,2020,104209
1083,AL,Limestone County,2021,107285
1083,AL,Limestone County,2022,110926
1083,AL,Limestone County,2023,114803
1083,AL,Limestone County,2024,118942
1085,AL,Lowndes County,2020,10284
1085,AL,Lowndes County,2021,9936
1085,AL,Lowndes County,2022,9778
1085,AL,Lowndes County,2023,9682
1085,AL,Lowndes County,2024,9485
1087,AL,Macon County,2020,19472
1087,AL,Macon County,2021,18917
1087,AL,Macon County,2022,18561
1087,AL,Macon County,2023,18347
1087,AL,Macon County,2024,18159
1089,AL,Madison County,2020,390527
1089,AL,Madison County,2021,396663
1089,AL,Madison County,2022,404155
1089,AL,Madison County,2023,413891
1089,AL,Madison County,2024,423355
1091,AL,Marengo County,2020,19271
1091,AL,Marengo County,2021,18978
1091,AL,Marengo County,2022,18790
1091,AL,Marengo County,2023,18705
1091,AL,Marengo County,2024,18512
1093,AL,Marion County,2020,29175
1093,AL,Marion County,2021,28972
1093,AL,Marion County,2022,29171
1093,AL,Marion County,2023,29279
1093,AL,Marion County,2024,29323
1095,AL,Marshall County,2020,97706
1095,AL,Marshall County,2021,98268
1095,AL,Marshall County,2022,99570
1095,AL,Marshall County,2023,101041
1095,AL,Marshall County,2024,102156
1097,AL,Mobile County,2020,414409
1097,AL,Mobile County,2021,413164
1097,AL,Mobile County,2022,411291
1097,AL,Mobile County,2023,411745
1097,AL,Mobile County,2024,412339
1099,AL,Monroe County,2020,19704
1099,AL,Monroe County,2021,19530
1099,AL,Monroe County,2022,19403
1099,AL,Monroe County,2023,19244
1099,AL,Monroe County,2024,19057
1101,AL,Montgomery County,2020,228363
1101,AL,Montgomery County,2021,226811
1101,AL,Montgomery County,2022,226554
1101,AL,Montgomery County,2023,225966
1101,AL,Montgomery County,2024,225894
1103,AL,Morgan County,2020,123329
1103,AL,Morgan County,2021,123270
1103,AL,Morgan County,2022,124218
1103,AL,Morgan County,2023,125455
1103,AL,Morgan County,2024,126084
1105,AL,Perry County,2020,8456
1105,AL,Perry County,2021,8314
1105,AL,Perry County,2022,7898
1105,AL,Perry County,2023,7772
1105,AL,Perry County,2024,7719
1107,AL,Pickens County,2020,18962
1107,AL,Pickens County,2021,18615
1107,AL,Pickens County,2022,18780
1107,AL,Pickens County,2023,18741
1107,AL,Pickens County,2024,18508
1109,AL,Pike County,2020,32904
1109,AL,Pike County,2021,32748
1109,AL,Pike County,2022,32998
1109,AL,Pike County,2023,33163
1109,AL,Pike County,2024,33124
1111,AL,Randolph County,2020,22093
1111,AL,Randolph County,2021,22157
1111,AL,Randolph County,2022,22442
1111,AL,Randolph County,2023,22789
1111,AL,Randolph County,2024,23067
1113,AL,Russell County,2020,59252
1113,AL,Russell County,2021,58651
1113,AL,Russell County,2022,58522
1113,AL,Russell County,2023,58792
1113,AL,Russell County,2024,58837
1115,AL,St. Clair County,2020,91687
1115,AL,St. Clair County,2021,92850
1115,AL,St. Clair County,2022,93879
1115,AL,St. Clair County,2023,95487
1115,AL,St. Clair County,2024,96927
1117,AL,Shelby County,2020,223915
1117,AL,Shelby County,2021,227436
1117,AL,Shelby County,2022,230140
1117,AL,Shelby County,2023,233593
1117,AL,Shelby County,2024,235969
1119,AL,Sumter County,2020,12192
1119,AL,Sumter County,2021,11960
1119,AL,Sumter County,2022,11894
1119,AL,Sumter County,2023,11737
1119,AL,Sumter County,2024,11607
1121,AL,Talladega County,2020,81416
1121,AL,Talladega County,2021,80556
1121,AL,Talladega County,2022,80674
1121,AL,Talladega County,2023,81083
1121,AL,Talladega County,2024,81375
1123,AL,Tallapoosa County,2020,41288
1123,AL,Tallapoosa County,2021,41084
1123,AL,Tallapoosa County,2022,40910
1123,AL,Tallapoosa County,2023,40709
1123,AL,Tallapoosa County,2024,40699
1125,AL,Tuscaloosa County,2020,232651
1125,AL,Tuscaloosa County,2021,236699
1125,AL,Tuscaloosa County,2022,237995
1125,AL,Tuscaloosa County,2023,239204
1125,AL,Tuscaloosa County,2024,241212
1127,AL,Walker County,2020,65141
1127,AL,Walker County,2021,64552
1127,AL,Walker County,2022,64408
1127,AL,Walker County,2023,64845
1127,AL,Walker County,2024,65260
1129,AL,Washington County,2020,15331
1129,AL,Washington County,2021,15226
1129,AL,Washington County,2022,15098
1129,AL,Washington County,2023,15040
1129,AL,Washington County,2024,15018
1131,AL,Wilcox County,2020,10533
1131,AL,Wilcox County,2021,10411
1131,AL,Wilcox County,2022,10124
1131,AL,Wilcox County,2023,9925
1131,AL,Wilcox County,2024,9865
1133,AL,Winston County,2020,23488
1133,AL,Winston County,2021,23639
1133,AL,Winston County,2022,23741
1133,AL,Winston County,2023,23673
1133,AL,Winston County,2024,23869
2013,AK,Aleutians East Borough,2020,3426
2013,AK,Aleutians East Borough,2021,3416
2013,AK,Aleutians East Borough,2022,3453
2013,AK,Aleutians East Borough,2023,3529
2013,AK,Aleutians East Borough,2024,3632
2016,AK,Aleutians West Census Area,2020,5223
2016,AK,Aleutians West Census Area,2021,5156
2016,AK,Aleutians West Census Area,2022,5115
2016,AK,Aleutians West Census Area,2023,5257
2016,AK,Aleutians West Census Area,2024,5424
2020,AK,Anchorage Municipality,2020,290905
2020,AK,Anchorage Municipality,2021,288921
2020,AK,Anchorage Municipality,2022,287520
2020,AK,Anchorage Municipality,2023,287932
2020,AK,Anchorage Municipality,2024,289600
2050,AK,Bethel Census Area,2020,18670
2050,AK,Bethel Census Area,2021,18589
2050,AK,Bethel Census Area,2022,18272
2050,AK,Bethel Census Area,2023,18199
2050,AK,Bethel Census Area,2024,18237
2060,AK,Bristol Bay Borough,2020,864
2060,AK,Bristol Bay Borough,2021,864
2060,AK,Bristol Bay Borough,2022,877
2060,AK,Bristol Bay Borough,2023,864
2060,AK,Bristol Bay Borough,2024,884
2063,AK,Chugach Census Area,2020,7082
2063,AK,Chugach Census Area,2021,6967
2063,AK,Chugach Census Area,2022,6910
2063,AK,Chugach Census Area,2023,6749
2063,AK,Chugach Census Area,2024,6604
2066,AK,Copper River Census Area,2020,2614
2066,AK,Copper River Census Area,2021,2620
2066,AK,Copper River Census Area,2022,2607
2066,AK,Copper River Census Area,2023,2656
2066,AK,Copper River Census Area,2024,2631
2068,AK,Denali Borough,2020,1614
2068,AK,Denali Borough,2021,1595
2068,AK,Denali Borough,2022,1583
2068,AK,Denali Borough,2023,1595
2068,AK,Denali Borough,2024,1621
2070,AK,Dillingham Census Area,2020,4840
2070,AK,Dillingham Census Area,2021,4794
2070,AK,Dillingham Census Area,2022,4716
2070,AK,Dillingham Census Area,2023,4626
2070,AK,Dillingham Census Area,2024,4642
2090,AK,Fairbanks North Star Borough,2020,95349
2090,AK,Fairbanks North Star Borough,2021,95553
2090,AK,Fairbanks North Star Borough,2022,95749
2090,AK,Fairbanks North Star Borough,2023,95700
2090,AK,Fairbanks North Star Borough,2024,94951
2100,AK,Haines Borough,2020,2085
2100,AK,Haines Borough,2021,2075
2100,AK,Haines Borough,2022,2079
2100,AK,Haines Borough,2023,2088
2100,AK,Haines Borough,2024,2104
2105,AK,Hoonah-Angoon Census Area,2020,2354
2105,AK,Hoonah-Angoon Census Area,2021,2328
2105,AK,Hoonah-Angoon Census Area,2022,2282
2105,AK,Hoonah-Angoon Census Area,2023,2278
2105,AK,Hoonah-Angoon Census Area,2024,2312
2110,AK,Juneau City and Borough,2020,32203
2110,AK,Juneau City and Borough,2021,31972
2110,AK,Juneau City and Borough,2022,31742
2110,AK,Juneau City and Borough,2023,31483
2110,AK,Juneau City and Borough,2024,31572
2122,AK,Kenai Peninsula Borough,2020,58941
2122,AK,Kenai Peninsula Borough,2021,59947
2122,AK,Kenai Peninsula Borough,2022,60631
2122,AK,Kenai Peninsula Borough,2023,61285
2122,AK,Kenai Peninsula Borough,2024,61259
2130,AK,Ketchikan Gateway Borough,2020,13912
2130,AK,Ketchikan Gateway Borough,2021,13823
2130,AK,Ketchikan Gateway Borough,2022,13719
2130,AK,Ketchikan Gateway Borough,2023,13708
2130,AK,Ketchikan Gateway Borough,2024,13677
2150,AK,Kodiak Island Borough,2020,13044
2150,AK,Kodiak Island Borough,2021,12844
2150,AK,Kodiak Island Borough,2022,12655
2150,AK,Kodiak Island Borough,2023,12659
2150,AK,Kodiak Island Borough,2024,12654
2158,AK,Kusilvak Census Area,2020,8369
2158,AK,Kusilvak Census Area,2021,8376
2158,AK,Kusilvak Census Area,2022,8196
2158,AK,Kusilvak Census Area,2023,7991
2158,AK,Kusilvak Census Area,2024,7946
2164,AK,Lake and Peninsula Borough,2020,1452
2164,AK,Lake and Peninsula Borough,2021,1421
2164,AK,Lake and Peninsula Borough,2022,1375
2164,AK,Lake and Peninsula Borough,2023,1337
2164,AK,Lake and Peninsula Borough,2024,1315
2170,AK,Matanuska-Susitna Borough,2020,107522
2170,AK,Matanuska-Susitna Borough,2021,111003
2170,AK,Matanuska-Susitna Borough,2022,113505
2170,AK,Matanuska-Susitna Borough,2023,115296
2170,AK,Matanuska-Susitna Borough,2024,117613
2180,AK,Nome Census Area,2020,10019
2180,AK,Nome Census Area,2021,9882
2180,AK,Nome Census Area,2022,9804
2180,AK,Nome Census Area,2023,9790
2180,AK,Nome Census Area,2024,9836
2185,AK,North Slope Borough,2020,11006
2185,AK,North Slope Borough,2021,10969
2185,AK,North Slope Borough,2022,10789
2185,AK,North Slope Borough,2023,10621
2185,AK,North Slope Borough,2024,10663
2188,AK,Northwest Arctic Borough,2020,7795
2188,AK,Northwest Arctic Borough,2021,7588
2188,AK,Northwest Arctic Borough,2022,7401
2188,AK,Northwest Arctic Borough,2023,7286
2188,AK,Northwest Arctic Borough,2024,7134
2195,AK,Petersburg Borough,2020,3407
2195,AK,Petersburg Borough,2021,3385
2195,AK,Petersburg Borough,2022,3381
2195,AK,Petersburg Borough,2023,3431
2195,AK,Petersburg Borough,2024,3436
2198,AK,Prince of Wales-Hyder Census Area,2020,5745
2198,AK,Prince of Wales-Hyder Census Area,2021,5723
2198,AK,Prince of Wales-Hyder Census Area,2022,5655
2198,AK,Prince of Wales-Hyder Census Area,2023,5708
2198,AK,Prince of Wales-Hyder Census Area,2024,5746
2220,AK,Sitka City and Borough,2020,8430
2220,AK,Sitka City and Borough,2021,8382
2220,AK,Sitka City and Borough,2022,8370
2220,AK,Sitka City and Borough,2023,8304
2220,AK,Sitka City and Borough,2024,8355
2230,AK,Skagway Municipality,2020,1240
2230,AK,Skagway Municipality,2021,1178
2230,AK,Skagway Municipality,2022,1096
2230,AK,Skagway Municipality,2023,1101
2230,AK,Skagway Municipality,2024,1119
2240,AK,Southeast Fairbanks Census Area,2020,6826
2240,AK,Southeast Fairbanks Census Area,2021,7015
2240,AK,Southeast Fairbanks Census Area,2022,7039
2240,AK,Southeast Fairbanks Census Area,2023,7148
2240,AK,Southeast Fairbanks Census Area,2024,7313
2275,AK,Wrangell City and Borough,2020,2129
2275,AK,Wrangell City and Borough,2021,2103
2275,AK,Wrangell City and Borough,2022,2071
2275,AK,Wrangell City and Borough,2023,2072
2275,AK,Wrangell City and Borough,2024,2064
2282,AK,Yakutat City and Borough,2020,864
2282,AK,Yakutat City and Borough,2021,864
2282,AK,Yakutat City and Borough,2022,864
2282,AK,Yakutat City and Borough,2023,864
2282,AK,Yakutat City and Borough,2024,864
2290,AK,Yukon-Koyukuk Census Area,2020,5303
2290,AK,Yukon-Koyukuk Census Area,2021,5272
2290,AK,Yukon-Koyukuk Census Area,2022,5165
2290,AK,Yukon-Koyukuk Census Area,2023,5136
2290,AK,Yukon-Koyukuk Census Area,2024,5099
4001,AZ,Apache County,2020,65917
4001,AZ,Apache County,2021,65396
4001,AZ,Apache County,2022,65470
4001,AZ,Apache County,2023,65121
4001,AZ,Apache County,2024,64800
4003,AZ,Cochise County,2020,125533
4003,AZ,Cochise County,2021,126147
4003,AZ,Cochise County,2022,125497
4003,AZ,Cochise County,2023,124881
4003,AZ,Cochise County,2024,125773
4005,AZ,Coconino County,2020,145190
4005,AZ,Coconino County,2021,142927
4005,AZ,Coconino County,2022,144326
4005,AZ,Coconino County,2023,144934
4005,AZ,Coconino County,2024,145161
4007,AZ,Gila County,2020,53355
4007,AZ,Gila County,2021,53559
4007,AZ,Gila County,2022,53927
4007,AZ,Gila County,2023,54060
4007,AZ,Gila County,2024,54073
4009,AZ,Graham County,2020,38630
4009,AZ,Graham County,2021,38923
4009,AZ,Graham County,2022,38802
4009,AZ,Graham County,2023,39561
4009,AZ,Graham County,2024,40242
4011,AZ,Greenlee County,2020,9531
4011,AZ,Greenlee County,2021,9401
4011,AZ,Greenlee County,2022,9321
4011,AZ,Greenlee County,2023,9383
4011,AZ,Greenlee County,2024,9410
4012,AZ,La Paz County,2020,16573
4012,AZ,La Paz County,2021,16390
4012,AZ,La Paz County,2022,16555
4012,AZ,La Paz County,2023,16812
4012,AZ,La Paz County,2024,16992
4013,AZ,Maricopa County,2020,1316181
4013,AZ,Maricopa County,2021,1316181
4013,AZ,Maricopa County,2022,1316181
4013,AZ,Maricopa County,2023,1316181
4013,AZ,Maricopa County,2024,1316181
4015,AZ,Mohave County,2020,214173
4015,AZ,Mohave County,2021,217186
4015,AZ,Mohave County,2022,220947
4015,AZ,Mohave County,2023,223801
4015,AZ,Mohave County,2024,226479
4017,AZ,Navajo County,2020,106773
4017,AZ,Navajo County,2021,107736
4017,AZ,Navajo County,2022,108771
4017,AZ,Navajo County,2023,109281
4017,AZ,Navajo County,2024,109516
4019,AZ,Pima County,2020,1045227
4019,AZ,Pima County,2021,1049083
4019,AZ,Pima County,2022,1059412
4019,AZ,Pima County,2023,1068579
4019,AZ,Pima County,2024,1080149
4021,AZ,Pinal County,2020,430213
4021,AZ,Pinal County,2021,449086
4021,AZ,Pinal County,2022,465476
4021,AZ,Pinal County,2023,486395
4021,AZ,Pinal County,2024,513862
4023,AZ,Santa Cruz County,2020,47712
4023,AZ,Santa Cruz County,2021,47962
4023,AZ,Santa Cruz County,2022,48801
4023,AZ,Santa Cruz County,2023,49647
4023,AZ,Santa Cruz County,2024,50508
4025,AZ,Yavapai County,2020,237228
4025,AZ,Yavapai County,2021,242392
4025,AZ,Yavapai County,2022,246266
4025,AZ,Yavapai County,2023,249499
4025,AZ,Yavapai County,2024,252013
4027,AZ,Yuma County,2020,205665
4027,AZ,Yuma County,2021,207743
4027,AZ,Yuma County,2022,209538
4027,AZ,Yuma County,2023,215448
4027,AZ,Yuma County,2024,220310
5001,AR,Arkansas County,2020,17104
5001,AR,Arkansas County,2021,16668
5001,AR,Arkansas County,2022,16458
5001,AR,Arkansas County,2023,16295
5001,AR,Arkansas County,2024,16050
5003,AR,Ashley County,2020,18963
5003,AR,Ashley County,2021,18647
5003,AR,Ashley County,2022,18318
5003,AR,Ashley County,2023,18232
5003,AR,Ashley County,2024,17984
5005,AR,Baxter County,2020,41696
5005,AR,Baxter County,2021,42174
5005,AR,Baxter County,2022,42378
5005,AR,Baxter County,2023,42781
5005,AR,Baxter County,2024,43007
5007,AR,Benton County,2020,286621
5007,AR,Benton County,2021,294168
5007,AR,Benton County,2022,303558
5007,AR,Benton County,2023,312248
5007,AR,Benton County,2024,321566
5009,AR,Boone County,2020,37393
5009,AR,Boone County,2021,37890
5009,AR,Boone County,2022,38254
5009,AR,Boone County,2023,38516
5009,AR,Boone County,2024,38636
5011,AR,Bradley County,2020,10492
5011,AR,Bradley County,2021,10337
5011,AR,Bradley County,2022,10167
5011,AR,Bradley County,2023,10109
5011,AR,Bradley County,2024,9935
5013,AR,Calhoun County,2020,4736
5013,AR,Calhoun County,2021,4729
5013,AR,Calhoun County,2022,4703
5013,AR,Calhoun County,2023,4664
5013,AR,Calhoun County,2024,4690
5015,AR,Carroll County,2020,28241
5015,AR,Carroll County,2021,28514
5015,AR,Carroll County,2022,28667
5015,AR,Carroll County,2023,28738
5015,AR,Carroll County,2024,28968
5017,AR,Chicot County,2020,10159
5017,AR,Chicot County,2021,10051
5017,AR,Chicot County,2022,9836
5017,AR,Chicot County,2023,9507
5017,AR,Chicot County,2024,9272
5019,AR,Clark County,2020,21403
5019,AR,Clark County,2021,21248
5019,AR,Clark County,2022,21136
5019,AR,Clark County,2023,20918
5019,AR,Clark County,2024,20920
5021,AR,Clay County,2020,14534
5021,AR,Clay County,2021,14334
5021,AR,Clay County,2022,14229
5021,AR,Clay County,2023,14191
5021,AR,Clay County,2024,14112
5023,AR,Cleburne County,2020,24716
5023,AR,Cleburne County,2021,25020
5023,AR,Cleburne County,2022,25272
5023,AR,Cleburne County,2023,25476
5023,AR,Cleburne County,2024,25646
5025,AR,Cleveland County,2020,7554
5025,AR,Cleveland County,2021,7489
5025,AR,Cleveland County,2022,7471
5025,AR,Cleveland County,2023,7386
5025,AR,Cleveland County,2024,7367
5027,AR,Columbia County,2020,22743
5027,AR,Columbia County,2021,22470
5027,AR,Columbia County,2022,22316
5027,AR,Columbia County,2023,22193
5027,AR,Columbia County,2024,22024
5029,AR,Conway County,2020,20734
5029,AR,Conway County,2021,20905
5029,AR,Conway County,2022,21091
5029,AR,Conway County,2023,21118
5029,AR,Conway County,2024,21422
5031,AR,Craighead County,2020,111623
5031,AR,Craighead County,2021,111695
5031,AR,Craighead County,2022,112828
5031,AR,Craighead County,2023,114245
5031,AR,Craighead County,2024,115852
5033,AR,Crawford County,2020,60160
5033,AR,Crawford County,2021,60382
5033,AR,Crawford County,2022,61084
5033,AR,Crawford County,2023,61810
5033,AR,Crawford County,2024,62258
5035,AR,Crittenden County,2020,48090
5035,AR,Crittenden County,2021,47405
5035,AR,Crittenden County,2022,47031
5035,AR,Crittenden County,2023,47171
5035,AR,Crittenden County,2024,46633
5037,AR,Cross County,2020,16801
5037,AR,Cross County,2021,16671
5037,AR,Cross County,2022,16594
5037,AR,Cross County,2023,16453
5037,AR,Cross County,2024,16194
5039,AR,Dallas County,2020,6441
5039,AR,Dallas County,2021,6307
5039,AR,Dallas County,2022,6197
5039,AR,Dallas County,2023,6187
5039,AR,Dallas County,2024,6076
5041,AR,Desha County,2020,11321
5041,AR,Desha County,2021,11048
5041,AR,Desha County,2022,10760
5041,AR,Desha County,2023,10478
5041,AR,Desha County,2024,10321
5043,AR,Drew County,2020,17315
5043,AR,Drew County,2021,17063
5043,AR,Drew County,2022,16930
5043,AR,Drew County,2023,16986
5043,AR,Drew County,2024,16935
5045,AR,Faulkner County,2020,123820
5045,AR,Faulkner County,2021,125590
5045,AR,Faulkner County,2022,127656
5045,AR,Faulkner County,2023,129909
5045,AR,Faulkner County,2024,131611
5047,AR,Franklin County,2020,17141
5047,AR,Franklin County,2021,17159
5047,AR,Franklin County,2022,17274
5047,AR,Franklin County,2023,17471
5047,AR,Franklin County,2024,17586
5049,AR,Fulton County,2020,12051
5049,AR,Fulton County,2021,12137
5049,AR,Fulton County,2022,12354
5049,AR,Fulton County,2023,12422
5049,AR,Fulton County,2024,12546
5051,AR,Garland County,2020,100266
5051,AR,Garland County,2021,100306
5051,AR,Garland County,2022,99942
5051,AR,Garland County,2023,99759
5051,AR,Garland County,2024,99902
5053,AR,Grant County,2020,18019
5053,AR,Grant County,2021,18124
5053,AR,Grant County,2022,18127
5053,AR,Grant County,2023,18392
5053,AR,Grant County,2024,18546
5055,AR,Greene County,2020,45861
5055,AR,Greene County,2021,46314
5055,AR,Greene County,2022,46359
5055,AR,Greene County,2023,46700
5055,AR,Greene County,2024,46928
5057,AR,Hempstead County,2020,19986
5057,AR,Hempstead County,2021,19660
5057,AR,Hempstead County,2022,19469
5057,AR,Hempstead County,2023,19321
5057,AR,Hempstead County,2024,19105
5059,AR,Hot Spring County,2020,33076
5059,AR,Hot Spring County,2021,33078
5059,AR,Hot Spring County,2022,33170
5059,AR,Hot Spring County,2023,33259
5059,AR,Hot Spring County,2024,33313
5061,AR,Howard County,2020,12758
5061,AR,Howard County,2021,12689
5061,AR,Howard County,2022,12583
5061,AR,Howard County,2023,12500
5061,AR,Howard County,2024,12387
5063,AR,Independence County,2020,37945
5063,AR,Independence County,2021,38034
5063,AR,Independence County,2022,38223
5063,AR,Independence County,2023,38329
5063,AR,Independence County,2024,38345
5065,AR,Izard County,2020,13604
5065,AR,Izard County,2021,13916
5065,AR,Izard County,2022,14033
5065,AR,Izard County,2023,14202
5065,AR,Izard County,2024,14291
5067,AR,Jackson County,2020,16759
5067,AR,Jackson County,2021,16771
5067,AR,Jackson County,2022,16607
5067,AR,Jackson County,2023,16749
5067,AR,Jackson County,2024,16673
5069,AR,Jefferson County,2020,66835
5069,AR,Jefferson County,2021,65624
5069,AR,Jefferson County,2022,64341
5069,AR,Jefferson County,2023,63539
5069,AR,Jefferson County,2024,63672
5071,AR,Johnson County,2020,25727
5071,AR,Johnson County,2021,25959
5071,AR,Johnson County,2022,25997
5071,AR,Johnson County,2023,26161
5071,AR,Johnson County,2024,26172
5073,AR,Lafayette County,2020,6295
5073,AR,Lafayette County,2021,6154
5073,AR,Lafayette County,2022,6136
5073,AR,Lafayette County,2023,6082
5073,AR,Lafayette County,2024,6015
5075,AR,Lawrence County,2020,16216
5075,AR,Lawrence County,2021,16296
5075,AR,Lawrence County,2022,16146
5075,AR,Lawrence County,2023,16225
5075,AR,Lawrence County,2024,16305
5077,AR,Lee County,2020,8530
5077,AR,Lee County,2021,8565
5077,AR,Lee County,2022,8373
5077,AR,Lee County,2023,8221
5077,AR,Lee County,2024,8104
5079,AR,Lincoln County,2020,12890
5079,AR,Lincoln County,2021,13177
5079,AR,Lincoln County,2022,12914
5079,AR,Lincoln County,2023,12900
5079,AR,Lincoln County,2024,12868
5081,AR,Little River County,2020,11971
5081,AR,Little River County,2021,11929
5081,AR,Little River County,2022,11811
5081,AR,Little River County,2023,11766
5081,AR,Little River County,2024,11626
5083,AR,Logan County,2020,21109
5083,AR,Logan County,2021,21217
5083,AR,Logan County,2022,21242
5083,AR,Logan County,2023,21360
5083,AR,Logan County,2024,21457
5085,AR,Lonoke County,2020,74072
5085,AR,Lonoke County,2021,74755
5085,AR,Lonoke County,2022,75219
5085,AR,Lonoke County,2023,75924
5085,AR,Lonoke County,2024,76389
5087,AR,Madison County,2020,16560
5087,AR,Madison County,2021,16961
5087,AR,Madison County,2022,17493
5087,AR,Madison County,2023,17767
5087,AR,Madison County,2024,17865
5089,AR,Marion County,2020,16867
5089,AR,Marion County,2021,16957
5089,AR,Marion County,2022,17236
5089,AR,Marion County,2023,17485
5089,AR,Marion County,2024,17593
5091,AR,Miller County,2020,42586
5091,AR,Miller County,2021,42468
5091,AR,Miller County,2022,42484
5091,AR,Miller County,2023,42302
5091,AR,Miller County,2024,41958
5093,AR,Mississippi County,2020,40545
5093,AR,Mississippi County,2021,39525
5093,AR,Mississippi County,2022,38829
5093,AR,Mississippi County,2023,38635
5093,AR,Mississippi County,2024,38095
5095,AR,Monroe County,2020,6771
5095,AR,Monroe County,2021,6644
5095,AR,Monroe County,2022,6574
5095,AR,Monroe County,2023,6540
5095,AR,Monroe County,2024,6415
5097,AR,Montgomery County,2020,8484
5097,AR,Montgomery County,2021,8636
5097,AR,Montgomery County,2022,8531
5097,AR,Montgomery County,2023,8605
5097,AR,Montgomery County,2024,8510
5099,AR,Nevada County,2020,8287
5099,AR,Nevada County,2021,8187
5099,AR,Nevada County,2022,8191
5099,AR,Nevada County,2023,8126
5099,AR,Nevada County,2024,8004
5101,AR,Newton County,2020,7196
5101,AR,Newton County,2021,7167
5101,AR,Newton County,2022,7093
5101,AR,Newton County,2023,7079
5101,AR,Newton County,2024,7026
5103,AR,Ouachita County,2020,22617
5103,AR,Ouachita County,2021,22319
5103,AR,Ouachita County,2022,22010
5103,AR,Ouachita County,2023,21793
5103,AR,Ouachita County,2024,21684
5105,AR,Perry County,2020,10003
5105,AR,Perry County,2021,9991
5105,AR,Perry County,2022,10073
5105,AR,Perry County,2023,10188
5105,AR,Perry County,2024,10251
5107,AR,Phillips County,2020,16441
5107,AR,Phillips County,2021,15813
5107,AR,Phillips County,2022,15344
5107,AR,Phillips County,2023,14991
5107,AR,Phillips County,2024,14661
5109,AR,Pike County,2020,10156
5109,AR,Pike County,2021,10103
5109,AR,Pike County,2022,10123
5109,AR,Pike County,2023,10164
5109,AR,Pike County,2024,10027
5111,AR,Poinsett County,2020,22955
5111,AR,Poinsett County,2021,22651
5111,AR,Poinsett County,2022,22434
5111,AR,Poinsett County,2023,22373
5111,AR,Poinsett County,2024,22300
5113,AR,Polk County,2020,19186
5113,AR,Polk County,2021,19326
5113,AR,Polk County,2022,19368
5113,AR,Polk County,2023,19490
5113,AR,Polk County,2024,19434
5115,AR,Pope County,2020,63407
5115,AR,Pope County,2021,63733
5115,AR,Pope County,2022,64023
5115,AR,Pope County,2023,64663
5115,AR,Pope County,2024,64829
5117,AR,Prairie County,2020,8247
5117,AR,Prairie County,2021,8086
5117,AR,Prairie County,2022,8038
5117,AR,Prairie County,2023,8012
5117,AR,Prairie County,2024,7935
5119,AR,Pulaski County,2020,399286
5119,AR,Pulaski County,2021,398005
5119,AR,Pulaski County,2022,399886
5119,AR,Pulaski County,2023,400704
5119,AR,Pulaski County,2024,401209
5121,AR,Randolph County,2020,18595
5121,AR,Randolph County,2021,18798
5121,AR,Randolph County,2022,18842
5121,AR,Randolph County,2023,18913
5121,AR,Randolph County,2024,19040
5123,AR,St. Francis County,2020,23019
5123,AR,St. Francis County,2021,22707
5123,AR,St. Francis County,2022,22387
5123,AR,St. Francis County,2023,22066
5123,AR,St. Francis County,2024,21822
5125,AR,Saline County,2020,123820
5125,AR,Saline County,2021,125338
5125,AR,Saline County,2022,127419
5125,AR,Saline County,2023,129566
5125,AR,Saline County,2024,131252
5127,AR,Scott County,2020,9829
5127,AR,Scott County,2021,9789
5127,AR,Scott County,2022,9787
5127,AR,Scott County,2023,9836
5127,AR,Scott County,2024,9837
5129,AR,Searcy County,2020,7844
5129,AR,Searcy County,2021,7894
5129,AR,Searcy County,2022,7905
5129,AR,Searcy County,2023,7818
5129,AR,Searcy County,2024,7836
5131,AR,Sebastian County,2020,127813
5131,AR,Sebastian County,2021,128223
5131,AR,Sebastian County,2022,129226
5131,AR,Sebastian County,2023,129203
5131,AR,Sebastian County,2024,130035
5133,AR,Sevier County,2020,15782
5133,AR,Sevier County,2021,15709
5133,AR,Sevier County,2022,15681
5133,AR,Sevier County,2023,15654
5133,AR,Sevier County,2024,15735
5135,AR,Sharp County,2020,17315
5135,AR,Sharp County,2021,17678
5135,AR,Sharp County,2022,17790
5135,AR,Sharp County,2023,17954
5135,AR,Sharp County,2024,18130
5137,AR,Stone County,2020,12347
5137,AR,Stone County,2021,12442
5137,AR,Stone County,2022,12591
5137,AR,Stone County,2023,12677
5137,AR,Stone County,2024,12785
5139,AR,Union County,2020,38940
5139,AR,Union County,2021,38285
5139,AR,Union County,2022,37858
5139,AR,Union County,2023,37409
5139,AR,Union County,2024,37008
5141,AR,Van Buren County,2020,15797
5141,AR,Van Buren County,2021,15774
5141,AR,Van Buren County,2022,16114
5141,AR,Van Buren County,2023,16152
5141,AR,Van Buren County,2024,16152
5143,AR,Washington County,2020,246779
5143,AR,Washington County,2021,251664
5143,AR,Washington County,2022,257316
5143,AR,Washington County,2023,261880
5143,AR,Washington County,2024,266184
5145,AR,White County,2020,76863
5145,AR,White County,2021,77069
5145,AR,White County,2022,77645
5145,AR,White County,2023,78523
5145,AR,White County,2024,79091
5147,AR,Woodruff County,2020,6221
5147,AR,Woodruff County,2021,6124
5147,AR,Woodruff County,2022,6038
5147,AR,Woodruff County,2023,5939
5147,AR,Woodruff County,2024,5808
5149,AR,Yell County,2020,20217
5149,AR,Yell County,2021,20135
5149,AR,Yell County,2022,20121
5149,AR,Yell County,2023,20063
5149,AR,Yell County,2024,20134
6001,CA,Alameda County,2020,1316181
6001,CA,Alameda County,2021,1316181
6001,CA,Alameda County,2022,1316181
6001,CA,Alameda County,2023,1316181
6001,CA,Alameda County,2024,1316181
6003,CA,Alpine County,2020,1179
6003,CA,Alpine County,2021,1203
6003,CA,Alpine County,2022,1169
6003,CA,Alpine County,2023,1126
6003,CA,Alpine County,2024,1099
6005,CA,Amador County,2020,40584
6005,CA,Amador County,2021,41245
6005,CA,Amador County,2022,41486
6005,CA,Amador County,2023,41798
6005,CA,Amador County,2024,42026
6007,CA,Butte County,2020,210222
6007,CA,Butte County,2021,206351
6007,CA,Butte County,2022,207384
6007,CA,Butte County,2023,207354
6007,CA,Butte County,2024,208334
6009,CA,Calaveras County,2020,45350
6009,CA,Calaveras County,2021,46262
6009,CA,Calaveras County,2022,46544
6009,CA,Calaveras County,2023,46580
6009,CA,Calaveras County,2024,46505
6011,CA,Colusa County,2020,21868
6011,CA,Colusa County,2021,21931
6011,CA,Colusa County,2022,21952
6011,CA,Colusa County,2023,22093
6011,CA,Colusa County,2024,22074
6013,CA,Contra Costa County,2020,1166165
6013,CA,Contra Costa County,2021,1163813
6013,CA,Contra Costa County,2022,1160296
6013,CA,Contra Costa County,2023,1162179
6013,CA,Contra Costa County,2024,1172607
6015,CA,Del Norte County,2020,27616
6015,CA,Del Norte County,2021,27581
6015,CA,Del Norte County,2022,26758
6015,CA,Del Norte County,2023,26571
6015,CA,Del Norte County,2024,27009
6017,CA,El Dorado County,2020,191250
6017,CA,El Dorado County,2021,193724
6017,CA,El Dorado County,2022,193071
6017,CA,El Dorado County,2023,192440
6017,CA,El Dorado County,2024,192823
6019,CA,Fresno County,2020,1009613
6019,CA,Fresno County,2021,1012879
6019,CA,Fresno County,2022,1017107
6019,CA,Fresno County,2023,1019899
6019,CA,Fresno County,2024,1024125
6021,CA,Glenn County,2020,28889
6021,CA,Glenn County,2021,28714
6021,CA,Glenn County,2022,28371
6021,CA,Glenn County,2023,28190
6021,CA,Glenn County,2024,28304
6023,CA,Humboldt County,2020,136324
6023,CA,Humboldt County,2021,134978
6023,CA,Humboldt County,2022,135013
6023,CA,Humboldt County,2023,134009
6023,CA,Humboldt County,2024,132380
6025,CA,Imperial County,2020,179730
6025,CA,Imperial County,2021,179206
6025,CA,Imperial County,2022,179767
6025,CA,Imperial County,2023,180585
6025,CA,Imperial County,2024,181724
6027,CA,Inyo County,2020,18999
6027,CA,Inyo County,2021,18920
6027,CA,Inyo County,2022,18745
6027,CA,Inyo County,2023,18548
6027,CA,Inyo County,2024,18485
6029,CA,Kern County,2020,906124
6029,CA,Kern County,2021,912782
6029,CA,Kern County,2022,917293
6029,CA,Kern County,2023,916646
6029,CA,Kern County,2024,922529
6031,CA,Kings County,2020,152797
6031,CA,Kings County,2021,152724
6031,CA,Kings County,2022,152776
6031,CA,Kings County,2023,153281
6031,CA,Kings County,2024,154913
6033,CA,Lake County,2020,68200
6033,CA,Lake County,2021,68623
6033,CA,Lake County,2022,68239
6033,CA,Lake County,2023,67934
6033,CA,Lake County,2024,67764
6035,CA,Lassen County,2020,32319
6035,CA,Lassen County,2021,31884
6035,CA,Lassen County,2022,30401
6035,CA,Lassen County,2023,28881
6035,CA,Lassen County,2024,28340
6037,CA,Los Angeles County,2020,1316181
6037,CA,Los Angeles County,2021,1316181
6037,CA,Los Angeles County,2022,1316181
6037,CA,Los Angeles County,2023,1316181
6037,CA,Los Angeles County,2024,1316181
6039,CA,Madera County,2020,156434
6039,CA,Madera County,2021,159019
6039,CA,Madera County,2022,160414
6039,CA,Madera County,2023,163402
6039,CA,Madera County,2024,165432
6041,CA,Marin County,2020,261341
6041,CA,Marin County,2021,259254
6041,CA,Marin County,2022,257143
6041,CA,Marin County,2023,255706
6041,CA,Marin County,2024,256400
6043,CA,Mariposa County,2020,17133
6043,CA,Mariposa County,2021,17136
6043,CA,Mariposa County,2022,17095
6043,CA,Mariposa County,2023,16996
6043,CA,Mariposa County,2024,17048
6045,CA,Mendocino County,2020,91362
6045,CA,Mendocino County,2021,91303
6045,CA,Mendocino County,2022,90027
6045,CA,Mendocino County,2023,89354
6045,CA,Mendocino County,2024,89175
6047,CA,Merced County,2020,282963
6047,CA,Merced County,2021,284834
6047,CA,Merced County,2022,292034
6047,CA,Merced County,2023,294402
6047,CA,Merced County,2024,296774
6049,CA,Modoc County,2020,8677
6049,CA,Modoc County,2021,8640
6049,CA,Modoc County,2022,8625
6049,CA,Modoc County,2023,8566
6049,CA,Modoc County,2024,8491
6051,CA,Mono County,2020,13225
6051,CA,Mono County,2021,13263
6051,CA,Mono County,2022,13055
6051,CA,Mono County,2023,13207
6051,CA,Mono County,2024,12991
6053,CA,Monterey County,2020,440506
6053,CA,Monterey County,2021,439245
6053,CA,Monterey County,2022,436427
6053,CA,Monterey County,2023,435637
6053,CA,Monterey County,2024,436251
6055,CA,Napa County,2020,137465
6055,CA,Napa County,2021,136219
6055,CA,Napa County,2022,134492
6055,CA,Napa County,2023,133444
6055,CA,Napa County,2024,132727
6057,CA,Nevada County,2020,102267
6057,CA,Nevada County,2021,103499
6057,CA,Nevada County,2022,102356
6057,CA,Nevada County,2023,102086
6057,CA,Nevada County,2024,102195
6059,CA,Orange County,2020,1316181
6059,CA,Orange County,2021,1316181
6059,CA,Orange County,2022,1316181
6059,CA,Orange County,2023,1316181
6059,CA,Orange County,2024,1316181
6061,CA,Placer County,2020,405951
6061,CA,Placer County,2021,412968
6061,CA,Placer County,2022,418439
6061,CA,Placer County,2023,424599
6061,CA,Placer County,2024,433822
6063,CA,Plumas County,2020,19761
6063,CA,Plumas County,2021,19965
6063,CA,Plumas County,2022,19433
6063,CA,Plumas County,2023,19120
6063,CA,Plumas County,2024,18834
6065,CA,Riverside County,2020,1316181
6065,CA,Riverside County,2021,1316181
6065,CA,Riverside County,2022,1316181
6065,CA,Riverside County,2023,1316181
6065,CA,Riverside County,2024,1316181
6067,CA,Sacramento County,2020,1316181
6067,CA,Sacramento County,2021,1316181
6067,CA,Sacramento County,2022,1316181
6067,CA,Sacramento County,2023,1316181
6067,CA,Sacramento County,2024,1316181
6069,CA,San Benito County,2020,64533
6069,CA,San Benito County,2021,66703
6069,CA,San Benito County,2022,67715
6069,CA,San Benito County,2023,68341
6069,CA,San Benito County,2024,69159
6071,CA,San Bernardino County,2020,1316181
6071,CA,San Bernardino County,2021,1316181
6071,CA,San Bernardino County,2022,1316181
6071,CA,San Bernardino County,2023,1316181
6071,CA,San Bernardino County,2024,1316181
6073,CA,San Diego County,2020,1316181
6073,CA,San Diego County,2021,1316181
6073,CA,San Diego County,2022,1316181
6073,CA,San Diego County,2023,1316181
6073,CA,San Diego County,2024,1316181
6075,CA,San Francisco County,2020,874826
6075,CA,San Francisco County,2021,831085
6075,CA,San Francisco County,2022,814176
6075,CA,San Francisco County,2023,819151
6075,CA,San Francisco County,2024,827526
6077,CA,San Joaquin County,2020,780676
6077,CA,San Joaquin County,2021,788096
6077,CA,San Joaquin County,2022,795880
6077,CA,San Joaquin County,2023,805909
6077,CA,San Joaquin County,2024,816108
6079,CA,San Luis Obispo County,2020,281924
6079,CA,San Luis Obispo County,2021,279468
6079,CA,San Luis Obispo County,2022,282535
6079,CA,San Luis Obispo County,2023,282007
6079,CA,San Luis Obispo County,2024,281843
6081,CA,San Mateo County,2020,762727
6081,CA,San Mateo County,2021,739330
6081,CA,San Mateo County,2022,732485
6081,CA,San Mateo County,2023,734267
6081,CA,San Mateo County,2024,742893
6083,CA,Santa Barbara County,2020,448083
6083,CA,Santa Barbara County,2021,437117
6083,CA,Santa Barbara County,2022,445286
6083,CA,Santa Barbara County,2023,443521
6083,CA,Santa Barbara County,2024,444500
6085,CA,Santa Clara County,2020,1316181
6085,CA,Santa Clara County,2021,1316181
6085,CA,Santa Clara County,2022,1316181
6085,CA,Santa Clara County,2023,1316181
6085,CA,Santa Clara County,2024,1316181
6087,CA,Santa Cruz County,2020,271768
6087,CA,Santa Cruz County,2021,260904
6087,CA,Santa Cruz County,2022,265851
6087,CA,Santa Cruz County,2023,263699
6087,CA,Santa Cruz County,2024,262406
6089,CA,Shasta County,2020,182190
6089,CA,Shasta County,2021,182243
6089,CA,Shasta County,2022,180972
6089,CA,Shasta County,2023,180656
6089,CA,Shasta County,2024,181121
6091,CA,Sierra County,2020,3229
6091,CA,Sierra County,2021,3298
6091,CA,Sierra County,2022,3215
6091,CA,Sierra County,2023,3180
6091,CA,Sierra County,2024,3113
6093,CA,Siskiyou County,2020,43999
6093,CA,Siskiyou County,2021,44144
6093,CA,Siskiyou County,2022,43746
6093,CA,Siskiyou County,2023,42941
6093,CA,Siskiyou County,2024,42498
6095,CA,Solano County,2020,452887
6095,CA,Solano County,2021,450819
6095,CA,Solano County,2022,449724
6095,CA,Solano County,2023,451060
6095,CA,Solano County,2024,455101
6097,CA,Sonoma County,2020,488501
6097,CA,Sonoma County,2021,484561
6097,CA,Sonoma County,2022,483398
6097,CA,Sonoma County,2023,483366
6097,CA,Sonoma County,2024,485375
6099,CA,Stanislaus County,2020,553710
6099,CA,Stanislaus County,2021,552939
6099,CA,Stanislaus County,2022,552410
6099,CA,Stanislaus County,2023,553921
6099,CA,Stanislaus County,2024,556972
6101,CA,Sutter County,2020,99479
6101,CA,Sutter County,2021,99121
6101,CA,Sutter County,2022,98682
6101,CA,Sutter County,2023,98457
6101,CA,Sutter County,2024,98545
6103,CA,Tehama County,2020,65690
6103,CA,Tehama County,2021,65467
6103,CA,Tehama County,2022,65269
6103,CA,Tehama County,2023,64959
6103,CA,Tehama County,2024,64451
6105,CA,Trinity County,2020,16095
6105,CA,Trinity County,2021,16102
6105,CA,Trinity County,2022,15777
6105,CA,Trinity County,2023,15684
6105,CA,Trinity County,2024,15642
6107,CA,Tulare County,2020,473944
6107,CA,Tulare County,2021,476939
6107,CA,Tulare County,2022,478288
6107,CA,Tulare County,2023,480747
6107,CA,Tulare County,2024,483546
6109,CA,Tuolumne County,2020,55397
6109,CA,Tuolumne County,2021,55126
6109,CA,Tuolumne County,2022,53951
6109,CA,Tuolumne County,2023,54123
6109,CA,Tuolumne County,2024,53893
6111,CA,Ventura County,2020,843808
6111,CA,Ventura County,2021,840009
6111,CA,Ventura County,2022,835032
6111,CA,Ventura County,2023,833071
6111,CA,Ventura County,2024,835427
6113,CA,Yolo County,2020,217768
6113,CA,Yolo County,2021,213545
6113,CA,Yolo County,2022,223338
6113,CA,Yolo County,2023,222919
6113,CA,Yolo County,2024,225251
6115,CA,Yuba County,2020,82001
6115,CA,Yuba County,2021,83035
6115,CA,Yuba County,2022,84335
6115,CA,Yuba County,2023,85695
6115,CA,Yuba County,2024,87469
8001,CO,Adams County,2020,520517
8001,CO,Adams County,2021,523603
8001,CO,Adams County,2022,528356
8001,CO,Adams County,2023,535677
8001,CO,Adams County,2024,542973
8003,CO,Alamosa County,2020,16375
8003,CO,Alamosa County,2021,16578
8003,CO,Alamosa County,2022,16593
8003,CO,Alamosa County,2023,16668
8003,CO,Alamosa County,2024,16689
8005,CO,Arapahoe County,2020,655312
8005,CO,Arapahoe County,2021,656952
8005,CO,Arapahoe County,2022,658176
8005,CO,Arapahoe County,2023,661864
8005,CO,Arapahoe County,2024,666918
8007,CO,Archuleta County,2020,13425
8007,CO,Archuleta County,2021,13809
8007,CO,Archuleta County,2022,13987
8007,CO,Archuleta County,2023,14167
8007,CO,Archuleta County,2024,14112
8009,CO,Baca County,2020,3482
8009,CO,Baca County,2021,3491
8009,CO,Baca County,2022,3435
8009,CO,Baca County,2023,3363
8009,CO,Baca County,2024,3367
8011,CO,Bent County,2020,5480
8011,CO,Bent County,2021,5346
8011,CO,Bent County,2022,5430
8011,CO,Bent County,2023,5712
8011,CO,Bent County,2024,5779
8013,CO,Boulder County,2020,330953
8013,CO,Boulder County,2021,327133
8013,CO,Boulder County,2022,328039
8013,CO,Boulder County,2023,328419
8013,CO,Boulder County,2024,330262
8014,CO,Broomfield County,2020,74494
8014,CO,Broomfield County,2021,75430
8014,CO,Broomfield County,2022,76245
8014,CO,Broomfield County,2023,77029
8014,CO,Broomfield County,2024,78323
8015,CO,Chaffee County,2020,19488
8015,CO,Chaffee County,2021,19743
8015,CO,Chaffee County,2022,20266
8015,CO,Chaffee County,2023,20608
8015,CO,Chaffee County,2024,20780
8017,CO,Cheyenne County,2020,1746
8017,CO,Cheyenne County,2021,1719
8017,CO,Cheyenne County,2022,1734
8017,CO,Cheyenne County,2023,1738
8017,CO,Cheyenne County,2024,1712
8019,CO,Clear Creek County,2020,9360
8019,CO,Clear Creek County,2021,9425
8019,CO,Clear Creek County,2022,9324
8019,CO,Clear Creek County,2023,9123
8019,CO,Clear Creek County,2024,9076
8021,CO,Conejos County,2020,7451
8021,CO,Conejos County,2021,7579
8021,CO,Conejos County,2022,7560
8021,CO,Conejos County,2023,7511
8021,CO,Conejos County,2024,7549
8023,CO,Costilla County,2020,3501
8023,CO,Costilla County,2021,3614
8023,CO,Costilla County,2022,3609
8023,CO,Costilla County,2023,3624
8023,CO,Costilla County,2024,3686
8025,CO,Crowley County,2020,5685
8025,CO,Crowley County,2021,5733
8025,CO,Crowley County,2022,5601
8025,CO,Crowley County,2023,5616
8025,CO,Crowley County,2024,5600
8027,CO,Custer County,2020,4725
8027,CO,Custer County,2021,5065
8027,CO,Custer County,2022,5343
8027,CO,Custer County,2023,5551
8027,CO,Custer County,2024,5553
8029,CO,Delta County,2020,31056
8029,CO,Delta County,2021,31387
8029,CO,Delta County,2022,31573
8029,CO,Delta County,2023,31760
8029,CO,Delta County,2024,32215
8031,CO,Denver County,2020,717620
8031,CO,Denver County,2021,711530
8031,CO,Denver County,2022,714851
8031,CO,Denver County,2023,721367
8031,CO,Denver County,2024,729019
8033,CO,Dolores County,2020,2331
8033,CO,Dolores County,2021,2376
8033,CO,Dolores County,2022,2460
8033,CO,Dolores County,2023,2525
8033,CO,Dolores County,2024,2467
8035,CO,Douglas County,2020,360327
8035,CO,Douglas County,2021,369826
8035,CO,Douglas County,2022,376462
8035,CO,Douglas County,2023,385141
8035,CO,Douglas County,2024,393995
8037,CO,Eagle County,2020,55663
8037,CO,Eagle County,2021,55787
8037,CO,Eagle County,2022,55303
8037,CO,Eagle County,2023,54592
8037,CO,Eagle County,2024,54330
8039,CO,Elbert County,2020,26207
8039,CO,Elbert County,2021,27152
8039,CO,Elbert County,2022,27817
8039,CO,Elbert County,2023,28812
8039,CO,Elbert County,2024,29382
8041,CO,El Paso County,2020,733804
8041,CO,El Paso County,2021,738811
8041,CO,El Paso County,2022,742676
8041,CO,El Paso County,2023,746934
8041,CO,El Paso County,2024,752772
8043,CO,Fremont County,2020,48889
8043,CO,Fremont County,2021,49251
8043,CO,Fremont County,2022,49585
8043,CO,Fremont County,2023,50352
8043,CO,Fremont County,2024,50093
8045,CO,Garfield County,2020,61803
8045,CO,Garfield County,2021,62116
8045,CO,Garfield County,2022,62388
8045,CO,Garfield County,2023,62921
8045,CO,Garfield County,2024,63167
8047,CO,Gilpin County,2020,5817
8047,CO,Gilpin County,2021,5891
8047,CO,Gilpin County,2022,5910
8047,CO,Gilpin County,2023,5923
8047,CO,Gilpin County,2024,5963
8049,CO,Grand County,2020,15747
8049,CO,Grand County,2021,15854
8049,CO,Grand County,2022,15748
8049,CO,Grand County,2023,15971
8049,CO,Grand County,2024,16154
8051,CO,Gunnison County,2020,16946
8051,CO,Gunnison County,2021,17296
8051,CO,Gunnison County,2022,17319
8051,CO,Gunnison County,2023,17334
8051,CO,Gunnison County,2024,17310
8053,CO,Hinsdale County,2020,864
8053,CO,Hinsdale County,2021,864
8053,CO,Hinsdale County,2022,864
8053,CO,Hinsdale County,2023,864
8053,CO,Hinsdale County,2024,864
8055,CO,Huerfano County,2020,6824
8055,CO,Huerfano County,2021,6931
8055,CO,Huerfano County,2022,7077
8055,CO,Huerfano County,2023,7041
8055,CO,Huerfano County,2024,6988
8057,CO,Jackson County,2020,1378
8057,CO,Jackson County,2021,1358
8057,CO,Jackson County,2022,1314
8057,CO,Jackson County,2023,1316
8057,CO,Jackson County,2024,1273
8059,CO,Jefferson County,2020,583169
8059,CO,Jefferson County,2021,580854
8059,CO,Jefferson County,2022,576635
8059,CO,Jefferson County,2023,577693
8059,CO,Jefferson County,2024,578533
8061,CO,Kiowa County,2020,1452
8061,CO,Kiowa County,2021,1451
8061,CO,Kiowa County,2022,1430
8061,CO,Kiowa County,2023,1376
8061,CO,Kiowa County,2024,1392
8063,CO,Kit Carson County,2020,7063
8063,CO,Kit Carson County,2021,6928
8063,CO,Kit Carson County,2022,7010
8063,CO,Kit Carson County,2023,7032
8063,CO,Kit Carson County,2024,7080
8065,CO,Lake County,2020,7413
8065,CO,Lake County,2021,7400
8065,CO,Lake County,2022,7356
8065,CO,Lake County,2023,7367
8065,CO,Lake County,2024,7369
8067,CO,La Plata County,2020,55676
8067,CO,La Plata County,2021,56177
8067,CO,La Plata County,2022,56577
8067,CO,La Plata County,2023,56401
8067,CO,La Plata County,2024,56823
8069,CO,Larimer County,2020,359932
8069,CO,Larimer County,2021,362785
8069,CO,Larimer County,2022,368017
8069,CO,Larimer County,2023,371530
8069,CO,Larimer County,2024,374574
8071,CO,Las Animas County,2020,14500
8071,CO,Las Animas County,2021,14341
8071,CO,Las Animas County,2022,14312
8071,CO,Las Animas County,2023,14394
8071,CO,Las Animas County,2024,14518
8073,CO,Lincoln County,2020,5661
8073,CO,Lincoln County,2021,5473
8073,CO,Lincoln County,2022,5520
8073,CO,Lincoln County,2023,5498
8073,CO,Lincoln County,2024,5598
8075,CO,Logan County,2020,21209
8075,CO,Logan County,2021,21008
8075,CO,Logan County,2022,20829
8075,CO,Logan County,2023,20660
8075,CO,Logan County,2024,20755
8077,CO,Mesa County,2020,156011
8077,CO,Mesa County,2021,157458
8077,CO,Mesa County,2022,158585
8077,CO,Mesa County,2023,159690
8077,CO,Mesa County,2024,161260
8079,CO,Mineral County,2020,871
8079,CO,Mineral County,2021,925
8079,CO,Mineral County,2022,923
8079,CO,Mineral County,2023,932
8079,CO,Mineral County,2024,933
8081,CO,Moffat County,2020,13269
8081,CO,Moffat County,2021,13166
8081,CO,Moffat County,2022,13172
8081,CO,Moffat County,2023,13287
8081,CO,Moffat County,2024,13142
8083,CO,Montezuma County,2020,25889
8083,CO,Montezuma County,2021,26238
8083,CO,Montezuma County,2022,26491
8083,CO,Montezuma County,2023,26600
8083,CO,Montezuma County,2024,26841
8085,CO,Montrose County,2020,42820
8085,CO,Montrose County,2021,43243
8085,CO,Montrose County,2022,43845
8085,CO,Montrose County,2023,44319
8085,CO,Montrose County,2024,44806
8087,CO,Morgan County,2020,29082
8087,CO,Morgan County,2021,29018
8087,CO,Morgan County,2022,29392
8087,CO,Morgan County,2023,29806
8087,CO,Morgan County,2024,30300
8089,CO,Otero County,2020,18664
8089,CO,Otero County,2021,18530
8089,CO,Otero County,2022,18272
8089,CO,Otero County,2023,18148
8089,CO,Otero County,2024,17991
8091,CO,Ouray County,2020,4882
8091,CO,Ouray County,2021,5064
8091,CO,Ouray County,2022,5108
8091,CO,Ouray County,2023,5185
8091,CO,Ouray County,2024,5197
8093,CO,Park County,2020,17420
8093,CO,Park County,2021,17747
8093,CO,Park County,2022,17929
8093,CO,Park County,2023,18121
8093,CO,Park County,2024,18316
8095,CO,Phillips County,2020,4531
8095,CO,Phillips County,2021,4508
8095,CO,Phillips County,2022,4464
8095,CO,Phillips County,2023,4490
8095,CO,Phillips County,2024,4488
8097,CO,Pitkin County,2020,17365
8097,CO,Pitkin County,2021,17349
8097,CO,Pitkin County,2022,16877
8097,CO,Pitkin County,2023,16690
8097,CO,Pitkin County,2024,16643
8099,CO,Prowers County,2020,12020
8099,CO,Prowers County,2021,11948
8099,CO,Prowers County,2022,11834
8099,CO,Prowers County,2023,11789
8099,CO,Prowers County,2024,11957
8101,CO,Pueblo County,2020,168352
8101,CO,Pueblo County,2021,169354
8101,CO,Pueblo County,2022,169485
8101,CO,Pueblo County,2023,169723
8101,CO,Pueblo County,2024,169866
8103,CO,Rio Blanco County,2020,6521
8103,CO,Rio Blanco County,2021,6447
8103,CO,Rio Blanco County,2022,6561
8103,CO,Rio Blanco County,2023,6586
8103,CO,Rio Blanco County,2024,6607
8105,CO,Rio Grande County,2020,11543
8105,CO,Rio Grande County,2021,11409
8105,CO,Rio Grande County,2022,11329
8105,CO,Rio Grande County,2023,11194
8105,CO,Rio Grande County,2024,11132
8107,CO,Routt County,2020,24840
8107,CO,Routt County,2021,25069
8107,CO,Routt County,2022,25112
8107,CO,Routt County,2023,25154
8107,CO,Routt County,2024,25243
8109,CO,Saguache County,2020,6395
8109,CO,Saguache County,2021,6517
8109,CO,Saguache County,2022,6632
8109,CO,Saguache County,2023,6687
8109,CO,Saguache County,2024,6670
8111,CO,San Juan County,2020,864
8111,CO,San Juan County,2021,864
8111,CO,San Juan County,2022,864
8111,CO,San Juan County,2023,864
8111,CO,San Juan County,2024,864
8113,CO,San Miguel County,2020,8054
8113,CO,San Miguel County,2021,8082
8113,CO,San Miguel County,2022,8011
8113,CO,San Miguel County,2023,7874
8113,CO,San Miguel County,2024,7819
8115,CO,Sedgwick County,2020,2389
8115,CO,Sedgwick County,2021,2328
8115,CO,Sedgwick County,2022,2294
8115,CO,Sedgwick County,2023,2305
8115,CO,Sedgwick County,2024,2257
8117,CO,Summit County,2020,31239
8117,CO,Summit County,2021,31235
8117,CO,Summit County,2022,30905
8117,CO,Summit County,2023,30824
8117,CO,Summit County,2024,30882
8119,CO,Teller County,2020,24745
8119,CO,Teller County,2021,24951
8119,CO,Teller County,2022,24858
8119,CO,Teller County,2023,24711
8119,CO,Teller County,2024,24862
8121,CO,Washington County,2020,4814
8121,CO,Washington County,2021,4869
8121,CO,Washington County,2022,4840
8121,CO,Washington County,2023,4859
8121,CO,Washington County,2024,4771
8123,CO,Weld County,2020,331467
8123,CO,Weld County,2021,339942
8123,CO,Weld County,2022,350610
8123,CO,Weld County,2023,360216
8123,CO,Weld County,2024,369745
8125,CO,Yuma County,2020,9970
8125,CO,Yuma County,2021,9926
8125,CO,Yuma County,2022,9970
8125,CO,Yuma County,2023,9981
8125,CO,Yuma County,2024,10048
9110,CT,Capitol Planning Region,2020,964088
9110,CT,Capitol Planning Region,2021,971938
9110,CT,Capitol Planning Region,2022,975591
9110,CT,Capitol Planning Region,2023,983326
9110,CT,Capitol Planning Region,2024,991508
9120,CT,Greater Bridgeport Planning Region,2020,324397
9120,CT,Greater Bridgeport Planning Region,2021,326799
9120,CT,Greater Bridgeport Planning Region,2022,328131
9120,CT,Greater Bridgeport Planning Region,2023,331300
9120,CT,Greater Bridgeport Planning Region,2024,335666
9130,CT,Lower Connecticut River Valley Planning Region,2020,173281
9130,CT,Lower Connecticut River Valley Planning Region,2021,175456
9130,CT,Lower Connecticut River Valley Planning Region,2022,176159
9130,CT,Lower Connecticut River Valley Planning Region,2023,176674
9130,CT,Lower Connecticut River Valley Planning Region,2024,177540
9140,CT,Naugatuck Valley Planning Region,2020,449055
9140,CT,Naugatuck Valley Planning Region,2021,452095
9140,CT,Naugatuck Valley Planning Region,2022,453868
9140,CT,Naugatuck Valley Planning Region,2023,457609
9140,CT,Naugatuck Valley Planning Region,2024,462220
9150,CT,Northeastern Connecticut Planning Region,2020,95231
9150,CT,Northeastern Connecticut Planning Region,2021,95624
9150,CT,Northeastern Connecticut Planning Region,2022,96169
9150,CT,Northeastern Connecticut Planning Region,2023,96834
9150,CT,Northeastern Connecticut Planning Region,2024,97701
9160,CT,Northwest Hills Planning Region,2020,112199
9160,CT,Northwest Hills Planning Region,2021,112952
9160,CT,Northwest Hills Planning Region,2022,113289
9160,CT,Northwest Hills Planning Region,2023,113538
9160,CT,Northwest Hills Planning Region,2024,114101
9170,CT,South Central Connecticut Planning Region,2020,564526
9170,CT,South Central Connecticut Planning Region,2021,568961
9170,CT,South Central Connecticut Planning Region,2022,569866
9170,CT,South Central Connecticut Planning Region,2023,572919
9170,CT,South Central Connecticut Planning Region,2024,576718
9180,CT,Southeastern Connecticut Planning Region,2020,278379
9180,CT,Southeastern Connecticut Planning Region,2021,278855
9180,CT,Southeastern Connecticut Planning Region,2022,279398
9180,CT,Southeastern Connecticut Planning Region,2023,280622
9180,CT,Southeastern Connecticut Planning Region,2024,282602
9190,CT,Western Connecticut Planning Region,2020,618762
9190,CT,Western Connecticut Planning Region,2021,623927
9190,CT,Western Connecticut Planning Region,2022,625454
9190,CT,Western Connecticut Planning Region,2023,630201
9190,CT,Western Connecticut Planning Region,2024,637013
10001,DE,Kent County,2020,182317
10001,DE,Kent County,2021,185069
10001,DE,Kent County,2022,187819
10001,DE,Kent County,2023,190123
10001,DE,Kent County,2024,192690
10003,DE,New Castle County,2020,570957
10003,DE,New Castle County,2021,572116
10003,DE,New Castle County,2022,576316
10003,DE,New Castle County,2023,582325
10003,DE,New Castle County,2024,588093
10005,DE,Sussex County,2020,238654
10005,DE,Sussex County,2021,247877
10005,DE,Sussex County,2022,256490
10005,DE,Sussex County,2023,263975
10005,DE,Sussex County,2024,271134
11001,DC,District of Columbia,2020,670917
11001,DC,District of Columbia,2021,669256
11001,DC,District of Columbia,2022,676725
11001,DC,District of Columbia,2023,687324
11001,DC,District of Columbia,2024,702250
12001,FL,Alachua County,2020,279765
12001,FL,Alachua County,2021,281710
12001,FL,Alachua County,2022,285241
12001,FL,Alachua County,2023,288962
12001,FL,Alachua County,2024,291782
12003,FL,Baker County,2020,28122
12003,FL,Baker County,2021,28378
12003,FL,Baker County,2022,27781
12003,FL,Baker County,2023,28542
12003,FL,Baker County,2024,29325
12005,FL,Bay County,2020,174543
12005,FL,Bay County,2021,179548
12005,FL,Bay County,2022,185732
12005,FL,Bay County,2023,192422
12005,FL,Bay County,2024,199718
12007,FL,Bradford County,2020,28229
12007,FL,Bradford County,2021,28057
12007,FL,Bradford County,2022,27275
12007,FL,Bradford County,2023,27788
12007,FL,Bradford County,2024,28075
12009,FL,Brevard County,2020,608792
12009,FL,Brevard County,2021,618000
12009,FL,Brevard County,2022,631956
12009,FL,Brevard County,2023,646705
12009,FL,Brevard County,2024,658447
12011,FL,Broward County,2020,1316181
12011,FL,Broward County,2021,1316181
12011,FL,Broward County,2022,1316181
12011,FL,Broward County,2023,1316181
12011,FL,Broward County,2024,1316181
12013,FL,Calhoun County,2020,13704
12013,FL,Calhoun County,2021,13520
12013,FL,Calhoun County,2022,13462
12013,FL,Calhoun County,2023,13497
12013,FL,Calhoun County,2024,13278
12015,FL,Charlotte County,2020,188017
12015,FL,Charlotte County,2021,194982
12015,FL,Charlotte County,2022,203113
12015,FL,Charlotte County,2023,207085
12015,FL,Charlotte County,2024,212122
12017,FL,Citrus County,2020,154569
12017,FL,Citrus County,2021,158193
12017,FL,Citrus County,2022,162586
12017,FL,Citrus County,2023,166836
12017,FL,Citrus County,2024,170174
12019,FL,Clay County,2020,218956
12019,FL,Clay County,2021,222671
12019,FL,Clay County,2022,226797
12019,FL,Clay County,2023,232734
12019,FL,Clay County,2024,236760
12021,FL,Collier County,2020,377331
12021,FL,Collier County,2021,387316
12021,FL,Collier County,2022,400510
12021,FL,Collier County,2023,410065
12021,FL,Collier County,2024,416233
12023,FL,Columbia County,2020,69760
12023,FL,Columbia County,2021,69945
12023,FL,Columbia County,2022,71941
12023,FL,Columbia County,2023,73324
12023,FL,Columbia County,2024,73977
12027,FL,DeSoto County,2020,34089
12027,FL,DeSoto County,2021,34341
12027,FL,DeSoto County,2022,35483
12027,FL,DeSoto County,2023,36274
12027,FL,DeSoto County,2024,36744
12029,FL,Dixie County,2020,16685
12029,FL,Dixie County,2021,16929
12029,FL,Dixie County,2022,16839
12029,FL,Dixie County,2023,17221
12029,FL,Dixie County,2024,17614
12031,FL,Duval County,2020,997826
12031,FL,Duval County,2021,1002908
12031,FL,Duval County,2022,1021040
12031,FL,Duval County,2023,1038833
12031,FL,Duval County,2024,1055159
12033,FL,Escambia County,2020,322612
12033,FL,Escambia County,2021,323468
12033,FL,Escambia County,2022,324227
12033,FL,Escambia County,2023,328034
12033,FL,Escambia County,2024,331275
12035,FL,Flagler County,2020,116032
12035,FL,Flagler County,2021,120996
12035,FL,Flagler County,2022,126974
12035,FL,Flagler County,2023,131892
12035,FL,Flagler County,2024,136744
12037,FL,Franklin County,2020,12474
12037,FL,Franklin County,2021,12194
12037,FL,Franklin County,2022,12491
12037,FL,Franklin County,2023,12628
12037,FL,Franklin County,2024,12979
12039,FL,Gadsden County,2020,43408
12039,FL,Gadsden County,2021,43502
12039,FL,Gadsden County,2022,43389
12039,FL,Gadsden County,2023,44100
12039,FL,Gadsden County,2024,44151
12041,FL,Gilchrist County,2020,17885
12041,FL,Gilchrist County,2021,18319
12041,FL,Gilchrist County,2022,19027
12041,FL,Gilchrist County,2023,19735
12041,FL,Gilchrist County,2024,20233
12043,FL,Glades County,2020,12079
12043,FL,Glades County,2021,12269
12043,FL,Glades County,2022,12496
12043,FL,Glades County,2023,12839
12043,FL,Glades County,2024,13132
12045,FL,Gulf County,2020,14259
12045,FL,Gulf County,2021,14462
12045,FL,Gulf County,2022,15302
12045,FL,Gulf County,2023,15757
12045,FL,Gulf County,2024,15876
12047,FL,Hamilton County,2020,13736
12047,FL,Hamilton County,2021,13073
12047,FL,Hamilton County,2022,13216
12047,FL,Hamilton County,2023,13721
12047,FL,Hamilton County,2024,14334
12049,FL,Hardee County,2020,25341
12049,FL,Hardee County,2021,25328
12049,FL,Hardee County,2022,25692
12049,FL,Hardee County,2023,25944
12049,FL,Hardee County,2024,26068
12051,FL,Hendry County,2020,39723
12051,FL,Hendry County,2021,40221
12051,FL,Hendry County,2022,41725
12051,FL,Hendry County,2023,44111
12051,FL,Hendry County,2024,46130
12053,FL,Hernando County,2020,195629
12053,FL,Hernando County,2021,200727
12053,FL,Hernando County,2022,207169
12053,FL,Hernando County,2023,213415
12053,FL,Hernando County,2024,218150
12055,FL,Highlands County,2020,101340
12055,FL,Highlands County,2021,103286
12055,FL,Highlands County,2022,105954
12055,FL,Highlands County,2023,108151
12055,FL,Highlands County,2024,109778
12057,FL,Hillsborough County,2020,1316181
12057,FL,Hillsborough County,2021,1316181
12057,FL,Hillsborough County,2022,1316181
12057,FL,Hillsborough County,2023,1316181
12057,FL,Hillsborough County,2024,1316181
12059,FL,Holmes County,2020,19569
12059,FL,Holmes County,2021,19136
12059,FL,Holmes County,2022,19324
12059,FL,Holmes County,2023,19662
12059,FL,Holmes County,2024,19876
12061,FL,Indian River County,2020,160452
12061,FL,Indian River County,2021,163903
12061,FL,Indian River County,2022,167698
12061,FL,Indian River County,2023,170487
12061,FL,Indian River County,2024,172139
12063,FL,Jackson County,2020,47106
12063,FL,Jackson County,2021,47138
12063,FL,Jackson County,2022,48294
12063,FL,Jackson County,2023,48731
12063,FL,Jackson County,2024,49980
12065,FL,Jefferson County,2020,14402
12065,FL,Jefferson County,2021,14497
12065,FL,Jefferson County,2022,15090
12065,FL,Jefferson County,2023,15547
12065,FL,Jefferson County,2024,15921
12067,FL,Lafayette County,2020,8230
12067,FL,Lafayette County,2021,7957
12067,FL,Lafayette County,2022,7786
12067,FL,Lafayette County,2023,8192
12067,FL,Lafayette County,2024,8640
12069,FL,Lake County,2020,386238
12069,FL,Lake County,2021,396414
12069,FL,Lake County,2022,410981
12069,FL,Lake County,2023,426782
12069,FL,Lake County,2024,444204
12071,FL,Lee County,2020,765566
12071,FL,Lee County,2021,791013
12071,FL,Lee County,2022,826567
12071,FL,Lee County,2023,844226
12071,FL,Lee County,2024,860959
12073,FL,Leon County,2020,293961
12073,FL,Leon County,2021,296057
12073,FL,Leon County,2022,298181
12073,FL,Leon County,2023,299024
12073,FL,Leon County,2024,300488
12075,FL,Levy County,2020,43065
12075,FL,Levy County,2021,44169
12075,FL,Levy County,2022,45291
12075,FL,Levy County,2023,46665
12075,FL,Levy County,2024,47765
12077,FL,Liberty County,2020,7806
12077,FL,Liberty County,2021,7416
12077,FL,Liberty County,2022,7609
12077,FL,Liberty County,2023,7771
12077,FL,Liberty County,2024,7955
12079,FL,Madison County,2020,17838
12079,FL,Madison County,2021,17943
12079,FL,Madison County,2022,17978
12079,FL,Madison County,2023,18322
12079,FL,Madison County,2024,18364
12081,FL,Manatee County,2020,401644
12081,FL,Manatee County,2021,413805
12081,FL,Manatee County,2022,430700
12081,FL,Manatee County,2023,444457
12081,FL,Manatee County,2024,458352
12083,FL,Marion County,2020,377464
12083,FL,Marion County,2021,385024
12083,FL,Marion County,2022,396661
12083,FL,Marion County,2023,412338
12083,FL,Marion County,2024,428905
12085,FL,Martin County,2020,158669
12085,FL,Martin County,2021,159925
12085,FL,Martin County,2022,162379
12085,FL,Martin County,2023,164241
12085,FL,Martin County,2024,165666
12086,FL,Miami-Dade County,2020,1316181
12086,FL,Miami-Dade County,2021,1316181
12086,FL,Miami-Dade County,2022,1316181
12086,FL,Miami-Dade County,2023,1316181
12086,FL,Miami-Dade County,2024,1316181
12087,FL,Monroe County,2020,82851
12087,FL,Monroe County,2021,82234
12087,FL,Monroe County,2022,82002
12087,FL,Monroe County,2023,81306
12087,FL,Monroe County,2024,80908
12089,FL,Nassau County,2020,91036
12089,FL,Nassau County,2021,94413
12089,FL,Nassau County,2022,97891
12089,FL,Nassau County,2023,101579
12089,FL,Nassau County,2024,104376
12091,FL,Okaloosa County,2020,212097
12091,FL,Okaloosa County,2021,213678
12091,FL,Okaloosa County,2022,217115
12091,FL,Okaloosa County,2023,219624
12091,FL,Okaloosa County,2024,220483
12093,FL,Okeechobee County,2020,39656
12093,FL,Okeechobee County,2021,40034
12093,FL,Okeechobee County,2022,40416
12093,FL,Okeechobee County,2023,41603
12093,FL,Okeechobee County,2024,42369
12095,FL,Orange County,2020,1316181
12095,FL,Orange County,2021,1316181
12095,FL,Orange County,2022,1316181
12095,FL,Orange County,2023,1316181
12095,FL,Orange County,2024,1316181
12097,FL,Osceola County,2020,391163
12097,FL,Osceola County,2021,404055
12097,FL,Osceola County,2022,426556
12097,FL,Osceola County,2023,447243
12097,FL,Osceola County,2024,468058
12099,FL,Palm Beach County,2020,1316181
12099,FL,Palm Beach County,2021,1316181
12099,FL,Palm Beach County,2022,1316181
12099,FL,Palm Beach County,2023,1316181
12099,FL,Palm Beach County,2024,1316181
12101,FL,Pasco County,2020,566182
12101,FL,Pasco County,2021,585290
12101,FL,Pasco County,2022,610584
12101,FL,Pasco County,2023,636049
12101,FL,Pasco County,2024,659114
12103,FL,Pinellas County,2020,959839
12103,FL,Pinellas County,2021,959703
12103,FL,Pinellas County,2022,964693
12103,FL,Pinellas County,2023,967301
12103,FL,Pinellas County,2024,965870
12105,FL,Polk County,2020,730179
12105,FL,Polk County,2021,755712
12105,FL,Polk County,2022,790530
12105,FL,Polk County,2023,824172
12105,FL,Polk County,2024,852878
12107,FL,Putnam County,2020,73386
12107,FL,Putnam County,2021,74116
12107,FL,Putnam County,2022,74805
12107,FL,Putnam County,2023,76211
12107,FL,Putnam County,2024,77301
12109,FL,St. Johns County,2020,277105
12109,FL,St. Johns County,2021,293292
12109,FL,St. Johns County,2022,307837
12109,FL,St. Johns County,2023,321510
12109,FL,St. Johns County,2024,334928
12111,FL,St. Lucie County,2020,331461
12111,FL,St. Lucie County,2021,344300
12111,FL,St. Lucie County,2022,359882
12111,FL,St. Lucie County,2023,376186
12111,FL,St. Lucie County,2024,390670
12113,FL,Santa Rosa County,2020,189022
12113,FL,Santa Rosa County,2021,193751
12113,FL,Santa Rosa County,2022,198363
12113,FL,Santa Rosa County,2023,203569
12113,FL,Santa Rosa County,2024,207653
12115,FL,Sarasota County,2020,436256
12115,FL,Sarasota County,2021,448730
12115,FL,Sarasota County,2022,464067
12115,FL,Sarasota County,2023,472079
12115,FL,Sarasota County,2024,476604
12117,FL,Seminole County,2020,471472
12117,FL,Seminole County,2021,470935
12117,FL,Seminole County,2022,481084
12117,FL,Seminole County,2023,489254
12117,FL,Seminole County,2024,494605
12119,FL,Sumter County,2020,130303
12119,FL,Sumter County,2021,134908
12119,FL,Sumter County,2022,144978
12119,FL,Sumter County,2023,152157
12119,FL,Sumter County,2024,154693
12121,FL,Suwannee County,2020,43530
12121,FL,Suwannee County,2021,44139
12121,FL,Suwannee County,2022,45370
12121,FL,Suwannee County,2023,46134
12121,FL,Suwannee County,2024,47536
12123,FL,Taylor County,2020,21746
12123,FL,Taylor County,2021,20811
12123,FL,Taylor County,2022,21347
12123,FL,Taylor County,2023,21766
12123,FL,Taylor County,2024,21843
12125,FL,Union County,2020,15433
12125,FL,Union County,2021,15852
12125,FL,Union County,2022,15490
12125,FL,Union County,2023,15993
12125,FL,Union County,2024,15738
12127,FL,Volusia County,2020,555752
12127,FL,Volusia County,2021,566481
12127,FL,Volusia County,2022,580481
12127,FL,Volusia County,2023,592622
12127,FL,Volusia County,2024,602772
12129,FL,Wakulla County,2020,33903
12129,FL,Wakulla County,2021,34287
12129,FL,Wakulla County,2022,35159
12129,FL,Wakulla County,2023,36472
12129,FL,Wakulla County,2024,37115
12131,FL,Walton County,2020,75891
12131,FL,Walton County,2021,79744
12131,FL,Walton County,2022,83100
12131,FL,Walton County,2023,86338
12131,FL,Walton County,2024,89666
12133,FL,Washington County,2020,25314
12133,FL,Washington County,2021,24856
12133,FL,Washington County,2022,25426
12133,FL,Washington County,2023,25545
12133,FL,Washington County,2024,26503
13001,GA,Appling County,2020,18378
13001,GA,Appling County,2021,18421
13001,GA,Appling County,2022,18479
13001,GA,Appling County,2023,18517
13001,GA,Appling County,2024,18669
13003,GA,Atkinson County,2020,8312
13003,GA,Atkinson County,2021,8353
13003,GA,Atkinson County,2022,8236
13003,GA,Atkinson County,2023,8351
13003,GA,Atkinson County,2024,8435
13005,GA,Bacon County,2020,11113
13005,GA,Bacon County,2021,11074
13005,GA,Bacon County,2022,11174
13005,GA,Bacon County,2023,11140
13005,GA,Bacon County,2024,11045
13007,GA,Baker County,2020,2850
13007,GA,Baker County,2021,2824
13007,GA,Baker County,2022,2796
13007,GA,Baker County,2023,2750
13007,GA,Baker County,2024,2732
13009,GA,Baldwin County,2020,43793
13009,GA,Baldwin County,2021,43703
13009,GA,Baldwin County,2022,43649
13009,GA,Baldwin County,2023,43423
13009,GA,Baldwin County,2024,43644
13011,GA,Banks County,2020,18139
13011,GA,Banks County,2021,18597
13011,GA,Banks County,2022,19404
13011,GA,Banks County,2023,19863
13011,GA,Banks County,2024,20318
13013,GA,Barrow County,2020,84006
13013,GA,Barrow County,2021,86759
13013,GA,Barrow County,2022,89359
13013,GA,Barrow County,2023,93011
13013,GA,Barrow County,2024,96294
13015,GA,Bartow County,2020,109321
13015,GA,Bartow County,2021,110953
13015,GA,Bartow County,2022,112805
13015,GA,Bartow County,2023,114977
13015,GA,Bartow County,2024,117508
13017,GA,Ben Hill County,2020,17166
13017,GA,Ben Hill County,2021,17128
13017,GA,Ben Hill County,2022,17055
13017,GA,Ben Hill County,2023,17150
13017,GA,Ben Hill County,2024,16945
13019,GA,Berrien County,2020,18148
13019,GA,Berrien County,2021,18120
13019,GA,Berrien County,2022,18238
13019,GA,Berrien County,2023,18587
13019,GA,Berrien County,2024,18666
13021,GA,Bibb County,2020,157038
13021,GA,Bibb County,2021,156005
13021,GA,Bibb County,2022,156115
13021,GA,Bibb County,2023,156676
13021,GA,Bibb County,2024,157056
13023,GA,Bleckley County,2020,12525
13023,GA,Bleckley County,2021,12274
13023,GA,Bleckley County,2022,12270
13023,GA,Bleckley County,2023,12455
13023,GA,Bleckley County,2024,12626
13025,GA,Brantley County,2020,18046
13025,GA,Brantley County,2021,18123
13025,GA,Brantley County,2022,18196
13025,GA,Brantley County,2023,18417
13025,GA,Brantley County,2024,18795
13027,GA,Brooks County,2020,16271
13027,GA,Brooks County,2021,16276
13027,GA,Brooks County,2022,16300
13027,GA,Brooks County,2023,16275
13027,GA,Brooks County,2024,16344
13029,GA,Bryan County,2020,45044
13029,GA,Bryan County,2021,46976
13029,GA,Bryan County,2022,48316
13029,GA,Bryan County,2023,49876
13029,GA,Bryan County,2024,51105
13031,GA,Bulloch County,2020,79918
13031,GA,Bulloch County,2021,80682
13031,GA,Bulloch County,2022,83027
13031,GA,Bulloch County,2023,84332
13031,GA,Bulloch County,2024,85454
13033,GA,Burke County,2020,24640
13033,GA,Burke County,2021,24372
13033,GA,Burke County,2022,24433
13033,GA,Burke County,2023,24431
13033,GA,Burke County,2024,24472
13035,GA,Butts County,2020,25554
13035,GA,Butts County,2021,26177
13035,GA,Butts County,2022,26745
13035,GA,Butts County,2023,26875
13035,GA,Butts County,2024,27127
13037,GA,Calhoun County,2020,5574
13037,GA,Calhoun County,2021,5543
13037,GA,Calhoun County,2022,5471
13037,GA,Calhoun County,2023,5462
13037,GA,Calhoun County,2024,5441
13039,GA,Camden County,2020,54929
13039,GA,Camden County,2021,55796
13039,GA,Camden County,2022,57036
13039,GA,Camden County,2023,57991
13039,GA,Camden County,2024,59099
13043,GA,Candler County,2020,11026
13043,GA,Candler County,2021,10953
13043,GA,Candler County,2022,11000
13043,GA,Candler County,2023,11106
13043,GA,Candler County,2024,11130
13045,GA,Carroll County,2020,119487
13045,GA,Carroll County,2021,121592
13045,GA,Carroll County,2022,124564
13045,GA,Carroll County,2023,127293
13045,GA,Carroll County,2024,129911
13047,GA,Catoosa County,2020,68007
13047,GA,Catoosa County,2021,68446
13047,GA,Catoosa County,2022,68840
13047,GA,Catoosa County,2023,68935
13047,GA,Catoosa County,2024,68940
13049,GA,Charlton County,2020,12533
13049,GA,Charlton County,2021,12827
13049,GA,Charlton County,2022,12781
13049,GA,Charlton County,2023,12928
13049,GA,Charlton County,2024,13021
13051,GA,Chatham County,2020,295076
13051,GA,Chatham County,2021,295714
13051,GA,Chatham County,2022,301512
13051,GA,Chatham County,2023,304757
13051,GA,Chatham County,2024,307336
13053,GA,Chattahoochee County,2020,9481
13053,GA,Chattahoochee County,2021,9047
13053,GA,Chattahoochee County,2022,8773
13053,GA,Chattahoochee County,2023,8588
13053,GA,Chattahoochee County,2024,8548
13055,GA,Chattooga County,2020,24929
13055,GA,Chattooga County,2021,24850
13055,GA,Chattooga County,2022,24921
13055,GA,Chattooga County,2023,25176
13055,GA,Chattooga County,2024,25306
13057,GA,Cherokee County,2020,268169
13057,GA,Cherokee County,2021,274778
13057,GA,Cherokee County,2022,281455
13057,GA,Cherokee County,2023,287243
13057,GA,Cherokee County,2024,293513
13059,GA,Clarke County,2020,128547
13059,GA,Clarke County,2021,129211
13059,GA,Clarke County,2022,129954
13059,GA,Clarke County,2023,130338
13059,GA,Clarke County,2024,129995
13061,GA,Clay County,2020,2829
13061,GA,Clay County,2021,2868
13061,GA,Clay County,2022,2862
13061,GA,Clay County,2023,2869
13061,GA,Clay County,2024,2815
13063,GA,Clayton County,2020,299440
13063,GA,Clayton County,2021,299234
13063,GA,Clayton County,2022,298862
13063,GA,Clayton County,2023,299380
13063,GA,Clayton County,2024,297703
13065,GA,Clinch County,2020,6725
13065,GA,Clinch County,2021,6708
13065,GA,Clinch County,2022,6684
13065,GA,Clinch County,2023,6808
13065,GA,Clinch County,2024,6871
13067,GA,Cobb County,2020,766383
13067,GA,Cobb County,2021,766747
13067,GA,Cobb County,2022,774162
13067,GA,Cobb County,2023,781208
13067,GA,Cobb County,2024,787538
13069,GA,Coffee County,2020,43058
13069,GA,Coffee County,2021,43053
13069,GA,Coffee County,2022,43311
13069,GA,Coffee County,2023,43464
13069,GA,Coffee County,2024,43851
13071,GA,Colquitt County,2020,45901
13071,GA,Colquitt County,2021,45774
13071,GA,Colquitt County,2022,45952
13071,GA,Colquitt County,2023,46515
13071,GA,Colquitt County,2024,46977
13073,GA,Columbia County,2020,156869
13073,GA,Columbia County,2021,159680
13073,GA,Columbia County,2022,162681
13073,GA,Columbia County,2023,165470
13073,GA,Columbia County,2024,167472
13075,GA,Cook County,2020,17236
13075,GA,Cook County,2021,17264
13075,GA,Cook County,2022,17414
13075,GA,Cook County,2023,17760
13075,GA,Cook County,2024,17984
13077,GA,Coweta County,2020,146759
13077,GA,Coweta County,2021,149999
13077,GA,Coweta County,2022,153002
13077,GA,Coweta County,2023,156269
13077,GA,Coweta County,2024,158233
13079,GA,Crawford County,2020,12102
13079,GA,Crawford County,2021,12140
13079,GA,Crawford County,2022,12197
13079,GA,Crawford County,2023,12335
13079,GA,Crawford County,2024,12349
13081,GA,Crisp County,2020,20056
13081,GA,Crisp County,2021,20005
13081,GA,Crisp County,2022,19755
13081,GA,Crisp County,2023,19668
13081,GA,Crisp County,2024,19468
13083,GA,Dade County,2020,16235
13083,GA,Dade County,2021,16220
13083,GA,Dade County,2022,16114
13083,GA,Dade County,2023,16188
13083,GA,Dade County,2024,16068
13085,GA,Dawson County,2020,27061
13085,GA,Dawson County,2021,28505
13085,GA,Dawson County,2022,30175
13085,GA,Dawson County,2023,31720
13085,GA,Dawson County,2024,33748
13087,GA,Decatur County,2020,29326
13087,GA,Decatur County,2021,29097
13087,GA,Decatur County,2022,29038
13087,GA,Decatur County,2023,29124
13087,GA,Decatur County,2024,29391
13089,GA,DeKalb County,2020,764630
13089,GA,DeKalb County,2021,759333
13089,GA,DeKalb County,2022,764440
13089,GA,DeKalb County,2023,768047
13089,GA,DeKalb County,2024,770307
13091,GA,Dodge County,2020,19952
13091,GA,Dodge County,2021,19739
13091,GA,Dodge County,2022,19903
13091,GA,Dodge County,2023,19799
13091,GA,Dodge County,2024,19630
13093,GA,Dooly County,2020,11159
13093,GA,Dooly County,2021,10879
13093,GA,Dooly County,2022,10639
13093,GA,Dooly County,2023,11056
13093,GA,Dooly County,2024,11186
13095,GA,Dougherty County,2020,85161
13095,GA,Dougherty County,2021,82271
13095,GA,Dougherty County,2022,82972
13095,GA,Dougherty County,2023,82635
13095,GA,Dougherty County,2024,82418
13097,GA,Douglas County,2020,144678
13097,GA,Douglas County,2021,145786
13097,GA,Douglas County,2022,147690
13097,GA,Douglas County,2023,149401
13097,GA,Douglas County,2024,151887
13099,GA,Early County,2020,10796
13099,GA,Early County,2021,10638
13099,GA,Early County,2022,10567
13099,GA,Early County,2023,10570
13099,GA,Early County,2024,10444
13101,GA,Echols County,2020,3721
13101,GA,Echols County,2021,3697
13101,GA,Echols County,2022,3694
13101,GA,Echols County,2023,3739
13101,GA,Echols County,2024,3698
13103,GA,Effingham County,2020,65192
13103,GA,Effingham County,2021,66795
13103,GA,Effingham County,2022,69030
13103,GA,Effingham County,2023,71549
13103,GA,Effingham County,2024,73148
13105,GA,Elbert County,2020,19665
13105,GA,Elbert County,2021,19572
13105,GA,Elbert County,2022,19853
13105,GA,Elbert County,2023,20003
13105,GA,Elbert County,2024,20152
13107,GA,Emanuel County,2020,22902
13107,GA,Emanuel County,2021,22907
13107,GA,Emanuel County,2022,22953
13107,GA,Emanuel County,2023,23146
13107,GA,Emanuel County,2024,23224
13109,GA,Evans County,2020,10795
13109,GA,Evans County,2021,10704
13109,GA,Evans County,2022,10662
13109,GA,Evans County,2023,10753
13109,GA,Evans County,2024,10869
13111,GA,Fannin County,2020,25437
13111,GA,Fannin County,2021,25800
13111,GA,Fannin County,2022,25702
13111,GA,Fannin County,2023,25916
13111,GA,Fannin County,2024,25854
13113,GA,Fayette County,2020,119512
13113,GA,Fayette County,2021,120751
13113,GA,Fayette County,2022,122150
13113,GA,Fayette County,2023,123698
13113,GA,Fayette County,2024,125107
13115,GA,Floyd County,2020,98583
13115,GA,Floyd County,2021,98498
13115,GA,Floyd County,2022,99586
13115,GA,Floyd County,2023,100407
13115,GA,Floyd County,2024,101390
13117,GA,Forsyth County,2020,252911
13117,GA,Forsyth County,2021,260816
13117,GA,Forsyth County,2022,268075
13117,GA,Forsyth County,2023,274535
13117,GA,Forsyth County,2024,280096
13119,GA,Franklin County,2020,23477
13119,GA,Franklin County,2021,23518
13119,GA,Franklin County,2022,24151
13119,GA,Franklin County,2023,24815
13119,GA,Franklin County,2024,25208
13121,GA,Fulton County,2020,1069333
13121,GA,Fulton County,2021,1062576
13121,GA,Fulton County,2022,1076569
13121,GA,Fulton County,2023,1083971
13121,GA,Fulton County,2024,1090354
13123,GA,Gilmer County,2020,31422
13123,GA,Gilmer County,2021,32102
13123,GA,Gilmer County,2022,32413
13123,GA,Gilmer County,2023,32868
13123,GA,Gilmer County,2024,33327
13125,GA,Glascock County,2020,2893
13125,GA,Glascock County,2021,2897
13125,GA,Glascock County,2022,2919
13125,GA,Glascock County,2023,2943
13125,GA,Glascock County,2024,3008
13127,GA,Glynn County,2020,84490
13127,GA,Glynn County,2021,84773
13127,GA,Glynn County,2022,85202
13127,GA,Glynn County,2023,86229
13127,GA,Glynn County,2024,86540
13129,GA,Gordon County,2020,57729
13129,GA,Gordon County,2021,58252
13129,GA,Gordon County,2022,58909
13129,GA,Gordon County,2023,59844
13129,GA,Gordon County,2024,60765
13131,GA,Grady County,2020,26227
13131,GA,Grady County,2021,25858
13131,GA,Grady County,2022,26056
13131,GA,Grady County,2023,26130
13131,GA,Grady County,2024,26271
13133,GA,Greene County,2020,19032
13133,GA,Greene County,2021,19553
13133,GA,Greene County,2022,20136
13133,GA,Greene County,2023,20733
13133,GA,Greene County,2024,21091
13135,GA,Gwinnett County,2020,958378
13135,GA,Gwinnett County,2021,965458
13135,GA,Gwinnett County,2022,980015
13135,GA,Gwinnett County,2023,991602
13135,GA,Gwinnett County,2024,1003869
13137,GA,Habersham County,2020,46140
13137,GA,Habersham County,2021,46753
13137,GA,Habersham County,2022,47558
13137,GA,Habersham County,2023,48851
13137,GA,Habersham County,2024,49665
13139,GA,Hall County,2020,203409
13139,GA,Hall County,2021,206998
13139,GA,Hall County,2022,213126
13139,GA,Hall County,2023,218248
13139,GA,Hall County,2024,221745
13141,GA,Hancock County,2020,8709
13141,GA,Hancock County,2021,8676
13141,GA,Hancock County,2022,8453
13141,GA,Hancock County,2023,8730
13141,GA,Hancock County,2024,8683
13143,GA,Haralson County,2020,30040
13143,GA,Haralson County,2021,30601
13143,GA,Haralson County,2022,31340
13143,GA,Haralson County,2023,32040
13143,GA,Haralson County,2024,32404
13145,GA,Harris County,2020,34900
13145,GA,Harris County,2021,35594
13145,GA,Harris County,2022,36308
13145,GA,Harris County,2023,36700
13145,GA,Harris County,2024,36929
13147,GA,Hart County,2020,25883
13147,GA,Hart County,2021,26326
13147,GA,Hart County,2022,26877
13147,GA,Hart County,2023,27557
13147,GA,Hart County,2024,28052
13149,GA,Heard County,2020,11445
13149,GA,Heard County,2021,11531
13149,GA,Heard County,2022,11720
13149,GA,Heard County,2023,12052
13149,GA,Heard County,2024,12119
13151,GA,Henry County,2020,241867
13151,GA,Henry County,2021,245127
13151,GA,Henry County,2022,248559
13151,GA,Henry County,2023,254934
13151,GA,Henry County,2024,259315
13153,GA,Houston County,2020,164358
13153,GA,Houston County,2021,167245
13153,GA,Houston County,2022,169791
13153,GA,Houston County,2023,171955
13153,GA,Houston County,2024,174897
13155,GA,Irwin County,2020,9650
13155,GA,Irwin County,2021,9376
13155,GA,Irwin County,2022,9121
13155,GA,Irwin County,2023,9123
13155,GA,Irwin County,2024,9155
13157,GA,Jackson County,2020,76740
13157,GA,Jackson County,2021,80394
13157,GA,Jackson County,2022,84102
13157,GA,Jackson County,2023,88723
13157,GA,Jackson County,2024,93825
13159,GA,Jasper County,2020,14670
13159,GA,Jasper County,2021,15275
13159,GA,Jasper County,2022,15985
13159,GA,Jasper County,2023,16496
13159,GA,Jasper County,2024,17219
13161,GA,Jeff Davis County,2020,14802
13161,GA,Jeff Davis County,2021,14865
13161,GA,Jeff Davis County,2022,14909
13161,GA,Jeff Davis County,2023,14927
13161,GA,Jeff Davis County,2024,15119
13163,GA,Jefferson County,2020,15676
13163,GA,Jefferson County,2021,15480
13163,GA,Jefferson County,2022,15318
13163,GA,Jefferson County,2023,15211
13163,GA,Jefferson County,2024,15019
13165,GA,Jenkins County,2020,8663
13165,GA,Jenkins County,2021,8769
13165,GA,Jenkins County,2022,8661
13165,GA,Jenkins County,2023,8628
13165,GA,Jenkins County,2024,8836
13167,GA,Johnson County,2020,9183
13167,GA,Johnson County,2021,9004
13167,GA,Johnson County,2022,9255
13167,GA,Johnson County,2023,9328
13167,GA,Johnson County,2024,9178
13169,GA,Jones County,2020,28399
13169,GA,Jones County,2021,28406
13169,GA,Jones County,2022,28514
13169,GA,Jones County,2023,29000
13169,GA,Jones County,2024,29047
13171,GA,Lamar County,2020,18554
13171,GA,Lamar County,2021,18702
13171,GA,Lamar County,2022,19489
13171,GA,Lamar County,2023,20420
13171,GA,Lamar County,2024,20690
13173,GA,Lanier County,2020,9929
13173,GA,Lanier County,2021,10052
13173,GA,Lanier County,2022,10207
13173,GA,Lanier County,2023,10452
13173,GA,Lanier County,2024,10464
13175,GA,Laurens County,2020,49542
13175,GA,Laurens County,2021,49526
13175,GA,Laurens County,2022,49705
13175,GA,Laurens County,2023,49932
13175,GA,Laurens County,2024,50287
13177,GA,Lee County,2020,33218
13177,GA,Lee County,2021,33210
13177,GA,Lee County,2022,33699
13177,GA,Lee County,2023,33928
13177,GA,Lee County,2024,34073
13179,GA,Liberty County,2020,65339
13179,GA,Liberty County,2021,66771
13179,GA,Liberty County,2022,68031
13179,GA,Liberty County,2023,68235
13179,GA,Liberty County,2024,68607
13181,GA,Lincoln County,2020,7702
13181,GA,Lincoln County,2021,7750
13181,GA,Lincoln County,2022,7872
13181,GA,Lincoln County,2023,7898
13181,GA,Lincoln County,2024,8049
13183,GA,Long County,2020,16264
13183,GA,Long County,2021,17105
13183,GA,Long County,2022,18409
13183,GA,Long County,2023,19651
13183,GA,Long County,2024,20439
13185,GA,Lowndes County,2020,118432
13185,GA,Lowndes County,2021,118966
13185,GA,Lowndes County,2022,119547
13185,GA,Lowndes County,2023,120800
13185,GA,Lowndes County,2024,122082
13187,GA,Lumpkin County,2020,33636
13187,GA,Lumpkin County,2021,32844
13187,GA,Lumpkin County,2022,34763
13187,GA,Lumpkin County,2023,35268
13187,GA,Lumpkin County,2024,36016
13189,GA,McDuffie County,2020,21613
13189,GA,McDuffie County,2021,21628
13189,GA,McDuffie County,2022,21727
13189,GA,McDuffie County,2023,21860
13189,GA,McDuffie County,2024,21764
13191,GA,McIntosh County,2020,10984
13191,GA,McIntosh County,2021,11056
13191,GA,McIntosh County,2022,11190
13191,GA,McIntosh County,2023,11532
13191,GA,McIntosh County,2024,11800
13193,GA,Macon County,2020,12020
13193,GA,Macon County,2021,11854
13193,GA,Macon County,2022,11778
13193,GA,Macon County,2023,11838
13193,GA,Macon County,2024,11831
13195,GA,Madison County,2020,30276
13195,GA,Madison County,2021,30891
13195,GA,Madison County,2022,31447
13195,GA,Madison County,2023,32255
13195,GA,Madison County,2024,32771
13197,GA,Marion County,2020,7528
13197,GA,Marion County,2021,7431
13197,GA,Marion County,2022,7464
13197,GA,Marion County,2023,7485
13197,GA,Marion County,2024,7635
13199,GA,Meriwether County,2020,20619
13199,GA,Meriwether County,2021,20733
13199,GA,Meriwether County,2022,20892
13199,GA,Meriwether County,2023,20964
13199,GA,Meriwether County,2024,21439
13201,GA,Miller County,2020,5992
13201,GA,Miller County,2021,5852
13201,GA,Miller County,2022,5790
13201,GA,Miller County,2023,5790
13201,GA,Miller County,2024,5824
13205,GA,Mitchell County,2020,21676
13205,GA,Mitchell County,2021,21326
13205,GA,Mitchell County,2022,21182
13205,GA,Mitchell County,2023,20778
13205,GA,Mitchell County,2024,20329
13207,GA,Monroe County,2020,28059
13207,GA,Monroe County,2021,28752
13207,GA,Monroe County,2022,29455
13207,GA,Monroe County,2023,30616
13207,GA,Monroe County,2024,31437
13209,GA,Montgomery County,2020,8569
13209,GA,Montgomery County,2021,8640
13209,GA,Montgomery County,2022,8656
13209,GA,Montgomery County,2023,8767
13209,GA,Montgomery County,2024,8566
13211,GA,Morgan County,2020,20206
13211,GA,Morgan County,2021,20660
13211,GA,Morgan County,2022,21048
13211,GA,Morgan County,2023,21537
13211,GA,Morgan County,2024,21940
13213,GA,Murray County,2020,40012
13213,GA,Murray County,2021,39976
13213,GA,Murray County,2022,40432
13213,GA,Murray County,2023,41072
13213,GA,Murray County,2024,41316
13215,GA,Muscogee County,2020,207015
13215,GA,Muscogee County,2021,205094
13215,GA,Muscogee County,2022,202658
13215,GA,Muscogee County,2023,201959
13215,GA,Muscogee County,2024,201830
13217,GA,Newton County,2020,112897
13217,GA,Newton County,2021,115356
13217,GA,Newton County,2022,117970
13217,GA,Newton County,2023,120529
13217,GA,Newton County,2024,124010
13219,GA,Oconee County,2020,42025
13219,GA,Oconee County,2021,43049
13219,GA,Oconee County,2022,43676
13219,GA,Oconee County,2023,44256
13219,GA,Oconee County,2024,44751
13221,GA,Oglethorpe County,2020,14867
13221,GA,Oglethorpe County,2021,15187
13221,GA,Oglethorpe County,2022,15532
13221,GA,Oglethorpe County,2023,15788
13221,GA,Oglethorpe County,2024,16172
13223,GA,Paulding County,2020,169576
13223,GA,Paulding County,2021,173998
13223,GA,Paulding County,2022,178885
13223,GA,Paulding County,2023,183535
13223,GA,Paulding County,2024,188549
13225,GA,Peach County,2020,28042
13225,GA,Peach County,2021,28254
13225,GA,Peach County,2022,28484
13225,GA,Peach County,2023,28807
13225,GA,Peach County,2024,29213
13227,GA,Pickens County,2020,33347
13227,GA,Pickens County,2021,34035
13227,GA,Pickens County,2022,34817
13227,GA,Pickens County,2023,35975
13227,GA,Pickens County,2024,36580
13229,GA,Pierce County,2020,19746
13229,GA,Pierce County,2021,19978
13229,GA,Pierce County,2022,20176
13229,GA,Pierce County,2023,20443
13229,GA,Pierce County,2024,20669
13231,GA,Pike County,2020,18943
13231,GA,Pike County,2021,19545
13231,GA,Pike County,2022,19936
13231,GA,Pike County,2023,20422
13231,GA,Pike County,2024,20669
13233,GA,Polk County,2020,42922
13233,GA,Polk County,2021,43322
13233,GA,Polk County,2022,43706
13233,GA,Polk County,2023,44363
13233,GA,Polk County,2024,44610
13235,GA,Pulaski County,2020,9874
13235,GA,Pulaski County,2021,9572
13235,GA,Pulaski County,2022,9953
13235,GA,Pulaski County,2023,10114
13235,GA,Pulaski County,2024,10180
13237,GA,Putnam County,2020,22166
13237,GA,Putnam County,2021,22614
13237,GA,Putnam County,2022,22928
13237,GA,Putnam County,2023,23183
13237,GA,Putnam County,2024,23383
13239,GA,Quitman County,2020,2224
13239,GA,Quitman County,2021,2239
13239,GA,Quitman County,2022,2254
13239,GA,Quitman County,2023,2278
13239,GA,Quitman County,2024,2323
13241,GA,Rabun County,2020,16913
13241,GA,Rabun County,2021,17119
13241,GA,Rabun County,2022,17292
13241,GA,Rabun County,2023,17525
13241,GA,Rabun County,2024,17711
13243,GA,Randolph County,2020,6364
13243,GA,Randolph County,2021,6262
13243,GA,Randolph County,2022,6155
13243,GA,Randolph County,2023,6113
13243,GA,Randolph County,2024,6085
13245,GA,Richmond County,2020,206557
13245,GA,Richmond County,2021,205331
13245,GA,Richmond County,2022,206510
13245,GA,Richmond County,2023,205646
13245,GA,Richmond County,2024,206303
13247,GA,Rockdale County,2020,93617
13247,GA,Rockdale County,2021,93899
13247,GA,Rockdale County,2022,95016
13247,GA,Rockdale County,2023,96263
13247,GA,Rockdale County,2024,97610
13249,GA,Schley County,2020,4538
13249,GA,Schley County,2021,4488
13249,GA,Schley County,2022,4503
13249,GA,Schley County,2023,4534
13249,GA,Schley County,2024,4503
13251,GA,Screven County,2020,14079
13251,GA,Screven County,2021,14067
13251,GA,Screven County,2022,13977
13251,GA,Screven County,2023,14204
13251,GA,Screven County,2024,14325
13253,GA,Seminole County,2020,9133
13253,GA,Seminole County,2021,9166
13253,GA,Seminole County,2022,9129
13253,GA,Seminole County,2023,9080
13253,GA,Seminole County,2024,9274
13255,GA,Spalding County,2020,67465
13255,GA,Spalding County,2021,67698
13255,GA,Spalding County,2022,69015
13255,GA,Spalding County,2023,69992
13255,GA,Spalding County,2024,70292
13257,GA,Stephens County,2020,26816
13257,GA,Stephens County,2021,26769
13257,GA,Stephens County,2022,26724
13257,GA,Stephens County,2023,27255
13257,GA,Stephens County,2024,27498
13259,GA,Stewart County,2020,5294
13259,GA,Stewart County,2021,5029
13259,GA,Stewart County,2022,4667
13259,GA,Stewart County,2023,4697
13259,GA,Stewart County,2024,4809
13261,GA,Sumter County,2020,29522
13261,GA,Sumter County,2021,28989
13261,GA,Sumter County,2022,28880
13261,GA,Sumter County,2023,28942
13261,GA,Sumter County,2024,28972
13263,GA,Talbot County,2020,5725
13263,GA,Talbot County,2021,5757
13263,GA,Talbot County,2022,5759
13263,GA,Talbot County,2023,5715
13263,GA,Talbot County,2024,5755
13265,GA,Taliaferro County,2020,1558
13265,GA,Taliaferro County,2021,1567
13265,GA,Taliaferro County,2022,1600
13265,GA,Taliaferro County,2023,1601
13265,GA,Taliaferro County,2024,1620
13267,GA,Tattnall County,2020,24325
13267,GA,Tattnall County,2021,24100
13267,GA,Tattnall County,2022,24012
13267,GA,Tattnall County,2023,24328
13267,GA,Tattnall County,2024,24275
13269,GA,Taylor County,2020,7819
13269,GA,Taylor County,2021,7770
13269,GA,Taylor County,2022,7767
13269,GA,Taylor County,2023,7793
13269,GA,Taylor County,2024,7783
13271,GA,Telfair County,2020,12453
13271,GA,Telfair County,2021,12319
13271,GA,Telfair County,2022,12416
13271,GA,Telfair County,2023,11795
13271,GA,Telfair County,2024,11000
13273,GA,Terrell County,2020,9140
13273,GA,Terrell County,2021,8927
13273,GA,Terrell County,2022,8782
13273,GA,Terrell County,2023,8704
13273,GA,Terrell County,2024,8698
13275,GA,Thomas County,2020,45786
13275,GA,Thomas County,2021,45835
13275,GA,Thomas County,2022,45542
13275,GA,Thomas County,2023,45666
13275,GA,Thomas County,2024,46054
13277,GA,Tift County,2020,41391
13277,GA,Tift County,2021,41095
13277,GA,Tift County,2022,41378
13277,GA,Tift County,2023,41620
13277,GA,Tift County,2024,41708
13279,GA,Toombs County,2020,27085
13279,GA,Toombs County,2021,26854
13279,GA,Toombs County,2022,26881
13279,GA,Toombs County,2023,27198
13279,GA,Toombs County,2024,27488
13281,GA,Towns County,2020,12551
13281,GA,Towns County,2021,12880
13281,GA,Towns County,2022,12944
13281,GA,Towns County,2023,13007
13281,GA,Towns County,2024,13184
13283,GA,Treutlen County,2020,6393
13283,GA,Treutlen County,2021,6364
13283,GA,Treutlen County,2022,6353
13283,GA,Treutlen County,2023,6351
13283,GA,Treutlen County,2024,6420
13285,GA,Troup County,2020,69348
13285,GA,Troup County,2021,69535
13285,GA,Troup County,2022,70297
13285,GA,Troup County,2023,70957
13285,GA,Troup County,2024,71513
13287,GA,Turner County,2020,8985
13287,GA,Turner County,2021,8920
13287,GA,Turner County,2022,8842
13287,GA,Turner County,2023,8926
13287,GA,Turner County,2024,9023
13289,GA,Twiggs County,2020,8011
13289,GA,Twiggs County,2021,7880
13289,GA,Twiggs County,2022,7688
13289,GA,Twiggs County,2023,7706
13289,GA,Twiggs County,2024,7728
13291,GA,Union County,2020,24801
13291,GA,Union County,2021,25605
13291,GA,Union County,2022,26400
13291,GA,Union County,2023,27115
13291,GA,Union County,2024,27601
13293,GA,Upson County,2020,27740
13293,GA,Upson County,2021,27685
13293,GA,Upson County,2022,28098
13293,GA,Upson County,2023,28265
13293,GA,Upson County,2024,28358
13295,GA,Walker County,2020,67747
13295,GA,Walker County,2021,68425
13295,GA,Walker County,2022,68887
13295,GA,Walker County,2023,69410
13295,GA,Walker County,2024,69340
13297,GA,Walton County,2020,97136
13297,GA,Walton County,2021,99804
13297,GA,Walton County,2022,103056
13297,GA,Walton County,2023,106778
13297,GA,Walton County,2024,109792
13299,GA,Ware County,2020,36231
13299,GA,Ware County,2021,35554
13299,GA,Ware County,2022,35608
13299,GA,Ware County,2023,36263
13299,GA,Ware County,2024,36222
13301,GA,Warren County,2020,5212
13301,GA,Warren County,2021,5215
13301,GA,Warren County,2022,5168
13301,GA,Warren County,2023,5108
13301,GA,Warren County,2024,5148
13303,GA,Washington County,2020,19957
13303,GA,Washington County,2021,19772
13303,GA,Washington County,2022,19791
13303,GA,Washington County,2023,19891
13303,GA,Washington County,2024,19834
13305,GA,Wayne County,2020,30146
13305,GA,Wayne County,2021,30231
13305,GA,Wayne County,2022,30786
13305,GA,Wayne County,2023,31449
13305,GA,Wayne County,2024,32132
13307,GA,Webster County,2020,2352
13307,GA,Webster County,2021,2364
13307,GA,Webster County,2022,2351
13307,GA,Webster County,2023,2367
13307,GA,Webster County,2024,2315
13309,GA,Wheeler County,2020,7451
13309,GA,Wheeler County,2021,7742
13309,GA,Wheeler County,2022,7355
13309,GA,Wheeler County,2023,7097
13309,GA,Wheeler County,2024,7076
13311,GA,White County,2020,28114
13311,GA,White County,2021,28404
13311,GA,White County,2022,28810
13311,GA,White County,2023,29056
13311,GA,White County,2024,29668
13313,GA,Whitfield County,2020,102794
13313,GA,Whitfield County,2021,102729
13313,GA,Whitfield County,2022,103252
13313,GA,Whitfield County,2023,104147
13313,GA,Whitfield County,2024,105070
13315,GA,Wilcox County,2020,8792
13315,GA,Wilcox County,2021,8745
13315,GA,Wilcox County,2022,8747
13315,GA,Wilcox County,2023,8801
13315,GA,Wilcox County,2024,8904
13317,GA,Wilkes County,2020,9551
13317,GA,Wilkes County,2021,9490
13317,GA,Wilkes County,2022,9585
13317,GA,Wilkes County,2023,9552
13317,GA,Wilkes County,2024,9567
13319,GA,Wilkinson County,2020,8839
13319,GA,Wilkinson County,2021,8794
13319,GA,Wilkinson County,2022,8689
13319,GA,Wilkinson County,2023,8747
13319,GA,Wilkinson County,2024,8667
13321,GA,Worth County,2020,20734
13321,GA,Worth County,2021,20568
13321,GA,Worth County,2022,20420
13321,GA,Worth County,2023,20271
13321,GA,Worth County,2024,20262
15001,HI,Hawaii County,2020,200754
15001,HI,Hawaii County,2021,203933
15001,HI,Hawaii County,2022,206324
15001,HI,Hawaii County,2023,208043
15001,HI,Hawaii County,2024,209790
15003,HI,Honolulu County,2020,1012407
15003,HI,Honolulu County,2021,1004349
15003,HI,Honolulu County,2022,995652
15003,HI,Honolulu County,2023,994576
15003,HI,Honolulu County,2024,998747
15005,HI,Kalawao County,2020,864
15005,HI,Kalawao County,2021,864
15005,HI,Kalawao County,2022,864
15005,HI,Kalawao County,2023,864
15005,HI,Kalawao County,2024,864
15007,HI,Kauai County,2020,73209
15007,HI,Kauai County,2021,73851
15007,HI,Kauai County,2022,73823
15007,HI,Kauai County,2023,73933
15007,HI,Kauai County,2024,73840
15009,HI,Maui County,2020,164802
15009,HI,Maui County,2021,164815
15009,HI,Maui County,2022,164479
15009,HI,Maui County,2023,164754
15009,HI,Maui County,2024,163688
16001,ID,Ada County,2020,498301
16001,ID,Ada County,2021,513098
16001,ID,Ada County,2022,520788
16001,ID,Ada County,2023,526690
16001,ID,Ada County,2024,535799
16003,ID,Adams County,2020,4425
16003,ID,Adams County,2021,4621
16003,ID,Adams County,2022,4780
16003,ID,Adams County,2023,4898
16003,ID,Adams County,2024,4998
16005,ID,Bannock County,2020,87281
16005,ID,Bannock County,2021,88523
16005,ID,Bannock County,2022,89871
16005,ID,Bannock County,2023,90585
16005,ID,Bannock County,2024,91010
16007,ID,Bear Lake County,2020,6367
16007,ID,Bear Lake County,2021,6569
16007,ID,Bear Lake County,2022,6751
16007,ID,Bear Lake County,2023,6783
16007,ID,Bear Lake County,2024,6779
16009,ID,Benewah County,2020,9579
16009,ID,Benewah County,2021,9900
16009,ID,Benewah County,2022,10301
16009,ID,Benewah County,2023,10400
16009,ID,Benewah County,2024,10529
16011,ID,Bingham County,2020,48099
16011,ID,Bingham County,2021,48938
16011,ID,Bingham County,2022,49997
16011,ID,Bingham County,2023,50398
16011,ID,Bingham County,2024,50889
16013,ID,Blaine County,2020,24345
16013,ID,Blaine County,2021,24784
16013,ID,Blaine County,2022,25186
16013,ID,Blaine County,2023,25180
16013,ID,Blaine County,2024,25261
16015,ID,Boise County,2020,7663
16015,ID,Boise County,2021,8133
16015,ID,Boise County,2022,8426
16015,ID,Boise County,2023,8560
16015,ID,Boise County,2024,8581
16017,ID,Bonner County,2020,47411
16017,ID,Bonner County,2021,49649
16017,ID,Bonner County,2022,51521
16017,ID,Bonner County,2023,52709
16017,ID,Bonner County,2024,53955
16019,ID,Bonneville County,2020,124736
16019,ID,Bonneville County,2021,128072
16019,ID,Bonneville County,2022,129690
16019,ID,Bonneville County,2023,131475
16019,ID,Bonneville County,2024,133644
16021,ID,Boundary County,2020,12141
16021,ID,Boundary County,2021,12627
16021,ID,Boundary County,2022,13377
16021,ID,Boundary County,2023,13677
16021,ID,Boundary County,2024,14040
16023,ID,Butte County,2020,2583
16023,ID,Butte County,2021,2665
16023,ID,Butte County,2022,2692
16023,ID,Butte County,2023,2747
16023,ID,Butte County,2024,2735
16025,ID,Camas County,2020,1084
16025,ID,Camas County,2021,1137
16025,ID,Camas County,2022,1168
16025,ID,Camas County,2023,1232
16025,ID,Camas County,2024,1247
16027,ID,Canyon County,2020,233031
16027,ID,Canyon County,2021,243752
16027,ID,Canyon County,2022,251532
16027,ID,Canyon County,2023,258742
16027,ID,Canyon County,2024,266892
16029,ID,Caribou County,2020,7016
16029,ID,Caribou County,2021,7115
16029,ID,Caribou County,2022,7208
16029,ID,Caribou County,2023,7233
16029,ID,Caribou County,2024,7239
16031,ID,Cassia County,2020,24755
16031,ID,Cassia County,2021,25242
16031,ID,Cassia County,2022,25625
16031,ID,Cassia County,2023,25817
16031,ID,Cassia County,2024,25976
16033,ID,Clark County,2020,864
16033,ID,Clark County,2021,864
16033,ID,Clark County,2022,864
16033,ID,Clark County,2023,864
16033,ID,Clark County,2024,864
16035,ID,Clearwater County,2020,8752
16035,ID,Clearwater County,2021,8927
16035,ID,Clearwater County,2022,9034
16035,ID,Clearwater County,2023,9192
16035,ID,Clearwater County,2024,9151
16037,ID,Custer County,2020,4269
16037,ID,Custer County,2021,4444
16037,ID,Custer County,2022,4503
16037,ID,Custer County,2023,4531
16037,ID,Custer County,2024,4597
16039,ID,Elmore County,2020,28680
16039,ID,Elmore County,2021,28994
16039,ID,Elmore County,2022,29494
16039,ID,Elmore County,2023,29706
16039,ID,Elmore County,2024,29729
16041,ID,Franklin County,2020,14283
16041,ID,Franklin County,2021,14673
16041,ID,Franklin County,2022,15172
16041,ID,Franklin County,2023,15516
16041,ID,Franklin County,2024,15638
16043,ID,Fremont County,2020,13419
16043,ID,Fremont County,2021,13593
16043,ID,Fremont County,2022,14048
16043,ID,Fremont County,2023,14258
16043,ID,Fremont County,2024,14399
16045,ID,Gem County,2020,19278
16045,ID,Gem County,2021,19813
16045,ID,Gem County,2022,20739
16045,ID,Gem County,2023,21384
16045,ID,Gem County,2024,21857
16047,ID,Gooding County,2020,15657
16047,ID,Gooding County,2021,15806
16047,ID,Gooding County,2022,15890
16047,ID,Gooding County,2023,16113
16047,ID,Gooding County,2024,16189
16049,ID,Idaho County,2020,16590
16049,ID,Idaho County,2021,17059
16049,ID,Idaho County,2022,17670
16049,ID,Idaho County,2023,17928
16049,ID,Idaho County,2024,17912
16051,ID,Jefferson County,2020,31082
16051,ID,Jefferson County,2021,32208
16051,ID,Jefferson County,2022,33365
16051,ID,Jefferson County,2023,34259
16051,ID,Jefferson County,2024,34854
16053,ID,Jerome County,2020,24268
16053,ID,Jerome County,2021,24740
16053,ID,Jerome County,2022,25228
16053,ID,Jerome County,2023,25574
16053,ID,Jerome County,2024,26056
16055,ID,Kootenai County,2020,172791
16055,ID,Kootenai County,2021,180089
16055,ID,Kootenai County,2022,183540
16055,ID,Kootenai County,2023,185237
16055,ID,Kootenai County,2024,188323
16057,ID,Latah County,2020,39638
16057,ID,Latah County,2021,40406
16057,ID,Latah County,2022,41330
16057,ID,Latah County,2023,41691
16057,ID,Latah County,2024,42180
16059,ID,Lemhi County,2020,7958
16059,ID,Lemhi County,2021,8158
16059,ID,Lemhi County,2022,8286
16059,ID,Lemhi County,2023,8447
16059,ID,Lemhi County,2024,8397
16061,ID,Lewis County,2020,3524
16061,ID,Lewis County,2021,3689
16061,ID,Lewis County,2022,3727
16061,ID,Lewis County,2023,3740
16061,ID,Lewis County,2024,3728
16063,ID,Lincoln County,2020,5136
16063,ID,Lincoln County,2021,5289
16063,ID,Lincoln County,2022,5365
16063,ID,Lincoln County,2023,5444
16063,ID,Lincoln County,2024,5556
16065,ID,Madison County,2020,52912
16065,ID,Madison County,2021,54079
16065,ID,Madison County,2022,55427
16065,ID,Madison County,2023,55123
16065,ID,Madison County,2024,55549
16067,ID,Minidoka County,2020,21671
16067,ID,Minidoka County,2021,21951
16067,ID,Minidoka County,2022,22202
16067,ID,Minidoka County,2023,22526
16067,ID,Minidoka County,2024,22691
16069,ID,Nez Perce County,2020,42148
16069,ID,Nez Perce County,2021,42511
16069,ID,Nez Perce County,2022,43003
16069,ID,Nez Perce County,2023,42978
16069,ID,Nez Perce County,2024,42847
16071,ID,Oneida County,2020,4564
16071,ID,Oneida County,2021,4604
16071,ID,Oneida County,2022,4740
16071,ID,Oneida County,2023,4955
16071,ID,Oneida County,2024,4976
16073,ID,Owyhee County,2020,11999
16073,ID,Owyhee County,2021,12362
16073,ID,Owyhee County,2022,12644
16073,ID,Owyhee County,2023,12762
16073,ID,Owyhee County,2024,12748
16075,ID,Payette County,2020,25588
16075,ID,Payette County,2021,26385
16075,ID,Payette County,2022,26934
16075,ID,Payette County,2023,27284
16075,ID,Payette County,2024,27662
16077,ID,Power County,2020,7883
16077,ID,Power County,2021,7980
16077,ID,Power County,2022,8122
16077,ID,Power County,2023,8301
16077,ID,Power County,2024,8381
16079,ID,Shoshone County,2020,13205
16079,ID,Shoshone County,2021,13623
16079,ID,Shoshone County,2022,13951
16079,ID,Shoshone County,2023,14072
16079,ID,Shoshone County,2024,14074
16081,ID,Teton County,2020,11734
16081,ID,Teton County,2021,12273
16081,ID,Teton County,2022,12553
16081,ID,Teton County,2023,12632
16081,ID,Teton County,2024,12932
16083,ID,Twin Falls County,2020,90374
16083,ID,Twin Falls County,2021,92410
16083,ID,Twin Falls County,2022,93973
16083,ID,Twin Falls County,2023,95404
16083,ID,Twin Falls County,2024,96509
16085,ID,Valley County,2020,11842
16085,ID,Valley County,2021,12258
16085,ID,Valley County,2022,12436
16085,ID,Valley County,2023,12630
16085,ID,Valley County,2024,12777
16087,ID,Washington County,2020,10560
16087,ID,Washington County,2021,10905
16087,ID,Washington County,2022,11198
16087,ID,Washington County,2023,11508
16087,ID,Washington County,2024,11539
17001,IL,Adams County,2020,65622
17001,IL,Adams County,2021,65077
17001,IL,Adams County,2022,64526
17001,IL,Adams County,2023,64435
17001,IL,Adams County,2024,64109
17003,IL,Alexander County,2020,5172
17003,IL,Alexander County,2021,5028
17003,IL,Alexander County,2022,4859
17003,IL,Alexander County,2023,4723
17003,IL,Alexander County,2024,4594
17005,IL,Bond County,2020,16856
17005,IL,Bond County,2021,16797
17005,IL,Bond County,2022,16716
17005,IL,Bond County,2023,16637
17005,IL,Bond County,2024,16576
17007,IL,Boone County,2020,53339
17007,IL,Boone County,2021,53173
17007,IL,Boone County,2022,53084
17007,IL,Boone County,2023,53239
17007,IL,Boone County,2024,53313
17009,IL,Brown County,2020,6237
17009,IL,Brown County,2021,6444
17009,IL,Brown County,2022,6321
17009,IL,Brown County,2023,6301
17009,IL,Brown County,2024,6307
17011,IL,Bureau County,2020,33225
17011,IL,Bureau County,2021,32999
17011,IL,Bureau County,2022,32862
17011,IL,Bureau County,2023,32758
17011,IL,Bureau County,2024,32486
17013,IL,Calhoun County,2020,4403
17013,IL,Calhoun County,2021,4392
17013,IL,Calhoun County,2022,4335
17013,IL,Calhoun County,2023,4293
17013,IL,Calhoun County,2024,4224
17015,IL,Carroll County,2020,15678
17015,IL,Carroll County,2021,15712
17015,IL,Carroll County,2022,15553
17015,IL,Carroll County,2023,15492
17015,IL,Carroll County,2024,15444
17017,IL,Cass County,2020,12976
17017,IL,Cass County,2021,12778
17017,IL,Cass County,2022,12672
17017,IL,Cass County,2023,12779
17017,IL,Cass County,2024,12713
17019,IL,Champaign County,2020,206252
17019,IL,Champaign County,2021,207232
17019,IL,Champaign County,2022,208033
17019,IL,Champaign County,2023,209813
17019,IL,Champaign County,2024,212374
17021,IL,Christian County,2020,33982
17021,IL,Christian County,2021,33731
17021,IL,Christian County,2022,33410
17021,IL,Christian County,2023,33319
17021,IL,Christian County,2024,33247
17023,IL,Clark County,2020,15448
17023,IL,Clark County,2021,15375
17023,IL,Clark County,2022,15211
17023,IL,Clark County,2023,15218
17023,IL,Clark County,2024,15076
17025,IL,Clay County,2020,13273
17025,IL,Clay County,2021,13166
17025,IL,Clay County,2022,13053
17025,IL,Clay County,2023,12945
17025,IL,Clay County,2024,12821
17027,IL,Clinton County,2020,36913
17027,IL,Clinton County,2021,36898
17027,IL,Clinton County,2022,36987
17027,IL,Clinton County,2023,36886
17027,IL,Clinton County,2024,37087
17029,IL,Coles County,2020,47084
17029,IL,Coles County,2021,47136
17029,IL,Coles County,2022,46708
17029,IL,Coles County,2023,46532
17029,IL,Coles County,2024,46423
17031,IL,Cook County,2020,1316181
17031,IL,Cook County,2021,1316181
17031,IL,Cook County,2022,1316181
17031,IL,Cook County,2023,1316181
17031,IL,Cook County,2024,1316181
17033,IL,Crawford County,2020,18637
17033,IL,Crawford County,2021,18673
17033,IL,Crawford County,2022,18516
17033,IL,Crawford County,2023,18342
17033,IL,Crawford County,2024,18388
17035,IL,Cumberland County,2020,10437
17035,IL,Cumberland County,2021,10358
17035,IL,Cumberland County,2022,10296
17035,IL,Cumberland County,2023,10272
17035,IL,Cumberland County,2024,10305
17037,IL,DeKalb County,2020,100368
17037,IL,DeKalb County,2021,100584
17037,IL,DeKalb County,2022,100569
17037,IL,DeKalb County,2023,100661
17037,IL,DeKalb County,2024,101335
17039,IL,De Witt County,2020,15464
17039,IL,De Witt County,2021,15410
17039,IL,De Witt County,2022,15341
17039,IL,De Witt County,2023,15331
17039,IL,De Witt County,2024,15319
17041,IL,Douglas County,2020,19780
17041,IL,Douglas County,2021,19714
17041,IL,Douglas County,2022,19702
17041,IL,Douglas County,2023,19733
17041,IL,Douglas County,2024,19824
17043,IL,DuPage County,2020,931508
17043,IL,DuPage County,2021,927145
17043,IL,DuPage County,2022,925143
17043,IL,DuPage County,2023,929180
17043,IL,DuPage County,2024,937142
17045,IL,Edgar County,2020,16808
17045,IL,Edgar County,2021,16601
17045,IL,Edgar County,2022,16426
17045,IL,Edgar County,2023,16442
17045,IL,Edgar County,2024,16398
17047,IL,Edwards County,2020,6209
17047,IL,Edwards County,2021,6087
17047,IL,Edwards County,2022,6073
17047,IL,Edwards County,2023,6021
17047,IL,Edwards County,2024,5984
17049,IL,Effingham County,2020,34707
17049,IL,Effingham County,2021,34514
17049,IL,Effingham County,2022,34336
17049,IL,Effingham County,2023,34453
17049,IL,Effingham County,2024,34602
17051,IL,Fayette County,2020,21485
17051,IL,Fayette County,2021,21438
17051,IL,Fayette County,2022,21284
17051,IL,Fayette County,2023,21209
17051,IL,Fayette County,2024,21157
17053,IL,Ford County,2020,13511
17053,IL,Ford County,2021,13480
17053,IL,Ford County,2022,13270
17053,IL,Ford County,2023,13316
17053,IL,Ford County,2024,13451
17055,IL,Franklin County,2020,37717
17055,IL,Franklin County,2021,37484
17055,IL,Franklin County,2022,37226
17055,IL,Franklin County,2023,37156
17055,IL,Franklin County,2024,37033
17057,IL,Fulton County,2020,33554
17057,IL,Fulton County,2021,33344
17057,IL,Fulton County,2022,33022
17057,IL,Fulton County,2023,32664
17057,IL,Fulton County,2024,32510
17059,IL,Gallatin County,2020,4945
17059,IL,Gallatin County,2021,4908
17059,IL,Gallatin County,2022,4842
17059,IL,Gallatin County,2023,4708
17059,IL,Gallatin County,2024,4690
17061,IL,Greene County,2020,11935
17061,IL,Greene County,2021,11848
17061,IL,Greene County,2022,11643
17061,IL,Greene County,2023,11572
17061,IL,Greene County,2024,11417
17063,IL,Grundy County,2020,52535
17063,IL,Grundy County,2021,52984
17063,IL,Grundy County,2022,53153
17063,IL,Grundy County,2023,53587
17063,IL,Grundy County,2024,53835
17065,IL,Hamilton County,2020,7993
17065,IL,Hamilton County,2021,7908
17065,IL,Hamilton County,2022,7976
17065,IL,Hamilton County,2023,7886
17065,IL,Hamilton County,2024,7818
17067,IL,Hancock County,2020,17558
17067,IL,Hancock County,2021,17395
17067,IL,Hancock County,2022,17250
17067,IL,Hancock County,2023,17195
17067,IL,Hancock County,2024,17008
17069,IL,Hardin County,2020,3646
17069,IL,Hardin County,2021,3640
17069,IL,Hardin County,2022,3588
17069,IL,Hardin County,2023,3599
17069,IL,Hardin County,2024,3550
17071,IL,Henderson County,2020,6335
17071,IL,Henderson County,2021,6309
17071,IL,Henderson County,2022,6168
17071,IL,Henderson County,2023,6105
17071,IL,Henderson County,2024,6048
17073,IL,Henry County,2020,49178
17073,IL,Henry County,2021,48929
17073,IL,Henry County,2022,48567
17073,IL,Henry County,2023,48362
17073,IL,Henry County,2024,48177
17075,IL,Iroquois County,2020,26966
17075,IL,Iroquois County,2021,26761
17075,IL,Iroquois County,2022,26417
17075,IL,Iroquois County,2023,26033
17075,IL,Iroquois County,2024,26067
17077,IL,Jackson County,2020,53264
17077,IL,Jackson County,2021,52986
17077,IL,Jackson County,2022,53004
17077,IL,Jackson County,2023,52867
17077,IL,Jackson County,2024,53199
17079,IL,Jasper County,2020,9255
17079,IL,Jasper County,2021,9210
17079,IL,Jasper County,2022,9185
17079,IL,Jasper County,2023,9156
17079,IL,Jasper County,2024,9092
17081,IL,Jefferson County,2020,37000
17081,IL,Jefferson County,2021,36899
17081,IL,Jefferson County,2022,36415
17081,IL,Jefferson County,2023,36331
17081,IL,Jefferson County,2024,36107
17083,IL,Jersey County,2020,21492
17083,IL,Jersey County,2021,21350
17083,IL,Jersey County,2022,21222
17083,IL,Jersey County,2023,21158
17083,IL,Jersey County,2024,21150
17085,IL,Jo Daviess County,2020,22098
17085,IL,Jo Daviess County,2021,22016
17085,IL,Jo Daviess County,2022,21863
17085,IL,Jo Daviess County,2023,21749
17085,IL,Jo Daviess County,2024,21528
17087,IL,Johnson County,2020,13322
17087,IL,Johnson County,2021,13481
17087,IL,Johnson County,2022,13401
17087,IL,Johnson County,2023,13355
17087,IL,Johnson County,2024,13320
17089,IL,Kane County,2020,516403
17089,IL,Kane County,2021,516564
17089,IL,Kane County,2022,515070
17089,IL,Kane County,2023,517241
17089,IL,Kane County,2024,520997
17091,IL,Kankakee County,2020,107403
17091,IL,Kankakee County,2021,106757
17091,IL,Kankakee County,2022,106221
17091,IL,Kankakee County,2023,106386
17091,IL,Kankakee County,2024,106410
17093,IL,Kendall County,2020,132351
17093,IL,Kendall County,2021,135023
17093,IL,Kendall County,2022,137602
17093,IL,Kendall County,2023,140229
17093,IL,Kendall County,2024,143171
17095,IL,Knox County,2020,49806
17095,IL,Knox County,2021,49333
17095,IL,Knox County,2022,48713
17095,IL,Knox County,2023,48663
17095,IL,Knox County,2024,48716
17097,IL,Lake County,2020,713426
17097,IL,Lake County,2021,712733
17097,IL,Lake County,2022,712143
17097,IL,Lake County,2023,714207
17097,IL,Lake County,2024,718604
17099,IL,LaSalle County,2020,109409
17099,IL,LaSalle County,2021,109166
17099,IL,LaSalle County,2022,108210
17099,IL,LaSalle County,2023,108397
17099,IL,LaSalle County,2024,108390
17101,IL,Lawrence County,2020,15283
17101,IL,Lawrence County,2021,15246
17101,IL,Lawrence County,2022,14937
17101,IL,Lawrence County,2023,14886
17101,IL,Lawrence County,2024,14801
17103,IL,Lee County,2020,34063
17103,IL,Lee County,2021,34202
17103,IL,Lee County,2022,33928
17103,IL,Lee County,2023,33606
17103,IL,Lee County,2024,33544
17105,IL,Livingston County,2020,35816
17105,IL,Livingston County,2021,35799
17105,IL,Livingston County,2022,35513
17105,IL,Livingston County,2023,35321
17105,IL,Livingston County,2024,35375
17107,IL,Logan County,2020,27905
17107,IL,Logan County,2021,27978
17107,IL,Logan County,2022,27654
17107,IL,Logan County,2023,27508
17107,IL,Logan County,2024,27518
17109,IL,McDonough County,2020,27116
17109,IL,McDonough County,2021,26906
17109,IL,McDonough County,2022,26965
17109,IL,McDonough County,2023,26952
17109,IL,McDonough County,2024,26662
17111,IL,McHenry County,2020,309973
17111,IL,McHenry County,2021,311669
17111,IL,McHenry County,2022,311921
17111,IL,McHenry County,2023,313435
17111,IL,McHenry County,2024,315959
17113,IL,McLean County,2020,171236
17113,IL,McLean County,2021,171411
17113,IL,McLean County,2022,171571
17113,IL,McLean County,2023,171493
17113,IL,McLean County,2024,172069
17115,IL,Macon County,2020,103764
17115,IL,Macon County,2021,102619
17115,IL,Macon County,2022,101369
17115,IL,Macon County,2023,100754
17115,IL,Macon County,2024,100737
17117,IL,Macoupin County,2020,44924
17117,IL,Macoupin County,2021,44563
17117,IL,Macoupin County,2022,44239
17117,IL,Macoupin County,2023,44127
17117,IL,Macoupin County,2024,43895
17119,IL,Madison County,2020,265749
17119,IL,Madison County,2021,265001
17119,IL,Madison County,2022,263981
17119,IL,Madison County,2023,263442
17119,IL,Madison County,2024,263017
17121,IL,Marion County,2020,37657
17121,IL,Marion County,2021,37390
17121,IL,Marion County,2022,36878
17121,IL,Marion County,2023,36640
17121,IL,Marion County,2024,36437
17123,IL,Marshall County,2020,11710
17123,IL,Marshall County,2021,11665
17123,IL,Marshall County,2022,11657
17123,IL,Marshall County,2023,11650
17123,IL,Marshall County,2024,11552
17125,IL,Mason County,2020,13053
17125,IL,Mason County,2021,12826
17125,IL,Mason County,2022,12717
17125,IL,Mason County,2023,12588
17125,IL,Mason County,2024,12543
17127,IL,Massac County,2020,14137
17127,IL,Massac County,2021,13953
17127,IL,Massac County,2022,13858
17127,IL,Massac County,2023,13751
17127,IL,Massac County,2024,13627
17129,IL,Menard County,2020,12272
17129,IL,Menard County,2021,12170
17129,IL,Menard County,2022,12076
17129,IL,Menard County,2023,11996
17129,IL,Menard County,2024,11963
17131,IL,Mercer County,2020,15632
17131,IL,Mercer County,2021,15583
17131,IL,Mercer County,2022,15512
17131,IL,Mercer County,2023,15456
17131,IL,Mercer County,2024,15292
17133,IL,Monroe County,2020,34953
17133,IL,Monroe County,2021,35007
17133,IL,Monroe County,2022,35107
17133,IL,Monroe County,2023,35144
17133,IL,Monroe County,2024,34969
17135,IL,Montgomery County,2020,28242
17135,IL,Montgomery County,2021,28128
17135,IL,Montgomery County,2022,27971
17135,IL,Montgomery County,2023,27756
17135,IL,Montgomery County,2024,27615
17137,IL,Morgan County,2020,33494
17137,IL,Morgan County,2021,33289
17137,IL,Morgan County,2022,32931
17137,IL,Morgan County,2023,32773
17137,IL,Morgan County,2024,32618
17139,IL,Moultrie County,2020,14492
17139,IL,Moultrie County,2021,14573
17139,IL,Moultrie County,2022,14361
17139,IL,Moultrie County,2023,14327
17139,IL,Moultrie County,2024,14365
17141,IL,Ogle County,2020,51762
17141,IL,Ogle County,2021,51540
17141,IL,Ogle County,2022,51437
17141,IL,Ogle County,2023,51391
17141,IL,Ogle County,2024,51345
17143,IL,Peoria County,2020,181512
17143,IL,Peoria County,2021,179847
17143,IL,Peoria County,2022,178503
17143,IL,Peoria County,2023,178735
17143,IL,Peoria County,2024,179630
17145,IL,Perry County,2020,20892
17145,IL,Perry County,2021,21027
17145,IL,Perry County,2022,20503
17145,IL,Perry County,2023,20499
17145,IL,Perry County,2024,20272
17147,IL,Piatt County,2020,16683
17147,IL,Piatt County,2021,16764
17147,IL,Piatt County,2022,16678
17147,IL,Piatt County,2023,16720
17147,IL,Piatt County,2024,16628
17149,IL,Pike County,2020,14637
17149,IL,Pike County,2021,14621
17149,IL,Pike County,2022,14492
17149,IL,Pike County,2023,14339
17149,IL,Pike County,2024,14258
17151,IL,Pope County,2020,3758
17151,IL,Pope County,2021,3763
17151,IL,Pope County,2022,3757
17151,IL,Pope County,2023,3715
17151,IL,Pope County,2024,3703
17153,IL,Pulaski County,2020,5179
17153,IL,Pulaski County,2021,5093
17153,IL,Pulaski County,2022,4966
17153,IL,Pulaski County,2023,4957
17153,IL,Pulaski County,2024,4879
17155,IL,Putnam County,2020,5631
17155,IL,Putnam County,2021,5589
17155,IL,Putnam County,2022,5562
17155,IL,Putnam County,2023,5588
17155,IL,Putnam County,2024,5633
17157,IL,Randolph County,2020,30084
17157,IL,Randolph County,2021,30207
17157,IL,Randolph County,2022,30101
17157,IL,Randolph County,2023,29993
17157,IL,Randolph County,2024,29903
17159,IL,Richland County,2020,15805
17159,IL,Richland County,2021,15784
17159,IL,Richland County,2022,15536
17159,IL,Richland County,2023,15502
17159,IL,Richland County,2024,15362
17161,IL,Rock Island County,2020,144360
17161,IL,Rock Island County,2021,142943
17161,IL,Rock Island County,2022,141812
17161,IL,Rock Island County,2023,141939
17161,IL,Rock Island County,2024,142731
17163,IL,St. Clair County,2020,257070
17163,IL,St. Clair County,2021,255210
17163,IL,St. Clair County,2022,252947
17163,IL,St. Clair County,2023,252094
17163,IL,St. Clair County,2024,251149
17165,IL,Saline County,2020,23741
17165,IL,Saline County,2021,23368
17165,IL,Saline County,2022,23141
17165,IL,Saline County,2023,22988
17165,IL,Saline County,2024,22826
17167,IL,Sangamon County,2020,196223
17167,IL,Sangamon County,2021,195468
17167,IL,Sangamon County,2022,194483
17167,IL,Sangamon County,2023,194216
17167,IL,Sangamon County,2024,194345
17169,IL,Schuyler County,2020,6870
17169,IL,Schuyler County,2021,6835
17169,IL,Schuyler County,2022,6755
17169,IL,Schuyler County,2023,6725
17169,IL,Schuyler County,2024,6750
17171,IL,Scott County,2020,5074
17171,IL,Scott County,2021,4984
17171,IL,Scott County,2022,4898
17171,IL,Scott County,2023,4850
17171,IL,Scott County,2024,4880
17173,IL,Shelby County,2020,20907
17173,IL,Shelby County,2021,20853
17173,IL,Shelby County,2022,20706
17173,IL,Shelby County,2023,20593
17173,IL,Shelby County,2024,20542
17175,IL,Stark County,2020,5388
17175,IL,Stark County,2021,5291
17175,IL,Stark County,2022,5324
17175,IL,Stark County,2023,5267
17175,IL,Stark County,2024,5272
17177,IL,Stephenson County,2020,44573
17177,IL,Stephenson County,2021,44130
17177,IL,Stephenson County,2022,43702
17177,IL,Stephenson County,2023,43347
17177,IL,Stephenson County,2024,43088
17179,IL,Tazewell County,2020,131296
17179,IL,Tazewell County,2021,130640
17179,IL,Tazewell County,2022,129859
17179,IL,Tazewell County,2023,129835
17179,IL,Tazewell County,2024,129821
17181,IL,Union County,2020,17298
17181,IL,Union County,2021,17035
17181,IL,Union County,2022,16901
17181,IL,Union County,2023,16866
17181,IL,Union County,2024,16886
17183,IL,Vermilion County,2020,74010
17183,IL,Vermilion County,2021,73175
17183,IL,Vermilion County,2022,72089
17183,IL,Vermilion County,2023,71551
17183,IL,Vermilion County,2024,71106
17185,IL,Wabash County,2020,11315
17185,IL,Wabash County,2021,11209
17185,IL,Wabash County,2022,11061
17185,IL,Wabash County,2023,11032
17185,IL,Wabash County,2024,10979
17187,IL,Warren County,2020,16832
17187,IL,Warren County,2021,16595
17187,IL,Warren County,2022,16368
17187,IL,Warren County,2023,16224
17187,IL,Warren County,2024,16217
17189,IL,Washington County,2020,13731
17189,IL,Washington County,2021,13651
17189,IL,Washington County,2022,13650
17189,IL,Washington County,2023,13570
17189,IL,Washington County,2024,13535
17191,IL,Wayne County,2020,16161
17191,IL,Wayne County,2021,15995
17191,IL,Wayne County,2022,15903
17191,IL,Wayne County,2023,15875
17191,IL,Wayne County,2024,15928
17193,IL,White County,2020,13814
17193,IL,White County,2021,13767
17193,IL,White County,2022,13636
17193,IL,White County,2023,13482
17193,IL,White County,2024,13395
17195,IL,Whiteside County,2020,55574
17195,IL,Whiteside County,2021,55320
17195,IL,Whiteside County,2022,54602
17195,IL,Whiteside County,2023,54582
17195,IL,Whiteside County,2024,54657
17197,IL,Will County,2020,696909
17197,IL,Will County,2021,699327
17197,IL,Will County,2022,699110
17197,IL,Will County,2023,703383
17197,IL,Will County,2024,708583
17199,IL,Williamson County,2020,67121
17199,IL,Williamson County,2021,66895
17199,IL,Williamson County,2022,66565
17199,IL,Williamson County,2023,66737
17199,IL,Williamson County,2024,67064
17201,IL,Winnebago County,2020,284963
17201,IL,Winnebago County,2021,283413
17201,IL,Winnebago County,2022,282081
17201,IL,Winnebago County,2023,282214
17201,IL,Winnebago County,2024,283790
17203,IL,Woodford County,2020,38407
17203,IL,Woodford County,2021,38220
17203,IL,Woodford County,2022,38254
17203,IL,Woodford County,2023,38387
17203,IL,Woodford County,2024,38290
18001,IN,Adams County,2020,35865
18001,IN,Adams County,2021,36012
18001,IN,Adams County,2022,36204
18001,IN,Adams County,2023,36469
18001,IN,Adams County,2024,36584
18003,IN,Allen County,2020,386123
18003,IN,Allen County,2021,389220
18003,IN,Allen County,2022,392119
18003,IN,Allen County,2023,395131
18003,IN,Allen County,2024,399295
18005,IN,Bartholomew County,2020,82215
18005,IN,Bartholomew County,2021,82732
18005,IN,Bartholomew County,2022,83746
18005,IN,Bartholomew County,2023,84248
18005,IN,Bartholomew County,2024,84741
18007,IN,Benton County,2020,8707
18007,IN,Benton County,2021,8678
18007,IN,Benton County,2022,8676
18007,IN,Benton County,2023,8761
18007,IN,Benton County,2024,8853
18009,IN,Blackford County,2020,12109
18009,IN,Blackford County,2021,12047
18009,IN,Blackford County,2022,11905
18009,IN,Blackford County,2023,11875
18009,IN,Blackford County,2024,11816
18011,IN,Boone County,2020,71133
18011,IN,Boone County,2021,73087
18011,IN,Boone County,2022,74403
18011,IN,Boone County,2023,76195
18011,IN,Boone County,2024,78773
18013,IN,Brown County,2020,15480
18013,IN,Brown County,2021,15590
18013,IN,Brown County,2022,15617
18013,IN,Brown County,2023,15691
18013,IN,Brown County,2024,15650
18015,IN,Carroll County,2020,20331
18015,IN,Carroll County,2021,20519
18015,IN,Carroll County,2022,20507
18015,IN,Carroll County,2023,20570
18015,IN,Carroll County,2024,20747
18017,IN,Cass County,2020,37794
18017,IN,Cass County,2021,37573
18017,IN,Cass County,2022,37670
18017,IN,Cass County,2023,37802
18017,IN,Cass County,2024,37559
18019,IN,Clark County,2020,121377
18019,IN,Clark County,2021,122922
18019,IN,Clark County,2022,124306
18019,IN,Clark County,2023,125686
18019,IN,Clark County,2024,127479
18021,IN,Clay County,2020,26427
18021,IN,Clay County,2021,26399
18021,IN,Clay County,2022,26378
18021,IN,Clay County,2023,26419
18021,IN,Clay County,2024,26424
18023,IN,Clinton County,2020,33172
18023,IN,Clinton County,2021,32982
18023,IN,Clinton County,2022,32794
18023,IN,Clinton County,2023,32879
18023,IN,Clinton County,2024,32895
18025,IN,Crawford County,2020,10522
18025,IN,Crawford County,2021,10490
18025,IN,Crawford County,2022,10520
18025,IN,Crawford County,2023,10442
18025,IN,Crawford County,2024,10523
18027,IN,Daviess County,2020,33368
18027,IN,Daviess County,2021,33410
18027,IN,Daviess County,2022,33613
18027,IN,Daviess County,2023,33801
18027,IN,Daviess County,2024,34097
18029,IN,Dearborn County,2020,50756
18029,IN,Dearborn County,2021,50888
18029,IN,Dearborn County,2022,50976
18029,IN,Dearborn County,2023,51414
18029,IN,Dearborn County,2024,51435
18031,IN,Decatur County,2020,26476
18031,IN,Decatur County,2021,26360
18031,IN,Decatur County,2022,26458
18031,IN,Decatur County,2023,26395
18031,IN,Decatur County,2024,26421
18033,IN,DeKalb County,2020,43306
18033,IN,DeKalb County,2021,43417
18033,IN,DeKalb County,2022,43804
18033,IN,DeKalb County,2023,44177
18033,IN,DeKalb County,2024,44330
18035,IN,Delaware County,2020,111757
18035,IN,Delaware County,2021,112059
18035,IN,Delaware County,2022,112183
18035,IN,Delaware County,2023,112448
18035,IN,Delaware County,2024,112951
18037,IN,Dubois County,2020,43644
18037,IN,Dubois County,2021,43569
18037,IN,Dubois County,2022,43550
18037,IN,Dubois County,2023,43678
18037,IN,Dubois County,2024,43629
18039,IN,Elkhart County,2020,207009
18039,IN,Elkhart County,2021,207093
18039,IN,Elkhart County,2022,207161
18039,IN,Elkhart County,2023,206963
18039,IN,Elkhart County,2024,207436
18041,IN,Fayette County,2020,23356
18041,IN,Fayette County,2021,23381
18041,IN,Fayette County,2022,23342
18041,IN,Fayette County,2023,23256
18041,IN,Fayette County,2024,23335
18043,IN,Floyd County,2020,80515
18043,IN,Floyd County,2021,80598
18043,IN,Floyd County,2022,80662
18043,IN,Floyd County,2023,80882
18043,IN,Floyd County,2024,81931
18045,IN,Fountain County,2020,16493
18045,IN,Fountain County,2021,16485
18045,IN,Fountain County,2022,16601
18045,IN,Fountain County,2023,16674
18045,IN,Fountain County,2024,16833
18047,IN,Franklin County,2020,22789
18047,IN,Franklin County,2021,22892
18047,IN,Franklin County,2022,23107
18047,IN,Franklin County,2023,23174
18047,IN,Franklin County,2024,23136
18049,IN,Fulton County,2020,20468
18049,IN,Fulton County,2021,20415
18049,IN,Fulton County,2022,20353
18049,IN,Fulton County,2023,20319
18049,IN,Fulton County,2024,20004
18051,IN,Gibson County,2020,33058
18051,IN,Gibson County,2021,32981
18051,IN,Gibson County,2022,33004
18051,IN,Gibson County,2023,32919
18051,IN,Gibson County,2024,33038
18053,IN,Grant County,2020,66507
18053,IN,Grant County,2021,66189
18053,IN,Grant County,2022,66020
18053,IN,Grant County,2023,66303
18053,IN,Grant County,2024,66458
18055,IN,Greene County,2020,30805
18055,IN,Greene County,2021,30874
18055,IN,Greene County,2022,31076
18055,IN,Greene County,2023,31132
18055,IN,Greene County,2024,31219
18057,IN,Hamilton County,2020,349031
18057,IN,Hamilton County,2021,357691
18057,IN,Hamilton County,2022,366264
18057,IN,Hamilton County,2023,372588
18057,IN,Hamilton County,2024,379704
18059,IN,Hancock County,2020,80180
18059,IN,Hancock County,2021,81899
18059,IN,Hancock County,2022,83119
18059,IN,Hancock County,2023,86176
18059,IN,Hancock County,2024,88810
18061,IN,Harrison County,2020,39673
18061,IN,Harrison County,2021,39808
18061,IN,Harrison County,2022,39823
18061,IN,Harrison County,2023,40011
18061,IN,Harrison County,2024,39978
18063,IN,Hendricks County,2020,175615
18063,IN,Hendricks County,2021,179830
18063,IN,Hendricks County,2022,183507
18063,IN,Hendricks County,2023,187141
18063,IN,Hendricks County,2024,190629
18065,IN,Henry County,2020,48910
18065,IN,Henry County,2021,49038
18065,IN,Henry County,2022,48829
18065,IN,Henry County,2023,48993
18065,IN,Henry County,2024,49081
18067,IN,Howard County,2020,83587
18067,IN,Howard County,2021,83653
18067,IN,Howard County,2022,83574
18067,IN,Howard County,2023,83857
18067,IN,Howard County,2024,84082
18069,IN,Huntington County,2020,36642
18069,IN,Huntington County,2021,36788
18069,IN,Huntington County,2022,36799
18069,IN,Huntington County,2023,36818
18069,IN,Huntington County,2024,36944
18071,IN,Jackson County,2020,46479
18071,IN,Jackson County,2021,46231
18071,IN,Jackson County,2022,46385
18071,IN,Jackson County,2023,46787
18071,IN,Jackson County,2024,47420
18073,IN,Jasper County,2020,32893
18073,IN,Jasper County,2021,33155
18073,IN,Jasper County,2022,33280
18073,IN,Jasper County,2023,33456
18073,IN,Jasper County,2024,33387
18075,IN,Jay County,2020,20481
18075,IN,Jay County,2021,20293
18075,IN,Jay County,2022,20137
18075,IN,Jay County,2023,20069
18075,IN,Jay County,2024,20164
18077,IN,Jefferson County,2020,33103
18077,IN,Jefferson County,2021,33124
18077,IN,Jefferson County,2022,32902
18077,IN,Jefferson County,2023,32938
18077,IN,Jefferson County,2024,32921
18079,IN,Jennings County,2020,27579
18079,IN,Jennings County,2021,27513
18079,IN,Jennings County,2022,27468
18079,IN,Jennings County,2023,27614
18079,IN,Jennings County,2024,27634
18081,IN,Johnson County,2020,162263
18081,IN,Johnson County,2021,164440
18081,IN,Johnson County,2022,165951
18081,IN,Johnson County,2023,168305
18081,IN,Johnson County,2024,170614
18083,IN,Knox County,2020,36257
18083,IN,Knox County,2021,35982
18083,IN,Knox County,2022,35895
18083,IN,Knox County,2023,36027
18083,IN,Knox County,2024,35872
18085,IN,Kosciusko County,2020,80161
18085,IN,Kosciusko County,2021,80265
18085,IN,Kosciusko County,2022,80676
18085,IN,Kosciusko County,2023,80441
18085,IN,Kosciusko County,2024,80669
18087,IN,LaGrange County,2020,40533
18087,IN,LaGrange County,2021,40527
18087,IN,LaGrange County,2022,40865
18087,IN,LaGrange County,2023,40979
18087,IN,LaGrange County,2024,41122
18089,IN,Lake County,2020,498963
18089,IN,Lake County,2021,499319
18089,IN,Lake County,2022,500065
18089,IN,Lake County,2023,500591
18089,IN,Lake County,2024,502955
18091,IN,LaPorte County,2020,112287
18091,IN,LaPorte County,2021,112552
18091,IN,LaPorte County,2022,111810
18091,IN,LaPorte County,2023,111586
18091,IN,LaPorte County,2024,111348
18093,IN,Lawrence County,2020,45009
18093,IN,Lawrence County,2021,45063
18093,IN,Lawrence County,2022,45213
18093,IN,Lawrence County,2023,45034
18093,IN,Lawrence County,2024,45192
18095,IN,Madison County,2020,130160
18095,IN,Madison County,2021,130846
18095,IN,Madison County,2022,131524
18095,IN,Madison County,2023,132746
18095,IN,Madison County,2024,134222
18097,IN,Marion County,2020,976706
18097,IN,Marion County,2021,971682
18097,IN,Marion County,2022,973375
18097,IN,Marion County,2023,975654
18097,IN,Marion County,2024,981628
18099,IN,Marshall County,2020,46073
18099,IN,Marshall County,2021,46168
18099,IN,Marshall County,2022,46394
18099,IN,Marshall County,2023,46323
18099,IN,Marshall County,2024,46464
18101,IN,Martin County,2020,9810
18101,IN,Martin County,2021,9807
18101,IN,Martin County,2022,9808
18101,IN,Martin County,2023,9862
18101,IN,Martin County,2024,9864
18103,IN,Miami County,2020,35906
18103,IN,Miami County,2021,36003
18103,IN,Miami County,2022,35562
18103,IN,Miami County,2023,35477
18103,IN,Miami County,2024,35613
18105,IN,Monroe County,2020,140645
18105,IN,Monroe County,2021,141243
18105,IN,Monroe County,2022,141181
18105,IN,Monroe County,2023,141052
18105,IN,Monroe County,2024,140702
18107,IN,Montgomery County,2020,37943
18107,IN,Montgomery County,2021,38069
18107,IN,Montgomery County,2022,38345
18107,IN,Montgomery County,2023,38571
18107,IN,Montgomery County,2024,38633
18109,IN,Morgan County,2020,71842
18109,IN,Morgan County,2021,72289
18109,IN,Morgan County,2022,72239
18109,IN,Morgan County,2023,73100
18109,IN,Morgan County,2024,73825
18111,IN,Newton County,2020,13792
18111,IN,Newton County,2021,13815
18111,IN,Newton County,2022,13841
18111,IN,Newton County,2023,14033
18111,IN,Newton County,2024,14131
18113,IN,Noble County,2020,47468
18113,IN,Noble County,2021,47408
18113,IN,Noble County,2022,47281
18113,IN,Noble County,2023,47508
18113,IN,Noble County,2024,47811
18115,IN,Ohio County,2020,5925
18115,IN,Ohio County,2021,5992
18115,IN,Ohio County,2022,6089
18115,IN,Ohio County,2023,5993
18115,IN,Ohio County,2024,5996
18117,IN,Orange County,2020,19853
18117,IN,Orange County,2021,19816
18117,IN,Orange County,2022,19633
18117,IN,Orange County,2023,19711
18117,IN,Orange County,2024,19824
18119,IN,Owen County,2020,21324
18119,IN,Owen County,2021,21519
18119,IN,Owen County,2022,21552
18119,IN,Owen County,2023,21775
18119,IN,Owen County,2024,21851
18121,IN,Parke County,2020,16167
18121,IN,Parke County,2021,16506
18121,IN,Parke County,2022,16365
18121,IN,Parke County,2023,16483
18121,IN,Parke County,2024,16508
18123,IN,Perry County,2020,19157
18123,IN,Perry County,2021,19341
18123,IN,Perry County,2022,19241
18123,IN,Perry County,2023,19291
18123,IN,Perry County,2024,19320
18125,IN,Pike County,2020,12252
18125,IN,Pike County,2021,12176
18125,IN,Pike County,2022,12139
18125,IN,Pike County,2023,12089
18125,IN,Pike County,2024,12116
18127,IN,Porter County,2020,173338
18127,IN,Porter County,2021,174591
18127,IN,Porter County,2022,175014
18127,IN,Porter County,2023,175289
18127,IN,Porter County,2024,175860
18129,IN,Posey County,2020,25185
18129,IN,Posey County,2021,25170
18129,IN,Posey County,2022,25111
18129,IN,Posey County,2023,25047
18129,IN,Posey County,2024,25067
18131,IN,Pulaski County,2020,12520
18131,IN,Pulaski County,2021,12368
18131,IN,Pulaski County,2022,12461
18131,IN,Pulaski County,2023,12434
18131,IN,Pulaski County,2024,12421
18133,IN,Putnam County,2020,36682
18133,IN,Putnam County,2021,37036
18133,IN,Putnam County,2022,37300
18133,IN,Putnam County,2023,37578
18133,IN,Putnam County,2024,37804
18135,IN,Randolph County,2020,24415
18135,IN,Randolph County,2021,24415
18135,IN,Randolph County,2022,24407
18135,IN,Randolph County,2023,24360
18135,IN,Randolph County,2024,24337
18137,IN,Ripley County,2020,28985
18137,IN,Ripley County,2021,29025
18137,IN,Ripley County,2022,29042
18137,IN,Ripley County,2023,29208
18137,IN,Ripley County,2024,29214
18139,IN,Rush County,2020,16769
18139,IN,Rush County,2021,16689
18139,IN,Rush County,2022,16661
18139,IN,Rush County,2023,16815
18139,IN,Rush County,2024,16759
18141,IN,St. Joseph County,2020,272688
18141,IN,St. Joseph County,2021,272315
18141,IN,St. Joseph County,2022,272796
18141,IN,St. Joseph County,2023,273658
18141,IN,St. Joseph County,2024,273744
18143,IN,Scott County,2020,24376
18143,IN,Scott County,2021,24423
18143,IN,Scott County,2022,24455
18143,IN,Scott County,2023,24625
18143,IN,Scott County,2024,24751
18145,IN,Shelby County,2020,45066
18145,IN,Shelby County,2021,45113
18145,IN,Shelby County,2022,45213
18145,IN,Shelby County,2023,45281
18145,IN,Shelby County,2024,45654
18147,IN,Spencer County,2020,19833
18147,IN,Spencer County,2021,19841
18147,IN,Spencer County,2022,19890
18147,IN,Spencer County,2023,20018
18147,IN,Spencer County,2024,20192
18149,IN,Starke County,2020,23399
18149,IN,Starke County,2021,23380
18149,IN,Starke County,2022,23251
18149,IN,Starke County,2023,23334
18149,IN,Starke County,2024,23463
18151,IN,Steuben County,2020,34447
18151,IN,Steuben County,2021,34712
18151,IN,Steuben County,2022,34731
18151,IN,Steuben County,2023,34876
18151,IN,Steuben County,2024,34862
18153,IN,Sullivan County,2020,20819
18153,IN,Sullivan County,2021,20787
18153,IN,Sullivan County,2022,20702
18153,IN,Sullivan County,2023,20822
18153,IN,Sullivan County,2024,20768
18155,IN,Switzerland County,2020,9742
18155,IN,Switzerland County,2021,9863
18155,IN,Switzerland County,2022,9985
18155,IN,Switzerland County,2023,9965
18155,IN,Switzerland County,2024,9988
18157,IN,Tippecanoe County,2020,186391
18157,IN,Tippecanoe County,2021,187428
18157,IN,Tippecanoe County,2022,189402
18157,IN,Tippecanoe County,2023,190482
18157,IN,Tippecanoe County,2024,191650
18159,IN,Tipton County,2020,15388
18159,IN,Tipton County,2021,15393
18159,IN,Tipton County,2022,15329
18159,IN,Tipton County,2023,15295
18159,IN,Tipton County,2024,15324
18161,IN,Union County,2020,7079
18161,IN,Union County,2021,7016
18161,IN,Union County,2022,6975
18161,IN,Union County,2023,6972
18161,IN,Union County,2024,6884
18163,IN,Vanderburgh County,2020,180345
18163,IN,Vanderburgh County,2021,180188
18163,IN,Vanderburgh County,2022,179725
18163,IN,Vanderburgh County,2023,179942
18163,IN,Vanderburgh County,2024,180387
18165,IN,Vermillion County,2020,15400
18165,IN,Vermillion County,2021,15429
18165,IN,Vermillion County,2022,15397
18165,IN,Vermillion County,2023,15363
18165,IN,Vermillion County,2024,15516
18167,IN,Vigo County,2020,106133
18167,IN,Vigo County,2021,106127
18167,IN,Vigo County,2022,106066
18167,IN,Vigo County,2023,106053
18167,IN,Vigo County,2024,106166
18169,IN,Wabash County,2020,30926
18169,IN,Wabash County,2021,30888
18169,IN,Wabash County,2022,30869
18169,IN,Wabash County,2023,30762
18169,IN,Wabash County,2024,30777
18171,IN,Warren County,2020,8425
18171,IN,Warren County,2021,8453
18171,IN,Warren County,2022,8492
18171,IN,Warren County,2023,8498
18171,IN,Warren County,2024,8451
18173,IN,Warrick County,2020,63994
18173,IN,Warrick County,2021,64660
18173,IN,Warrick County,2022,65297
18173,IN,Warrick County,2023,66013
18173,IN,Warrick County,2024,66339
18175,IN,Washington County,2020,28233
18175,IN,Washington County,2021,28137
18175,IN,Washington County,2022,28158
18175,IN,Washington County,2023,28189
18175,IN,Washington County,2024,28345
18177,IN,Wayne County,2020,66514
18177,IN,Wayne County,2021,66453
18177,IN,Wayne County,2022,66337
18177,IN,Wayne County,2023,66273
18177,IN,Wayne County,2024,66410
18179,IN,Wells County,2020,28160
18179,IN,Wells County,2021,28165
18179,IN,Wells County,2022,28339
18179,IN,Wells County,2023,28636
18179,IN,Wells County,2024,28798
18181,IN,White County,2020,24674
18181,IN,White County,2021,24648
18181,IN,White County,2022,24654
18181,IN,White County,2023,24775
18181,IN,White County,2024,24833
18183,IN,Whitley County,2020,34340
18183,IN,Whitley County,2021,34481
18183,IN,Whitley County,2022,34600
18183,IN,Whitley County,2023,34786
18183,IN,Whitley County,2024,34885
19001,IA,Adair County,2020,7489
19001,IA,Adair County,2021,7522
19001,IA,Adair County,2022,7457
19001,IA,Adair County,2023,7399
19001,IA,Adair County,2024,7431
19003,IA,Adams County,2020,3710
19003,IA,Adams County,2021,3641
19003,IA,Adams County,2022,3602
19003,IA,Adams County,2023,3553
19003,IA,Adams County,2024,3606
19005,IA,Allamakee County,2020,14069
19005,IA,Allamakee County,2021,13965
19005,IA,Allamakee County,2022,14072
19005,IA,Allamakee County,2023,14168
19005,IA,Allamakee County,2024,14184
19007,IA,Appanoose County,2020,12283
19007,IA,Appanoose County,2021,12269
19007,IA,Appanoose County,2022,12135
19007,IA,Appanoose County,2023,12129
19007,IA,Appanoose County,2024,12106
19009,IA,Audubon County,2020,5680
19009,IA,Audubon County,2021,5645
19009,IA,Audubon County,2022,5573
19009,IA,Audubon County,2023,5533
19009,IA,Audubon County,2024,5562
19011,IA,Benton County,2020,25550
19011,IA,Benton County,2021,25745
19011,IA,Benton County,2022,25756
19011,IA,Benton County,2023,25769
19011,IA,Benton County,2024,25799
19013,IA,Black Hawk County,2020,131049
19013,IA,Black Hawk County,2021,130587
19013,IA,Black Hawk County,2022,130081
19013,IA,Black Hawk County,2023,131179
19013,IA,Black Hawk County,2024,132348
19015,IA,Boone County,2020,26702
19015,IA,Boone County,2021,26770
19015,IA,Boone County,2022,26570
19015,IA,Boone County,2023,26567
19015,IA,Boone County,2024,26729
19017,IA,Bremer County,2020,25007
19017,IA,Bremer County,2021,25119
19017,IA,Bremer County,2022,25260
19017,IA,Bremer County,2023,25304
19017,IA,Bremer County,2024,25328
19019,IA,Buchanan County,2020,20606
19019,IA,Buchanan County,2021,20707
19019,IA,Buchanan County,2022,20700
19019,IA,Buchanan County,2023,20725
19019,IA,Buchanan County,2024,20733
19021,IA,Buena Vista County,2020,20808
19021,IA,Buena Vista County,2021,20794
19021,IA,Buena Vista County,2022,20651
19021,IA,Buena Vista County,2023,20698
19021,IA,Buena Vista County,2024,20816
19023,IA,Butler County,2020,14334
19023,IA,Butler County,2021,14351
19023,IA,Butler County,2022,14275
19023,IA,Butler County,2023,14225
19023,IA,Butler County,2024,14156
19025,IA,Calhoun County,2020,9895
19025,IA,Calhoun County,2021,9894
19025,IA,Calhoun County,2022,9725
19025,IA,Calhoun County,2023,9790
19025,IA,Calhoun County,2024,9711
19027,IA,Carroll County,2020,20734
19027,IA,Carroll County,2021,20754
19027,IA,Carroll County,2022,20565
19027,IA,Carroll County,2023,20512
19027,IA,Carroll County,2024,20407
19029,IA,Cass County,2020,13115
19029,IA,Cass County,2021,13085
19029,IA,Cass County,2022,13125
19029,IA,Cass County,2023,13131
19029,IA,Cass County,2024,13024
19031,IA,Cedar County,2020,18483
19031,IA,Cedar County,2021,18429
19031,IA,Cedar County,2022,18331
19031,IA,Cedar County,2023,18269
19031,IA,Cedar County,2024,18231
19033,IA,Cerro Gordo County,2020,43021
19033,IA,Cerro Gordo County,2021,42767
19033,IA,Cerro Gordo County,2022,42408
19033,IA,Cerro Gordo County,2023,42470
19033,IA,Cerro Gordo County,2024,42493
19035,IA,Cherokee County,2020,11658
19035,IA,Cherokee County,2021,11539
19035,IA,Cherokee County,2022,11492
19035,IA,Cherokee County,2023,11652
19035,IA,Cherokee County,2024,11658
19037,IA,Chickasaw County,2020,11985
19037,IA,Chickasaw County,2021,11882
19037,IA,Chickasaw County,2022,11755
19037,IA,Chickasaw County,2023,11694
19037,IA,Chickasaw County,2024,11719
19039,IA,Clarke County,2020,9730
19039,IA,Clarke County,2021,9751
19039,IA,Clarke County,2022,9676
19039,IA,Clarke County,2023,9631
19039,IA,Clarke County,2024,9524
19041,IA,Clay County,2020,16337
19041,IA,Clay County,2021,16459
19041,IA,Clay County,2022,16506
19041,IA,Clay County,2023,16530
19041,IA,Clay County,2024,16474
19043,IA,Clayton County,2020,17034
19043,IA,Clayton County,2021,17058
19043,IA,Clayton County,2022,17058
19043,IA,Clayton County,2023,16985
19043,IA,Clayton County,2024,16931
19045,IA,Clinton County,2020,46432
19045,IA,Clinton County,2021,46491
19045,IA,Clinton County,2022,46268
19045,IA,Clinton County,2023,46134
19045,IA,Clinton County,2024,46015
19047,IA,Crawford County,2020,16492
19047,IA,Crawford County,2021,16242
19047,IA,Crawford County,2022,16135
19047,IA,Crawford County,2023,16138
19047,IA,Crawford County,2024,16378
19049,IA,Dallas County,2020,100544
19049,IA,Dallas County,2021,104194
19049,IA,Dallas County,2022,108164
19049,IA,Dallas County,2023,111593
19049,IA,Dallas County,2024,115343
19051,IA,Davis County,2020,9115
19051,IA,Davis County,2021,9155
19051,IA,Davis County,2022,9158
19051,IA,Davis County,2023,9165
19051,IA,Davis County,2024,9193
19053,IA,Decatur County,2020,7733
19053,IA,Decatur County,2021,7797
19053,IA,Decatur County,2022,7822
19053,IA,Decatur County,2023,7781
19053,IA,Decatur County,2024,7656
19055,IA,Delaware County,2020,17454
19055,IA,Delaware County,2021,17552
19055,IA,Delaware County,2022,17590
19055,IA,Delaware County,2023,17583
19055,IA,Delaware County,2024,17609
19057,IA,Des Moines County,2020,38856
19057,IA,Des Moines County,2021,38545
19057,IA,Des Moines County,2022,38258
19057,IA,Des Moines County,2023,38360
19057,IA,Des Moines County,2024,38411
19059,IA,Dickinson County,2020,17773
19059,IA,Dickinson County,2021,17876
19059,IA,Dickinson County,2022,18052
19059,IA,Dickinson County,2023,18087
19059,IA,Dickinson County,2024,18158
19061,IA,Dubuque County,2020,99310
19061,IA,Dubuque County,2021,98863
19061,IA,Dubuque County,2022,98748
19061,IA,Dubuque County,2023,98988
19061,IA,Dubuque County,2024,99242
19063,IA,Emmet County,2020,9342
19063,IA,Emmet County,2021,9333
19063,IA,Emmet County,2022,9197
19063,IA,Emmet County,2023,9277
19063,IA,Emmet County,2024,9162
19065,IA,Fayette County,2020,19448
19065,IA,Fayette County,2021,19303
19065,IA,Fayette County,2022,19292
19065,IA,Fayette County,2023,19239
19065,IA,Fayette County,2024,19152
19067,IA,Floyd County,2020,15593
19067,IA,Floyd County,2021,15458
19067,IA,Floyd County,2022,15316
19067,IA,Floyd County,2023,15266
19067,IA,Floyd County,2024,15008
19069,IA,Franklin County,2020,9995
19069,IA,Franklin County,2021,9949
19069,IA,Franklin County,2022,9918
19069,IA,Franklin County,2023,9895
19069,IA,Franklin County,2024,10024
19071,IA,Fremont County,2020,6567
19071,IA,Fremont County,2021,6584
19071,IA,Fremont County,2022,6465
19071,IA,Fremont County,2023,6458
19071,IA,Fremont County,2024,6494
19073,IA,Greene County,2020,8750
19073,IA,Greene County,2021,8726
19073,IA,Greene County,2022,8707
19073,IA,Greene County,2023,8597
19073,IA,Greene County,2024,8662
19075,IA,Grundy County,2020,12347
19075,IA,Grundy County,2021,12376
19075,IA,Grundy County,2022,12379
19075,IA,Grundy County,2023,12412
19075,IA,Grundy County,2024,12405
19077,IA,Guthrie County,2020,10619
19077,IA,Guthrie County,2021,10598
19077,IA,Guthrie County,2022,10687
19077,IA,Guthrie County,2023,10763
19077,IA,Guthrie County,2024,10774
19079,IA,Hamilton County,2020,15011
19079,IA,Hamilton County,2021,14866
19079,IA,Hamilton County,2022,14848
19079,IA,Hamilton County,2023,14848
19079,IA,Hamilton County,2024,14856
19081,IA,Hancock County,2020,10758
19081,IA,Hancock County,2021,10687
19081,IA,Hancock County,2022,10664
19081,IA,Hancock County,2023,10631
19081,IA,Hancock County,2024,10616
19083,IA,Hardin County,2020,16826
19083,IA,Hardin County,2021,16705
19083,IA,Hardin County,2022,16677
19083,IA,Hardin County,2023,16523
19083,IA,Hardin County,2024,16464
19085,IA,Harrison County,2020,14567
19085,IA,Harrison County,2021,14692
19085,IA,Harrison County,2022,14635
19085,IA,Harrison County,2023,14638
19085,IA,Harrison County,2024,14626
19087,IA,Henry County,2020,20447
19087,IA,Henry County,2021,20387
19087,IA,Henry County,2022,20253
19087,IA,Henry County,2023,19573
19087,IA,Henry County,2024,19361
19089,IA,Howard County,2020,9497
19089,IA,Howard County,2021,9509
19089,IA,Howard County,2022,9502
19089,IA,Howard County,2023,9357
19089,IA,Howard County,2024,9360
19091,IA,Humboldt County,2020,9597
19091,IA,Humboldt County,2021,9630
19091,IA,Humboldt County,2022,9545
19091,IA,Humboldt County,2023,9564
19091,IA,Humboldt County,2024,9617
19093,IA,Ida County,2020,7029
19093,IA,Ida County,2021,6980
19093,IA,Ida County,2022,6900
19093,IA,Ida County,2023,6835
19093,IA,Ida County,2024,6810
19095,IA,Iowa County,2020,16653
19095,IA,Iowa County,2021,16583
19095,IA,Iowa County,2022,16491
19095,IA,Iowa County,2023,16386
19095,IA,Iowa County,2024,16423
19097,IA,Jackson County,2020,19453
19097,IA,Jackson County,2021,19402
19097,IA,Jackson County,2022,19350
19097,IA,Jackson County,2023,19353
19097,IA,Jackson County,2024,19390
19099,IA,Jasper County,2020,37818
19099,IA,Jasper County,2021,37887
19099,IA,Jasper County,2022,37966
19099,IA,Jasper County,2023,37991
19099,IA,Jasper County,2024,38107
19101,IA,Jefferson County,2020,15699
19101,IA,Jefferson County,2021,15786
19101,IA,Jefferson County,2022,15632
19101,IA,Jefferson County,2023,15626
19101,IA,Jefferson County,2024,15781
19103,IA,Johnson County,2020,153052
19103,IA,Johnson County,2021,155047
19103,IA,Johnson County,2022,156815
19103,IA,Johnson County,2023,158202
19103,IA,Johnson County,2024,160080
19105,IA,Jones County,2020,20654
19105,IA,Jones County,2021,20832
19105,IA,Jones County,2022,20960
19105,IA,Jones County,2023,20917
19105,IA,Jones County,2024,21116
19107,IA,Keokuk County,2020,10012
19107,IA,Keokuk County,2021,9912
19107,IA,Keokuk County,2022,9895
19107,IA,Keokuk County,2023,9947
19107,IA,Keokuk County,2024,9855
19109,IA,Kossuth County,2020,14791
19109,IA,Kossuth County,2021,14511
19109,IA,Kossuth County,2022,14462
19109,IA,Kossuth County,2023,14410
19109,IA,Kossuth County,2024,14408
19111,IA,Lee County,2020,33529
19111,IA,Lee County,2021,33260
19111,IA,Lee County,2022,32793
19111,IA,Lee County,2023,32509
19111,IA,Lee County,2024,32376
19113,IA,Linn County,2020,230433
19113,IA,Linn County,2021,229474
19113,IA,Linn County,2022,228947
19113,IA,Linn County,2023,229402
19113,IA,Linn County,2024,231762
19115,IA,Louisa County,2020,10825
19115,IA,Louisa County,2021,10736
19115,IA,Louisa County,2022,10657
19115,IA,Louisa County,2023,10540
19115,IA,Louisa County,2024,10630
19117,IA,Lucas County,2020,8620
19117,IA,Lucas County,2021,8708
19117,IA,Lucas County,2022,8720
19117,IA,Lucas County,2023,8775
19117,IA,Lucas County,2024,8758
19119,IA,Lyon County,2020,11923
19119,IA,Lyon County,2021,12035
19119,IA,Lyon County,2022,12185
19119,IA,Lyon County,2023,12288
19119,IA,Lyon County,2024,12378
19121,IA,Madison County,2020,16628
19121,IA,Madison County,2021,16792
19121,IA,Madison County,2022,17050
19121,IA,Madison County,2023,16999
19121,IA,Madison County,2024,17161
19123,IA,Mahaska County,2020,22162
19123,IA,Mahaska County,2021,21982
19123,IA,Mahaska County,2022,21959
19123,IA,Mahaska County,2023,21967
19123,IA,Mahaska County,2024,22034
19125,IA,Marion County,2020,33414
19125,IA,Marion County,2021,33450
19125,IA,Marion County,2022,33582
19125,IA,Marion County,2023,33718
19125,IA,Marion County,2024,34048
19127,IA,Marshall County,2020,40091
19127,IA,Marshall County,2021,39915
19127,IA,Marshall County,2022,39940
19127,IA,Marshall County,2023,40230
19127,IA,Marshall County,2024,40392
19129,IA,Mills County,2020,14418
19129,IA,Mills County,2021,14491
19129,IA,Mills County,2022,14572
19129,IA,Mills County,2023,14642
19129,IA,Mills County,2024,14717
19131,IA,Mitchell County,2020,10586
19131,IA,Mitchell County,2021,10555
19131,IA,Mitchell County,2022,10557
19131,IA,Mitchell County,2023,10544
19131,IA,Mitchell County,2024,10632
19133,IA,Monona County,2020,8742
19133,IA,Monona County,2021,8595
19133,IA,Monona County,2022,8515
19133,IA,Monona County,2023,8503
19133,IA,Monona County,2024,8429
19135,IA,Monroe County,2020,7596
19135,IA,Monroe County,2021,7586
19135,IA,Monroe County,2022,7524
19135,IA,Monroe County,2023,7486
19135,IA,Monroe County,2024,7373
19137,IA,Montgomery County,2020,10330
19137,IA,Montgomery County,2021,10317
19137,IA,Montgomery County,2022,10210
19137,IA,Montgomery County,2023,10148
19137,IA,Montgomery County,2024,10063
19139,IA,Muscatine County,2020,43155
19139,IA,Muscatine County,2021,42693
19139,IA,Muscatine County,2022,42501
19139,IA,Muscatine County,2023,42316
19139,IA,Muscatine County,2024,42132
19141,IA,O'Brien County,2020,14149
19141,IA,O'Brien County,2021,14048
19141,IA,O'Brien County,2022,14107
19141,IA,O'Brien County,2023,14067
19141,IA,O'Brien County,2024,14260
19143,IA,Osceola County,2020,6200
19143,IA,Osceola County,2021,6174
19143,IA,Osceola County,2022,6073
19143,IA,Osceola County,2023,6016
19143,IA,Osceola County,2024,6036
19145,IA,Page County,2020,15200
19145,IA,Page County,2021,15232
19145,IA,Page County,2022,15169
19145,IA,Page County,2023,15012
19145,IA,Page County,2024,15038
19147,IA,Palo Alto County,2020,8993
19147,IA,Palo Alto County,2021,8932
19147,IA,Palo Alto County,2022,8772
19147,IA,Palo Alto County,2023,8807
19147,IA,Palo Alto County,2024,8809
19149,IA,Plymouth County,2020,25694
19149,IA,Plymouth County,2021,25738
19149,IA,Plymouth County,2022,25714
19149,IA,Plymouth County,2023,25765
19149,IA,Plymouth County,2024,25825
19151,IA,Pocahontas County,2020,7068
19151,IA,Pocahontas County,2021,7043
19151,IA,Pocahontas County,2022,7090
19151,IA,Pocahontas County,2023,7024
19151,IA,Pocahontas County,2024,7006
19153,IA,Polk County,2020,493039
19153,IA,Polk County,2021,497903
19153,IA,Polk County,2022,501261
19153,IA,Polk County,2023,507487
19153,IA,Polk County,2024,516185
19155,IA,Pottawattamie County,2020,93655
19155,IA,Pottawattamie County,2021,93403
19155,IA,Pottawattamie County,2022,93180
19155,IA,Pottawattamie County,2023,93353
19155,IA,Pottawattamie County,2024,93529
19157,IA,Poweshiek County,2020,18628
19157,IA,Poweshiek County,2021,18623
19157,IA,Poweshiek County,2022,18521
19157,IA,Poweshiek County,2023,18497
19157,IA,Poweshiek County,2024,18454
19159,IA,Ringgold County,2020,4643
19159,IA,Ringgold County,2021,4636
19159,IA,Ringgold County,2022,4692
19159,IA,Ringgold County,2023,4646
19159,IA,Ringgold County,2024,4608
19161,IA,Sac County,2020,9800
19161,IA,Sac County,2021,9771
19161,IA,Sac County,2022,9680
19161,IA,Sac County,2023,9663
19161,IA,Sac County,2024,9533
19163,IA,Scott County,2020,174617
19163,IA,Scott County,2021,174250
19163,IA,Scott County,2022,173985
19163,IA,Scott County,2023,174589
19163,IA,Scott County,2024,175601
19165,IA,Shelby County,2020,11727
19165,IA,Shelby County,2021,11776
19165,IA,Shelby County,2022,11745
19165,IA,Shelby County,2023,11823
19165,IA,Shelby County,2024,11821
19167,IA,Sioux County,2020,35897
19167,IA,Sioux County,2021,35979
19167,IA,Sioux County,2022,36231
19167,IA,Sioux County,2023,36399
19167,IA,Sioux County,2024,36554
19169,IA,Story County,2020,98651
19169,IA,Story County,2021,99683
19169,IA,Story County,2022,99995
19169,IA,Story County,2023,101501
19169,IA,Story County,2024,102498
19171,IA,Tama County,2020,17044
19171,IA,Tama County,2021,16862
19171,IA,Tama County,2022,16910
19171,IA,Tama County,2023,16787
19171,IA,Tama County,2024,16738
19173,IA,Taylor County,2020,5861
19173,IA,Taylor County,2021,5868
19173,IA,Taylor County,2022,5870
19173,IA,Taylor County,2023,5917
19173,IA,Taylor County,2024,5825
19175,IA,Union County,2020,12128
19175,IA,Union County,2021,12048
19175,IA,Union County,2022,11922
19175,IA,Union County,2023,11913
19175,IA,Union County,2024,11955
19177,IA,Van Buren County,2020,7218
19177,IA,Van Buren County,2021,7256
19177,IA,Van Buren County,2022,7250
19177,IA,Van Buren County,2023,7266
19177,IA,Van Buren County,2024,7217
19179,IA,Wapello County,2020,35327
19179,IA,Wapello County,2021,35304
19179,IA,Wapello County,2022,35080
19179,IA,Wapello County,2023,35417
19179,IA,Wapello County,2024,35681
19181,IA,Warren County,2020,52591
19181,IA,Warren County,2021,53487
19181,IA,Warren County,2022,54325
19181,IA,Warren County,2023,55298
19181,IA,Warren County,2024,56343
19183,IA,Washington County,2020,22541
19183,IA,Washington County,2021,22526
19183,IA,Washington County,2022,22541
19183,IA,Washington County,2023,22554
19183,IA,Washington County,2024,22631
19185,IA,Wayne County,2020,6502
19185,IA,Wayne County,2021,6522
19185,IA,Wayne County,2022,6472
19185,IA,Wayne County,2023,6542
19185,IA,Wayne County,2024,6622
19187,IA,Webster County,2020,36991
19187,IA,Webster County,2021,37172
19187,IA,Webster County,2022,36703
19187,IA,Webster County,2023,36653
19187,IA,Webster County,2024,36909
19189,IA,Winnebago County,2020,10656
19189,IA,Winnebago County,2021,10657
19189,IA,Winnebago County,2022,10651
19189,IA,Winnebago County,2023,10563
19189,IA,Winnebago County,2024,10383
19191,IA,Winneshiek County,2020,20051
19191,IA,Winneshiek County,2021,19944
19191,IA,Winneshiek County,2022,19915
19191,IA,Winneshiek County,2023,19728
19191,IA,Winneshiek County,2024,19723
19193,IA,Woodbury County,2020,105952
19193,IA,Woodbury County,2021,105801
19193,IA,Woodbury County,2022,105674
19193,IA,Woodbury County,2023,106544
19193,IA,Woodbury County,2024,107257
19195,IA,Worth County,2020,7430
19195,IA,Worth County,2021,7374
19195,IA,Worth County,2022,7316
19195,IA,Worth County,2023,7322
19195,IA,Worth County,2024,7307
19197,IA,Wright County,2020,12923
19197,IA,Wright County,2021,12821
19197,IA,Wright County,2022,12740
19197,IA,Wright County,2023,12744
19197,IA,Wright County,2024,12729
20001,KS,Allen County,2020,12537
20001,KS,Allen County,2021,12506
20001,KS,Allen County,2022,12479
20001,KS,Allen County,2023,12466
20001,KS,Allen County,2024,12425
20003,KS,Anderson County,2020,7841
20003,KS,Anderson County,2021,7811
20003,KS,Anderson County,2022,7787
20003,KS,Anderson County,2023,7813
20003,KS,Anderson County,2024,7908
20005,KS,Atchison County,2020,16325
20005,KS,Atchison County,2021,16235
20005,KS,Atchison County,2022,16091
20005,KS,Atchison County,2023,16142
20005,KS,Atchison County,2024,16249
20007,KS,Barber County,2020,4203
20007,KS,Barber County,2021,4105
20007,KS,Barber County,2022,4125
20007,KS,Barber County,2023,4078
20007,KS,Barber County,2024,4070
20009,KS,Barton County,2020,25426
20009,KS,Barton County,2021,25267
20009,KS,Barton County,2022,25055
20009,KS,Barton County,2023,24901
20009,KS,Barton County,2024,24835
20011,KS,Bourbon County,2020,14333
20011,KS,Bourbon County,2021,14327
20011,KS,Bourbon County,2022,14454
20011,KS,Bourbon County,2023,14432
20011,KS,Bourbon County,2024,14424
20013,KS,Brown County,2020,9479
20013,KS,Brown County,2021,9456
20013,KS,Brown County,2022,9371
20013,KS,Brown County,2023,9267
20013,KS,Brown County,2024,9142
20015,KS,Butler County,2020,67389
20015,KS,Butler County,2021,67984
20015,KS,Butler County,2022,68264
20015,KS,Butler County,2023,68638
20015,KS,Butler County,2024,69158
20017,KS,Chase County,2020,2575
20017,KS,Chase County,2021,2608
20017,KS,Chase County,2022,2559
20017,KS,Chase County,2023,2555
20017,KS,Chase County,2024,2507
20019,KS,Chautauqua County,2020,3380
20019,KS,Chautauqua County,2021,3384
20019,KS,Chautauqua County,2022,3387
20019,KS,Chautauqua County,2023,3360
20019,KS,Chautauqua County,2024,3339
20021,KS,Cherokee County,2020,19301
20021,KS,Cherokee County,2021,19182
20021,KS,Cherokee County,2022,19043
20021,KS,Cherokee County,2023,19095
20021,KS,Cherokee County,2024,19133
20023,KS,Cheyenne County,2020,2612
20023,KS,Cheyenne County,2021,2635
20023,KS,Cheyenne County,2022,2613
20023,KS,Cheyenne County,2023,2634
20023,KS,Cheyenne County,2024,2646
20025,KS,Clark County,2020,1977
20025,KS,Clark County,2021,1957
20025,KS,Clark County,2022,1947
20025,KS,Clark County,2023,1861
20025,KS,Clark County,2024,1873
20027,KS,Clay County,2020,8127
20027,KS,Clay County,2021,8099
20027,KS,Clay County,2022,8048
20027,KS,Clay County,2023,7996
20027,KS,Clay County,2024,7969
20029,KS,Cloud County,2020,9018
20029,KS,Cloud County,2021,8965
20029,KS,Cloud County,2022,8937
20029,KS,Cloud County,2023,8849
20029,KS,Cloud County,2024,8723
20031,KS,Coffey County,2020,8362
20031,KS,Coffey County,2021,8343
20031,KS,Coffey County,2022,8261
20031,KS,Coffey County,2023,8272
20031,KS,Coffey County,2024,8301
20033,KS,Comanche County,2020,1682
20033,KS,Comanche County,2021,1667
20033,KS,Comanche County,2022,1695
20033,KS,Comanche County,2023,1674
20033,KS,Comanche County,2024,1694
20035,KS,Cowley County,2020,34535
20035,KS,Cowley County,2021,34631
20035,KS,Cowley County,2022,34457
20035,KS,Cowley County,2023,34245
20035,KS,Cowley County,2024,34186
20037,KS,Crawford County,2020,38951
20037,KS,Crawford County,2021,39034
20037,KS,Crawford County,2022,39180
20037,KS,Crawford County,2023,38969
20037,KS,Crawford County,2024,38904
20039,KS,Decatur County,2020,2747
20039,KS,Decatur County,2021,2756
20039,KS,Decatur County,2022,2681
20039,KS,Decatur County,2023,2732
20039,KS,Decatur County,2024,2716
20041,KS,Dickinson County,2020,18367
20041,KS,Dickinson County,2021,18463
20041,KS,Dickinson County,2022,18344
20041,KS,Dickinson County,2023,18432
20041,KS,Dickinson County,2024,18621
20043,KS,Doniphan County,2020,7468
20043,KS,Doniphan County,2021,7455
20043,KS,Doniphan County,2022,7488
20043,KS,Doniphan County,2023,7530
20043,KS,Doniphan County,2024,7575
20045,KS,Douglas County,2020,118787
20045,KS,Douglas County,2021,119503
20045,KS,Douglas County,2022,120053
20045,KS,Douglas County,2023,121179
20045,KS,Douglas County,2024,121989
20047,KS,Edwards County,2020,2884
20047,KS,Edwards County,2021,2802
20047,KS,Edwards County,2022,2747
20047,KS,Edwards County,2023,2731
20047,KS,Edwards County,2024,2731
20049,KS,Elk County,2020,2472
20049,KS,Elk County,2021,2431
20049,KS,Elk County,2022,2448
20049,KS,Elk County,2023,2478
20049,KS,Elk County,2024,2436
20051,KS,Ellis County,2020,28951
20051,KS,Ellis County,2021,28856
20051,KS,Ellis County,2022,28868
20051,KS,Ellis County,2023,28920
20051,KS,Ellis County,2024,29007
20053,KS,Ellsworth County,2020,6371
20053,KS,Ellsworth County,2021,6328
20053,KS,Ellsworth County,2022,6398
20053,KS,Ellsworth County,2023,6387
20053,KS,Ellsworth County,2024,6316
20055,KS,Finney County,2020,38310
20055,KS,Finney County,2021,38091
20055,KS,Finney County,2022,37665
20055,KS,Finney County,2023,37999
20055,KS,Finney County,2024,38354
20057,KS,Ford County,2020,34218
20057,KS,Ford County,2021,34190
20057,KS,Ford County,2022,33842
20057,KS,Ford County,2023,34047
20057,KS,Ford County,2024,34072
20059,KS,Franklin County,2020,26015
20059,KS,Franklin County,2021,26024
20059,KS,Franklin County,2022,25994
20059,KS,Franklin County,2023,26223
20059,KS,Franklin County,2024,26273
20061,KS,Geary County,2020,36766
20061,KS,Geary County,2021,36131
20061,KS,Geary County,2022,35525
20061,KS,Geary County,2023,35192
20061,KS,Geary County,2024,35459
20063,KS,Gove County,2020,2716
20063,KS,Gove County,2021,2750
20063,KS,Gove County,2022,2741
20063,KS,Gove County,2023,2733
20063,KS,Gove County,2024,2658
20065,KS,Graham County,2020,2406
20065,KS,Graham County,2021,2403
20065,KS,Graham County,2022,2395
20065,KS,Graham County,2023,2371
20065,KS,Graham County,2024,2370
20067,KS,Grant County,2020,7326
20067,KS,Grant County,2021,7335
20067,KS,Grant County,2022,7230
20067,KS,Grant County,2023,7158
20067,KS,Grant County,2024,7097
20069,KS,Gray County,2020,5640
20069,KS,Gray County,2021,5661
20069,KS,Gray County,2022,5707
20069,KS,Gray County,2023,5765
20069,KS,Gray County,2024,5730
20071,KS,Greeley County,2020,1275
20071,KS,Greeley County,2021,1283
20071,KS,Greeley County,2022,1230
20071,KS,Greeley County,2023,1174
20071,KS,Greeley County,2024,1152
20073,KS,Greenwood County,2020,5975
20073,KS,Greenwood County,2021,5921
20073,KS,Greenwood County,2022,5917
20073,KS,Greenwood County,2023,5909
20073,KS,Greenwood County,2024,5871
20075,KS,Hamilton County,2020,2487
20075,KS,Hamilton County,2021,2478
20075,KS,Hamilton County,2022,2445
20075,KS,Hamilton County,2023,2459
20075,KS,Hamilton County,2024,2488
20077,KS,Harper County,2020,5467
20077,KS,Harper County,2021,5352
20077,KS,Harper County,2022,5374
20077,KS,Harper County,2023,5392
20077,KS,Harper County,2024,5413
20079,KS,Harvey County,2020,33996
20079,KS,Harvey County,2021,33799
20079,KS,Harvey County,2022,33710
20079,KS,Harvey County,2023,33635
20079,KS,Harvey County,2024,33642
20081,KS,Haskell County,2020,3760
20081,KS,Haskell County,2021,3653
20081,KS,Haskell County,2022,3573
20081,KS,Haskell County,2023,3630
20081,KS,Haskell County,2024,3591
20083,KS,Hodgeman County,2020,1738
20083,KS,Hodgeman County,2021,1724
20083,KS,Hodgeman County,2022,1707
20083,KS,Hodgeman County,2023,1681
20083,KS,Hodgeman County,2024,1673
20085,KS,Jackson County,2020,13238
20085,KS,Jackson County,2021,13264
20085,KS,Jackson County,2022,13285
20085,KS,Jackson County,2023,13392
20085,KS,Jackson County,2024,13525
20087,KS,Jefferson County,2020,18325
20087,KS,Jefferson County,2021,18435
20087,KS,Jefferson County,2022,18344
20087,KS,Jefferson County,2023,18307
20087,KS,Jefferson County,2024,18332
20089,KS,Jewell County,2020,2929
20089,KS,Jewell County,2021,2947
20089,KS,Jewell County,2022,2906
20089,KS,Jewell County,2023,2901
20089,KS,Jewell County,2024,2899
20091,KS,Johnson County,2020,611161
20091,KS,Johnson County,2021,614962
20091,KS,Johnson County,2022,619311
20091,KS,Johnson County,2023,625444
20091,KS,Johnson County,2024,632276
20093,KS,Kearny County,2020,3960
20093,KS,Kearny County,2021,3895
20093,KS,Kearny County,2022,3854
20093,KS,Kearny County,2023,3803
20093,KS,Kearny County,2024,3808
20095,KS,Kingman County,2020,7420
20095,KS,Kingman County,2021,7288
20095,KS,Kingman County,2022,7184
20095,KS,Kingman County,2023,7091
20095,KS,Kingman County,2024,6946
20097,KS,Kiowa County,2020,2453
20097,KS,Kiowa County,2021,2407
20097,KS,Kiowa County,2022,2410
20097,KS,Kiowa County,2023,2404
20097,KS,Kiowa County,2024,2436
20099,KS,Labette County,2020,20160
20099,KS,Labette County,2021,19908
20099,KS,Labette County,2022,19750
20099,KS,Labette County,2023,19833
20099,KS,Labette County,2024,19692
20101,KS,Lane County,2020,1570
20101,KS,Lane County,2021,1564
20101,KS,Lane County,2022,1552
20101,KS,Lane County,2023,1533
20101,KS,Lane County,2024,1482
20103,KS,Leavenworth County,2020,81961
20103,KS,Leavenworth County,2021,82395
20103,KS,Leavenworth County,2022,82852
20103,KS,Leavenworth County,2023,83735
20103,KS,Leavenworth County,2024,84670
20105,KS,Lincoln County,2020,2946
20105,KS,Lincoln County,2021,2907
20105,KS,Lincoln County,2022,2909
20105,KS,Lincoln County,2023,2924
20105,KS,Lincoln County,2024,2928
20107,KS,Linn County,2020,9591
20107,KS,Linn County,2021,9745
20107,KS,Linn County,2022,9771
20107,KS,Linn County,2023,9885
20107,KS,Linn County,2024,9841
20109,KS,Logan County,2020,2743
20109,KS,Logan County,2021,2713
20109,KS,Logan County,2022,2706
20109,KS,Logan County,2023,2678
20109,KS,Logan County,2024,2694
20111,KS,Lyon County,2020,32113
20111,KS,Lyon County,2021,32034
20111,KS,Lyon County,2022,31994
20111,KS,Lyon County,2023,32267
20111,KS,Lyon County,2024,32520
20113,KS,McPherson County,2020,30184
20113,KS,McPherson County,2021,30167
20113,KS,McPherson County,2022,30106
20113,KS,McPherson County,2023,30236
20113,KS,McPherson County,2024,30334
20115,KS,Marion County,2020,11787
20115,KS,Marion County,2021,11744
20115,KS,Marion County,2022,11800
20115,KS,Marion County,2023,11768
20115,KS,Marion County,2024,11670
20117,KS,Marshall County,2020,10022
20117,KS,Marshall County,2021,10023
20117,KS,Marshall County,2022,10007
20117,KS,Marshall County,2023,9963
20117,KS,Marshall County,2024,9950
20119,KS,Meade County,2020,4062
20119,KS,Meade County,2021,3998
20119,KS,Meade County,2022,3905
20119,KS,Meade County,2023,3911
20119,KS,Meade County,2024,3892
20121,KS,Miami County,2020,34219
20121,KS,Miami County,2021,34641
20121,KS,Miami County,2022,34759
20121,KS,Miami County,2023,35333
20121,KS,Miami County,2024,35737
20123,KS,Mitchell County,2020,5778
20123,KS,Mitchell County,2021,5750
20123,KS,Mitchell County,2022,5774
20123,KS,Mitchell County,2023,5789
20123,KS,Mitchell County,2024,5803
20125,KS,Montgomery County,2020,31400
20125,KS,Montgomery County,2021,31180
20125,KS,Montgomery County,2022,30905
20125,KS,Montgomery County,2023,30756
20125,KS,Montgomery County,2024,30459
20127,KS,Morris County,2020,5370
20127,KS,Morris County,2021,5388
20127,KS,Morris County,2022,5376
20127,KS,Morris County,2023,5289
20127,KS,Morris County,2024,5279
20129,KS,Morton County,2020,2703
20129,KS,Morton County,2021,2674
20129,KS,Morton County,2022,2600
20129,KS,Morton County,2023,2592
20129,KS,Morton County,2024,2485
20131,KS,Nemaha County,2020,10263
20131,KS,Nemaha County,2021,10228
20131,KS,Nemaha County,2022,10151
20131,KS,Nemaha County,2023,10094
20131,KS,Nemaha County,2024,10062
20133,KS,Neosho County,2020,15905
20133,KS,Neosho County,2021,15791
20133,KS,Neosho County,2022,15583
20133,KS,Neosho County,2023,15451
20133,KS,Neosho County,2024,15552
20135,KS,Ness County,2020,2679
20135,KS,Ness County,2021,2658
20135,KS,Ness County,2022,2671
20135,KS,Ness County,2023,2639
20135,KS,Ness County,2024,2617
20137,KS,Norton County,2020,5452
20137,KS,Norton County,2021,5370
20137,KS,Norton County,2022,5322
20137,KS,Norton County,2023,5314
20137,KS,Norton County,2024,5335
20139,KS,Osage County,2020,15740
20139,KS,Osage County,2021,15754
20139,KS,Osage County,2022,15690
20139,KS,Osage County,2023,15798
20139,KS,Osage County,2024,15737
20141,KS,Osborne County,2020,3491
20141,KS,Osborne County,2021,3487
20141,KS,Osborne County,2022,3488
20141,KS,Osborne County,2023,3440
20141,KS,Osborne County,2024,3353
20143,KS,Ottawa County,2020,5731
20143,KS,Ottawa County,2021,5835
20143,KS,Ottawa County,2022,5833
20143,KS,Ottawa County,2023,5842
20143,KS,Ottawa County,2024,5853
20145,KS,Pawnee County,2020,6248
20145,KS,Pawnee County,2021,6240
20145,KS,Pawnee County,2022,6153
20145,KS,Pawnee County,2023,6068
20145,KS,Pawnee County,2024,6012
20147,KS,Phillips County,2020,4959
20147,KS,Phillips County,2021,4818
20147,KS,Phillips County,2022,4792
20147,KS,Phillips County,2023,4762
20147,KS,Phillips County,2024,4733
20149,KS,Pottawatomie County,2020,25421
20149,KS,Pottawatomie County,2021,25884
20149,KS,Pottawatomie County,2022,26331
20149,KS,Pottawatomie County,2023,26506
20149,KS,Pottawatomie County,2024,26876
20151,KS,Pratt County,2020,9139
20151,KS,Pratt County,2021,9168
20151,KS,Pratt County,2022,9080
20151,KS,Pratt County,2023,9107
20151,KS,Pratt County,2024,9137
20153,KS,Rawlins County,2020,2574
20153,KS,Rawlins County,2021,2561
20153,KS,Rawlins County,2022,2531
20153,KS,Rawlins County,2023,2480
20153,KS,Rawlins County,2024,2432
20155,KS,Reno County,2020,61894
20155,KS,Reno County,2021,61523
20155,KS,Reno County,2022,61514
20155,KS,Reno County,2023,61419
20155,KS,Reno County,2024,61417
20157,KS,Republic County,2020,4672
20157,KS,Republic County,2021,4699
20157,KS,Republic County,2022,4638
20157,KS,Republic County,2023,4608
20157,KS,Republic County,2024,4613
20159,KS,Rice County,2020,9385
20159,KS,Rice County,2021,9388
20159,KS,Rice County,2022,9387
20159,KS,Rice County,2023,9305
20159,KS,Rice County,2024,9284
20161,KS,Riley County,2020,72011
20161,KS,Riley County,2021,71870
20161,KS,Riley County,2022,71618
20161,KS,Riley County,2023,71673
20161,KS,Riley County,2024,72557
20163,KS,Rooks County,2020,4886
20163,KS,Rooks County,2021,4859
20163,KS,Rooks County,2022,4798
20163,KS,Rooks County,2023,4776
20163,KS,Rooks County,2024,4748
20165,KS,Rush County,2020,2944
20165,KS,Rush County,2021,2935
20165,KS,Rush County,2022,2949
20165,KS,Rush County,2023,2833
20165,KS,Rush County,2024,2810
20167,KS,Russell County,2020,6673
20167,KS,Russell County,2021,6694
20167,KS,Russell County,2022,6726
20167,KS,Russell County,2023,6683
20167,KS,Russell County,2024,6620
20169,KS,Saline County,2020,54248
20169,KS,Saline County,2021,53829
20169,KS,Saline County,2022,53461
20169,KS,Saline County,2023,53342
20169,KS,Saline County,2024,53459
20171,KS,Scott County,2020,5133
20171,KS,Scott County,2021,5115
20171,KS,Scott County,2022,5010
20171,KS,Scott County,2023,4962
20171,KS,Scott County,2024,4914
20173,KS,Sedgwick County,2020,524837
20173,KS,Sedgwick County,2021,524470
20173,KS,Sedgwick County,2022,525488
20173,KS,Sedgwick County,2023,530254
20173,KS,Sedgwick County,2024,536081
20175,KS,Seward County,2020,21857
20175,KS,Seward County,2021,21764
20175,KS,Seward County,2022,21326
20175,KS,Seward County,2023,21209
20175,KS,Seward County,2024,21276
20177,KS,Shawnee County,2020,178711
20177,KS,Shawnee County,2021,178424
20177,KS,Shawnee County,2022,177454
20177,KS,Shawnee County,2023,177596
20177,KS,Shawnee County,2024,177942
20179,KS,Sheridan County,2020,2443
20179,KS,Sheridan County,2021,2451
20179,KS,Sheridan County,2022,2428
20179,KS,Sheridan County,2023,2409
20179,KS,Sheridan County,2024,2397
20181,KS,Sherman County,2020,5902
20181,KS,Sherman County,2021,5939
20181,KS,Sherman County,2022,5857
20181,KS,Sherman County,2023,5791
20181,KS,Sherman County,2024,5796
20183,KS,Smith County,2020,3559
20183,KS,Smith County,2021,3566
20183,KS,Smith County,2022,3553
20183,KS,Smith County,2023,3541
20183,KS,Smith County,2024,3541
20185,KS,Stafford County,2020,4052
20185,KS,Stafford County,2021,4012
20185,KS,Stafford County,2022,3979
20185,KS,Stafford County,2023,3948
20185,KS,Stafford County,2024,3901
20187,KS,Stanton County,2020,2085
20187,KS,Stanton County,2021,2046
20187,KS,Stanton County,2022,1977
20187,KS,Stanton County,2023,2012
20187,KS,Stanton County,2024,2071
20189,KS,Stevens County,2020,5246
20189,KS,Stevens County,2021,5305
20189,KS,Stevens County,2022,5151
20189,KS,Stevens County,2023,5074
20189,KS,Stevens County,2024,5035
20191,KS,Sumner County,2020,22323
20191,KS,Sumner County,2021,22327
20191,KS,Sumner County,2022,22384
20191,KS,Sumner County,2023,22393
20191,KS,Sumner County,2024,22336
20193,KS,Thomas County,2020,7933
20193,KS,Thomas County,2021,7950
20193,KS,Thomas County,2022,7882
20193,KS,Thomas County,2023,7858
20193,KS,Thomas County,2024,7802
20195,KS,Trego County,2020,2804
20195,KS,Trego County,2021,2791
20195,KS,Trego County,2022,2757
20195,KS,Trego County,2023,2758
20195,KS,Trego County,2024,2774
20197,KS,Wabaunsee County,2020,6890
20197,KS,Wabaunsee County,2021,6970
20197,KS,Wabaunsee County,2022,7002
20197,KS,Wabaunsee County,2023,7073
20197,KS,Wabaunsee County,2024,7112
20199,KS,Wallace County,2020,1512
20199,KS,Wallace County,2021,1513
20199,KS,Wallace County,2022,1491
20199,KS,Wallace County,2023,1501
20199,KS,Wallace County,2024,1472
20201,KS,Washington County,2020,5526
20201,KS,Washington County,2021,5521
20201,KS,Washington County,2022,5495
20201,KS,Washington County,2023,5553
20201,KS,Washington County,2024,5572
20203,KS,Wichita County,2020,2149
20203,KS,Wichita County,2021,2079
20203,KS,Wichita County,2022,2061
20203,KS,Wichita County,2023,2093
20203,KS,Wichita County,2024,2072
20205,KS,Wilson County,2020,8586
20205,KS,Wilson County,2021,8525
20205,KS,Wilson County,2022,8577
20205,KS,Wilson County,2023,8438
20205,KS,Wilson County,2024,8398
20207,KS,Woodson County,2020,3099
20207,KS,Woodson County,2021,3086
20207,KS,Woodson County,2022,3122
20207,KS,Woodson County,2023,3127
20207,KS,Woodson County,2024,3111
20209,KS,Wyandotte County,2020,168920
20209,KS,Wyandotte County,2021,167279
20209,KS,Wyandotte County,2022,165719
20209,KS,Wyandotte County,2023,166932
20209,KS,Wyandotte County,2024,169418
21001,KY,Adair County,2020,18881
21001,KY,Adair County,2021,18928
21001,KY,Adair County,2022,19089
21001,KY,Adair County,2023,19306
21001,KY,Adair County,2024,19239
21003,KY,Allen County,2020,20572
21003,KY,Allen County,2021,20833
21003,KY,Allen County,2022,21246
21003,KY,Allen County,2023,21779
21003,KY,Allen County,2024,22037
21005,KY,Anderson County,2020,23892
21005,KY,Anderson County,2021,24093
21005,KY,Anderson County,2022,24279
21005,KY,Anderson County,2023,24618
21005,KY,Anderson County,2024,24883
21007,KY,Ballard County,2020,7714
21007,KY,Ballard County,2021,7689
21007,KY,Ballard County,2022,7633
21007,KY,Ballard County,2023,7608
21007,KY,Ballard County,2024,7626
21009,KY,Barren County,2020,44511
21009,KY,Barren County,2021,44588
21009,KY,Barren County,2022,44851
21009,KY,Barren County,2023,45132
21009,KY,Barren County,2024,45609
21011,KY,Bath County,2020,12717
21011,KY,Bath County,2021,12797
21011,KY,Bath County,2022,12818
21011,KY,Bath County,2023,12972
21011,KY,Bath County,2024,12951
21013,KY,Bell County,2020,23982
21013,KY,Bell County,2021,23788
21013,KY,Bell County,2022,23514
21013,KY,Bell County,2023,23208
21013,KY,Bell County,2024,23051
21015,KY,Boone County,2020,136476
21015,KY,Boone County,2021,137707
21015,KY,Boone County,2022,139377
21015,KY,Boone County,2023,141511
21015,KY,Boone County,2024,144135
21017,KY,Bourbon County,2020,20284
21017,KY,Bourbon County,2021,20220
21017,KY,Bourbon County,2022,20144
21017,KY,Bourbon County,2023,20220
21017,KY,Bourbon County,2024,20333
21019,KY,Boyd County,2020,48206
21019,KY,Boyd County,2021,47754
21019,KY,Boyd County,2022,48048
21019,KY,Boyd County,2023,47771
21019,KY,Boyd County,2024,47777
21021,KY,Boyle County,2020,30761
21021,KY,Boyle County,2021,30600
21021,KY,Boyle County,2022,30854
21021,KY,Boyle County,2023,31096
21021,KY,Boyle County,2024,31394
21023,KY,Bracken County,2020,8405
21023,KY,Bracken County,2021,8445
21023,KY,Bracken County,2022,8436
21023,KY,Bracken County,2023,8435
21023,KY,Bracken County,2024,8497
21025,KY,Breathitt County,2020,13701
21025,KY,Breathitt County,2021,13558
21025,KY,Breathitt County,2022,13353
21025,KY,Breathitt County,2023,12962
21025,KY,Breathitt County,2024,12804
21027,KY,Breckinridge County,2020,20445
21027,KY,Breckinridge County,2021,20679
21027,KY,Breckinridge County,2022,20942
21027,KY,Breckinridge County,2023,21117
21027,KY,Breckinridge County,2024,21221
21029,KY,Bullitt County,2020,82364
21029,KY,Bullitt County,2021,83068
21029,KY,Bullitt County,2022,83901
21029,KY,Bullitt County,2023,85000
21029,KY,Bullitt County,2024,85802
21031,KY,Butler County,2020,12317
21031,KY,Butler County,2021,12297
21031,KY,Butler County,2022,12371
21031,KY,Butler County,2023,12430
21031,KY,Butler County,2024,12551
21033,KY,Caldwell County,2020,12636
21033,KY,Caldwell County,2021,12682
21033,KY,Caldwell County,2022,12601
21033,KY,Caldwell County,2023,12561
21033,KY,Caldwell County,2024,12611
21035,KY,Calloway County,2020,37601
21035,KY,Calloway County,2021,37904
21035,KY,Calloway County,2022,38119
21035,KY,Calloway County,2023,38520
21035,KY,Calloway County,2024,38975
21037,KY,Campbell County,2020,93134
21037,KY,Campbell County,2021,92824
21037,KY,Campbell County,2022,93305
21037,KY,Campbell County,2023,93859
21037,KY,Campbell County,2024,94008
21039,KY,Carlisle County,2020,4805
21039,KY,Carlisle County,2021,4761
21039,KY,Carlisle County,2022,4723
21039,KY,Carlisle County,2023,4742
21039,KY,Carlisle County,2024,4777
21041,KY,Carroll County,2020,10835
21041,KY,Carroll County,2021,10899
21041,KY,Carroll County,2022,10935
21041,KY,Carroll County,2023,10986
21041,KY,Carroll County,2024,11111
21043,KY,Carter County,2020,26614
21043,KY,Carter County,2021,26438
21043,KY,Carter County,2022,26300
21043,KY,Carter County,2023,26255
21043,KY,Carter County,2024,26098
21045,KY,Casey County,2020,15921
21045,KY,Casey County,2021,15922
21045,KY,Casey County,2022,15893
21045,KY,Casey County,2023,15887
21045,KY,Casey County,2024,15948
21047,KY,Christian County,2020,72748
21047,KY,Christian County,2021,73144
21047,KY,Christian County,2022,72213
21047,KY,Christian County,2023,71235
21047,KY,Christian County,2024,71006
21049,KY,Clark County,2020,37047
21049,KY,Clark County,2021,36892
21049,KY,Clark County,2022,37012
21049,KY,Clark County,2023,37337
21049,KY,Clark County,2024,37673
21051,KY,Clay County,2020,20309
21051,KY,Clay County,2021,20162
21051,KY,Clay County,2022,19884
21051,KY,Clay County,2023,19658
21051,KY,Clay County,2024,19592
21053,KY,Clinton County,2020,9228
21053,KY,Clinton County,2021,9281
21053,KY,Clinton County,2022,9140
21053,KY,Clinton County,2023,9178
21053,KY,Clinton County,2024,9183
21055,KY,Crittenden County,2020,9003
21055,KY,Crittenden County,2021,8944
21055,KY,Crittenden County,2022,8971
21055,KY,Crittenden County,2023,8996
21055,KY,Crittenden County,2024,8982
21057,KY,Cumberland County,2020,5859
21057,KY,Cumberland County,2021,5902
21057,KY,Cumberland County,2022,5950
21057,KY,Cumberland County,2023,5980
21057,KY,Cumberland County,2024,6047
21059,KY,Daviess County,2020,103398
21059,KY,Daviess County,2021,103087
21059,KY,Daviess County,2022,103373
21059,KY,Daviess County,2023,103927
21059,KY,Daviess County,2024,104457
21061,KY,Edmonson County,2020,12147
21061,KY,Edmonson County,2021,12228
21061,KY,Edmonson County,2022,12300
21061,KY,Edmonson County,2023,12466
21061,KY,Edmonson County,2024,12635
21063,KY,Elliott County,2020,7335
21063,KY,Elliott County,2021,7364
21063,KY,Elliott County,2022,7301
21063,KY,Elliott County,2023,7271
21063,KY,Elliott County,2024,7263
21065,KY,Estill County,2020,14160
21065,KY,Estill County,2021,14083
21065,KY,Estill County,2022,13994
21065,KY,Estill County,2023,13937
21065,KY,Estill County,2024,14002
21067,KY,Fayette County,2020,322628
21067,KY,Fayette County,2021,320431
21067,KY,Fayette County,2022,321505
21067,KY,Fayette County,2023,324624
21067,KY,Fayette County,2024,329437
21069,KY,Fleming County,2020,15098
21069,KY,Fleming County,2021,15262
21069,KY,Fleming County,2022,15257
21069,KY,Fleming County,2023,15405
21069,KY,Fleming County,2024,15591
21071,KY,Floyd County,2020,35802
21071,KY,Floyd County,2021,35298
21071,KY,Floyd County,2022,35519
21071,KY,Floyd County,2023,34971
21071,KY,Floyd County,2024,34532
21073,KY,Franklin County,2020,51603
21073,KY,Franklin County,2021,51721
21073,KY,Franklin County,2022,51617
21073,KY,Franklin County,2023,51826
21073,KY,Franklin County,2024,52442
21075,KY,Fulton County,2020,6511
21075,KY,Fulton County,2021,6486
21075,KY,Fulton County,2022,6389
21075,KY,Fulton County,2023,6378
21075,KY,Fulton County,2024,6282
21077,KY,Gallatin County,2020,8675
21077,KY,Gallatin County,2021,8756
21077,KY,Gallatin County,2022,8786
21077,KY,Gallatin County,2023,8823
21077,KY,Gallatin County,2024,8805
21079,KY,Garrard County,2020,16964
21079,KY,Garrard County,2021,17368
21079,KY,Garrard County,2022,17580
21079,KY,Garrard County,2023,17888
21079,KY,Garrard County,2024,18040
21081,KY,Grant County,2020,25014
21081,KY,Grant County,2021,25293
21081,KY,Grant County,2022,25466
21081,KY,Grant County,2023,25596
21081,KY,Grant County,2024,25722
21083,KY,Graves County,2020,36530
21083,KY,Graves County,2021,36665
21083,KY,Graves County,2022,36532
21083,KY,Graves County,2023,36600
21083,KY,Graves County,2024,36821
21085,KY,Grayson County,2020,26456
21085,KY,Grayson County,2021,26582
21085,KY,Grayson County,2022,26623
21085,KY,Grayson County,2023,26806
21085,KY,Grayson County,2024,27070
21087,KY,Green County,2020,11131
21087,KY,Green County,2021,11328
21087,KY,Green County,2022,11379
21087,KY,Green County,2023,11454
21087,KY,Green County,2024,11552
21089,KY,Greenup County,2020,35890
21089,KY,Greenup County,2021,35660
21089,KY,Greenup County,2022,35384
21089,KY,Greenup County,2023,35299
21089,KY,Greenup County,2024,35273
21091,KY,Hancock County,2020,9104
21091,KY,Hancock County,2021,9076
21091,KY,Hancock County,2022,9043
21091,KY,Hancock County,2023,8936
21091,KY,Hancock County,2024,9013
21093,KY,Hardin County,2020,110840
21093,KY,Hardin County,2021,111870
21093,KY,Hardin County,2022,111776
21093,KY,Hardin County,2023,112396
21093,KY,Hardin County,2024,112826
21095,KY,Harlan County,2020,26758
21095,KY,Harlan County,2021,26139
21095,KY,Harlan County,2022,25610
21095,KY,Harlan County,2023,25302
21095,KY,Harlan County,2024,25052
21097,KY,Harrison County,2020,18721
21097,KY,Harrison County,2021,18961
21097,KY,Harrison County,2022,19085
21097,KY,Harrison County,2023,19409
21097,KY,Harrison County,2024,19525
21099,KY,Hart County,2020,19296
21099,KY,Hart County,2021,19476
21099,KY,Hart County,2022,19592
21099,KY,Hart County,2023,19726
21099,KY,Hart County,2024,19923
21101,KY,Henderson County,2020,44673
21101,KY,Henderson County,2021,44409
21101,KY,Henderson County,2022,44017
21101,KY,Henderson County,2023,44127
21101,KY,Henderson County,2024,44175
21103,KY,Henry County,2020,15693
21103,KY,Henry County,2021,15707
21103,KY,Henry County,2022,15730
21103,KY,Henry County,2023,15951
21103,KY,Henry County,2024,16198
21105,KY,Hickman County,2020,4530
21105,KY,Hickman County,2021,4427
21105,KY,Hickman County,2022,4422
21105,KY,Hickman County,2023,4423
21105,KY,Hickman County,2024,4393
21107,KY,Hopkins County,2020,45365
21107,KY,Hopkins County,2021,45149
21107,KY,Hopkins County,2022,44879
21107,KY,Hopkins County,2023,44985
21107,KY,Hopkins County,2024,45218
21109,KY,Jackson County,2020,12968
21109,KY,Jackson County,2021,12975
21109,KY,Jackson County,2022,12989
21109,KY,Jackson County,2023,13138
21109,KY,Jackson County,2024,13358
21111,KY,Jefferson County,2020,782896
21111,KY,Jefferson County,2021,777624
21111,KY,Jefferson County,2022,777329
21111,KY,Jefferson County,2023,783381
21111,KY,Jefferson County,2024,793881
21113,KY,Jessamine County,2020,53019
21113,KY,Jessamine County,2021,53583
21113,KY,Jessamine County,2022,54333
21113,KY,Jessamine County,2023,55511
21113,KY,Jessamine County,2024,56495
21115,KY,Johnson County,2020,22648
21115,KY,Johnson County,2021,22550
21115,KY,Johnson County,2022,22234
21115,KY,Johnson County,2023,22139
21115,KY,Johnson County,2024,22098
21117,KY,Kenton County,2020,169276
21117,KY,Kenton County,2021,169641
21117,KY,Kenton County,2022,170413
21117,KY,Kenton County,2023,172248
21117,KY,Kenton County,2024,174862
21119,KY,Knott County,2020,14163
21119,KY,Knott County,2021,14040
21119,KY,Knott County,2022,13848
21119,KY,Knott County,2023,13660
21119,KY,Knott County,2024,13438
21121,KY,Knox County,2020,30185
21121,KY,Knox County,2021,30028
21121,KY,Knox County,2022,29734
21121,KY,Knox County,2023,29723
21121,KY,Knox County,2024,29657
21123,KY,Larue County,2020,14877
21123,KY,Larue County,2021,15035
21123,KY,Larue County,2022,15165
21123,KY,Larue County,2023,15328
21123,KY,Larue County,2024,15128
21125,KY,Laurel County,2020,62735
21125,KY,Laurel County,2021,62582
21125,KY,Laurel County,2022,62891
21125,KY,Laurel County,2023,63352
21125,KY,Laurel County,2024,63353
21127,KY,Lawrence County,2020,16302
21127,KY,Lawrence County,2021,16273
21127,KY,Lawrence County,2022,16037
21127,KY,Lawrence County,2023,15974
21127,KY,Lawrence County,2024,15798
21129,KY,Lee County,2020,7364
21129,KY,Lee County,2021,7457
21129,KY,Lee County,2022,7259
21129,KY,Lee County,2023,7301
21129,KY,Lee County,2024,7313
21131,KY,Leslie County,2020,10471
21131,KY,Leslie County,2021,10284
21131,KY,Leslie County,2022,10044
21131,KY,Leslie County,2023,9865
21131,KY,Leslie County,2024,9729
21133,KY,Letcher County,2020,21468
21133,KY,Letcher County,2021,21229
21133,KY,Letcher County,2022,20792
21133,KY,Letcher County,2023,20414
21133,KY,Letcher County,2024,20139
21135,KY,Lewis County,2020,13088
21135,KY,Lewis County,2021,12982
21135,KY,Lewis County,2022,12924
21135,KY,Lewis County,2023,12956
21135,KY,Lewis County,2024,12875
21137,KY,Lincoln County,2020,24248
21137,KY,Lincoln County,2021,24232
21137,KY,Lincoln County,2022,24392
21137,KY,Lincoln County,2023,24738
21137,KY,Lincoln County,2024,24910
21139,KY,Livingston County,2020,8872
21139,KY,Livingston County,2021,8981
21139,KY,Livingston County,2022,8960
21139,KY,Livingston County,2023,8889
21139,KY,Livingston County,2024,8815
21141,KY,Logan County,2020,27515
21141,KY,Logan County,2021,27807
21141,KY,Logan County,2022,27855
21141,KY,Logan County,2023,28285
21141,KY,Logan County,2024,28467
21143,KY,Lyon County,2020,8678
21143,KY,Lyon County,2021,8434
21143,KY,Lyon County,2022,9119
21143,KY,Lyon County,2023,9190
21143,KY,Lyon County,2024,9078
21145,KY,McCracken County,2020,67926
21145,KY,McCracken County,2021,67554
21145,KY,McCracken County,2022,67333
21145,KY,McCracken County,2023,67456
21145,KY,McCracken County,2024,67550
21147,KY,McCreary County,2020,16852
21147,KY,McCreary County,2021,16800
21147,KY,McCreary County,2022,16788
21147,KY,McCreary County,2023,17069
21147,KY,McCreary County,2024,16824
21149,KY,McLean County,2020,9133
21149,KY,McLean County,2021,9121
21149,KY,McLean County,2022,9112
21149,KY,McLean County,2023,9076
21149,KY,McLean County,2024,9126
21151,KY,Madison County,2020,92990
21151,KY,Madison County,2021,93453
21151,KY,Madison County,2022,95219
21151,KY,Madison County,2023,97599
21151,KY,Madison County,2024,99582
21153,KY,Magoffin County,2020,11605
21153,KY,Magoffin County,2021,11490
21153,KY,Magoffin County,2022,11325
21153,KY,Magoffin County,2023,11202
21153,KY,Magoffin County,2024,11118
21155,KY,Marion County,2020,19594
21155,KY,Marion County,2021,19728
21155,KY,Marion County,2022,19731
21155,KY,Marion County,2023,19840
21155,KY,Marion County,2024,19851
21157,KY,Marshall County,2020,31688
21157,KY,Marshall County,2021,31810
21157,KY,Marshall County,2022,31766
21157,KY,Marshall County,2023,31717
21157,KY,Marshall County,2024,31734
21159,KY,Martin County,2020,11250
21159,KY,Martin County,2021,11165
21159,KY,Martin County,2022,11095
21159,KY,Martin County,2023,10927
21159,KY,Martin County,2024,10696
21161,KY,Mason County,2020,17137
21161,KY,Mason County,2021,16952
21161,KY,Mason County,2022,16880
21161,KY,Mason County,2023,16857
21161,KY,Mason County,2024,16956
21163,KY,Meade County,2020,30028
21163,KY,Meade County,2021,30125
21163,KY,Meade County,2022,30028
21163,KY,Meade County,2023,30166
21163,KY,Meade County,2024,30442
21165,KY,Menifee County,2020,6142
21165,KY,Menifee County,2021,6175
21165,KY,Menifee County,2022,6215
21165,KY,Menifee County,2023,6279
21165,KY,Menifee County,2024,6341
21167,KY,Mercer County,2020,22652
21167,KY,Mercer County,2021,22859
21167,KY,Mercer County,2022,22927
21167,KY,Mercer County,2023,23189
21167,KY,Mercer County,2024,23515
21169,KY,Metcalfe County,2020,10285
21169,KY,Metcalfe County,2021,10387
21169,KY,Metcalfe County,2022,10401
21169,KY,Metcalfe County,2023,10495
21169,KY,Metcalfe County,2024,10558
21171,KY,Monroe County,2020,11320
21171,KY,Monroe County,2021,11263
21171,KY,Monroe County,2022,11328
21171,KY,Monroe County,2023,11271
21171,KY,Monroe County,2024,11163
21173,KY,Montgomery County,2020,28105
21173,KY,Montgomery County,2021,28218
21173,KY,Montgomery County,2022,28348
21173,KY,Montgomery County,2023,28531
21173,KY,Montgomery County,2024,28771
21175,KY,Morgan County,2020,13732
21175,KY,Morgan County,2021,13691
21175,KY,Morgan County,2022,14156
21175,KY,Morgan County,2023,14385
21175,KY,Morgan County,2024,14300
21177,KY,Muhlenberg County,2020,30897
21177,KY,Muhlenberg County,2021,30334
21177,KY,Muhlenberg County,2022,30684
21177,KY,Muhlenberg County,2023,30527
21177,KY,Muhlenberg County,2024,30512
21179,KY,Nelson County,2020,46779
21179,KY,Nelson County,2021,47135
21179,KY,Nelson County,2022,47429
21179,KY,Nelson County,2023,47981
21179,KY,Nelson County,2024,48706
21181,KY,Nicholas County,2020,7540
21181,KY,Nicholas County,2021,7733
21181,KY,Nicholas County,2022,7776
21181,KY,Nicholas County,2023,7674
21181,KY,Nicholas County,2024,7816
21183,KY,Ohio County,2020,23744
21183,KY,Ohio County,2021,23729
21183,KY,Ohio County,2022,23549
21183,KY,Ohio County,2023,23719
21183,KY,Ohio County,2024,23933
21185,KY,Oldham County,2020,67696
21185,KY,Oldham County,2021,68251
21185,KY,Oldham County,2022,69506
21185,KY,Oldham County,2023,70308
21185,KY,Oldham County,2024,70525
21187,KY,Owen County,2020,11302
21187,KY,Owen County,2021,11301
21187,KY,Owen County,2022,11292
21187,KY,Owen County,2023,11309
21187,KY,Owen County,2024,11435
21189,KY,Owsley County,2020,4032
21189,KY,Owsley County,2021,3971
21189,KY,Owsley County,2022,3941
21189,KY,Owsley County,2023,3984
21189,KY,Owsley County,2024,3928
21191,KY,Pendleton County,2020,14647
21191,KY,Pendleton County,2021,14632
21191,KY,Pendleton County,2022,14688
21191,KY,Pendleton County,2023,14804
21191,KY,Pendleton County,2024,14844
21193,KY,Perry County,2020,28369
21193,KY,Perry County,2021,27929
21193,KY,Perry County,2022,27378
21193,KY,Perry County,2023,27082
21193,KY,Perry County,2024,26739
21195,KY,Pike County,2020,58447
21195,KY,Pike County,2021,57434
21195,KY,Pike County,2022,56328
21195,KY,Pike County,2023,55998
21195,KY,Pike County,2024,55430
21197,KY,Powell County,2020,13099
21197,KY,Powell County,2021,13095
21197,KY,Powell County,2022,13067
21197,KY,Powell County,2023,13003
21197,KY,Powell County,2024,12928
21199,KY,Pulaski County,2020,65112
21199,KY,Pulaski County,2021,65538
21199,KY,Pulaski County,2022,65776
21199,KY,Pulaski County,2023,66219
21199,KY,Pulaski County,2024,66842
21201,KY,Robertson County,2020,2184
21201,KY,Robertson County,2021,2259
21201,KY,Robertson County,2022,2254
21201,KY,Robertson County,2023,2334
21201,KY,Robertson County,2024,2382
21203,KY,Rockcastle County,2020,16063
21203,KY,Rockcastle County,2021,16141
21203,KY,Rockcastle County,2022,16213
21203,KY,Rockcastle County,2023,16171
21203,KY,Rockcastle County,2024,16226
21205,KY,Rowan County,2020,24721
21205,KY,Rowan County,2021,24565
21205,KY,Rowan County,2022,24428
21205,KY,Rowan County,2023,24503
21205,KY,Rowan County,2024,24675
21207,KY,Russell County,2020,17997
21207,KY,Russell County,2021,18166
21207,KY,Russell County,2022,18177
21207,KY,Russell County,2023,18308
21207,KY,Russell County,2024,18458
21209,KY,Scott County,2020,57535
21209,KY,Scott County,2021,58431
21209,KY,Scott County,2022,59413
21209,KY,Scott County,2023,60600
21209,KY,Scott County,2024,61700
21211,KY,Shelby County,2020,48255
21211,KY,Shelby County,2021,48600
21211,KY,Shelby County,2022,48884
21211,KY,Shelby County,2023,49617
21211,KY,Shelby County,2024,50124
21213,KY,Simpson County,2020,19629
21213,KY,Simpson County,2021,19734
21213,KY,Simpson County,2022,19926
21213,KY,Simpson County,2023,20223
21213,KY,Simpson County,2024,20350
21215,KY,Spencer County,2020,19503
21215,KY,Spencer County,2021,19879
21215,KY,Spencer County,2022,20204
21215,KY,Spencer County,2023,20557
21215,KY,Spencer County,2024,20823
21217,KY,Taylor County,2020,25994
21217,KY,Taylor County,2021,26179
21217,KY,Taylor County,2022,26421
21217,KY,Taylor County,2023,26582
21217,KY,Taylor County,2024,26809
21219,KY,Todd County,2020,12283
21219,KY,Todd County,2021,12296
21219,KY,Todd County,2022,12431
21219,KY,Todd County,2023,12576
21219,KY,Todd County,2024,12757
21221,KY,Trigg County,2020,14081
21221,KY,Trigg County,2021,14225
21221,KY,Trigg County,2022,14338
21221,KY,Trigg County,2023,14370
21221,KY,Trigg County,2024,14559
21223,KY,Trimble County,2020,8463
21223,KY,Trimble County,2021,8553
21223,KY,Trimble County,2022,8525
21223,KY,Trimble County,2023,8616
21223,KY,Trimble County,2024,8591
21225,KY,Union County,2020,13650
21225,KY,Union County,2021,13251
21225,KY,Union County,2022,13107
21225,KY,Union County,2023,13116
21225,KY,Union County,2024,13178
21227,KY,Warren County,2020,135033
21227,KY,Warren County,2021,137191
21227,KY,Warren County,2022,140503
21227,KY,Warren County,2023,143929
21227,KY,Warren County,2024,147936
21229,KY,Washington County,2020,12038
21229,KY,Washington County,2021,12076
21229,KY,Washington County,2022,12062
21229,KY,Washington County,2023,12257
21229,KY,Washington County,2024,12269
21231,KY,Wayne County,2020,19543
21231,KY,Wayne County,2021,19543
21231,KY,Wayne County,2022,19663
21231,KY,Wayne County,2023,19630
21231,KY,Wayne County,2024,19629
21233,KY,Webster County,2020,13022
21233,KY,Webster County,2021,12858
21233,KY,Webster County,2022,12724
21233,KY,Webster County,2023,12753
21233,KY,Webster County,2024,12854
21235,KY,Whitley County,2020,36694
21235,KY,Whitley County,2021,36805
21235,KY,Whitley County,2022,36950
21235,KY,Whitley County,2023,36917
21235,KY,Whitley County,2024,37233
21237,KY,Wolfe County,2020,6557
21237,KY,Wolfe County,2021,6507
21237,KY,Wolfe County,2022,6415
21237,KY,Wolfe County,2023,6370
21237,KY,Wolfe County,2024,6364
21239,KY,Woodford County,2020,26907
21239,KY,Woodford County,2021,27089
21239,KY,Woodford County,2022,27150
21239,KY,Woodford County,2023,27522
21239,KY,Woodford County,2024,27728
22001,LA,Acadia Parish,2020,57481
22001,LA,Acadia Parish,2021,57228
22001,LA,Acadia Parish,2022,56812
22001,LA,Acadia Parish,2023,56649
22001,LA,Acadia Parish,2024,56604
22003,LA,Allen Parish,2020,22688
22003,LA,Allen Parish,2021,22594
22003,LA,Allen Parish,2022,22297
22003,LA,Allen Parish,2023,22304
22003,LA,Allen Parish,2024,22501
22005,LA,Ascension Parish,2020,126983
22005,LA,Ascension Parish,2021,128592
22005,LA,Ascension Parish,2022,130505
22005,LA,Ascension Parish,2023,131954
22005,LA,Ascension Parish,2024,133534
22007,LA,Assumption Parish,2020,20963
22007,LA,Assumption Parish,2021,20701
22007,LA,Assumption Parish,2022,20482
22007,LA,Assumption Parish,2023,20223
22007,LA,Assumption Parish,2024,20050
22009,LA,Avoyelles Parish,2020,39640
22009,LA,Avoyelles Parish,2021,39261
22009,LA,Avoyelles Parish,2022,38733
22009,LA,Avoyelles Parish,2023,38520
22009,LA,Avoyelles Parish,2024,38373
22011,LA,Beauregard Parish,2020,36608
22011,LA,Beauregard Parish,2021,36678
22011,LA,Beauregard Parish,2022,36587
22011,LA,Beauregard Parish,2023,36812
22011,LA,Beauregard Parish,2024,36695
22013,LA,Bienville Parish,2020,12918
22013,LA,Bienville Parish,2021,12787
22013,LA,Bienville Parish,2022,12627
22013,LA,Bienville Parish,2023,12440
22013,LA,Bienville Parish,2024,12412
22015,LA,Bossier Parish,2020,128759
22015,LA,Bossier Parish,2021,129381
22015,LA,Bossier Parish,2022,129324
22015,LA,Bossier Parish,2023,130380
22015,LA,Bossier Parish,2024,131102
22017,LA,Caddo Parish,2020,236912
22017,LA,Caddo Parish,2021,232645
22017,LA,Caddo Parish,2022,229109
22017,LA,Caddo Parish,2023,226460
22017,LA,Caddo Parish,2024,224893
22019,LA,Calcasieu Parish,2020,216493
22019,LA,Calcasieu Parish,2021,205668
22019,LA,Calcasieu Parish,2022,202664
22019,LA,Calcasieu Parish,2023,204474
22019,LA,Calcasieu Parish,2024,206861
22021,LA,Caldwell Parish,2020,9616
22021,LA,Caldwell Parish,2021,9580
22021,LA,Caldwell Parish,2022,9508
22021,LA,Caldwell Parish,2023,9402
22021,LA,Caldwell Parish,2024,9393
22023,LA,Cameron Parish,2020,5624
22023,LA,Cameron Parish,2021,5343
22023,LA,Cameron Parish,2022,4907
22023,LA,Cameron Parish,2023,4773
22023,LA,Cameron Parish,2024,4678
22025,LA,Catahoula Parish,2020,8847
22025,LA,Catahoula Parish,2021,8725
22025,LA,Catahoula Parish,2022,8625
22025,LA,Catahoula Parish,2023,8438
22025,LA,Catahoula Parish,2024,8280
22027,LA,Claiborne Parish,2020,14108
22027,LA,Claiborne Parish,2021,14051
22027,LA,Claiborne Parish,2022,13825
22027,LA,Claiborne Parish,2023,13643
22027,LA,Claiborne Parish,2024,13537
22029,LA,Concordia Parish,2020,18570
22029,LA,Concordia Parish,2021,18354
22029,LA,Concordia Parish,2022,18138
22029,LA,Concordia Parish,2023,18009
22029,LA,Concordia Parish,2024,17797
22031,LA,De Soto Parish,2020,26851
22031,LA,De Soto Parish,2021,26960
22031,LA,De Soto Parish,2022,26883
22031,LA,De Soto Parish,2023,27161
22031,LA,De Soto Parish,2024,27274
22033,LA,East Baton Rouge Parish,2020,455916
22033,LA,East Baton Rouge Parish,2021,453685
22033,LA,East Baton Rouge Parish,2022,451122
22033,LA,East Baton Rouge Parish,2023,450943
22033,LA,East Baton Rouge Parish,2024,453022
22035,LA,East Carroll Parish,2020,7394
22035,LA,East Carroll Parish,2021,7227
22035,LA,East Carroll Parish,2022,6966
22035,LA,East Carroll Parish,2023,6879
22035,LA,East Carroll Parish,2024,6892
22037,LA,East Feliciana Parish,2020,19442
22037,LA,East Feliciana Parish,2021,19361
22037,LA,East Feliciana Parish,2022,19180
22037,LA,East Feliciana Parish,2023,19258
22037,LA,East Feliciana Parish,2024,19112
22039,LA,Evangeline Parish,2020,32301
22039,LA,Evangeline Parish,2021,32223
22039,LA,Evangeline Parish,2022,32084
22039,LA,Evangeline Parish,2023,31945
22039,LA,Evangeline Parish,2024,31745
22041,LA,Franklin Parish,2020,19714
22041,LA,Franklin Parish,2021,19613
22041,LA,Franklin Parish,2022,19341
22041,LA,Franklin Parish,2023,19265
22041,LA,Franklin Parish,2024,19107
22043,LA,Grant Parish,2020,22153
22043,LA,Grant Parish,2021,22264
22043,LA,Grant Parish,2022,22022
22043,LA,Grant Parish,2023,21929
22043,LA,Grant Parish,2024,22109
22045,LA,Iberia Parish,2020,70064
22045,LA,Iberia Parish,2021,69342
22045,LA,Iberia Parish,2022,68344
22045,LA,Iberia Parish,2023,67702
22045,LA,Iberia Parish,2024,67540
22047,LA,Iberville Parish,2020,30071
22047,LA,Iberville Parish,2021,29749
22047,LA,Iberville Parish,2022,29696
22047,LA,Iberville Parish,2023,29794
22047,LA,Iberville Parish,2024,29766
22049,LA,Jackson Parish,2020,14996
22049,LA,Jackson Parish,2021,14901
22049,LA,Jackson Parish,2022,14859
22049,LA,Jackson Parish,2023,14867
22049,LA,Jackson Parish,2024,14797
22051,LA,Jefferson Parish,2020,439747
22051,LA,Jefferson Parish,2021,434206
22051,LA,Jefferson Parish,2022,427739
22051,LA,Jefferson Parish,2023,425657
22051,LA,Jefferson Parish,2024,427253
22053,LA,Jefferson Davis Parish,2020,32212
22053,LA,Jefferson Davis Parish,2021,32381
22053,LA,Jefferson Davis Parish,2022,31971
22053,LA,Jefferson Davis Parish,2023,31620
22053,LA,Jefferson Davis Parish,2024,31436
22055,LA,Lafayette Parish,2020,242178
22055,LA,Lafayette Parish,2021,244933
22055,LA,Lafayette Parish,2022,248145
22055,LA,Lafayette Parish,2023,250486
22055,LA,Lafayette Parish,2024,254241
22057,LA,Lafourche Parish,2020,97446
22057,LA,Lafourche Parish,2021,97607
22057,LA,Lafourche Parish,2022,95717
22057,LA,Lafourche Parish,2023,95146
22057,LA,Lafourche Parish,2024,95342
22059,LA,LaSalle Parish,2020,14829
22059,LA,LaSalle Parish,2021,14850
22059,LA,LaSalle Parish,2022,14799
22059,LA,LaSalle Parish,2023,14764
22059,LA,LaSalle Parish,2024,14702
22061,LA,Lincoln Parish,2020,48306
22061,LA,Lincoln Parish,2021,48132
22061,LA,Lincoln Parish,2022,48056
22061,LA,Lincoln Parish,2023,48133
22061,LA,Lincoln Parish,2024,48243
22063,LA,Livingston Parish,2020,142846
22063,LA,Livingston Parish,2021,146143
22063,LA,Livingston Parish,2022,148131
22063,LA,Livingston Parish,2023,150570
22063,LA,Livingston Parish,2024,152886
22065,LA,Madison Parish,2020,9918
22065,LA,Madison Parish,2021,9794
22065,LA,Madison Parish,2022,9492
22065,LA,Madison Parish,2023,9268
22065,LA,Madison Parish,2024,9093
22067,LA,Morehouse Parish,2020,25460
22067,LA,Morehouse Parish,2021,25018
22067,LA,Morehouse Parish,2022,24435
22067,LA,Morehouse Parish,2023,24055
22067,LA,Morehouse Parish,2024,23787
22069,LA,Natchitoches Parish,2020,37391
22069,LA,Natchitoches Parish,2021,36989
22069,LA,Natchitoches Parish,2022,36711
22069,LA,Natchitoches Parish,2023,36391
22069,LA,Natchitoches Parish,2024,35982
22071,LA,Orleans Parish,2020,383374
22071,LA,Orleans Parish,2021,377547
22071,LA,Orleans Parish,2022,370473
22071,LA,Orleans Parish,2023,365167
22071,LA,Orleans Parish,2024,362701
22073,LA,Ouachita Parish,2020,160114
22073,LA,Ouachita Parish,2021,158889
22073,LA,Ouachita Parish,2022,157812
22073,LA,Ouachita Parish,2023,157712
22073,LA,Ouachita Parish,2024,157874
22075,LA,Plaquemines Parish,2020,23457
22075,LA,Plaquemines Parish,2021,23312
22075,LA,Plaquemines Parish,2022,22603
22075,LA,Plaquemines Parish,2023,22356
22075,LA,Plaquemines Parish,2024,22289
22077,LA,Pointe Coupee Parish,2020,20674
22077,LA,Pointe Coupee Parish,2021,20352
22077,LA,Pointe Coupee Parish,2022,20221
22077,LA,Pointe Coupee Parish,2023,19995
22077,LA,Pointe Coupee Parish,2024,19845
22079,LA,Rapides Parish,2020,129658
22079,LA,Rapides Parish,2021,128646
22079,LA,Rapides Parish,2022,126977
22079,LA,Rapides Parish,2023,126453
22079,LA,Rapides Parish,2024,125899
22081,LA,Red River Parish,2020,7585
22081,LA,Red River Parish,2021,7510
22081,LA,Red River Parish,2022,7487
22081,LA,Red River Parish,2023,7395
22081,LA,Red River Parish,2024,7238
22083,LA,Richland Parish,2020,20030
22083,LA,Richland Parish,2021,19863
22083,LA,Richland Parish,2022,19828
22083,LA,Richland Parish,2023,19744
22083,LA,Richland Parish,2024,19643
22085,LA,Sabine Parish,2020,22108
22085,LA,Sabine Parish,2021,22109
22085,LA,Sabine Parish,2022,21984
22085,LA,Sabine Parish,2023,21936
22085,LA,Sabine Parish,2024,21746
22087,LA,St. Bernard Parish,2020,43859
22087,LA,St. Bernard Parish,2021,44333
22087,LA,St. Bernard Parish,2022,44474
22087,LA,St. Bernard Parish,2023,44645
22087,LA,St. Bernard Parish,2024,44783
22089,LA,St. Charles Parish,2020,52516
22089,LA,St. Charles Parish,2021,52480
22089,LA,St. Charles Parish,2022,51038
22089,LA,St. Charles Parish,2023,50547
22089,LA,St. Charles Parish,2024,50400
22091,LA,St. Helena Parish,2020,10900
22091,LA,St. Helena Parish,2021,10906
22091,LA,St. Helena Parish,2022,10814
22091,LA,St. Helena Parish,2023,10815
22091,LA,St. Helena Parish,2024,10857
22093,LA,St. James Parish,2020,20119
22093,LA,St. James Parish,2021,19796
22093,LA,St. James Parish,2022,19397
22093,LA,St. James Parish,2023,19218
22093,LA,St. James Parish,2024,19110
22095,LA,St. John the Baptist Parish,2020,42359
22095,LA,St. John the Baptist Parish,2021,42107
22095,LA,St. John the Baptist Parish,2022,40002
22095,LA,St. John the Baptist Parish,2023,39615
22095,LA,St. John the Baptist Parish,2024,39694
22097,LA,St. Landry Parish,2020,82310
22097,LA,St. Landry Parish,2021,82199
22097,LA,St. Landry Parish,2022,81642
22097,LA,St. Landry Parish,2023,81329
22097,LA,St. Landry Parish,2024,80869
22099,LA,St. Martin Parish,2020,51614
22099,LA,St. Martin Parish,2021,51550
22099,LA,St. Martin Parish,2022,51260
22099,LA,St. Martin Parish,2023,51122
22099,LA,St. Martin Parish,2024,51218
22101,LA,St. Mary Parish,2020,49155
22101,LA,St. Mary Parish,2021,48240
22101,LA,St. Mary Parish,2022,47816
22101,LA,St. Mary Parish,2023,47131
22101,LA,St. Mary Parish,2024,46799
22103,LA,St. Tammany Parish,2020,265007
22103,LA,St. Tammany Parish,2021,270188
22103,LA,St. Tammany Parish,2022,273494
22103,LA,St. Tammany Parish,2023,275801
22103,LA,St. Tammany Parish,2024,277615
22105,LA,Tangipahoa Parish,2020,133642
22105,LA,Tangipahoa Parish,2021,135487
22105,LA,Tangipahoa Parish,2022,136734
22105,LA,Tangipahoa Parish,2023,137999
22105,LA,Tangipahoa Parish,2024,139823
22107,LA,Tensas Parish,2020,4108
22107,LA,Tensas Parish,2021,4026
22107,LA,Tensas Parish,2022,3848
22107,LA,Tensas Parish,2023,3848
22107,LA,Tensas Parish,2024,3844
22109,LA,Terrebonne Parish,2020,109413
22109,LA,Terrebonne Parish,2021,108973
22109,LA,Terrebonne Parish,2022,104642
22109,LA,Terrebonne Parish,2023,104036
22109,LA,Terrebonne Parish,2024,103864
22111,LA,Union Parish,2020,21100
22111,LA,Union Parish,2021,21013
22111,LA,Union Parish,2022,20691
22111,LA,Union Parish,2023,20686
22111,LA,Union Parish,2024,20617
22113,LA,Vermilion Parish,2020,56954
22113,LA,Vermilion Parish,2021,56882
22113,LA,Vermilion Parish,2022,56958
22113,LA,Vermilion Parish,2023,57181
22113,LA,Vermilion Parish,2024,57641
22115,LA,Vernon Parish,2020,48624
22115,LA,Vernon Parish,2021,48032
22115,LA,Vernon Parish,2022,46861
22115,LA,Vernon Parish,2023,46247
22115,LA,Vernon Parish,2024,45819
22117,LA,Washington Parish,2020,45354
22117,LA,Washington Parish,2021,45202
22117,LA,Washington Parish,2022,45002
22117,LA,Washington Parish,2023,44951
22117,LA,Washington Parish,2024,45090
22119,LA,Webster Parish,2020,36887
22119,LA,Webster Parish,2021,35949
22119,LA,Webster Parish,2022,35635
22119,LA,Webster Parish,2023,35444
22119,LA,Webster Parish,2024,35184
22121,LA,West Baton Rouge Parish,2020,27262
22121,LA,West Baton Rouge Parish,2021,27802
22121,LA,West Baton Rouge Parish,2022,28045
22121,LA,West Baton Rouge Parish,2023,28338
22121,LA,West Baton Rouge Parish,2024,28425
22123,LA,West Carroll Parish,2020,9693
22123,LA,West Carroll Parish,2021,9582
22123,LA,West Carroll Parish,2022,9482
22123,LA,West Carroll Parish,2023,9307
22123,LA,West Carroll Parish,2024,9254
22125,LA,West Feliciana Parish,2020,15262
22125,LA,West Feliciana Parish,2021,15503
22125,LA,West Feliciana Parish,2022,15390
22125,LA,West Feliciana Parish,2023,15327
22125,LA,West Feliciana Parish,2024,15155
22127,LA,Winn Parish,2020,13718
22127,LA,Winn Parish,2021,13496
22127,LA,Winn Parish,2022,13305
22127,LA,Winn Parish,2023,13412
22127,LA,Winn Parish,2024,13405
23001,ME,Androscoggin County,2020,111178
23001,ME,Androscoggin County,2021,112733
23001,ME,Androscoggin County,2022,113454
23001,ME,Androscoggin County,2023,114477
23001,ME,Androscoggin County,2024,115272
23003,ME,Aroostook County,2020,67053
23003,ME,Aroostook County,2021,67062
23003,ME,Aroostook County,2022,67250
23003,ME,Aroostook County,2023,67149
23003,ME,Aroostook County,2024,66776
23005,ME,Cumberland County,2020,303606
23005,ME,Cumberland County,2021,306152
23005,ME,Cumberland County,2022,309309
23005,ME,Cumberland County,2023,311258
23005,ME,Cumberland County,2024,313809
23007,ME,Franklin County,2020,29468
23007,ME,Franklin County,2021,30265
23007,ME,Franklin County,2022,30604
23007,ME,Franklin County,2023,30826
23007,ME,Franklin County,2024,30902
23009,ME,Hancock County,2020,55512
23009,ME,Hancock County,2021,56362
23009,ME,Hancock County,2022,56677
23009,ME,Hancock County,2023,56801
23009,ME,Hancock County,2024,56946
23011,ME,Kennebec County,2020,124723
23011,ME,Kennebec County,2021,125775
23011,ME,Kennebec County,2022,127143
23011,ME,Kennebec County,2023,127936
23011,ME,Kennebec County,2024,128461
23013,ME,Knox County,2020,40663
23013,ME,Knox County,2021,41078
23013,ME,Knox County,2022,41251
23013,ME,Knox County,2023,41044
23013,ME,Knox County,2024,40981
23015,ME,Lincoln County,2020,35256
23015,ME,Lincoln County,2021,36024
23015,ME,Lincoln County,2022,36263
23015,ME,Lincoln County,2023,36460
23015,ME,Lincoln County,2024,36491
23017,ME,Oxford County,2020,57892
23017,ME,Oxford County,2021,58690
23017,ME,Oxford County,2022,59539
23017,ME,Oxford County,2023,60115
23017,ME,Oxford County,2024,60039
23019,ME,Penobscot County,2020,152179
23019,ME,Penobscot County,2021,153383
23019,ME,Penobscot County,2022,154817
23019,ME,Penobscot County,2023,156329
23019,ME,Penobscot County,2024,156840
23021,ME,Piscataquis County,2020,16801
23021,ME,Piscataquis County,2021,17211
23021,ME,Piscataquis County,2022,17383
23021,ME,Piscataquis County,2023,17486
23021,ME,Piscataquis County,2024,17432
23023,ME,Sagadahoc County,2020,36730
23023,ME,Sagadahoc County,2021,37171
23023,ME,Sagadahoc County,2022,37402
23023,ME,Sagadahoc County,2023,37541
23023,ME,Sagadahoc County,2024,37582
23025,ME,Somerset County,2020,50473
23025,ME,Somerset County,2021,50788
23025,ME,Somerset County,2022,51027
23025,ME,Somerset County,2023,51171
23025,ME,Somerset County,2024,51338
23027,ME,Waldo County,2020,39666
23027,ME,Waldo County,2021,39974
23027,ME,Waldo County,2022,40212
23027,ME,Waldo County,2023,40490
23027,ME,Waldo County,2024,40617
23029,ME,Washington County,2020,31108
23029,ME,Washington County,2021,31213
23029,ME,Washington County,2022,31507
23029,ME,Washington County,2023,31446
23029,ME,Washington County,2024,31383
23031,ME,York County,2020,212263
23031,ME,York County,2021,215050
23031,ME,York County,2022,217084
23031,ME,York County,2023,219117
23031,ME,York County,2024,220143
24001,MD,Allegany County,2020,67950
24001,MD,Allegany County,2021,67671
24001,MD,Allegany County,2022,67241
24001,MD,Allegany County,2023,67296
24001,MD,Allegany County,2024,67097
24003,MD,Anne Arundel County,2020,593412
24003,MD,Anne Arundel County,2021,596354
24003,MD,Anne Arundel County,2022,598751
24003,MD,Anne Arundel County,2023,599965
24003,MD,Anne Arundel County,2024,602350
24005,MD,Baltimore County,2020,853338
24005,MD,Baltimore County,2021,850670
24005,MD,Baltimore County,2022,848873
24005,MD,Baltimore County,2023,848676
24005,MD,Baltimore County,2024,852425
24009,MD,Calvert County,2020,92921
24009,MD,Calvert County,2021,94249
24009,MD,Calvert County,2022,94652
24009,MD,Calvert County,2023,94828
24009,MD,Calvert County,2024,94913
24011,MD,Caroline County,2020,33277
24011,MD,Caroline County,2021,33443
24011,MD,Caroline County,2022,33539
24011,MD,Caroline County,2023,33838
24011,MD,Caroline County,2024,34248
24013,MD,Carroll County,2020,172910
24013,MD,Carroll County,2021,174282
24013,MD,Carroll County,2022,175569
24013,MD,Carroll County,2023,176735
24013,MD,Carroll County,2024,177108
24015,MD,Cecil County,2020,103805
24015,MD,Cecil County,2021,104073
24015,MD,Cecil County,2022,104939
24015,MD,Cecil County,2023,105676
24015,MD,Cecil County,2024,106305
24017,MD,Charles County,2020,166692
24017,MD,Charles County,2021,168822
24017,MD,Charles County,2022,170376
24017,MD,Charles County,2023,172268
24017,MD,Charles County,2024,174478
24019,MD,Dorchester County,2020,32523
24019,MD,Dorchester County,2021,32590
24019,MD,Dorchester County,2022,32599
24019,MD,Dorchester County,2023,32922
24019,MD,Dorchester County,2024,33138
24021,MD,Frederick County,2020,272787
24021,MD,Frederick County,2021,280666
24021,MD,Frederick County,2022,288316
24021,MD,Frederick County,2023,294154
24021,MD,Frederick County,2024,299317
24023,MD,Garrett County,2020,28797
24023,MD,Garrett County,2021,28766
24023,MD,Garrett County,2022,28619
24023,MD,Garrett County,2023,28502
24023,MD,Garrett County,2024,28393
24025,MD,Harford County,2020,261245
24025,MD,Harford County,2021,263348
24025,MD,Harford County,2022,263908
24025,MD,Harford County,2023,264771
24025,MD,Harford County,2024,265514
24027,MD,Howard County,2020,332821
24027,MD,Howard County,2021,335370
24027,MD,Howard County,2022,336439
24027,MD,Howard County,2023,337341
24027,MD,Howard County,2024,339668
24029,MD,Kent County,2020,19124
24029,MD,Kent County,2021,19249
24029,MD,Kent County,2022,19360
24029,MD,Kent County,2023,19441
24029,MD,Kent County,2024,19557
24031,MD,Montgomery County,2020,1060856
24031,MD,Montgomery County,2021,1056087
24031,MD,Montgomery County,2022,1061132
24031,MD,Montgomery County,2023,1069397
24031,MD,Montgomery County,2024,1082273
24033,MD,Prince George's County,2020,965398
24033,MD,Prince George's County,2021,956603
24033,MD,Prince George's County,2022,953609
24033,MD,Prince George's County,2023,956533
24033,MD,Prince George's County,2024,966629
24035,MD,Queen Anne's County,2020,50033
24035,MD,Queen Anne's County,2021,50921
24035,MD,Queen Anne's County,2022,51803
24035,MD,Queen Anne's County,2023,52682
24035,MD,Queen Anne's County,2024,53688
24037,MD,St. Mary's County,2020,114006
24037,MD,St. Mary's County,2021,114674
24037,MD,St. Mary's County,2022,115001
24037,MD,St. Mary's County,2023,115479
24037,MD,St. Mary's County,2024,116469
24039,MD,Somerset County,2020,24567
24039,MD,Somerset County,2021,24563
24039,MD,Somerset County,2022,24696
24039,MD,Somerset County,2023,25044
24039,MD,Somerset County,2024,25241
24041,MD,Talbot County,2020,37522
24041,MD,Talbot County,2021,37792
24041,MD,Talbot County,2022,37959
24041,MD,Talbot County,2023,38067
24041,MD,Talbot County,2024,38244
24043,MD,Washington County,2020,154677
24043,MD,Washington County,2021,155117
24043,MD,Washington County,2022,155407
24043,MD,Washington County,2023,156116
24043,MD,Washington County,2024,157228
24045,MD,Wicomico County,2020,103563
24045,MD,Wicomico County,2021,104110
24045,MD,Wicomico County,2022,104985
24045,MD,Wicomico County,2023,105585
24045,MD,Wicomico County,2024,106329
24047,MD,Worcester County,2020,52522
24047,MD,Worcester County,2021,53408
24047,MD,Worcester County,2022,54004
24047,MD,Worcester County,2023,54229
24047,MD,Worcester County,2024,54337
24510,MD,Baltimore city,2020,583189
24510,MD,Baltimore city,2021,576575
24510,MD,Baltimore city,2022,570663
24510,MD,Baltimore city,2023,567517
24510,MD,Baltimore city,2024,568271
25001,MA,Barnstable County,2020,228060
25001,MA,Barnstable County,2021,232379
25001,MA,Barnstable County,2022,232571
25001,MA,Barnstable County,2023,232759
25001,MA,Barnstable County,2024,232570
25003,MA,Berkshire County,2020,129812
25003,MA,Berkshire County,2021,130199
25003,MA,Berkshire County,2022,129551
25003,MA,Berkshire County,2023,128863
25003,MA,Berkshire County,2024,128726
25005,MA,Bristol County,2020,576776
25005,MA,Bristol County,2021,579729
25005,MA,Bristol County,2022,581201
25005,MA,Bristol County,2023,585053
25005,MA,Bristol County,2024,588593
25007,MA,Dukes County,2020,20580
25007,MA,Dukes County,2021,21112
25007,MA,Dukes County,2022,21033
25007,MA,Dukes County,2023,20879
25007,MA,Dukes County,2024,21061
25009,MA,Essex County,2020,807781
25009,MA,Essex County,2021,807315
25009,MA,Essex County,2022,810039
25009,MA,Essex County,2023,816197
25009,MA,Essex County,2024,823938
25011,MA,Franklin County,2020,70934
25011,MA,Franklin County,2021,71007
25011,MA,Franklin County,2022,71050
25011,MA,Franklin County,2023,70860
25011,MA,Franklin County,2024,70871
25013,MA,Hampden County,2020,463714
25013,MA,Hampden County,2021,462640
25013,MA,Hampden County,2022,461440
25013,MA,Hampden County,2023,462128
25013,MA,Hampden County,2024,464151
25015,MA,Hampshire County,2020,148589
25015,MA,Hampshire County,2021,165069
25015,MA,Hampshire County,2022,165397
25015,MA,Hampshire County,2023,165686
25015,MA,Hampshire County,2024,165399
25017,MA,Middlesex County,2020,1316181
25017,MA,Middlesex County,2021,1316181
25017,MA,Middlesex County,2022,1316181
25017,MA,Middlesex County,2023,1316181
25017,MA,Middlesex County,2024,1316181
25019,MA,Nantucket County,2020,14239
25019,MA,Nantucket County,2021,14507
25019,MA,Nantucket County,2022,14464
25019,MA,Nantucket County,2023,14534
25019,MA,Nantucket County,2024,14670
25021,MA,Norfolk County,2020,723750
25021,MA,Norfolk County,2021,724906
25021,MA,Norfolk County,2022,728619
25021,MA,Norfolk County,2023,732379
25021,MA,Norfolk County,2024,740754
25023,MA,Plymouth County,2020,528454
25023,MA,Plymouth County,2021,532726
25023,MA,Plymouth County,2022,534297
25023,MA,Plymouth County,2023,537807
25023,MA,Plymouth County,2024,542090
25025,MA,Suffolk County,2020,797239
25025,MA,Suffolk County,2021,776280
25025,MA,Suffolk County,2022,777266
25025,MA,Suffolk County,2023,781678
25025,MA,Suffolk County,2024,793144
25027,MA,Worcester County,2020,857092
25027,MA,Worcester County,2021,862052
25027,MA,Worcester County,2022,865735
25027,MA,Worcester County,2023,872813
25027,MA,Worcester County,2024,881248
26001,MI,Alcona County,2020,10185
26001,MI,Alcona County,2021,10285
26001,MI,Alcona County,2022,10375
26001,MI,Alcona County,2023,10513
26001,MI,Alcona County,2024,10624
26003,MI,Alger County,2020,8839
26003,MI,Alger County,2021,8770
26003,MI,Alger County,2022,8767
26003,MI,Alger County,2023,8740
26003,MI,Alger County,2024,8695
26005,MI,Allegan County,2020,120661
26005,MI,Allegan County,2021,121055
26005,MI,Allegan County,2022,121262
26005,MI,Allegan County,2023,121874
26005,MI,Allegan County,2024,122429
26007,MI,Alpena County,2020,28879
26007,MI,Alpena County,2021,28933
26007,MI,Alpena County,2022,28813
26007,MI,Alpena County,2023,28870
26007,MI,Alpena County,2024,28903
26009,MI,Antrim County,2020,23460
26009,MI,Antrim County,2021,23877
26009,MI,Antrim County,2022,24296
26009,MI,Antrim County,2023,24466
26009,MI,Antrim County,2024,24536
26011,MI,Arenac County,2020,15009
26011,MI,Arenac County,2021,15023
26011,MI,Arenac County,2022,15115
26011,MI,Arenac County,2023,15152
26011,MI,Arenac County,2024,15087
26013,MI,Baraga County,2020,8141
26013,MI,Baraga County,2021,8231
26013,MI,Baraga County,2022,8194
26013,MI,Baraga County,2023,8222
26013,MI,Baraga County,2024,8169
26015,MI,Barry County,2020,62607
26015,MI,Barry County,2021,63141
26015,MI,Barry County,2022,63389
26015,MI,Barry County,2023,63881
26015,MI,Barry County,2024,64025
26017,MI,Bay County,2020,103747
26017,MI,Bay County,2021,103116
26017,MI,Bay County,2022,102754
26017,MI,Bay County,2023,102774
26017,MI,Bay County,2024,102651
26019,MI,Benzie County,2020,17993
26019,MI,Benzie County,2021,18240
26019,MI,Benzie County,2022,18336
26019,MI,Benzie County,2023,18460
26019,MI,Benzie County,2024,18520
26021,MI,Berrien County,2020,154426
26021,MI,Berrien County,2021,153598
26021,MI,Berrien County,2022,153064
26021,MI,Berrien County,2023,152651
26021,MI,Berrien County,2024,152703
26023,MI,Branch County,2020,44878
26023,MI,Branch County,2021,45209
26023,MI,Branch County,2022,44612
26023,MI,Branch County,2023,45613
26023,MI,Branch County,2024,46187
26025,MI,Calhoun County,2020,134219
26025,MI,Calhoun County,2021,133905
26025,MI,Calhoun County,2022,133475
26025,MI,Calhoun County,2023,133505
26025,MI,Calhoun County,2024,133785
26027,MI,Cass County,2020,51553
26027,MI,Cass County,2021,51523
26027,MI,Cass County,2022,51409
26027,MI,Cass County,2023,51566
26027,MI,Cass County,2024,51550
26029,MI,Charlevoix County,2020,26035
26029,MI,Charlevoix County,2021,26192
26029,MI,Charlevoix County,2022,26117
26029,MI,Charlevoix County,2023,26089
26029,MI,Charlevoix County,2024,26105
26031,MI,Cheboygan County,2020,25585
26031,MI,Cheboygan County,2021,25746
26031,MI,Cheboygan County,2022,25946
26031,MI,Cheboygan County,2023,26078
26031,MI,Cheboygan County,2024,25964
26033,MI,Chippewa County,2020,36787
26033,MI,Chippewa County,2021,35861
26033,MI,Chippewa County,2022,36236
26033,MI,Chippewa County,2023,36340
26033,MI,Chippewa County,2024,36253
26035,MI,Clare County,2020,30843
26035,MI,Clare County,2021,31143
26035,MI,Clare County,2022,31321
26035,MI,Clare County,2023,31376
26035,MI,Clare County,2024,31405
26037,MI,Clinton County,2020,79171
26037,MI,Clinton County,2021,79432
26037,MI,Clinton County,2022,79652
26037,MI,Clinton County,2023,79823
26037,MI,Clinton County,2024,80050
26039,MI,Crawford County,2020,12987
26039,MI,Crawford County,2021,13271
26039,MI,Crawford County,2022,13431
26039,MI,Crawford County,2023,13557
26039,MI,Crawford County,2024,13599
26041,MI,Delta County,2020,36874
26041,MI,Delta County,2021,36838
26041,MI,Delta County,2022,36818
26041,MI,Delta County,2023,36846
26041,MI,Delta County,2024,36687
26043,MI,Dickinson County,2020,25907
26043,MI,Dickinson County,2021,25824
26043,MI,Dickinson County,2022,25977
26043,MI,Dickinson County,2023,26069
26043,MI,Dickinson County,2024,25995
26045,MI,Eaton County,2020,109199
26045,MI,Eaton County,2021,108921
26045,MI,Eaton County,2022,108962
26045,MI,Eaton County,2023,109072
26045,MI,Eaton County,2024,109494
26047,MI,Emmet County,2020,34113
26047,MI,Emmet County,2021,34303
26047,MI,Emmet County,2022,34204
26047,MI,Emmet County,2023,34039
26047,MI,Emmet County,2024,33949
26049,MI,Genesee County,2020,405793
26049,MI,Genesee County,2021,404713
26049,MI,Genesee County,2022,402031
26049,MI,Genesee County,2023,401711
26049,MI,Genesee County,2024,402279
26051,MI,Gladwin County,2020,25370
26051,MI,Gladwin County,2021,25475
26051,MI,Gladwin County,2022,25667
26051,MI,Gladwin County,2023,25959
26051,MI,Gladwin County,2024,25995
26053,MI,Gogebic County,2020,14346
26053,MI,Gogebic County,2021,14372
26053,MI,Gogebic County,2022,14399
26053,MI,Gogebic County,2023,14263
26053,MI,Gogebic County,2024,14217
26055,MI,Grand Traverse County,2020,95427
26055,MI,Grand Traverse County,2021,95985
26055,MI,Grand Traverse County,2022,96337
26055,MI,Grand Traverse County,2023,96457
26055,MI,Grand Traverse County,2024,96625
26057,MI,Gratiot County,2020,41687
26057,MI,Gratiot County,2021,41298
26057,MI,Gratiot County,2022,41134
26057,MI,Gratiot County,2023,41434
26057,MI,Gratiot County,2024,41372
26059,MI,Hillsdale County,2020,45730
26059,MI,Hillsdale County,2021,45622
26059,MI,Hillsdale County,2022,45714
26059,MI,Hillsdale County,2023,45616
26059,MI,Hillsdale County,2024,45590
26061,MI,Houghton County,2020,37256
26061,MI,Houghton County,2021,37528
26061,MI,Houghton County,2022,37792
26061,MI,Houghton County,2023,37847
26061,MI,Houghton County,2024,38041
26063,MI,Huron County,2020,31372
26063,MI,Huron County,2021,31319
26063,MI,Huron County,2022,31150
26063,MI,Huron County,2023,30943
26063,MI,Huron County,2024,30780
26065,MI,Ingham County,2020,285007
26065,MI,Ingham County,2021,271662
26065,MI,Ingham County,2022,284761
26065,MI,Ingham County,2023,287710
26065,MI,Ingham County,2024,290427
26067,MI,Ionia County,2020,66891
26067,MI,Ionia County,2021,66853
26067,MI,Ionia County,2022,66774
26067,MI,Ionia County,2023,66104
26067,MI,Ionia County,2024,66250
26069,MI,Iosco County,2020,25189
26069,MI,Iosco County,2021,25362
26069,MI,Iosco County,2022,25460
26069,MI,Iosco County,2023,25361
26069,MI,Iosco County,2024,25361
26071,MI,Iron County,2020,11619
26071,MI,Iron County,2021,11597
26071,MI,Iron County,2022,11686
26071,MI,Iron County,2023,11722
26071,MI,Iron County,2024,11709
26073,MI,Isabella County,2020,64521
26073,MI,Isabella County,2021,64264
26073,MI,Isabella County,2022,64483
26073,MI,Isabella County,2023,64485
26073,MI,Isabella County,2024,65072
26075,MI,Jackson County,2020,160223
26075,MI,Jackson County,2021,160181
26075,MI,Jackson County,2022,159828
26075,MI,Jackson County,2023,159835
26075,MI,Jackson County,2024,160233
26077,MI,Kalamazoo County,2020,261814
26077,MI,Kalamazoo County,2021,260566
26077,MI,Kalamazoo County,2022,261417
26077,MI,Kalamazoo County,2023,263297
26077,MI,Kalamazoo County,2024,264780
26079,MI,Kalkaska County,2020,17929
26079,MI,Kalkaska County,2021,17994
26079,MI,Kalkaska County,2022,18230
26079,MI,Kalkaska County,2023,18422
26079,MI,Kalkaska County,2024,18618
26081,MI,Kent County,2020,658524
26081,MI,Kent County,2021,658979
26081,MI,Kent County,2022,660134
26081,MI,Kent County,2023,665109
26081,MI,Kent County,2024,673002
26083,MI,Keweenaw County,2020,2059
26083,MI,Keweenaw County,2021,2108
26083,MI,Keweenaw County,2022,2151
26083,MI,Keweenaw County,2023,2181
26083,MI,Keweenaw County,2024,2161
26085,MI,Lake County,2020,12098
26085,MI,Lake County,2021,12281
26085,MI,Lake County,2022,12665
26085,MI,Lake County,2023,12766
26085,MI,Lake County,2024,13005
26087,MI,Lapeer County,2020,88587
26087,MI,Lapeer County,2021,88667
26087,MI,Lapeer County,2022,88701
26087,MI,Lapeer County,2023,89060
26087,MI,Lapeer County,2024,89168
26089,MI,Leelanau County,2020,22308
26089,MI,Leelanau County,2021,22630
26089,MI,Leelanau County,2022,22891
26089,MI,Leelanau County,2023,22970
26089,MI,Leelanau County,2024,22871
26091,MI,Lenawee County,2020,99318
26091,MI,Lenawee County,2021,99105
26091,MI,Lenawee County,2022,98284
26091,MI,Lenawee County,2023,97621
26091,MI,Lenawee County,2024,97746
26093,MI,Livingston County,2020,193989
26093,MI,Livingston County,2021,195344
26093,MI,Livingston County,2022,196083
26093,MI,Livingston County,2023,196772
26093,MI,Livingston County,2024,196976
26095,MI,Luce County,2020,6410
26095,MI,Luce County,2021,6090
26095,MI,Luce County,2022,6254
26095,MI,Luce County,2023,6389
26095,MI,Luce County,2024,6328
26097,MI,Mackinac County,2020,10811
26097,MI,Mackinac County,2021,10906
26097,MI,Mackinac County,2022,10983
26097,MI,Mackinac County,2023,10942
26097,MI,Mackinac County,2024,11144
26099,MI,Macomb County,2020,880294
26099,MI,Macomb County,2021,877789
26099,MI,Macomb County,2022,875735
26099,MI,Macomb County,2023,879271
26099,MI,Macomb County,2024,886175
26101,MI,Manistee County,2020,25070
26101,MI,Manistee County,2021,25340
26101,MI,Manistee County,2022,25334
26101,MI,Manistee County,2023,25485
26101,MI,Manistee County,2024,25519
26103,MI,Marquette County,2020,66544
26103,MI,Marquette County,2021,66278
26103,MI,Marquette County,2022,67103
26103,MI,Marquette County,2023,67654
26103,MI,Marquette County,2024,67979
26105,MI,Mason County,2020,29037
26105,MI,Mason County,2021,29350
26105,MI,Mason County,2022,29357
26105,MI,Mason County,2023,29199
26105,MI,Mason County,2024,29093
26107,MI,Mecosta County,2020,40426
26107,MI,Mecosta County,2021,40692
26107,MI,Mecosta County,2022,41424
26107,MI,Mecosta County,2023,41722
26107,MI,Mecosta County,2024,41947
26109,MI,Menominee County,2020,23450
26109,MI,Menominee County,2021,23325
26109,MI,Menominee County,2022,23289
26109,MI,Menominee County,2023,23123
26109,MI,Menominee County,2024,23050
26111,MI,Midland County,2020,83493
26111,MI,Midland County,2021,83504
26111,MI,Midland County,2022,83761
26111,MI,Midland County,2023,84007
26111,MI,Midland County,2024,84022
26113,MI,Missaukee County,2020,15067
26113,MI,Missaukee County,2021,15176
26113,MI,Missaukee County,2022,15228
26113,MI,Missaukee County,2023,15325
26113,MI,Missaukee County,2024,15239
26115,MI,Monroe County,2020,154909
26115,MI,Monroe County,2021,155569
26115,MI,Monroe County,2022,155412
26115,MI,Monroe County,2023,155590
26115,MI,Monroe County,2024,156045
26117,MI,Montcalm County,2020,66659
26117,MI,Montcalm County,2021,67361
26117,MI,Montcalm County,2022,67317
26117,MI,Montcalm County,2023,68431
26117,MI,Montcalm County,2024,69314
26119,MI,Montmorency County,2020,9170
26119,MI,Montmorency County,2021,9304
26119,MI,Montmorency County,2022,9563
26119,MI,Montmorency County,2023,9714
26119,MI,Montmorency County,2024,9828
26121,MI,Muskegon County,2020,174794
26121,MI,Muskegon County,2021,175581
26121,MI,Muskegon County,2022,175526
26121,MI,Muskegon County,2023,176476
26121,MI,Muskegon County,2024,177428
26123,MI,Newaygo County,2020,50095
26123,MI,Newaygo County,2021,50401
26123,MI,Newaygo County,2022,50771
26123,MI,Newaygo County,2023,51189
26123,MI,Newaygo County,2024,51504
26125,MI,Oakland County,2020,1272526
26125,MI,Oakland County,2021,1272776
26125,MI,Oakland County,2022,1275098
26125,MI,Oakland County,2023,1281836
26125,MI,Oakland County,2024,1296888
26127,MI,Oceana County,2020,26716
26127,MI,Oceana County,2021,26873
26127,MI,Oceana County,2022,26964
26127,MI,Oceana County,2023,27010
26127,MI,Oceana County,2024,27014
26129,MI,Ogemaw County,2020,20785
26129,MI,Ogemaw County,2021,20781
26129,MI,Ogemaw County,2022,20890
26129,MI,Ogemaw County,2023,20983
26129,MI,Ogemaw County,2024,20985
26131,MI,Ontonagon County,2020,5803
26131,MI,Ontonagon County,2021,5872
26131,MI,Ontonagon County,2022,5895
26131,MI,Ontonagon County,2023,5857
26131,MI,Ontonagon County,2024,5824
26133,MI,Osceola County,2020,22902
26133,MI,Osceola County,2021,23190
26133,MI,Osceola County,2022,23257
26133,MI,Osceola County,2023,23289
26133,MI,Osceola County,2024,23484
26135,MI,Oscoda County,2020,8235
26135,MI,Oscoda County,2021,8322
26135,MI,Oscoda County,2022,8400
26135,MI,Oscoda County,2023,8572
26135,MI,Oscoda County,2024,8596
26137,MI,Otsego County,2020,25135
26137,MI,Otsego County,2021,25335
26137,MI,Otsego County,2022,25583
26137,MI,Otsego County,2023,25785
26137,MI,Otsego County,2024,26083
26139,MI,Ottawa County,2020,296899
26139,MI,Ottawa County,2021,298394
26139,MI,Ottawa County,2022,300910
26139,MI,Ottawa County,2023,303575
26139,MI,Ottawa County,2024,306235
26141,MI,Presque Isle County,2020,12999
26141,MI,Presque Isle County,2021,13174
26141,MI,Presque Isle County,2022,13357
26141,MI,Presque Isle County,2023,13278
26141,MI,Presque Isle County,2024,13230
26143,MI,Roscommon County,2020,23465
26143,MI,Roscommon County,2021,23651
26143,MI,Roscommon County,2022,23711
26143,MI,Roscommon County,2023,23920
26143,MI,Roscommon County,2024,23932
26145,MI,Saginaw County,2020,189883
26145,MI,Saginaw County,2021,189533
26145,MI,Saginaw County,2022,188425
26145,MI,Saginaw County,2023,187769
26145,MI,Saginaw County,2024,187714
26147,MI,St. Clair County,2020,160394
26147,MI,St. Clair County,2021,160243
26147,MI,St. Clair County,2022,159882
26147,MI,St. Clair County,2023,160280
26147,MI,St. Clair County,2024,160308
26149,MI,St. Joseph County,2020,60942
26149,MI,St. Joseph County,2021,60857
26149,MI,St. Joseph County,2022,60814
26149,MI,St. Joseph County,2023,61062
26149,MI,St. Joseph County,2024,61171
26151,MI,Sanilac County,2020,40504
26151,MI,Sanilac County,2021,40545
26151,MI,Sanilac County,2022,40536
26151,MI,Sanilac County,2023,40434
26151,MI,Sanilac County,2024,40293
26153,MI,Schoolcraft County,2020,8057
26153,MI,Schoolcraft County,2021,8048
26153,MI,Schoolcraft County,2022,8189
26153,MI,Schoolcraft County,2023,8167
26153,MI,Schoolcraft County,2024,8178
26155,MI,Shiawassee County,2020,68004
26155,MI,Shiawassee County,2021,67992
26155,MI,Shiawassee County,2022,67970
26155,MI,Shiawassee County,2023,68005
26155,MI,Shiawassee County,2024,67982
26157,MI,Tuscola County,2020,53311
26157,MI,Tuscola County,2021,53043
26157,MI,Tuscola County,2022,52932
26157,MI,Tuscola County,2023,52856
26157,MI,Tuscola County,2024,52757
26159,MI,Van Buren County,2020,75566
26159,MI,Van Buren County,2021,75685
26159,MI,Van Buren County,2022,75690
26159,MI,Van Buren County,2023,75905
26159,MI,Van Buren County,2024,76129
26161,MI,Washtenaw County,2020,371849
26161,MI,Washtenaw County,2021,365041
26161,MI,Washtenaw County,2022,367947
26161,MI,Washtenaw County,2023,370398
26161,MI,Washtenaw County,2024,373875
26163,MI,Wayne County,2020,1316181
26163,MI,Wayne County,2021,1316181
26163,MI,Wayne County,2022,1316181
26163,MI,Wayne County,2023,1316181
26163,MI,Wayne County,2024,1316181
26165,MI,Wexford County,2020,33689
26165,MI,Wexford County,2021,33906
26165,MI,Wexford County,2022,34062
26165,MI,Wexford County,2023,34266
26165,MI,Wexford County,2024,34460
27001,MN,Aitkin County,2020,15714
27001,MN,Aitkin County,2021,15951
27001,MN,Aitkin County,2022,16142
27001,MN,Aitkin County,2023,16139
27001,MN,Aitkin County,2024,16335
27003,MN,Anoka County,2020,364502
27003,MN,Anoka County,2021,367835
27003,MN,Anoka County,2022,369479
27003,MN,Anoka County,2023,373090
27003,MN,Anoka County,2024,376840
27005,MN,Becker County,2020,35205
27005,MN,Becker County,2021,35348
27005,MN,Becker County,2022,35387
27005,MN,Becker County,2023,35330
27005,MN,Becker County,2024,35444
27007,MN,Beltrami County,2020,46246
27007,MN,Beltrami County,2021,46477
27007,MN,Beltrami County,2022,46440
27007,MN,Beltrami County,2023,46635
27007,MN,Beltrami County,2024,46762
27009,MN,Benton County,2020,41358
27009,MN,Benton County,2021,41538
27009,MN,Benton County,2022,41570
27009,MN,Benton County,2023,41617
27009,MN,Benton County,2024,41881
27011,MN,Big Stone County,2020,5160
27011,MN,Big Stone County,2021,5169
27011,MN,Big Stone County,2022,5145
27011,MN,Big Stone County,2023,5095
27011,MN,Big Stone County,2024,5067
27013,MN,Blue Earth County,2020,69196
27013,MN,Blue Earth County,2021,69382
27013,MN,Blue Earth County,2022,69681
27013,MN,Blue Earth County,2023,70396
27013,MN,Blue Earth County,2024,70700
27015,MN,Brown County,2020,25911
27015,MN,Brown County,2021,25896
27015,MN,Brown County,2022,25786
27015,MN,Brown County,2023,25699
27015,MN,Brown County,2024,25710
27017,MN,Carlton County,2020,36187
27017,MN,Carlton County,2021,36442
27017,MN,Carlton County,2022,36501
27017,MN,Carlton County,2023,36717
27017,MN,Carlton County,2024,36745
27019,MN,Carver County,2020,107307
27019,MN,Carver County,2021,108873
27019,MN,Carver County,2022,110215
27019,MN,Carver County,2023,111180
27019,MN,Carver County,2024,112628
27021,MN,Cass County,2020,30162
27021,MN,Cass County,2021,30677
27021,MN,Cass County,2022,31287
27021,MN,Cass County,2023,31393
27021,MN,Cass County,2024,31442
27023,MN,Chippewa County,2020,12610
27023,MN,Chippewa County,2021,12378
27023,MN,Chippewa County,2022,12335
27023,MN,Chippewa County,2023,12265
27023,MN,Chippewa County,2024,12299
27025,MN,Chisago County,2020,56718
27025,MN,Chisago County,2021,57556
27025,MN,Chisago County,2022,57918
27025,MN,Chisago County,2023,58657
27025,MN,Chisago County,2024,59105
27027,MN,Clay County,2020,65359
27027,MN,Clay County,2021,65674
27027,MN,Clay County,2022,65989
27027,MN,Clay County,2023,66425
27027,MN,Clay County,2024,66848
27029,MN,Clearwater County,2020,8566
27029,MN,Clearwater County,2021,8568
27029,MN,Clearwater County,2022,8636
27029,MN,Clearwater County,2023,8680
27029,MN,Clearwater County,2024,8630
27031,MN,Cook County,2020,5599
27031,MN,Cook County,2021,5632
27031,MN,Cook County,2022,5732
27031,MN,Cook County,2023,5643
27031,MN,Cook County,2024,5571
27033,MN,Cottonwood County,2020,11521
27033,MN,Cottonwood County,2021,11600
27033,MN,Cottonwood County,2022,11416
27033,MN,Cottonwood County,2023,11417
27033,MN,Cottonwood County,2024,11338
27035,MN,Crow Wing County,2020,66285
27035,MN,Crow Wing County,2021,67355
27035,MN,Crow Wing County,2022,67862
27035,MN,Crow Wing County,2023,68286
27035,MN,Crow Wing County,2024,68642
27037,MN,Dakota County,2020,440436
27037,MN,Dakota County,2021,442784
27037,MN,Dakota County,2022,443982
27037,MN,Dakota County,2023,448495
27037,MN,Dakota County,2024,453156
27039,MN,Dodge County,2020,20888
27039,MN,Dodge County,2021,20954
27039,MN,Dodge County,2022,21027
27039,MN,Dodge County,2023,21113
27039,MN,Dodge County,2024,21242
27041,MN,Douglas County,2020,39093
27041,MN,Douglas County,2021,39312
27041,MN,Douglas County,2022,39665
27041,MN,Douglas County,2023,39874
27041,MN,Douglas County,2024,39933
27043,MN,Faribault County,2020,13896
27043,MN,Faribault County,2021,13905
27043,MN,Faribault County,2022,13957
27043,MN,Faribault County,2023,13926
27043,MN,Faribault County,2024,13886
27045,MN,Fillmore County,2020,21245
27045,MN,Fillmore County,2021,21335
27045,MN,Fillmore County,2022,21475
27045,MN,Fillmore County,2023,21512
27045,MN,Fillmore County,2024,21502
27047,MN,Freeborn County,2020,30891
27047,MN,Freeborn County,2021,30803
27047,MN,Freeborn County,2022,30674
27047,MN,Freeborn County,2023,30433
27047,MN,Freeborn County,2024,30314
27049,MN,Goodhue County,2020,47579
27049,MN,Goodhue County,2021,48049
27049,MN,Goodhue County,2022,48055
27049,MN,Goodhue County,2023,48050
27049,MN,Goodhue County,2024,47982
27051,MN,Grant County,2020,6090
27051,MN,Grant County,2021,6147
27051,MN,Grant County,2022,6134
27051,MN,Grant County,2023,6155
27051,MN,Grant County,2024,6109
27053,MN,Hennepin County,2020,1281722
27053,MN,Hennepin County,2021,1270232
27053,MN,Hennepin County,2022,1258981
27053,MN,Hennepin County,2023,1263210
27053,MN,Hennepin County,2024,1273334
27055,MN,Houston County,2020,18823
27055,MN,Houston County,2021,18796
27055,MN,Houston County,2022,18715
27055,MN,Houston County,2023,18577
27055,MN,Houston County,2024,18352
27057,MN,Hubbard County,2020,21389
27057,MN,Hubbard County,2021,21744
27057,MN,Hubbard County,2022,21925
27057,MN,Hubbard County,2023,22045
27057,MN,Hubbard County,2024,22050
27059,MN,Isanti County,2020,41390
27059,MN,Isanti County,2021,41964
27059,MN,Isanti County,2022,42725
27059,MN,Isanti County,2023,43212
27059,MN,Isanti County,2024,43687
27061,MN,Itasca County,2020,45043
27061,MN,Itasca County,2021,45113
27061,MN,Itasca County,2022,45258
27061,MN,Itasca County,2023,45518
27061,MN,Itasca County,2024,45442
27063,MN,Jackson County,2020,9990
27063,MN,Jackson County,2021,10003
27063,MN,Jackson County,2022,9905
27063,MN,Jackson County,2023,9904
27063,MN,Jackson County,2024,9861
27065,MN,Kanabec County,2020,16058
27065,MN,Kanabec County,2021,16179
27065,MN,Kanabec County,2022,16465
27065,MN,Kanabec County,2023,16639
27065,MN,Kanabec County,2024,16608
27067,MN,Kandiyohi County,2020,43723
27067,MN,Kandiyohi County,2021,43818
27067,MN,Kandiyohi County,2022,43904
27067,MN,Kandiyohi County,2023,44277
27067,MN,Kandiyohi County,2024,44674
27069,MN,Kittson County,2020,4190
27069,MN,Kittson County,2021,4162
27069,MN,Kittson County,2022,4058
27069,MN,Kittson County,2023,4020
27069,MN,Kittson County,2024,3992
27071,MN,Koochiching County,2020,12032
27071,MN,Koochiching County,2021,11945
27071,MN,Koochiching County,2022,11846
27071,MN,Koochiching County,2023,11750
27071,MN,Koochiching County,2024,11594
27073,MN,Lac qui Parle County,2020,6700
27073,MN,Lac qui Parle County,2021,6703
27073,MN,Lac qui Parle County,2022,6688
27073,MN,Lac qui Parle County,2023,6684
27073,MN,Lac qui Parle County,2024,6636
27075,MN,Lake County,2020,10911
27075,MN,Lake County,2021,11006
27075,MN,Lake County,2022,10919
27075,MN,Lake County,2023,10861
27075,MN,Lake County,2024,10698
27077,MN,Lake of the Woods County,2020,3770
27077,MN,Lake of the Woods County,2021,3831
27077,MN,Lake of the Woods County,2022,3902
27077,MN,Lake of the Woods County,2023,3804
27077,MN,Lake of the Woods County,2024,3797
27079,MN,Le Sueur County,2020,28648
27079,MN,Le Sueur County,2021,28918
27079,MN,Le Sueur County,2022,29205
27079,MN,Le Sueur County,2023,29334
27079,MN,Le Sueur County,2024,29458
27081,MN,Lincoln County,2020,5639
27081,MN,Lincoln County,2021,5593
27081,MN,Lincoln County,2022,5626
27081,MN,Lincoln County,2023,5594
27081,MN,Lincoln County,2024,5564
27083,MN,Lyon County,2020,25426
27083,MN,Lyon County,2021,25495
27083,MN,Lyon County,2022,25513
27083,MN,Lyon County,2023,25503
27083,MN,Lyon County,2024,25577
27085,MN,McLeod County,2020,36751
27085,MN,McLeod County,2021,36819
27085,MN,McLeod County,2022,36791
27085,MN,McLeod County,2023,36850
27085,MN,McLeod County,2024,36780
27087,MN,Mahnomen County,2020,5391
27087,MN,Mahnomen County,2021,5415
27087,MN,Mahnomen County,2022,5354
27087,MN,Mahnomen County,2023,5332
27087,MN,Mahnomen County,2024,5296
27089,MN,Marshall County,2020,9043
27089,MN,Marshall County,2021,9013
27089,MN,Marshall County,2022,8890
27089,MN,Marshall County,2023,8822
27089,MN,Marshall County,2024,8771
27091,MN,Martin County,2020,19993
27091,MN,Martin County,2021,19933
27091,MN,Martin County,2022,19687
27091,MN,Martin County,2023,19728
27091,MN,Martin County,2024,19561
27093,MN,Meeker County,2020,23433
27093,MN,Meeker County,2021,23403
27093,MN,Meeker County,2022,23526
27093,MN,Meeker County,2023,23485
27093,MN,Meeker County,2024,23491
27095,MN,Mille Lacs County,2020,26456
27095,MN,Mille Lacs County,2021,26903
27095,MN,Mille Lacs County,2022,27270
27095,MN,Mille Lacs County,2023,27418
27095,MN,Mille Lacs County,2024,27577
27097,MN,Morrison County,2020,34003
27097,MN,Morrison County,2021,34072
27097,MN,Morrison County,2022,34284
27097,MN,Morrison County,2023,34366
27097,MN,Morrison County,2024,34520
27099,MN,Mower County,2020,40062
27099,MN,Mower County,2021,40229
27099,MN,Mower County,2022,40174
27099,MN,Mower County,2023,40352
27099,MN,Mower County,2024,40900
27101,MN,Murray County,2020,8166
27101,MN,Murray County,2021,8135
27101,MN,Murray County,2022,8051
27101,MN,Murray County,2023,8087
27101,MN,Murray County,2024,8044
27103,MN,Nicollet County,2020,34498
27103,MN,Nicollet County,2021,34361
27103,MN,Nicollet County,2022,34381
27103,MN,Nicollet County,2023,34320
27103,MN,Nicollet County,2024,34493
27105,MN,Nobles County,2020,22207
27105,MN,Nobles County,2021,22076
27105,MN,Nobles County,2022,22030
27105,MN,Nobles County,2023,21921
27105,MN,Nobles County,2024,21969
27107,MN,Norman County,2020,6436
27107,MN,Norman County,2021,6443
27107,MN,Norman County,2022,6354
27107,MN,Norman County,2023,6318
27107,MN,Norman County,2024,6284
27109,MN,Olmsted County,2020,163041
27109,MN,Olmsted County,2021,163755
27109,MN,Olmsted County,2022,164151
27109,MN,Olmsted County,2023,165119
27109,MN,Olmsted County,2024,166424
27111,MN,Otter Tail County,2020,60068
27111,MN,Otter Tail County,2021,60206
27111,MN,Otter Tail County,2022,60530
27111,MN,Otter Tail County,2023,60687
27111,MN,Otter Tail County,2024,60884
27113,MN,Pennington County,2020,13950
27113,MN,Pennington County,2021,13790
27113,MN,Pennington County,2022,13832
27113,MN,Pennington County,2023,13732
27113,MN,Pennington County,2024,13652
27115,MN,Pine County,2020,28891
27115,MN,Pine County,2021,29410
27115,MN,Pine County,2022,29458
27115,MN,Pine County,2023,30124
27115,MN,Pine County,2024,30319
27117,MN,Pipestone County,2020,9414
27117,MN,Pipestone County,2021,9352
27117,MN,Pipestone County,2022,9320
27117,MN,Pipestone County,2023,9235
27117,MN,Pipestone County,2024,9100
27119,MN,Polk County,2020,31081
27119,MN,Polk County,2021,30831
27119,MN,Polk County,2022,30760
27119,MN,Polk County,2023,30438
27119,MN,Polk County,2024,30413
27121,MN,Pope County,2020,11330
27121,MN,Pope County,2021,11418
27121,MN,Pope County,2022,11429
27121,MN,Pope County,2023,11419
27121,MN,Pope County,2024,11495
27123,MN,Ramsey County,2020,551739
27123,MN,Ramsey County,2021,544068
27123,MN,Ramsey County,2022,538430
27123,MN,Ramsey County,2023,538474
27123,MN,Ramsey County,2024,542015
27125,MN,Red Lake County,2020,3942
27125,MN,Red Lake County,2021,3949
27125,MN,Red Lake County,2022,3888
27125,MN,Red Lake County,2023,3913
27125,MN,Red Lake County,2024,3882
27127,MN,Redwood County,2020,15422
27127,MN,Redwood County,2021,15394
27127,MN,Redwood County,2022,15362
27127,MN,Redwood County,2023,15320
27127,MN,Redwood County,2024,15254
27129,MN,Renville County,2020,14686
27129,MN,Renville County,2021,14600
27129,MN,Renville County,2022,14540
27129,MN,Renville County,2023,14509
27129,MN,Renville County,2024,14453
27131,MN,Rice County,2020,67100
27131,MN,Rice County,2021,67344
27131,MN,Rice County,2022,67696
27131,MN,Rice County,2023,68420
27131,MN,Rice County,2024,69025
27133,MN,Rock County,2020,9687
27133,MN,Rock County,2021,9697
27133,MN,Rock County,2022,9596
27133,MN,Rock County,2023,9601
27133,MN,Rock County,2024,9525
27135,MN,Roseau County,2020,15310
27135,MN,Roseau County,2021,15284
27135,MN,Roseau County,2022,15359
27135,MN,Roseau County,2023,15293
27135,MN,Roseau County,2024,15265
27137,MN,St. Louis County,2020,200083
27137,MN,St. Louis County,2021,199522
27137,MN,St. Louis County,2022,199598
27137,MN,St. Louis County,2023,200618
27137,MN,St. Louis County,2024,200794
27139,MN,Scott County,2020,151356
27139,MN,Scott County,2021,153633
27139,MN,Scott County,2022,154606
27139,MN,Scott County,2023,155986
27139,MN,Scott County,2024,157206
27141,MN,Sherburne County,2020,97589
27141,MN,Sherburne County,2021,99220
27141,MN,Sherburne County,2022,100617
27141,MN,Sherburne County,2023,102313
27141,MN,Sherburne County,2024,103059
27143,MN,Sibley County,2020,14801
27143,MN,Sibley County,2021,14935
27143,MN,Sibley County,2022,14964
27143,MN,Sibley County,2023,15131
27143,MN,Sibley County,2024,15194
27145,MN,Stearns County,2020,158488
27145,MN,Stearns County,2021,159222
27145,MN,Stearns County,2022,160556
27145,MN,Stearns County,2023,162060
27145,MN,Stearns County,2024,163997
27147,MN,Steele County,2020,37381
27147,MN,Steele County,2021,37432
27147,MN,Steele County,2022,37470
27147,MN,Steele County,2023,37476
27147,MN,Steele County,2024,37434
27149,MN,Stevens County,2020,9664
27149,MN,Stevens County,2021,9687
27149,MN,Stevens County,2022,9692
27149,MN,Stevens County,2023,9834
27149,MN,Stevens County,2024,9819
27151,MN,Swift County,2020,9816
27151,MN,Swift County,2021,9800
27151,MN,Swift County,2022,9774
27151,MN,Swift County,2023,9686
27151,MN,Swift County,2024,9666
27153,MN,Todd County,2020,25290
27153,MN,Todd County,2021,25289
27153,MN,Todd County,2022,25568
27153,MN,Todd County,2023,25773
27153,MN,Todd County,2024,25955
27155,MN,Traverse County,2020,3360
27155,MN,Traverse County,2021,3280
27155,MN,Traverse County,2022,3261
27155,MN,Traverse County,2023,3175
27155,MN,Traverse County,2024,3134
27157,MN,Wabasha County,2020,21399
27157,MN,Wabasha County,2021,21512
27157,MN,Wabasha County,2022,21654
27157,MN,Wabasha County,2023,21685
27157,MN,Wabasha County,2024,21574
27159,MN,Wadena County,2020,14120
27159,MN,Wadena County,2021,14146
27159,MN,Wadena County,2022,14284
27159,MN,Wadena County,2023,14293
27159,MN,Wadena County,2024,14437
27161,MN,Waseca County,2020,18955
27161,MN,Waseca County,2021,18997
27161,MN,Waseca County,2022,18884
27161,MN,Waseca County,2023,18905
27161,MN,Waseca County,2024,18684
27163,MN,Washington County,2020,268400
27163,MN,Washington County,2021,272904
27163,MN,Washington County,2022,276530
27163,MN,Washington County,2023,279398
27163,MN,Washington County,2024,283960
27165,MN,Watonwan County,2020,11238
27165,MN,Watonwan County,2021,11161
27165,MN,Watonwan County,2022,11245
27165,MN,Watonwan County,2023,11179
27165,MN,Watonwan County,2024,11204
27167,MN,Wilkin County,2020,6480
27167,MN,Wilkin County,2021,6413
27167,MN,Wilkin County,2022,6363
27167,MN,Wilkin County,2023,6330
27167,MN,Wilkin County,2024,6268
27169,MN,Winona County,2020,49672
27169,MN,Winona County,2021,49819
27169,MN,Winona County,2022,49585
27169,MN,Winona County,2023,49846
27169,MN,Winona County,2024,49973
27171,MN,Wright County,2020,141875
27171,MN,Wright County,2021,145209
27171,MN,Wright County,2022,148218
27171,MN,Wright County,2023,151452
27171,MN,Wright County,2024,154593
27173,MN,Yellow Medicine County,2020,9490
27173,MN,Yellow Medicine County,2021,9437
27173,MN,Yellow Medicine County,2022,9484
27173,MN,Yellow Medicine County,2023,9471
27173,MN,Yellow Medicine County,2024,9373
28001,MS,Adams County,2020,29427
28001,MS,Adams County,2021,28504
28001,MS,Adams County,2022,28558
28001,MS,Adams County,2023,28854
28001,MS,Adams County,2024,28674
28003,MS,Alcorn County,2020,34732
28003,MS,Alcorn County,2021,34344
28003,MS,Alcorn County,2022,34094
28003,MS,Alcorn County,2023,34046
28003,MS,Alcorn County,2024,34228
28005,MS,Amite County,2020,12702
28005,MS,Amite County,2021,12626
28005,MS,Amite County,2022,12572
28005,MS,Amite County,2023,12474
28005,MS,Amite County,2024,12451
28007,MS,Attala County,2020,17817
28007,MS,Attala County,2021,17716
28007,MS,Attala County,2022,17529
28007,MS,Attala County,2023,17346
28007,MS,Attala County,2024,17222
28009,MS,Benton County,2020,7669
28009,MS,Benton County,2021,7645
28009,MS,Benton County,2022,7574
28009,MS,Benton County,2023,7491
28009,MS,Benton County,2024,7566
28011,MS,Bolivar County,2020,30843
28011,MS,Bolivar County,2021,30140
28011,MS,Bolivar County,2022,29443
28011,MS,Bolivar County,2023,28850
28011,MS,Bolivar County,2024,28395
28013,MS,Calhoun County,2020,13216
28013,MS,Calhoun County,2021,12962
28013,MS,Calhoun County,2022,12913
28013,MS,Calhoun County,2023,12766
28013,MS,Calhoun County,2024,12754
28015,MS,Carroll County,2020,9940
28015,MS,Carroll County,2021,9831
28015,MS,Carroll County,2022,9747
28015,MS,Carroll County,2023,9532
28015,MS,Carroll County,2024,9378
28017,MS,Chickasaw County,2020,17083
28017,MS,Chickasaw County,2021,17011
28017,MS,Chickasaw County,2022,16870
28017,MS,Chickasaw County,2023,16838
28017,MS,Chickasaw County,2024,16774
28019,MS,Choctaw County,2020,8207
28019,MS,Choctaw County,2021,8134
28019,MS,Choctaw County,2022,8086
28019,MS,Choctaw County,2023,8072
28019,MS,Choctaw County,2024,8091
28021,MS,Claiborne County,2020,9096
28021,MS,Claiborne County,2021,8668
28021,MS,Claiborne County,2022,8599
28021,MS,Claiborne County,2023,8425
28021,MS,Claiborne County,2024,8122
28023,MS,Clarke County,2020,15547
28023,MS,Clarke County,2021,15417
28023,MS,Clarke County,2022,15212
28023,MS,Clarke County,2023,15240
28023,MS,Clarke County,2024,15155
28025,MS,Clay County,2020,18621
28025,MS,Clay County,2021,18482
28025,MS,Clay County,2022,18334
28025,MS,Clay County,2023,18265
28025,MS,Clay County,2024,18213
28027,MS,Coahoma County,2020,21228
28027,MS,Coahoma County,2021,20712
28027,MS,Coahoma County,2022,20404
28027,MS,Coahoma County,2023,20253
28027,MS,Coahoma County,2024,20105
28029,MS,Copiah County,2020,28271
28029,MS,Copiah County,2021,27918
28029,MS,Copiah County,2022,27811
28029,MS,Copiah County,2023,27737
28029,MS,Copiah County,2024,27536
28031,MS,Covington County,2020,18301
28031,MS,Covington County,2021,18280
28031,MS,Covington County,2022,18126
28031,MS,Covington County,2023,18020
28031,MS,Covington County,2024,18015
28033,MS,DeSoto County,2020,186129
28033,MS,DeSoto County,2021,188957
28033,MS,DeSoto County,2022,191585
28033,MS,DeSoto County,2023,193961
28033,MS,DeSoto County,2024,195871
28035,MS,Forrest County,2020,78212
28035,MS,Forrest County,2021,77996
28035,MS,Forrest County,2022,78284
28035,MS,Forrest County,2023,78432
28035,MS,Forrest County,2024,78435
28037,MS,Franklin County,2020,7661
28037,MS,Franklin County,2021,7686
28037,MS,Franklin County,2022,7619
28037,MS,Franklin County,2023,7626
28037,MS,Franklin County,2024,7516
28039,MS,George County,2020,24367
28039,MS,George County,2021,24795
28039,MS,George County,2022,25219
28039,MS,George County,2023,25589
28039,MS,George County,2024,25880
28041,MS,Greene County,2020,13529
28041,MS,Greene County,2021,13664
28041,MS,Greene County,2022,13583
28041,MS,Greene County,2023,13625
28041,MS,Greene County,2024,13675
28043,MS,Grenada County,2020,21577
28043,MS,Grenada County,2021,21324
28043,MS,Grenada County,2022,21152
28043,MS,Grenada County,2023,21103
28043,MS,Grenada County,2024,20931
28045,MS,Hancock County,2020,46130
28045,MS,Hancock County,2021,46004
28045,MS,Hancock County,2022,46047
28045,MS,Hancock County,2023,46161
28045,MS,Hancock County,2024,46492
28047,MS,Harrison County,2020,208835
28047,MS,Harrison County,2021,209526
28047,MS,Harrison County,2022,210972
28047,MS,Harrison County,2023,211394
28047,MS,Harrison County,2024,213730
28049,MS,Hinds County,2020,226772
28049,MS,Hinds County,2021,222017
28049,MS,Hinds County,2022,217383
28049,MS,Hinds County,2023,214517
28049,MS,Hinds County,2024,211975
28051,MS,Holmes County,2020,16876
28051,MS,Holmes County,2021,16535
28051,MS,Holmes County,2022,16147
28051,MS,Holmes County,2023,15836
28051,MS,Holmes County,2024,15560
28053,MS,Humphreys County,2020,7735
28053,MS,Humphreys County,2021,7558
28053,MS,Humphreys County,2022,7342
28053,MS,Humphreys County,2023,7217
28053,MS,Humphreys County,2024,7121
28055,MS,Issaquena County,2020,1325
28055,MS,Issaquena County,2021,1318
28055,MS,Issaquena County,2022,1284
28055,MS,Issaquena County,2023,1280
28055,MS,Issaquena County,2024,1295
28057,MS,Itawamba County,2020,23865
28057,MS,Itawamba County,2021,23945
28057,MS,Itawamba County,2022,24034
28057,MS,Itawamba County,2023,24139
28057,MS,Itawamba County,2024,24198
28059,MS,Jackson County,2020,143378
28059,MS,Jackson County,2021,144482
28059,MS,Jackson County,2022,145218
28059,MS,Jackson County,2023,146165
28059,MS,Jackson County,2024,147002
28061,MS,Jasper County,2020,16352
28061,MS,Jasper County,2021,16155
28061,MS,Jasper County,2022,16020
28061,MS,Jasper County,2023,15970
28061,MS,Jasper County,2024,15799
28063,MS,Jefferson County,2020,7245
28063,MS,Jefferson County,2021,7137
28063,MS,Jefferson County,2022,7086
28063,MS,Jefferson County,2023,6974
28063,MS,Jefferson County,2024,6900
28065,MS,Jefferson Davis County,2020,11274
28065,MS,Jefferson Davis County,2021,11170
28065,MS,Jefferson Davis County,2022,11086
28065,MS,Jefferson Davis County,2023,10997
28065,MS,Jefferson Davis County,2024,11059
28067,MS,Jones County,2020,67173
28067,MS,Jones County,2021,66747
28067,MS,Jones County,2022,66464
28067,MS,Jones County,2023,66141
28067,MS,Jones County,2024,65837
28069,MS,Kemper County,2020,8962
28069,MS,Kemper County,2021,8809
28069,MS,Kemper County,2022,8692
28069,MS,Kemper County,2023,8620
28069,MS,Kemper County,2024,8562
28071,MS,Lafayette County,2020,55916
28071,MS,Lafayette County,2021,57700
28071,MS,Lafayette County,2022,58776
28071,MS,Lafayette County,2023,59400
28071,MS,Lafayette County,2024,59843
28073,MS,Lamar County,2020,64393
28073,MS,Lamar County,2021,65420
28073,MS,Lamar County,2022,65811
28073,MS,Lamar County,2023,66207
28073,MS,Lamar County,2024,66734
28075,MS,Lauderdale County,2020,72676
28075,MS,Lauderdale County,2021,72032
28075,MS,Lauderdale County,2022,71323
28075,MS,Lauderdale County,2023,70901
28075,MS,Lauderdale County,2024,70588
28077,MS,Lawrence County,2020,11984
28077,MS,Lawrence County,2021,11790
28077,MS,Lawrence County,2022,11766
28077,MS,Lawrence County,2023,11718
28077,MS,Lawrence County,2024,11672
28079,MS,Leake County,2020,21250
28079,MS,Leake County,2021,21270
28079,MS,Leake County,2022,21279
28079,MS,Leake County,2023,21336
28079,MS,Leake County,2024,21462
28081,MS,Lee County,2020,83319
28081,MS,Lee County,2021,83002
28081,MS,Lee County,2022,82946
28081,MS,Lee County,2023,82893
28081,MS,Lee County,2024,83012
28083,MS,Leflore County,2020,28341
28083,MS,Leflore County,2021,27676
28083,MS,Leflore County,2022,26938
28083,MS,Leflore County,2023,26595
28083,MS,Leflore County,2024,26157
28085,MS,Lincoln County,2020,34844
28085,MS,Lincoln County,2021,34961
28085,MS,Lincoln County,2022,34807
28085,MS,Lincoln County,2023,34815
28085,MS,Lincoln County,2024,34956
28087,MS,Lowndes County,2020,58783
28087,MS,Lowndes County,2021,58133
28087,MS,Lowndes County,2022,57694
28087,MS,Lowndes County,2023,57369
28087,MS,Lowndes County,2024,57210
28089,MS,Madison County,2020,109252
28089,MS,Madison County,2021,109972
28089,MS,Madison County,2022,111694
28089,MS,Madison County,2023,113068
28089,MS,Madison County,2024,114247
28091,MS,Marion County,2020,24376
28091,MS,Marion County,2021,24308
28091,MS,Marion County,2022,24142
28091,MS,Marion County,2023,24133
28091,MS,Marion County,2024,24008
28093,MS,Marshall County,2020,33783
28093,MS,Marshall County,2021,33660
28093,MS,Marshall County,2022,33897
28093,MS,Marshall County,2023,34180
28093,MS,Marshall County,2024,34374
28095,MS,Monroe County,2020,34135
28095,MS,Monroe County,2021,33918
28095,MS,Monroe County,2022,33561
28095,MS,Monroe County,2023,33636
28095,MS,Monroe County,2024,33483
28097,MS,Montgomery County,2020,9793
28097,MS,Montgomery County,2021,9696
28097,MS,Montgomery County,2022,9547
28097,MS,Montgomery County,2023,9565
28097,MS,Montgomery County,2024,9411
28099,MS,Neshoba County,2020,29003
28099,MS,Neshoba County,2021,28923
28099,MS,Neshoba County,2022,28854
28099,MS,Neshoba County,2023,28908
28099,MS,Neshoba County,2024,28973
28101,MS,Newton County,2020,21254
28101,MS,Newton County,2021,21088
28101,MS,Newton County,2022,21017
28101,MS,Newton County,2023,21041
28101,MS,Newton County,2024,21063
28103,MS,Noxubee County,2020,10226
28103,MS,Noxubee County,2021,10116
28103,MS,Noxubee County,2022,10019
28103,MS,Noxubee County,2023,9938
28103,MS,Noxubee County,2024,9825
28105,MS,Oktibbeha County,2020,51705
28105,MS,Oktibbeha County,2021,51803
28105,MS,Oktibbeha County,2022,51661
28105,MS,Oktibbeha County,2023,51721
28105,MS,Oktibbeha County,2024,51965
28107,MS,Panola County,2020,33170
28107,MS,Panola County,2021,32902
28107,MS,Panola County,2022,32553
28107,MS,Panola County,2023,32651
28107,MS,Panola County,2024,32764
28109,MS,Pearl River County,2020,56207
28109,MS,Pearl River County,2021,56519
28109,MS,Pearl River County,2022,57338
28109,MS,Pearl River County,2023,58198
28109,MS,Pearl River County,2024,59030
28111,MS,Perry County,2020,11459
28111,MS,Perry County,2021,11507
28111,MS,Perry County,2022,11440
28111,MS,Perry County,2023,11433
28111,MS,Perry County,2024,11406
28113,MS,Pike County,2020,40193
28113,MS,Pike County,2021,39976
28113,MS,Pike County,2022,39592
28113,MS,Pike County,2023,39271
28113,MS,Pike County,2024,38980
28115,MS,Pontotoc County,2020,31195
28115,MS,Pontotoc County,2021,31332
28115,MS,Pontotoc County,2022,31449
28115,MS,Pontotoc County,2023,31761
28115,MS,Pontotoc County,2024,32014
28117,MS,Prentiss County,2020,24974
28117,MS,Prentiss County,2021,25052
28117,MS,Prentiss County,2022,25094
28117,MS,Prentiss County,2023,25310
28117,MS,Prentiss County,2024,25489
28119,MS,Quitman County,2020,6153
28119,MS,Quitman County,2021,5897
28119,MS,Quitman County,2022,5683
28119,MS,Quitman County,2023,5592
28119,MS,Quitman County,2024,5542
28121,MS,Rankin County,2020,157175
28121,MS,Rankin County,2021,157600
28121,MS,Rankin County,2022,158733
28121,MS,Rankin County,2023,160184
28121,MS,Rankin County,2024,160573
28123,MS,Scott County,2020,27977
28123,MS,Scott County,2021,27617
28123,MS,Scott County,2022,27710
28123,MS,Scott County,2023,27619
28123,MS,Scott County,2024,27666
28125,MS,Sharkey County,2020,3774
28125,MS,Sharkey County,2021,3629
28125,MS,Sharkey County,2022,3483
28125,MS,Sharkey County,2023,3378
28125,MS,Sharkey County,2024,3234
28127,MS,Simpson County,2020,25890
28127,MS,Simpson County,2021,25699
28127,MS,Simpson County,2022,25615
28127,MS,Simpson County,2023,25653
28127,MS,Simpson County,2024,25597
28129,MS,Smith County,2020,14205
28129,MS,Smith County,2021,14199
28129,MS,Smith County,2022,14095
28129,MS,Smith County,2023,14108
28129,MS,Smith County,2024,14051
28131,MS,Stone County,2020,18329
28131,MS,Stone County,2021,18736
28131,MS,Stone County,2022,18834
28131,MS,Stone County,2023,19004
28131,MS,Stone County,2024,19569
28133,MS,Sunflower County,2020,25702
28133,MS,Sunflower County,2021,24681
28133,MS,Sunflower County,2022,24314
28133,MS,Sunflower County,2023,23940
28133,MS,Sunflower County,2024,23029
28135,MS,Tallahatchie County,2020,12647
28135,MS,Tallahatchie County,2021,12015
28135,MS,Tallahatchie County,2022,11762
28135,MS,Tallahatchie County,2023,11517
28135,MS,Tallahatchie County,2024,10941
28137,MS,Tate County,2020,28119
28137,MS,Tate County,2021,28173
28137,MS,Tate County,2022,28372
28137,MS,Tate County,2023,28389
28137,MS,Tate County,2024,28551
28139,MS,Tippah County,2020,21737
28139,MS,Tippah County,2021,21599
28139,MS,Tippah County,2022,21480
28139,MS,Tippah County,2023,21377
28139,MS,Tippah County,2024,21423
28141,MS,Tishomingo County,2020,18854
28141,MS,Tishomingo County,2021,18745
28141,MS,Tishomingo County,2022,18626
28141,MS,Tishomingo County,2023,18524
28141,MS,Tishomingo County,2024,18553
28143,MS,Tunica County,2020,9734
28143,MS,Tunica County,2021,9644
28143,MS,Tunica County,2022,9461
28143,MS,Tunica County,2023,9380
28143,MS,Tunica County,2024,9157
28145,MS,Union County,2020,27814
28145,MS,Union County,2021,28029
28145,MS,Union County,2022,28130
28145,MS,Union County,2023,28275
28145,MS,Union County,2024,28363
28147,MS,Walthall County,2020,13873
28147,MS,Walthall County,2021,13835
28147,MS,Walthall County,2022,13815
28147,MS,Walthall County,2023,13835
28147,MS,Walthall County,2024,13839
28149,MS,Warren County,2020,44550
28149,MS,Warren County,2021,43440
28149,MS,Warren County,2022,42684
28149,MS,Warren County,2023,42323
28149,MS,Warren County,2024,42105
28151,MS,Washington County,2020,44648
28151,MS,Washington County,2021,43605
28151,MS,Washington County,2022,42490
28151,MS,Washington County,2023,41902
28151,MS,Washington County,2024,41181
28153,MS,Wayne County,2020,19807
28153,MS,Wayne County,2021,19672
28153,MS,Wayne County,2022,19617
28153,MS,Wayne County,2023,19743
28153,MS,Wayne County,2024,19749
28155,MS,Webster County,2020,9904
28155,MS,Webster County,2021,9975
28155,MS,Webster County,2022,9953
28155,MS,Webster County,2023,9989
28155,MS,Webster County,2024,10039
28157,MS,Wilkinson County,2020,8524
28157,MS,Wilkinson County,2021,8303
28157,MS,Wilkinson County,2022,8175
28157,MS,Wilkinson County,2023,7988
28157,MS,Wilkinson County,2024,7820
28159,MS,Winston County,2020,17686
28159,MS,Winston County,2021,17573
28159,MS,Winston County,2022,17527
28159,MS,Winston County,2023,17476
28159,MS,Winston County,2024,17418
28161,MS,Yalobusha County,2020,12436
28161,MS,Yalobusha County,2021,12438
28161,MS,Yalobusha County,2022,12395
28161,MS,Yalobusha County,2023,12369
28161,MS,Yalobusha County,2024,12458
28163,MS,Yazoo County,2020,26670
28163,MS,Yazoo County,2021,25336
28163,MS,Yazoo County,2022,24698
28163,MS,Yazoo County,2023,24603
28163,MS,Yazoo County,2024,23373
29001,MO,Adair County,2020,25272
29001,MO,Adair County,2021,25188
29001,MO,Adair County,2022,25155
29001,MO,Adair County,2023,25231
29001,MO,Adair County,2024,25660
29003,MO,Andrew County,2020,18102
29003,MO,Andrew County,2021,18015
29003,MO,Andrew County,2022,18008
29003,MO,Andrew County,2023,18109
29003,MO,Andrew County,2024,18091
29005,MO,Atchison County,2020,5305
29005,MO,Atchison County,2021,5210
29005,MO,Atchison County,2022,5163
29005,MO,Atchison County,2023,5116
29005,MO,Atchison County,2024,5139
29007,MO,Audrain County,2020,24781
29007,MO,Audrain County,2021,24858
29007,MO,Audrain County,2022,24455
29007,MO,Audrain County,2023,24342
29007,MO,Audrain County,2024,24304
29009,MO,Barry County,2020,34542
29009,MO,Barry County,2021,34762
29009,MO,Barry County,2022,34931
29009,MO,Barry County,2023,35310
29009,MO,Barry County,2024,35618
29011,MO,Barton County,2020,11623
29011,MO,Barton County,2021,11670
29011,MO,Barton County,2022,11695
29011,MO,Barton County,2023,11743
29011,MO,Barton County,2024,11717
29013,MO,Bates County,2020,16053
29013,MO,Bates County,2021,16099
29013,MO,Bates County,2022,16156
29013,MO,Bates County,2023,16226
29013,MO,Bates County,2024,16394
29015,MO,Benton County,2020,19425
29015,MO,Benton County,2021,19940
29015,MO,Benton County,2022,20216
29015,MO,Benton County,2023,20560
29015,MO,Benton County,2024,20614
29017,MO,Bollinger County,2020,10555
29017,MO,Bollinger County,2021,10582
29017,MO,Bollinger County,2022,10510
29017,MO,Bollinger County,2023,10536
29017,MO,Bollinger County,2024,10610
29019,MO,Boone County,2020,184050
29019,MO,Boone County,2021,186132
29019,MO,Boone County,2022,187743
29019,MO,Boone County,2023,190138
29019,MO,Boone County,2024,192154
29021,MO,Buchanan County,2020,84472
29021,MO,Buchanan County,2021,83636
29021,MO,Buchanan County,2022,82956
29021,MO,Buchanan County,2023,83201
29021,MO,Buchanan County,2024,83574
29023,MO,Butler County,2020,42063
29023,MO,Butler County,2021,42163
29023,MO,Butler County,2022,42150
29023,MO,Butler County,2023,41910
29023,MO,Butler County,2024,41814
29025,MO,Caldwell County,2020,8821
29025,MO,Caldwell County,2021,8900
29025,MO,Caldwell County,2022,8939
29025,MO,Caldwell County,2023,8976
29025,MO,Caldwell County,2024,9000
29027,MO,Callaway County,2020,44346
29027,MO,Callaway County,2021,44655
29027,MO,Callaway County,2022,44760
29027,MO,Callaway County,2023,44818
29027,MO,Callaway County,2024,45126
29029,MO,Camden County,2020,42807
29029,MO,Camden County,2021,43513
29029,MO,Camden County,2022,43779
29029,MO,Camden County,2023,44099
29029,MO,Camden County,2024,44135
29031,MO,Cape Girardeau County,2020,81824
29031,MO,Cape Girardeau County,2021,82144
29031,MO,Cape Girardeau County,2022,82940
29031,MO,Cape Girardeau County,2023,83110
29031,MO,Cape Girardeau County,2024,83658
29033,MO,Carroll County,2020,8464
29033,MO,Carroll County,2021,8398
29033,MO,Carroll County,2022,8410
29033,MO,Carroll County,2023,8367
29033,MO,Carroll County,2024,8414
29035,MO,Carter County,2020,5205
29035,MO,Carter County,2021,5325
29035,MO,Carter County,2022,5267
29035,MO,Carter County,2023,5329
29035,MO,Carter County,2024,5359
29037,MO,Cass County,2020,108162
29037,MO,Cass County,2021,109792
29037,MO,Cass County,2022,110345
29037,MO,Cass County,2023,111695
29037,MO,Cass County,2024,113873
29039,MO,Cedar County,2020,14214
29039,MO,Cedar County,2021,14519
29039,MO,Cedar County,2022,14612
29039,MO,Cedar County,2023,14706
29039,MO,Cedar County,2024,15023
29041,MO,Chariton County,2020,7390
29041,MO,Chariton County,2021,7367
29041,MO,Chariton County,2022,7395
29041,MO,Chariton County,2023,7403
29041,MO,Chariton County,2024,7397
29043,MO,Christian County,2020,89294
29043,MO,Christian County,2021,91636
29043,MO,Christian County,2022,93130
29043,MO,Christian County,2023,94469
29043,MO,Christian County,2024,96045
29045,MO,Clark County,2020,6658
29045,MO,Clark County,2021,6734
29045,MO,Clark County,2022,6714
29045,MO,Clark County,2023,6648
29045,MO,Clark County,2024,6623
29047,MO,Clay County,2020,254145
29047,MO,Clay County,2021,255908
29047,MO,Clay County,2022,257037
29047,MO,Clay County,2023,260150
29047,MO,Clay County,2024,263370
29049,MO,Clinton County,2020,21218
29049,MO,Clinton County,2021,21222
29049,MO,Clinton County,2022,21339
29049,MO,Clinton County,2023,21569
29049,MO,Clinton County,2024,21721
29051,MO,Cole County,2020,76624
29051,MO,Cole County,2021,76616
29051,MO,Cole County,2022,76977
29051,MO,Cole County,2023,77318
29051,MO,Cole County,2024,77625
29053,MO,Cooper County,2020,16647
29053,MO,Cooper County,2021,16682
29053,MO,Cooper County,2022,16741
29053,MO,Cooper County,2023,16926
29053,MO,Cooper County,2024,17122
29055,MO,Crawford County,2020,23036
29055,MO,Crawford County,2021,22826
29055,MO,Crawford County,2022,22622
29055,MO,Crawford County,2023,22691
29055,MO,Crawford County,2024,22808
29057,MO,Dade County,2020,7586
29057,MO,Dade County,2021,7600
29057,MO,Dade County,2022,7679
29057,MO,Dade County,2023,7719
29057,MO,Dade County,2024,7622
29059,MO,Dallas County,2020,17132
29059,MO,Dallas County,2021,17344
29059,MO,Dallas County,2022,17610
29059,MO,Dallas County,2023,17793
29059,MO,Dallas County,2024,17877
29061,MO,Daviess County,2020,8433
29061,MO,Daviess County,2021,8404
29061,MO,Daviess County,2022,8455
29061,MO,Daviess County,2023,8554
29061,MO,Daviess County,2024,8541
29063,MO,DeKalb County,2020,11596
29063,MO,DeKalb County,2021,11695
29063,MO,DeKalb County,2022,11307
29063,MO,DeKalb County,2023,10742
29063,MO,DeKalb County,2024,9884
29065,MO,Dent County,2020,14389
29065,MO,Dent County,2021,14461
29065,MO,Dent County,2022,14471
29065,MO,Dent County,2023,14654
29065,MO,Dent County,2024,14721
29067,MO,Douglas County,2020,11600
29067,MO,Douglas County,2021,11746
29067,MO,Douglas County,2022,11967
29067,MO,Douglas County,2023,12224
29067,MO,Douglas County,2024,12290
29069,MO,Dunklin County,2020,28216
29069,MO,Dunklin County,2021,27739
29069,MO,Dunklin County,2022,27444
29069,MO,Dunklin County,2023,27066
29069,MO,Dunklin County,2024,27002
29071,MO,Franklin County,2020,104867
29071,MO,Franklin County,2021,105317
29071,MO,Franklin County,2022,105865
29071,MO,Franklin County,2023,106444
29071,MO,Franklin County,2024,107256
29073,MO,Gasconade County,2020,14763
29073,MO,Gasconade County,2021,14782
29073,MO,Gasconade County,2022,14800
29073,MO,Gasconade County,2023,14731
29073,MO,Gasconade County,2024,14655
29075,MO,Gentry County,2020,6136
29075,MO,Gentry County,2021,6189
29075,MO,Gentry County,2022,6291
29075,MO,Gentry County,2023,6311
29075,MO,Gentry County,2024,6298
29077,MO,Greene County,2020,299332
29077,MO,Greene County,2021,301137
29077,MO,Greene County,2022,303336
29077,MO,Greene County,2023,305130
29077,MO,Greene County,2024,307942
29079,MO,Grundy County,2020,9757
29079,MO,Grundy County,2021,9762
29079,MO,Grundy County,2022,9828
29079,MO,Grundy County,2023,9807
29079,MO,Grundy County,2024,9766
29081,MO,Harrison County,2020,8157
29081,MO,Harrison County,2021,8179
29081,MO,Harrison County,2022,8213
29081,MO,Harrison County,2023,8216
29081,MO,Harrison County,2024,8186
29083,MO,Henry County,2020,21982
29083,MO,Henry County,2021,22220
29083,MO,Henry County,2022,22404
29083,MO,Henry County,2023,22457
29083,MO,Henry County,2024,22575
29085,MO,Hickory County,2020,8298
29085,MO,Hickory County,2021,8572
29085,MO,Hickory County,2022,8576
29085,MO,Hickory County,2023,8715
29085,MO,Hickory County,2024,8766
29087,MO,Holt County,2020,4191
29087,MO,Holt County,2021,4234
29087,MO,Holt County,2022,4265
29087,MO,Holt County,2023,4266
29087,MO,Holt County,2024,4241
29089,MO,Howard County,2020,10157
29089,MO,Howard County,2021,10144
29089,MO,Howard County,2022,10169
29089,MO,Howard County,2023,10116
29089,MO,Howard County,2024,10150
29091,MO,Howell County,2020,39806
29091,MO,Howell County,2021,40026
29091,MO,Howell County,2022,40612
29091,MO,Howell County,2023,40707
29091,MO,Howell County,2024,40762
29093,MO,Iron County,2020,9513
29093,MO,Iron County,2021,9431
29093,MO,Iron County,2022,9411
29093,MO,Iron County,2023,9454
29093,MO,Iron County,2024,9420
29095,MO,Jackson County,2020,717662
29095,MO,Jackson County,2021,717993
29095,MO,Jackson County,2022,716580
29095,MO,Jackson County,2023,720283
29095,MO,Jackson County,2024,727362
29097,MO,Jasper County,2020,122896
29097,MO,Jasper County,2021,123324
29097,MO,Jasper County,2022,123969
29097,MO,Jasper County,2023,125117
29097,MO,Jasper County,2024,126479
29099,MO,Jefferson County,2020,226947
29099,MO,Jefferson County,2021,228030
29099,MO,Jefferson County,2022,229268
29099,MO,Jefferson County,2023,231155
29099,MO,Jefferson County,2024,231888
29101,MO,Johnson County,2020,54039
29101,MO,Johnson County,2021,54209
29101,MO,Johnson County,2022,54423
29101,MO,Johnson County,2023,55107
29101,MO,Johnson County,2024,55880
29103,MO,Knox County,2020,3739
29103,MO,Knox County,2021,3786
29103,MO,Knox County,2022,3777
29103,MO,Knox County,2023,3736
29103,MO,Knox County,2024,3740
29105,MO,Laclede County,2020,36046
29105,MO,Laclede County,2021,36163
29105,MO,Laclede County,2022,36330
29105,MO,Laclede County,2023,36674
29105,MO,Laclede County,2024,36738
29107,MO,Lafayette County,2020,33050
29107,MO,Lafayette County,2021,32835
29107,MO,Lafayette County,2022,32937
29107,MO,Lafayette County,2023,33244
29107,MO,Lafayette County,2024,33511
29109,MO,Lawrence County,2020,37998
29109,MO,Lawrence County,2021,38263
29109,MO,Lawrence County,2022,38672
29109,MO,Lawrence County,2023,38879
29109,MO,Lawrence County,2024,39151
29111,MO,Lewis County,2020,10039
29111,MO,Lewis County,2021,10000
29111,MO,Lewis County,2022,9888
29111,MO,Lewis County,2023,9840
29111,MO,Lewis County,2024,9852
29113,MO,Lincoln County,2020,59857
29113,MO,Lincoln County,2021,61651
29113,MO,Lincoln County,2022,63184
29113,MO,Lincoln County,2023,64707
29113,MO,Lincoln County,2024,65888
29115,MO,Linn County,2020,11857
29115,MO,Linn County,2021,11844
29115,MO,Linn County,2022,11842
29115,MO,Linn County,2023,11808
29115,MO,Linn County,2024,11910
29117,MO,Livingston County,2020,13990
29117,MO,Livingston County,2021,14206
29117,MO,Livingston County,2022,14365
29117,MO,Livingston County,2023,14595
29117,MO,Livingston County,2024,14658
29119,MO,McDonald County,2020,23278
29119,MO,McDonald County,2021,23432
29119,MO,McDonald County,2022,23623
29119,MO,McDonald County,2023,24117
29119,MO,McDonald County,2024,24054
29121,MO,Macon County,2020,15199
29121,MO,Macon County,2021,15183
29121,MO,Macon County,2022,15084
29121,MO,Macon County,2023,15173
29121,MO,Macon County,2024,15177
29123,MO,Madison County,2020,12625
29123,MO,Madison County,2021,12665
29123,MO,Madison County,2022,12763
29123,MO,Madison County,2023,12739
29123,MO,Madison County,2024,12852
29125,MO,Maries County,2020,8451
29125,MO,Maries County,2021,8418
29125,MO,Maries County,2022,8434
29125,MO,Maries County,2023,8441
29125,MO,Maries County,2024,8506
29127,MO,Marion County,2020,28493
29127,MO,Marion County,2021,28564
29127,MO,Marion County,2022,28489
29127,MO,Marion County,2023,28312
29127,MO,Marion County,2024,28425
29129,MO,Mercer County,2020,3512
29129,MO,Mercer County,2021,3480
29129,MO,Mercer County,2022,3469
29129,MO,Mercer County,2023,3499
29129,MO,Mercer County,2024,3452
29131,MO,Miller County,2020,24778
29131,MO,Miller County,2021,24949
29131,MO,Miller County,2022,25384
29131,MO,Miller County,2023,25566
29131,MO,Miller County,2024,25668
29133,MO,Mississippi County,2020,12121
29133,MO,Mississippi County,2021,12105
29133,MO,Mississippi County,2022,11683
29133,MO,Mississippi County,2023,11852
29133,MO,Mississippi County,2024,11750
29135,MO,Moniteau County,2020,15216
29135,MO,Moniteau County,2021,15313
29135,MO,Moniteau County,2022,15241
29135,MO,Moniteau County,2023,15245
29135,MO,Moniteau County,2024,15294
29137,MO,Monroe County,2020,8693
29137,MO,Monroe County,2021,8708
29137,MO,Monroe County,2022,8650
29137,MO,Monroe County,2023,8731
29137,MO,Monroe County,2024,8890
29139,MO,Montgomery County,2020,11286
29139,MO,Montgomery County,2021,11440
29139,MO,Montgomery County,2022,11463
29139,MO,Montgomery County,2023,11430
29139,MO,Montgomery County,2024,11511
29141,MO,Morgan County,2020,21001
29141,MO,Morgan County,2021,21441
29141,MO,Morgan County,2022,21781
29141,MO,Morgan County,2023,21963
29141,MO,Morgan County,2024,22399
29143,MO,New Madrid County,2020,16329
29143,MO,New Madrid County,2021,16039
29143,MO,New Madrid County,2022,15686
29143,MO,New Madrid County,2023,15388
29143,MO,New Madrid County,2024,15212
29145,MO,Newton County,2020,58699
29145,MO,Newton County,2021,59451
29145,MO,Newton County,2022,60107
29145,MO,Newton County,2023,60813
29145,MO,Newton County,2024,61519
29147,MO,Nodaway County,2020,20999
29147,MO,Nodaway County,2021,20984
29147,MO,Nodaway County,2022,20690
29147,MO,Nodaway County,2023,20693
29147,MO,Nodaway County,2024,20503
29149,MO,Oregon County,2020,8611
29149,MO,Oregon County,2021,8628
29149,MO,Oregon County,2022,8709
29149,MO,Oregon County,2023,8719
29149,MO,Oregon County,2024,8699
29151,MO,Osage County,2020,13255
29151,MO,Osage County,2021,13397
29151,MO,Osage County,2022,13399
29151,MO,Osage County,2023,13479
29151,MO,Osage County,2024,13478
29153,MO,Ozark County,2020,8519
29153,MO,Ozark County,2021,8790
29153,MO,Ozark County,2022,8970
29153,MO,Ozark County,2023,8996
29153,MO,Ozark County,2024,9090
29155,MO,Pemiscot County,2020,15589
29155,MO,Pemiscot County,2021,15246
29155,MO,Pemiscot County,2022,14880
29155,MO,Pemiscot County,2023,14669
29155,MO,Pemiscot County,2024,14407
29157,MO,Perry County,2020,18971
29157,MO,Perry County,2021,18975
29157,MO,Perry County,2022,18882
29157,MO,Perry County,2023,18950
29157,MO,Perry County,2024,19100
29159,MO,Pettis County,2020,43004
29159,MO,Pettis County,2021,43220
29159,MO,Pettis County,2022,43381
29159,MO,Pettis County,2023,43591
29159,MO,Pettis County,2024,43791
29161,MO,Phelps County,2020,44568
29161,MO,Phelps County,2021,44912
29161,MO,Phelps County,2022,45301
29161,MO,Phelps County,2023,45517
29161,MO,Phelps County,2024,45672
29163,MO,Pike County,2020,17413
29163,MO,Pike County,2021,17606
29163,MO,Pike County,2022,17650
29163,MO,Pike County,2023,17927
29163,MO,Pike County,2024,17961
29165,MO,Platte County,2020,107190
29165,MO,Platte County,2021,108752
29165,MO,Platte County,2022,110593
29165,MO,Platte County,2023,112112
29165,MO,Platte County,2024,113207
29167,MO,Polk County,2020,31616
29167,MO,Polk County,2021,32047
29167,MO,Polk County,2022,32669
29167,MO,Polk County,2023,32818
29167,MO,Polk County,2024,33070
29169,MO,Pulaski County,2020,54039
29169,MO,Pulaski County,2021,53816
29169,MO,Pulaski County,2022,53824
29169,MO,Pulaski County,2023,53829
29169,MO,Pulaski County,2024,53964
29171,MO,Putnam County,2020,4685
29171,MO,Putnam County,2021,4692
29171,MO,Putnam County,2022,4653
29171,MO,Putnam County,2023,4639
29171,MO,Putnam County,2024,4539
29173,MO,Ralls County,2020,10354
29173,MO,Ralls County,2021,10365
29173,MO,Ralls County,2022,10419
29173,MO,Ralls County,2023,10501
29173,MO,Ralls County,2024,10499
29175,MO,Randolph County,2020,24457
29175,MO,Randolph County,2021,24569
29175,MO,Randolph County,2022,24619
29175,MO,Randolph County,2023,24105
29175,MO,Randolph County,2024,24077
29177,MO,Ray County,2020,23135
29177,MO,Ray County,2021,23095
29177,MO,Ray County,2022,23119
29177,MO,Ray County,2023,23178
29177,MO,Ray County,2024,23199
29179,MO,Reynolds County,2020,6079
29179,MO,Reynolds County,2021,6084
29179,MO,Reynolds County,2022,5994
29179,MO,Reynolds County,2023,5965
29179,MO,Reynolds County,2024,5927
29181,MO,Ripley County,2020,10670
29181,MO,Ripley County,2021,10648
29181,MO,Ripley County,2022,10699
29181,MO,Ripley County,2023,10809
29181,MO,Ripley County,2024,10715
29183,MO,St. Charles County,2020,406423
29183,MO,St. Charles County,2021,410515
29183,MO,St. Charles County,2022,414055
29183,MO,St. Charles County,2023,417958
29183,MO,St. Charles County,2024,423726
29185,MO,St. Clair County,2020,9346
29185,MO,St. Clair County,2021,9416
29185,MO,St. Clair County,2022,9581
29185,MO,St. Clair County,2023,9743
29185,MO,St. Clair County,2024,9848
29186,MO,Ste. Genevieve County,2020,18478
29186,MO,Ste. Genevieve County,2021,18576
29186,MO,Ste. Genevieve County,2022,18614
29186,MO,Ste. Genevieve County,2023,18640
29186,MO,Ste. Genevieve County,2024,18546
29187,MO,St. Francois County,2020,66446
29187,MO,St. Francois County,2021,67015
29187,MO,St. Francois County,2022,66938
29187,MO,St. Francois County,2023,67094
29187,MO,St. Francois County,2024,67503
29189,MO,St. Louis County,2020,1003376
29189,MO,St. Louis County,2021,998785
29189,MO,St. Louis County,2022,991881
29189,MO,St. Louis County,2023,990875
29189,MO,St. Louis County,2024,992929
29195,MO,Saline County,2020,23339
29195,MO,Saline County,2021,23263
29195,MO,Saline County,2022,23016
29195,MO,Saline County,2023,23212
29195,MO,Saline County,2024,23325
29197,MO,Schuyler County,2020,4010
29197,MO,Schuyler County,2021,4020
29197,MO,Schuyler County,2022,4016
29197,MO,Schuyler County,2023,4073
29197,MO,Schuyler County,2024,4069
29199,MO,Scotland County,2020,4705
29199,MO,Scotland County,2021,4674
29199,MO,Scotland County,2022,4653
29199,MO,Scotland County,2023,4698
29199,MO,Scotland County,2024,4698
29201,MO,Scott County,2020,38022
29201,MO,Scott County,2021,37894
29201,MO,Scott County,2022,37869
29201,MO,Scott County,2023,37923
29201,MO,Scott County,2024,37957
29203,MO,Shannon County,2020,7035
29203,MO,Shannon County,2021,7100
29203,MO,Shannon County,2022,7223
29203,MO,Shannon County,2023,7254
29203,MO,Shannon County,2024,7275
29205,MO,Shelby County,2020,6095
29205,MO,Shelby County,2021,5974
29205,MO,Shelby County,2022,6004
29205,MO,Shelby County,2023,5930
29205,MO,Shelby County,2024,5926
29207,MO,Stoddard County,2020,28650
29207,MO,Stoddard County,2021,28522
29207,MO,Stoddard County,2022,28366
29207,MO,Stoddard County,2023,28372
29207,MO,Stoddard County,2024,28438
29209,MO,Stone County,2020,31205
29209,MO,Stone County,2021,31590
29209,MO,Stone County,2022,32137
29209,MO,Stone County,2023,32680
29209,MO,Stone County,2024,32630
29211,MO,Sullivan County,2020,5976
29211,MO,Sullivan County,2021,5891
29211,MO,Sullivan County,2022,5828
29211,MO,Sullivan County,2023,5841
29211,MO,Sullivan County,2024,5750
29213,MO,Taney County,2020,56064
29213,MO,Taney County,2021,56313
29213,MO,Taney County,2022,56736
29213,MO,Taney County,2023,56790
29213,MO,Taney County,2024,56744
29215,MO,Texas County,2020,24323
29215,MO,Texas County,2021,24864
29215,MO,Texas County,2022,25298
29215,MO,Texas County,2023,25606
29215,MO,Texas County,2024,25715
29217,MO,Vernon County,2020,19675
29217,MO,Vernon County,2021,19598
29217,MO,Vernon County,2022,19608
29217,MO,Vernon County,2023,19768
29217,MO,Vernon County,2024,19787
29219,MO,Warren County,2020,35740
29219,MO,Warren County,2021,36562
29219,MO,Warren County,2022,37292
29219,MO,Warren County,2023,37815
29219,MO,Warren County,2024,38478
29221,MO,Washington County,2020,23432
29221,MO,Washington County,2021,23403
29221,MO,Washington County,2022,23389
29221,MO,Washington County,2023,23542
29221,MO,Washington County,2024,23583
29223,MO,Wayne County,2020,10935
29223,MO,Wayne County,2021,10925
29223,MO,Wayne County,2022,10807
29223,MO,Wayne County,2023,10825
29223,MO,Wayne County,2024,10820
29225,MO,Webster County,2020,39008
29225,MO,Webster County,2021,39600
29225,MO,Webster County,2022,40369
29225,MO,Webster County,2023,41481
29225,MO,Webster County,2024,42041
29227,MO,Worth County,2020,1968
29227,MO,Worth County,2021,1973
29227,MO,Worth County,2022,1943
29227,MO,Worth County,2023,1903
29227,MO,Worth County,2024,1872
29229,MO,Wright County,2020,18214
29229,MO,Wright County,2021,18625
29229,MO,Wright County,2022,19108
29229,MO,Wright County,2023,19373
29229,MO,Wright County,2024,19505
29510,MO,St. Louis city,2020,300315
29510,MO,St. Louis city,2021,293484
29510,MO,St. Louis city,2022,286292
29510,MO,St. Louis city,2023,282772
29510,MO,St. Louis city,2024,279695
30001,MT,Beaverhead County,2020,9377
30001,MT,Beaverhead County,2021,9551
30001,MT,Beaverhead County,2022,9742
30001,MT,Beaverhead County,2023,9889
30001,MT,Beaverhead County,2024,10006
30003,MT,Big Horn County,2020,13083
30003,MT,Big Horn County,2021,12894
30003,MT,Big Horn County,2022,12858
30003,MT,Big Horn County,2023,12825
30003,MT,Big Horn County,2024,12796
30005,MT,Blaine County,2020,7003
30005,MT,Blaine County,2021,6999
30005,MT,Blaine County,2022,6956
30005,MT,Blaine County,2023,6884
30005,MT,Blaine County,2024,6903
30007,MT,Broadwater County,2020,6863
30007,MT,Broadwater County,2021,7327
30007,MT,Broadwater County,2022,7787
30007,MT,Broadwater County,2023,8063
30007,MT,Broadwater County,2024,8302
30009,MT,Carbon County,2020,10514
30009,MT,Carbon County,2021,10900
30009,MT,Carbon County,2022,11241
30009,MT,Carbon County,2023,11426
30009,MT,Carbon County,2024,11498
30011,MT,Carter County,2020,1407
30011,MT,Carter County,2021,1416
30011,MT,Carter County,2022,1402
30011,MT,Carter County,2023,1400
30011,MT,Carter County,2024,1399
30013,MT,Cascade County,2020,84411
30013,MT,Cascade County,2021,84565
30013,MT,Cascade County,2022,84908
30013,MT,Cascade County,2023,84625
30013,MT,Cascade County,2024,84523
30015,MT,Chouteau County,2020,5917
30015,MT,Chouteau County,2021,5939
30015,MT,Chouteau County,2022,5917
30015,MT,Chouteau County,2023,5877
30015,MT,Chouteau County,2024,5880
30017,MT,Custer County,2020,11863
30017,MT,Custer County,2021,11961
30017,MT,Custer County,2022,12005
30017,MT,Custer County,2023,12013
30017,MT,Custer County,2024,11964
30019,MT,Daniels County,2020,1653
30019,MT,Daniels County,2021,1671
30019,MT,Daniels County,2022,1644
30019,MT,Daniels County,2023,1626
30019,MT,Daniels County,2024,1625
30021,MT,Dawson County,2020,8922
30021,MT,Dawson County,2021,8859
30021,MT,Dawson County,2022,8801
30021,MT,Dawson County,2023,8820
30021,MT,Dawson County,2024,8731
30023,MT,Deer Lodge County,2020,9423
30023,MT,Deer Lodge County,2021,9522
30023,MT,Deer Lodge County,2022,9541
30023,MT,Deer Lodge County,2023,9685
30023,MT,Deer Lodge County,2024,9811
30025,MT,Fallon County,2020,3029
30025,MT,Fallon County,2021,3011
30025,MT,Fallon County,2022,3047
30025,MT,Fallon County,2023,2999
30025,MT,Fallon County,2024,2946
30027,MT,Fergus County,2020,11470
30027,MT,Fergus County,2021,11619
30027,MT,Fergus County,2022,11669
30027,MT,Fergus County,2023,11816
30027,MT,Fergus County,2024,11862
30029,MT,Flathead County,2020,104881
30029,MT,Flathead County,2021,108790
30029,MT,Flathead County,2022,111783
30029,MT,Flathead County,2023,113495
30029,MT,Flathead County,2024,114527
30031,MT,Gallatin County,2020,119607
30031,MT,Gallatin County,2021,123119
30031,MT,Gallatin County,2022,124733
30031,MT,Gallatin County,2023,125929
30031,MT,Gallatin County,2024,126984
30033,MT,Garfield County,2020,1171
30033,MT,Garfield County,2021,1206
30033,MT,Garfield County,2022,1221
30033,MT,Garfield County,2023,1216
30033,MT,Garfield County,2024,1181
30035,MT,Glacier County,2020,13744
30035,MT,Glacier County,2021,13723
30035,MT,Glacier County,2022,13637
30035,MT,Glacier County,2023,13577
30035,MT,Glacier County,2024,13503
30037,MT,Golden Valley County,2020,864
30037,MT,Golden Valley County,2021,864
30037,MT,Golden Valley County,2022,864
30037,MT,Golden Valley County,2023,867
30037,MT,Golden Valley County,2024,864
30039,MT,Granite County,2020,3306
30039,MT,Granite County,2021,3354
30039,MT,Granite County,2022,3482
30039,MT,Granite County,2023,3565
30039,MT,Granite County,2024,3602
30041,MT,Hill County,2020,16253
30041,MT,Hill County,2021,16207
30041,MT,Hill County,2022,16069
30041,MT,Hill County,2023,16181
30041,MT,Hill County,2024,16065
30043,MT,Jefferson County,2020,12142
30043,MT,Jefferson County,2021,12472
30043,MT,Jefferson County,2022,12864
30043,MT,Jefferson County,2023,13086
30043,MT,Jefferson County,2024,13304
30045,MT,Judith Basin County,2020,2023
30045,MT,Judith Basin County,2021,2041
30045,MT,Judith Basin County,2022,2082
30045,MT,Judith Basin County,2023,2099
30045,MT,Judith Basin County,2024,2111
30047,MT,Lake County,2020,31247
30047,MT,Lake County,2021,32081
30047,MT,Lake County,2022,32821
30047,MT,Lake County,2023,33255
30047,MT,Lake County,2024,33403
30049,MT,Lewis and Clark County,2020,71179
30049,MT,Lewis and Clark County,2021,72517
30049,MT,Lewis and Clark County,2022,73681
30049,MT,Lewis and Clark County,2023,74812
30049,MT,Lewis and Clark County,2024,75129
30051,MT,Liberty County,2020,1958
30051,MT,Liberty County,2021,1937
30051,MT,Liberty County,2022,1972
30051,MT,Liberty County,2023,1959
30051,MT,Liberty County,2024,1934
30053,MT,Lincoln County,2020,19744
30053,MT,Lincoln County,2021,20597
30053,MT,Lincoln County,2022,21485
30053,MT,Lincoln County,2023,21867
30053,MT,Lincoln County,2024,22184
30055,MT,McCone County,2020,1729
30055,MT,McCone County,2021,1710
30055,MT,McCone County,2022,1712
30055,MT,McCone County,2023,1684
30055,MT,McCone County,2024,1717
30057,MT,Madison County,2020,8661
30057,MT,Madison County,2021,8954
30057,MT,Madison County,2022,9237
30057,MT,Madison County,2023,9509
30057,MT,Madison County,2024,9753
30059,MT,Meagher County,2020,1924
30059,MT,Meagher County,2021,1963
30059,MT,Meagher County,2022,2025
30059,MT,Meagher County,2023,2057
30059,MT,Meagher County,2024,2065
30061,MT,Mineral County,2020,4568
30061,MT,Mineral County,2021,4859
30061,MT,Mineral County,2022,5037
30061,MT,Mineral County,2023,5135
30061,MT,Mineral County,2024,5195
30063,MT,Missoula County,2020,118353
30063,MT,Missoula County,2021,119857
30063,MT,Missoula County,2022,120931
30063,MT,Missoula County,2023,121672
30063,MT,Missoula County,2024,122546
30065,MT,Musselshell County,2020,4749
30065,MT,Musselshell County,2021,4910
30065,MT,Musselshell County,2022,5188
30065,MT,Musselshell County,2023,5377
30065,MT,Musselshell County,2024,5452
30067,MT,Park County,2020,17229
30067,MT,Park County,2021,17525
30067,MT,Park County,2022,17783
30067,MT,Park County,2023,17938
30067,MT,Park County,2024,18074
30069,MT,Petroleum County,2020,864
30069,MT,Petroleum County,2021,864
30069,MT,Petroleum County,2022,864
30069,MT,Petroleum County,2023,864
30069,MT,Petroleum County,2024,864
30071,MT,Phillips County,2020,4211
30071,MT,Phillips County,2021,4209
30071,MT,Phillips County,2022,4223
30071,MT,Phillips County,2023,4248
30071,MT,Phillips County,2024,4214
30073,MT,Pondera County,2020,5877
30073,MT,Pondera County,2021,6017
30073,MT,Pondera County,2022,6093
30073,MT,Pondera County,2023,6108
30073,MT,Pondera County,2024,6078
30075,MT,Powder River County,2020,1693
30075,MT,Powder River County,2021,1707
30075,MT,Powder River County,2022,1725
30075,MT,Powder River County,2023,1731
30075,MT,Powder River County,2024,1734
30077,MT,Powell County,2020,6938
30077,MT,Powell County,2021,7023
30077,MT,Powell County,2022,7063
30077,MT,Powell County,2023,7122
30077,MT,Powell County,2024,7120
30079,MT,Prairie County,2020,1090
30079,MT,Prairie County,2021,1096
30079,MT,Prairie County,2022,1114
30079,MT,Prairie County,2023,1115
30079,MT,Prairie County,2024,1112
30081,MT,Ravalli County,2020,44417
30081,MT,Ravalli County,2021,46096
30081,MT,Ravalli County,2022,47177
30081,MT,Ravalli County,2023,47760
30081,MT,Ravalli County,2024,48187
30083,MT,Richland County,2020,11534
30083,MT,Richland County,2021,11330
30083,MT,Richland County,2022,11191
30083,MT,Richland County,2023,11094
30083,MT,Richland County,2024,11028
30085,MT,Roosevelt County,2020,10802
30085,MT,Roosevelt County,2021,10788
30085,MT,Roosevelt County,2022,10514
30085,MT,Roosevelt County,2023,10327
30085,MT,Roosevelt County,2024,10197
30087,MT,Rosebud County,2020,8306
30087,MT,Rosebud County,2021,8082
30087,MT,Rosebud County,2022,8122
30087,MT,Rosebud County,2023,8123
30087,MT,Rosebud County,2024,8194
30089,MT,Sanders County,2020,12461
30089,MT,Sanders County,2021,12949
30089,MT,Sanders County,2022,13396
30089,MT,Sanders County,2023,13726
30089,MT,Sanders County,2024,13895
30091,MT,Sheridan County,2020,3536
30091,MT,Sheridan County,2021,3572
30091,MT,Sheridan County,2022,3550
30091,MT,Sheridan County,2023,3490
30091,MT,Sheridan County,2024,3448
30093,MT,Silver Bow County,2020,35210
30093,MT,Silver Bow County,2021,35510
30093,MT,Silver Bow County,2022,35876
30093,MT,Silver Bow County,2023,36193
30093,MT,Silver Bow County,2024,36134
30095,MT,Stillwater County,2020,9002
30095,MT,Stillwater County,2021,9026
30095,MT,Stillwater County,2022,9194
30095,MT,Stillwater County,2023,9237
30095,MT,Stillwater County,2024,9450
30097,MT,Sweet Grass County,2020,3670
30097,MT,Sweet Grass County,2021,3702
30097,MT,Sweet Grass County,2022,3724
30097,MT,Sweet Grass County,2023,3749
30097,MT,Sweet Grass County,2024,3757
30099,MT,Teton County,2020,6253
30099,MT,Teton County,2021,6279
30099,MT,Teton County,2022,6349
30099,MT,Teton County,2023,6439
30099,MT,Teton County,2024,6444
30101,MT,Toole County,2020,4967
30101,MT,Toole County,2021,4987
30101,MT,Toole County,2022,5072
30101,MT,Toole County,2023,5128
30101,MT,Toole County,2024,5153
30103,MT,Treasure County,2020,864
30103,MT,Treasure County,2021,864
30103,MT,Treasure County,2022,864
30103,MT,Treasure County,2023,864
30103,MT,Treasure County,2024,864
30105,MT,Valley County,2020,7561
30105,MT,Valley County,2021,7566
30105,MT,Valley County,2022,7560
30105,MT,Valley County,2023,7475
30105,MT,Valley County,2024,7434
30107,MT,Wheatland County,2020,2072
30107,MT,Wheatland County,2021,2039
30107,MT,Wheatland County,2022,2043
30107,MT,Wheatland County,2023,2068
30107,MT,Wheatland County,2024,2058
30109,MT,Wibaux County,2020,936
30109,MT,Wibaux County,2021,936
30109,MT,Wibaux County,2022,924
30109,MT,Wibaux County,2023,904
30109,MT,Wibaux County,2024,911
30111,MT,Yellowstone County,2020,165210
30111,MT,Yellowstone County,2021,167448
30111,MT,Yellowstone County,2022,169817
30111,MT,Yellowstone County,2023,170727
30111,MT,Yellowstone County,2024,171583
31001,NE,Adams County,2020,31176
31001,NE,Adams County,2021,30974
31001,NE,Adams County,2022,31023
31001,NE,Adams County,2023,30892
31001,NE,Adams County,2024,31196
31003,NE,Antelope County,2020,6279
31003,NE,Antelope County,2021,6296
31003,NE,Antelope County,2022,6299
31003,NE,Antelope County,2023,6291
31003,NE,Antelope County,2024,6358
31005,NE,Arthur County,2020,864
31005,NE,Arthur County,2021,864
31005,NE,Arthur County,2022,864
31005,NE,Arthur County,2023,864
31005,NE,Arthur County,2024,864
31007,NE,Banner County,2020,864
31007,NE,Banner County,2021,864
31007,NE,Banner County,2022,864
31007,NE,Banner County,2023,864
31007,NE,Banner County,2024,864
31009,NE,Blaine County,2020,864
31009,NE,Blaine County,2021,864
31009,NE,Blaine County,2022,864
31009,NE,Blaine County,2023,864
31009,NE,Blaine County,2024,864
31011,NE,Boone County,2020,5357
31011,NE,Boone County,2021,5381
31011,NE,Boone County,2022,5366
31011,NE,Boone County,2023,5320
31011,NE,Boone County,2024,5354
31013,NE,Box Butte County,2020,10819
31013,NE,Box Butte County,2021,10658
31013,NE,Box Butte County,2022,10685
31013,NE,Box Butte County,2023,10705
31013,NE,Box Butte County,2024,10703
31015,NE,Boyd County,2020,1803
31015,NE,Boyd County,2021,1782
31015,NE,Boyd County,2022,1737
31015,NE,Boyd County,2023,1739
31015,NE,Boyd County,2024,1700
31017,NE,Brown County,2020,2903
31017,NE,Brown County,2021,2922
31017,NE,Brown County,2022,2894
31017,NE,Brown County,2023,2877
31017,NE,Brown County,2024,2877
31019,NE,Buffalo County,2020,50204
31019,NE,Buffalo County,2021,50310
31019,NE,Buffalo County,2022,50528
31019,NE,Buffalo County,2023,50696
31019,NE,Buffalo County,2024,51156
31021,NE,Burt County,2020,6724
31021,NE,Burt County,2021,6716
31021,NE,Burt County,2022,6790
31021,NE,Burt County,2023,6730
31021,NE,Burt County,2024,6727
31023,NE,Butler County,2020,8356
31023,NE,Butler County,2021,8452
31023,NE,Butler County,2022,8432
31023,NE,Butler County,2023,8442
31023,NE,Butler County,2024,8439
31025,NE,Cass County,2020,26608
31025,NE,Cass County,2021,27079
31025,NE,Cass County,2022,27169
31025,NE,Cass County,2023,27458
31025,NE,Cass County,2024,27492
31027,NE,Cedar County,2020,8373
31027,NE,Cedar County,2021,8331
31027,NE,Cedar County,2022,8366
31027,NE,Cedar County,2023,8244
31027,NE,Cedar County,2024,8262
31029,NE,Chase County,2020,3889
31029,NE,Chase County,2021,3827
31029,NE,Chase County,2022,3768
31029,NE,Chase County,2023,3761
31029,NE,Chase County,2024,3764
31031,NE,Cherry County,2020,5457
31031,NE,Cherry County,2021,5453
31031,NE,Cherry County,2022,5495
31031,NE,Cherry County,2023,5527
31031,NE,Cherry County,2024,5558
31033,NE,Cheyenne County,2020,9486
31033,NE,Cheyenne County,2021,9504
31033,NE,Cheyenne County,2022,9524
31033,NE,Cheyenne County,2023,9549
31033,NE,Cheyenne County,2024,9602
31035,NE,Clay County,2020,6110
31035,NE,Clay County,2021,6046
31035,NE,Clay County,2022,6070
31035,NE,Clay County,2023,6144
31035,NE,Clay County,2024,6103
31037,NE,Colfax County,2020,10556
31037,NE,Colfax County,2021,10480
31037,NE,Colfax County,2022,10645
31037,NE,Colfax County,2023,10696
31037,NE,Colfax County,2024,10826
31039,NE,Cuming County,2020,9011
31039,NE,Cuming County,2021,8993
31039,NE,Cuming County,2022,8970
31039,NE,Cuming County,2023,8951
31039,NE,Cuming County,2024,8952
31041,NE,Custer County,2020,10492
31041,NE,Custer County,2021,10495
31041,NE,Custer County,2022,10503
31041,NE,Custer County,2023,10612
31041,NE,Custer County,2024,10487
31043,NE,Dakota County,2020,21556
31043,NE,Dakota County,2021,21287
31043,NE,Dakota County,2022,21253
31043,NE,Dakota County,2023,21340
31043,NE,Dakota County,2024,21335
31045,NE,Dawes County,2020,8155
31045,NE,Dawes County,2021,8147
31045,NE,Dawes County,2022,8250
31045,NE,Dawes County,2023,8145
31045,NE,Dawes County,2024,8003
31047,NE,Dawson County,2020,24082
31047,NE,Dawson County,2021,23935
31047,NE,Dawson County,2022,24048
31047,NE,Dawson County,2023,24393
31047,NE,Dawson County,2024,24554
31049,NE,Deuel County,2020,1833
31049,NE,Deuel County,2021,1849
31049,NE,Deuel County,2022,1900
31049,NE,Deuel County,2023,1879
31049,NE,Deuel County,2024,1892
31051,NE,Dixon County,2020,5585
31051,NE,Dixon County,2021,5561
31051,NE,Dixon County,2022,5522
31051,NE,Dixon County,2023,5530
31051,NE,Dixon County,2024,5526
31053,NE,Dodge County,2020,37121
31053,NE,Dodge County,2021,37141
31053,NE,Dodge County,2022,37130
31053,NE,Dodge County,2023,37477
31053,NE,Dodge County,2024,37884
31055,NE,Douglas County,2020,585451
31055,NE,Douglas County,2021,585534
31055,NE,Douglas County,2022,587894
31055,NE,Douglas County,2023,593645
31055,NE,Douglas County,2024,601158
31057,NE,Dundy County,2020,1651
31057,NE,Dundy County,2021,1629
31057,NE,Dundy County,2022,1601
31057,NE,Dundy County,2023,1565
31057,NE,Dundy County,2024,1581
31059,NE,Fillmore County,2020,5569
31059,NE,Fillmore County,2021,5554
31059,NE,Fillmore County,2022,5529
31059,NE,Fillmore County,2023,5539
31059,NE,Fillmore County,2024,5512
31061,NE,Franklin County,2020,2890
31061,NE,Franklin County,2021,2879
31061,NE,Franklin County,2022,2834
31061,NE,Franklin County,2023,2812
31061,NE,Franklin County,2024,2817
31063,NE,Frontier County,2020,2503
31063,NE,Frontier County,2021,2547
31063,NE,Frontier County,2022,2624
31063,NE,Frontier County,2023,2598
31063,NE,Frontier County,2024,2536
31065,NE,Furnas County,2020,4632
31065,NE,Furnas County,2021,4613
31065,NE,Furnas County,2022,4573
31065,NE,Furnas County,2023,4555
31065,NE,Furnas County,2024,4468
31067,NE,Gage County,2020,21652
31067,NE,Gage County,2021,21629
31067,NE,Gage County,2022,21542
31067,NE,Gage County,2023,21637
31067,NE,Gage County,2024,21687
31069,NE,Garden County,2020,1889
31069,NE,Garden County,2021,1841
31069,NE,Garden County,2022,1837
31069,NE,Garden County,2023,1804
31069,NE,Garden County,2024,1804
31071,NE,Garfield County,2020,1805
31071,NE,Garfield County,2021,1830
31071,NE,Garfield County,2022,1783
31071,NE,Garfield County,2023,1758
31071,NE,Garfield County,2024,1707
31073,NE,Gosper County,2020,1895
31073,NE,Gosper County,2021,1828
31073,NE,Gosper County,2022,1831
31073,NE,Gosper County,2023,1837
31073,NE,Gosper County,2024,1808
31075,NE,Grant County,2020,864
31075,NE,Grant County,2021,864
31075,NE,Grant County,2022,864
31075,NE,Grant County,2023,864
31075,NE,Grant County,2024,864
31077,NE,Greeley County,2020,2179
31077,NE,Greeley County,2021,2180
31077,NE,Greeley County,2022,2237
31077,NE,Greeley County,2023,2218
31077,NE,Greeley County,2024,2197
31079,NE,Hall County,2020,62776
31079,NE,Hall County,2021,62085
31079,NE,Hall County,2022,62292
31079,NE,Hall County,2023,62658
31079,NE,Hall County,2024,62869
31081,NE,Hamilton County,2020,9402
31081,NE,Hamilton County,2021,9388
31081,NE,Hamilton County,2022,9439
31081,NE,Hamilton County,2023,9528
31081,NE,Hamilton County,2024,9564
31083,NE,Harlan County,2020,3054
31083,NE,Harlan County,2021,3095
31083,NE,Harlan County,2022,3023
31083,NE,Harlan County,2023,3046
31083,NE,Harlan County,2024,3018
31085,NE,Hayes County,2020,864
31085,NE,Hayes County,2021,864
31085,NE,Hayes County,2022,864
31085,NE,Hayes County,2023,864
31085,NE,Hayes County,2024,864
31087,NE,Hitchcock County,2020,2621
31087,NE,Hitchcock County,2021,2602
31087,NE,Hitchcock County,2022,2611
31087,NE,Hitchcock County,2023,2550
31087,NE,Hitchcock County,2024,2460
31089,NE,Holt County,2020,10105
31089,NE,Holt County,2021,10063
31089,NE,Holt County,2022,10069
31089,NE,Holt County,2023,10152
31089,NE,Holt County,2024,10120
31091,NE,Hooker County,2020,864
31091,NE,Hooker County,2021,864
31091,NE,Hooker County,2022,864
31091,NE,Hooker County,2023,864
31091,NE,Hooker County,2024,864
31093,NE,Howard County,2020,6486
31093,NE,Howard County,2021,6525
31093,NE,Howard County,2022,6521
31093,NE,Howard County,2023,6564
31093,NE,Howard County,2024,6572
31095,NE,Jefferson County,2020,7260
31095,NE,Jefferson County,2021,7160
31095,NE,Jefferson County,2022,7151
31095,NE,Jefferson County,2023,7097
31095,NE,Jefferson County,2024,7136
31097,NE,Johnson County,2020,5295
31097,NE,Johnson County,2021,5314
31097,NE,Johnson County,2022,5264
31097,NE,Johnson County,2023,5215
31097,NE,Johnson County,2024,5219
31099,NE,Kearney County,2020,6692
31099,NE,Kearney County,2021,6689
31099,NE,Kearney County,2022,6708
31099,NE,Kearney County,2023,6727
31099,NE,Kearney County,2024,6749
31101,NE,Keith County,2020,8326
31101,NE,Keith County,2021,8259
31101,NE,Keith County,2022,8205
31101,NE,Keith County,2023,8155
31101,NE,Keith County,2024,8148
31103,NE,Keya Paha County,2020,864
31103,NE,Keya Paha County,2021,864
31103,NE,Keya Paha County,2022,864
31103,NE,Keya Paha County,2023,864
31103,NE,Keya Paha County,2024,864
31105,NE,Kimball County,2020,3408
31105,NE,Kimball County,2021,3408
31105,NE,Kimball County,2022,3344
31105,NE,Kimball County,2023,3316
31105,NE,Kimball County,2024,3305
31107,NE,Knox County,2020,8392
31107,NE,Knox County,2021,8414
31107,NE,Knox County,2022,8356
31107,NE,Knox County,2023,8341
31107,NE,Knox County,2024,8306
31109,NE,Lancaster County,2020,323171
31109,NE,Lancaster County,2021,323407
31109,NE,Lancaster County,2022,325252
31109,NE,Lancaster County,2023,328794
31109,NE,Lancaster County,2024,332857
31111,NE,Lincoln County,2020,34535
31111,NE,Lincoln County,2021,34079
31111,NE,Lincoln County,2022,33619
31111,NE,Lincoln County,2023,33457
31111,NE,Lincoln County,2024,33319
31113,NE,Logan County,2020,864
31113,NE,Logan County,2021,864
31113,NE,Logan County,2022,864
31113,NE,Logan County,2023,864
31113,NE,Logan County,2024,864
31115,NE,Loup County,2020,864
31115,NE,Loup County,2021,864
31115,NE,Loup County,2022,864
31115,NE,Loup County,2023,864
31115,NE,Loup County,2024,864
31117,NE,McPherson County,2020,864
31117,NE,McPherson County,2021,864
31117,NE,McPherson County,2022,864
31117,NE,McPherson County,2023,864
31117,NE,McPherson County,2024,864
31119,NE,Madison County,2020,35530
31119,NE,Madison County,2021,35397
31119,NE,Madison County,2022,35427
31119,NE,Madison County,2023,35727
31119,NE,Madison County,2024,35579
31121,NE,Merrick County,2020,7660
31121,NE,Merrick County,2021,7666
31121,NE,Merrick County,2022,7709
31121,NE,Merrick County,2023,7746
31121,NE,Merrick County,2024,7837
31123,NE,Morrill County,2020,4558
31123,NE,Morrill County,2021,4570
31123,NE,Morrill County,2022,4528
31123,NE,Morrill County,2023,4531
31123,NE,Morrill County,2024,4485
31125,NE,Nance County,2020,3394
31125,NE,Nance County,2021,3380
31125,NE,Nance County,2022,3323
31125,NE,Nance County,2023,3261
31125,NE,Nance County,2024,3262
31127,NE,Nemaha County,2020,7085
31127,NE,Nemaha County,2021,7008
31127,NE,Nemaha County,2022,7028
31127,NE,Nemaha County,2023,7064
31127,NE,Nemaha County,2024,7046
31129,NE,Nuckolls County,2020,4091
31129,NE,Nuckolls County,2021,4071
31129,NE,Nuckolls County,2022,4076
31129,NE,Nuckolls County,2023,4103
31129,NE,Nuckolls County,2024,4094
31131,NE,Otoe County,2020,15903
31131,NE,Otoe County,2021,16022
31131,NE,Otoe County,2022,16243
31131,NE,Otoe County,2023,16448
31131,NE,Otoe County,2024,16591
31133,NE,Pawnee County,2020,2541
31133,NE,Pawnee County,2021,2542
31133,NE,Pawnee County,2022,2536
31133,NE,Pawnee County,2023,2511
31133,NE,Pawnee County,2024,2521
31135,NE,Perkins County,2020,2861
31135,NE,Perkins County,2021,2821
31135,NE,Perkins County,2022,2844
31135,NE,Perkins County,2023,2802
31135,NE,Perkins County,2024,2779
31137,NE,Phelps County,2020,8977
31137,NE,Phelps County,2021,8922
31137,NE,Phelps County,2022,9007
31137,NE,Phelps County,2023,9099
31137,NE,Phelps County,2024,9042
31139,NE,Pierce County,2020,7344
31139,NE,Pierce County,2021,7316
31139,NE,Pierce County,2022,7326
31139,NE,Pierce County,2023,7304
31139,NE,Pierce County,2024,7334
31141,NE,Platte County,2020,34291
31141,NE,Platte County,2021,34305
31141,NE,Platte County,2022,34452
31141,NE,Platte County,2023,35034
31141,NE,Platte County,2024,35499
31143,NE,Polk County,2020,5218
31143,NE,Polk County,2021,5193
31143,NE,Polk County,2022,5234
31143,NE,Polk County,2023,5212
31143,NE,Polk County,2024,5269
31145,NE,Red Willow County,2020,10684
31145,NE,Red Willow County,2021,10621
31145,NE,Red Willow County,2022,10557
31145,NE,Red Willow County,2023,10512
31145,NE,Red Willow County,2024,10409
31147,NE,Richardson County,2020,7860
31147,NE,Richardson County,2021,7785
31147,NE,Richardson County,2022,7736
31147,NE,Richardson County,2023,7708
31147,NE,Richardson County,2024,7666
31149,NE,Rock County,2020,1265
31149,NE,Rock County,2021,1276
31149,NE,Rock County,2022,1234
31149,NE,Rock County,2023,1259
31149,NE,Rock County,2024,1241
31151,NE,Saline County,2020,14715
31151,NE,Saline County,2021,14522
31151,NE,Saline County,2022,14621
31151,NE,Saline County,2023,14651
31151,NE,Saline County,2024,14740
31153,NE,Sarpy County,2020,191181
31153,NE,Sarpy County,2021,193853
31153,NE,Sarpy County,2022,196606
31153,NE,Sarpy County,2023,200477
31153,NE,Sarpy County,2024,204828
31155,NE,Saunders County,2020,22370
31155,NE,Saunders County,2021,22832
31155,NE,Saunders County,2022,23159
31155,NE,Saunders County,2023,23471
31155,NE,Saunders County,2024,23406
31157,NE,Scotts Bluff County,2020,36051
31157,NE,Scotts Bluff County,2021,35909
31157,NE,Scotts Bluff County,2022,35798
31157,NE,Scotts Bluff County,2023,35721
31157,NE,Scotts Bluff County,2024,35734
31159,NE,Seward County,2020,17610
31159,NE,Seward County,2021,17555
31159,NE,Seward County,2022,17623
31159,NE,Seward County,2023,17646
31159,NE,Seward County,2024,17769
31161,NE,Sheridan County,2020,5104
31161,NE,Sheridan County,2021,5091
31161,NE,Sheridan County,2022,5015
31161,NE,Sheridan County,2023,4932
31161,NE,Sheridan County,2024,4927
31163,NE,Sherman County,2020,2953
31163,NE,Sherman County,2021,2964
31163,NE,Sherman County,2022,3000
31163,NE,Sherman County,2023,2970
31163,NE,Sherman County,2024,2949
31165,NE,Sioux County,2020,1141
31165,NE,Sioux County,2021,1147
31165,NE,Sioux County,2022,1129
31165,NE,Sioux County,2023,1151
31165,NE,Sioux County,2024,1099
31167,NE,Stanton County,2020,5822
31167,NE,Stanton County,2021,5830
31167,NE,Stanton County,2022,5748
31167,NE,Stanton County,2023,5825
31167,NE,Stanton County,2024,5756
31169,NE,Thayer County,2020,5024
31169,NE,Thayer County,2021,4892
31169,NE,Thayer County,2022,4866
31169,NE,Thayer County,2023,4855
31169,NE,Thayer County,2024,4870
31171,NE,Thomas County,2020,864
31171,NE,Thomas County,2021,864
31171,NE,Thomas County,2022,864
31171,NE,Thomas County,2023,864
31171,NE,Thomas County,2024,864
31173,NE,Thurston County,2020,6759
31173,NE,Thurston County,2021,6627
31173,NE,Thurston County,2022,6549
31173,NE,Thurston County,2023,6562
31173,NE,Thurston County,2024,6637
31175,NE,Valley County,2020,4058
31175,NE,Valley County,2021,4065
31175,NE,Valley County,2022,4064
31175,NE,Valley County,2023,4029
31175,NE,Valley County,2024,4032
31177,NE,Washington County,2020,20926
31177,NE,Washington County,2021,20991
31177,NE,Washington County,2022,21175
31177,NE,Washington County,2023,21182
31177,NE,Washington County,2024,21254
31179,NE,Wayne County,2020,9702
31179,NE,Wayne County,2021,9870
31179,NE,Wayne County,2022,9898
31179,NE,Wayne County,2023,9882
31179,NE,Wayne County,2024,9870
31181,NE,Webster County,2020,3392
31181,NE,Webster County,2021,3404
31181,NE,Webster County,2022,3334
31181,NE,Webster County,2023,3344
31181,NE,Webster County,2024,3326
31183,NE,Wheeler County,2020,864
31183,NE,Wheeler County,2021,864
31183,NE,Wheeler County,2022,864
31183,NE,Wheeler County,2023,864
31183,NE,Wheeler County,2024,864
31185,NE,York County,2020,14105
31185,NE,York County,2021,14245
31185,NE,York County,2022,14319
31185,NE,York County,2023,14386
31185,NE,York County,2024,14375
32001,NV,Churchill County,2020,25577
32001,NV,Churchill County,2021,25674
32001,NV,Churchill County,2022,25828
32001,NV,Churchill County,2023,25915
32001,NV,Churchill County,2024,26033
32003,NV,Clark County,2020,1316181
32003,NV,Clark County,2021,1316181
32003,NV,Clark County,2022,1316181
32003,NV,Clark County,2023,1316181
32003,NV,Clark County,2024,1316181
32005,NV,Douglas County,2020,49529
32005,NV,Douglas County,2021,50008
32005,NV,Douglas County,2022,49592
32005,NV,Douglas County,2023,49422
32005,NV,Douglas County,2024,49564
32007,NV,Elko County,2020,53676
32007,NV,Elko County,2021,53868
32007,NV,Elko County,2022,53943
32007,NV,Elko County,2023,54383
32007,NV,Elko County,2024,54363
32009,NV,Esmeralda County,2020,864
32009,NV,Esmeralda County,2021,864
32009,NV,Esmeralda County,2022,864
32009,NV,Esmeralda County,2023,864
32009,NV,Esmeralda County,2024,864
32011,NV,Eureka County,2020,1853
32011,NV,Eureka County,2021,1909
32011,NV,Eureka County,2022,1862
32011,NV,Eureka County,2023,1898
32011,NV,Eureka County,2024,1877
32013,NV,Humboldt County,2020,17272
32013,NV,Humboldt County,2021,17634
32013,NV,Humboldt County,2022,17262
32013,NV,Humboldt County,2023,17160
32013,NV,Humboldt County,2024,17116
32015,NV,Lander County,2020,5727
32015,NV,Lander County,2021,5761
32015,NV,Lander County,2022,5769
32015,NV,Lander County,2023,5809
32015,NV,Lander County,2024,5785
32017,NV,Lincoln County,2020,4438
32017,NV,Lincoln County,2021,4396
32017,NV,Lincoln County,2022,4421
32017,NV,Lincoln County,2023,4424
32017,NV,Lincoln County,2024,4345
32019,NV,Lyon County,2020,59466
32019,NV,Lyon County,2021,60971
32019,NV,Lyon County,2022,61589
32019,NV,Lyon County,2023,62656
32019,NV,Lyon County,2024,63718
32021,NV,Mineral County,2020,4555
32021,NV,Mineral County,2021,4619
32021,NV,Mineral County,2022,4538
32021,NV,Mineral County,2023,4524
32021,NV,Mineral County,2024,4475
32023,NV,Nye County,2020,51971
32023,NV,Nye County,2021,53339
32023,NV,Nye County,2022,54710
32023,NV,Nye County,2023,55708
32023,NV,Nye County,2024,55990
32027,NV,Pershing County,2020,6620
32027,NV,Pershing County,2021,6430
32027,NV,Pershing County,2022,6446
32027,NV,Pershing County,2023,6403
32027,NV,Pershing County,2024,6536
32029,NV,Storey County,2020,4107
32029,NV,Storey County,2021,4143
32029,NV,Storey County,2022,4165
32029,NV,Storey County,2023,4171
32029,NV,Storey County,2024,4112
32031,NV,Washoe County,2020,487725
32031,NV,Washoe County,2021,494380
32031,NV,Washoe County,2022,496458
32031,NV,Washoe County,2023,500159
32031,NV,Washoe County,2024,507280
32033,NV,White Pine County,2020,9063
32033,NV,White Pine County,2021,8850
32033,NV,White Pine County,2022,8734
32033,NV,White Pine County,2023,8495
32033,NV,White Pine County,2024,8534
32510,NV,Carson City,2020,58682
32510,NV,Carson City,2021,58770
32510,NV,Carson City,2022,58094
32510,NV,Carson City,2023,58226
32510,NV,Carson City,2024,58148
33001,NH,Belknap County,2020,63774
33001,NH,Belknap County,2021,64598
33001,NH,Belknap County,2022,64647
33001,NH,Belknap County,2023,65019
33001,NH,Belknap County,2024,65257
33003,NH,Carroll County,2020,50240
33003,NH,Carroll County,2021,51735
33003,NH,Carroll County,2022,52094
33003,NH,Carroll County,2023,52373
33003,NH,Carroll County,2024,52580
33005,NH,Cheshire County,2020,76542
33005,NH,Cheshire County,2021,76849
33005,NH,Cheshire County,2022,77386
33005,NH,Cheshire County,2023,77632
33005,NH,Cheshire County,2024,78078
33007,NH,Coos County,2020,31228
33007,NH,Coos County,2021,31387
33007,NH,Coos County,2022,31430
33007,NH,Coos County,2023,31209
33007,NH,Coos County,2024,31094
33009,NH,Grafton County,2020,91197
33009,NH,Grafton County,2021,90508
33009,NH,Grafton County,2022,92943
33009,NH,Grafton County,2023,92909
33009,NH,Grafton County,2024,93045
33011,NH,Hillsborough County,2020,422929
33011,NH,Hillsborough County,2021,424475
33011,NH,Hillsborough County,2022,426307
33011,NH,Hillsborough County,2023,427719
33011,NH,Hillsborough County,2024,430462
33013,NH,Merrimack County,2020,154039
33013,NH,Merrimack County,2021,154627
33013,NH,Merrimack County,2022,156241
33013,NH,Merrimack County,2023,157059
33013,NH,Merrimack County,2024,157869
33015,NH,Rockingham County,2020,314664
33015,NH,Rockingham County,2021,318349
33015,NH,Rockingham County,2022,319298
33015,NH,Rockingham County,2023,320665
33015,NH,Rockingham County,2024,322433
33017,NH,Strafford County,2020,131074
33017,NH,Strafford County,2021,131540
33017,NH,Strafford County,2022,132451
33017,NH,Strafford County,2023,133608
33017,NH,Strafford County,2024,134202
33019,NH,Sullivan County,2020,43069
33019,NH,Sullivan County,2021,43609
33019,NH,Sullivan County,2022,43881
33019,NH,Sullivan County,2023,44006
33019,NH,Sullivan County,2024,44012
34001,NJ,Atlantic County,2020,274196
34001,NJ,Atlantic County,2021,274991
34001,NJ,Atlantic County,2022,276111
34001,NJ,Atlantic County,2023,276937
34001,NJ,Atlantic County,2024,279114
34003,NJ,Bergen County,2020,953711
34003,NJ,Bergen County,2021,955510
34003,NJ,Bergen County,2022,957235
34003,NJ,Bergen County,2023,966484
34003,NJ,Bergen County,2024,978641
34005,NJ,Burlington County,2020,461694
34005,NJ,Burlington County,2021,464547
34005,NJ,Burlington County,2022,466710
34005,NJ,Burlington County,2023,470561
34005,NJ,Burlington County,2024,475515
34007,NJ,Camden County,2020,523151
34007,NJ,Camden County,2021,524176
34007,NJ,Camden County,2022,525395
34007,NJ,Camden County,2023,529576
34007,NJ,Camden County,2024,533988
34009,NJ,Cape May County,2020,95051
34009,NJ,Cape May County,2021,95720
34009,NJ,Cape May County,2022,95415
34009,NJ,Cape May County,2023,94643
34009,NJ,Cape May County,2024,93875
34011,NJ,Cumberland County,2020,153724
34011,NJ,Cumberland County,2021,152100
34011,NJ,Cumberland County,2022,151686
34011,NJ,Cumberland County,2023,153338
34011,NJ,Cumberland County,2024,155678
34013,NJ,Essex County,2020,860020
34013,NJ,Essex County,2021,854416
34013,NJ,Essex County,2022,854738
34013,NJ,Essex County,2023,864310
34013,NJ,Essex County,2024,881527
34015,NJ,Gloucester County,2020,302575
34015,NJ,Gloucester County,2021,304636
34015,NJ,Gloucester County,2022,306936
34015,NJ,Gloucester County,2023,308840
34015,NJ,Gloucester County,2024,311783
34017,NJ,Hudson County,2020,721909
34017,NJ,Hudson County,2021,703545
34017,NJ,Hudson County,2022,708657
34017,NJ,Hudson County,2023,721320
34017,NJ,Hudson County,2024,736185
34019,NJ,Hunterdon County,2020,128793
34019,NJ,Hunterdon County,2021,129691
34019,NJ,Hunterdon County,2022,129977
34019,NJ,Hunterdon County,2023,130633
34019,NJ,Hunterdon County,2024,131708
34021,NJ,Mercer County,2020,386492
34021,NJ,Mercer County,2021,382231
34021,NJ,Mercer County,2022,382165
34021,NJ,Mercer County,2023,386296
34021,NJ,Mercer County,2024,392138
34023,NJ,Middlesex County,2020,861460
34023,NJ,Middlesex County,2021,862513
34023,NJ,Middlesex County,2022,866241
34023,NJ,Middlesex County,2023,876119
34023,NJ,Middlesex County,2024,890119
34025,NJ,Monmouth County,2020,642778
34025,NJ,Monmouth County,2021,646531
34025,NJ,Monmouth County,2022,644994
34025,NJ,Monmouth County,2023,644941
34025,NJ,Monmouth County,2024,647520
34027,NJ,Morris County,2020,508472
34027,NJ,Morris County,2021,510691
34027,NJ,Morris County,2022,512685
34027,NJ,Morris County,2023,517738
34027,NJ,Morris County,2024,523053
34029,NJ,Ocean County,2020,638554
34029,NJ,Ocean County,2021,649990
34029,NJ,Ocean County,2022,656386
34029,NJ,Ocean County,2023,660445
34029,NJ,Ocean County,2024,666434
34031,NJ,Passaic County,2020,523464
34031,NJ,Passaic County,2021,518494
34031,NJ,Passaic County,2022,516287
34031,NJ,Passaic County,2023,520219
34031,NJ,Passaic County,2024,526597
34033,NJ,Salem County,2020,64843
34033,NJ,Salem County,2021,65062
34033,NJ,Salem County,2022,65167
34033,NJ,Salem County,2023,65429
34033,NJ,Salem County,2024,65874
34035,NJ,Somerset County,2020,344788
34035,NJ,Somerset County,2021,346562
34035,NJ,Somerset County,2022,348319
34035,NJ,Somerset County,2023,352095
34035,NJ,Somerset County,2024,357467
34037,NJ,Sussex County,2020,143919
34037,NJ,Sussex County,2021,145741
34037,NJ,Sussex County,2022,145638
34037,NJ,Sussex County,2023,146294
34037,NJ,Sussex County,2024,147444
34039,NJ,Union County,2020,573680
34039,NJ,Union County,2021,572930
34039,NJ,Union County,2022,573600
34039,NJ,Union County,2023,582080
34039,NJ,Union County,2024,594160
34041,NJ,Warren County,2020,109520
34041,NJ,Warren County,2021,110464
34041,NJ,Warren County,2022,110885
34041,NJ,Warren County,2023,111344
34041,NJ,Warren County,2024,112031
35001,NM,Bernalillo County,2020,676882
35001,NM,Bernalillo County,2021,675410
35001,NM,Bernalillo County,2022,673039
35001,NM,Bernalillo County,2023,672572
35001,NM,Bernalillo County,2024,671747
35003,NM,Catron County,2020,3609
35003,NM,Catron County,2021,3716
35003,NM,Catron County,2022,3793
35003,NM,Catron County,2023,3803
35003,NM,Catron County,2024,3795
35005,NM,Chaves County,2020,65153
35005,NM,Chaves County,2021,64660
35005,NM,Chaves County,2022,63907
35005,NM,Chaves County,2023,63668
35005,NM,Chaves County,2024,63697
35006,NM,Cibola County,2020,26969
35006,NM,Cibola County,2021,27060
35006,NM,Cibola County,2022,26771
35006,NM,Cibola County,2023,26741
35006,NM,Cibola County,2024,26686
35007,NM,Colfax County,2020,12353
35007,NM,Colfax County,2021,12348
35007,NM,Colfax County,2022,12289
35007,NM,Colfax County,2023,12312
35007,NM,Colfax County,2024,12307
35009,NM,Curry County,2020,48374
35009,NM,Curry County,2021,47950
35009,NM,Curry County,2022,47391
35009,NM,Curry County,2023,47321
35009,NM,Curry County,2024,47156
35011,NM,De Baca County,2020,1683
35011,NM,De Baca County,2021,1682
35011,NM,De Baca County,2022,1697
35011,NM,De Baca County,2023,1672
35011,NM,De Baca County,2024,1657
35013,NM,Doña Ana County,2020,220069
35013,NM,Doña Ana County,2021,221756
35013,NM,Doña Ana County,2022,223604
35013,NM,Doña Ana County,2023,226534
35013,NM,Doña Ana County,2024,229366
35015,NM,Eddy County,2020,62342
35015,NM,Eddy County,2021,60870
35015,NM,Eddy County,2022,60221
35015,NM,Eddy County,2023,60654
35015,NM,Eddy County,2024,61436
35017,NM,Grant County,2020,28214
35017,NM,Grant County,2021,27907
35017,NM,Grant County,2022,27699
35017,NM,Grant County,2023,27512
35017,NM,Grant County,2024,27541
35019,NM,Guadalupe County,2020,4442
35019,NM,Guadalupe County,2021,4424
35019,NM,Guadalupe County,2022,4324
35019,NM,Guadalupe County,2023,4334
35019,NM,Guadalupe County,2024,4385
35021,NM,Harding County,2020,864
35021,NM,Harding County,2021,864
35021,NM,Harding County,2022,864
35021,NM,Harding County,2023,864
35021,NM,Harding County,2024,864
35023,NM,Hidalgo County,2020,4163
35023,NM,Hidalgo County,2021,4085
35023,NM,Hidalgo County,2022,4012
35023,NM,Hidalgo County,2023,3979
35023,NM,Hidalgo County,2024,3966
35025,NM,Lea County,2020,74643
35025,NM,Lea County,2021,73070
35025,NM,Lea County,2022,72300
35025,NM,Lea County,2023,73503
35025,NM,Lea County,2024,75151
35027,NM,Lincoln County,2020,20304
35027,NM,Lincoln County,2021,20403
35027,NM,Lincoln County,2022,20339
35027,NM,Lincoln County,2023,20047
35027,NM,Lincoln County,2024,20025
35028,NM,Los Alamos County,2020,19422
35028,NM,Los Alamos County,2021,19397
35028,NM,Los Alamos County,2022,19259
35028,NM,Los Alamos County,2023,19420
35028,NM,Los Alamos County,2024,19675
35029,NM,Luna County,2020,25457
35029,NM,Luna County,2021,25471
35029,NM,Luna County,2022,25677
35029,NM,Luna County,2023,25573
35029,NM,Luna County,2024,25878
35031,NM,McKinley County,2020,72586
35031,NM,McKinley County,2021,71468
35031,NM,McKinley County,2022,70084
35031,NM,McKinley County,2023,69073
35031,NM,McKinley County,2024,68945
35033,NM,Mora County,2020,4192
35033,NM,Mora County,2021,4190
35033,NM,Mora County,2022,4142
35033,NM,Mora County,2023,4125
35033,NM,Mora County,2024,4096
35035,NM,Otero County,2020,67866
35035,NM,Otero County,2021,68499
35035,NM,Otero County,2022,68650
35035,NM,Otero County,2023,69354
35035,NM,Otero County,2024,69711
35037,NM,Quay County,2020,8710
35037,NM,Quay County,2021,8620
35037,NM,Quay County,2022,8536
35037,NM,Quay County,2023,8553
35037,NM,Quay County,2024,8403
35039,NM,Rio Arriba County,2020,40268
35039,NM,Rio Arriba County,2021,40219
35039,NM,Rio Arriba County,2022,39986
35039,NM,Rio Arriba County,2023,39921
35039,NM,Rio Arriba County,2024,39955
35041,NM,Roosevelt County,2020,19153
35041,NM,Roosevelt County,2021,18998
35041,NM,Roosevelt County,2022,18896
35041,NM,Roosevelt County,2023,18879
35041,NM,Roosevelt County,2024,18713
35043,NM,Sandoval County,2020,149301
35043,NM,Sandoval County,2021,151509
35043,NM,Sandoval County,2022,153509
35043,NM,Sandoval County,2023,155943
35043,NM,Sandoval County,2024,157757
35045,NM,San Juan County,2020,121387
35045,NM,San Juan County,2021,121019
35045,NM,San Juan County,2022,120580
35045,NM,San Juan County,2023,120907
35045,NM,San Juan County,2024,120817
35047,NM,San Miguel County,2020,27128
35047,NM,San Miguel County,2021,27162
35047,NM,San Miguel County,2022,26899
35047,NM,San Miguel County,2023,26633
35047,NM,San Miguel County,2024,26428
35049,NM,Santa Fe County,2020,155056
35049,NM,Santa Fe County,2021,155429
35049,NM,Santa Fe County,2022,155768
35049,NM,Santa Fe County,2023,156507
35049,NM,Santa Fe County,2024,157765
35051,NM,Sierra County,2020,11565
35051,NM,Sierra County,2021,11524
35051,NM,Sierra County,2022,11485
35051,NM,Sierra County,2023,11535
35051,NM,Sierra County,2024,11389
35053,NM,Socorro County,2020,16559
35053,NM,Socorro County,2021,16304
35053,NM,Socorro County,2022,16142
35053,NM,Socorro County,2023,16028
35053,NM,Socorro County,2024,15967
35055,NM,Taos County,2020,34465
35055,NM,Taos County,2021,34688
35055,NM,Taos County,2022,34594
35055,NM,Taos County,2023,34484
35055,NM,Taos County,2024,34482
35057,NM,Torrance County,2020,15057
35057,NM,Torrance County,2021,15311
35057,NM,Torrance County,2022,15398
35057,NM,Torrance County,2023,15699
35057,NM,Torrance County,2024,15986
35059,NM,Union County,2020,4073
35059,NM,Union County,2021,4099
35059,NM,Union County,2022,3996
35059,NM,Union County,2023,3972
35059,NM,Union County,2024,3926
35061,NM,Valencia County,2020,76507
35061,NM,Valencia County,2021,77452
35061,NM,Valencia County,2022,78254
35061,NM,Valencia County,2023,79263
35061,NM,Valencia County,2024,80813
36001,NY,Albany County,2020,314024
36001,NY,Albany County,2021,316817
36001,NY,Albany County,2022,316287
36001,NY,Albany County,2023,318000
36001,NY,Albany County,2024,319964
36003,NY,Allegany County,2020,47358
36003,NY,Allegany County,2021,46962
36003,NY,Allegany County,2022,46850
36003,NY,Allegany County,2023,47327
36003,NY,Allegany County,2024,47299
36005,NY,Bronx County,2020,1316181
36005,NY,Bronx County,2021,1316181
36005,NY,Bronx County,2022,1316181
36005,NY,Bronx County,2023,1316181
36005,NY,Bronx County,2024,1316181
36007,NY,Broome County,2020,198172
36007,NY,Broome County,2021,198596
36007,NY,Broome County,2022,197340
36007,NY,Broome County,2023,196383
36007,NY,Broome County,2024,196397
36009,NY,Cattaraugus County,2020,76983
36009,NY,Cattaraugus County,2021,76551
36009,NY,Cattaraugus County,2022,76036
36009,NY,Cattaraugus County,2023,75680
36009,NY,Cattaraugus County,2024,75475
36011,NY,Cayuga County,2020,76151
36011,NY,Cayuga County,2021,75457
36011,NY,Cayuga County,2022,74758
36011,NY,Cayuga County,2023,74575
36011,NY,Cayuga County,2024,74567
36013,NY,Chautauqua County,2020,127370
36013,NY,Chautauqua County,2021,126192
36013,NY,Chautauqua County,2022,125310
36013,NY,Chautauqua County,2023,124742
36013,NY,Chautauqua County,2024,124105
36015,NY,Chemung County,2020,83677
36015,NY,Chemung County,2021,83064
36015,NY,Chemung County,2022,81598
36015,NY,Chemung County,2023,81279
36015,NY,Chemung County,2024,81115
36017,NY,Chenango County,2020,47079
36017,NY,Chenango County,2021,46572
36017,NY,Chenango County,2022,46301
36017,NY,Chenango County,2023,45875
36017,NY,Chenango County,2024,45776
36019,NY,Clinton County,2020,79715
36019,NY,Clinton County,2021,79018
36019,NY,Clinton County,2022,77978
36019,NY,Clinton County,2023,77883
36019,NY,Clinton County,2024,77871
36021,NY,Columbia County,2020,61419
36021,NY,Columbia County,2021,61977
36021,NY,Columbia County,2022,61187
36021,NY,Columbia County,2023,60616
36021,NY,Columbia County,2024,60299
36023,NY,Cortland County,2020,46751
36023,NY,Cortland County,2021,46443
36023,NY,Cortland County,2022,46133
36023,NY,Cortland County,2023,45957
36023,NY,Cortland County,2024,45945
36025,NY,Delaware County,2020,44230
36025,NY,Delaware County,2021,44730
36025,NY,Delaware County,2022,44769
36025,NY,Delaware County,2023,44514
36025,NY,Delaware County,2024,44191
36027,NY,Dutchess County,2020,295913
36027,NY,Dutchess County,2021,298816
36027,NY,Dutchess County,2022,298186
36027,NY,Dutchess County,2023,298224
36027,NY,Dutchess County,2024,299963
36029,NY,Erie County,2020,952353
36029,NY,Erie County,2021,953023
36029,NY,Erie County,2022,948745
36029,NY,Erie County,2023,948386
36029,NY,Erie County,2024,950602
36031,NY,Essex County,2020,37288
36031,NY,Essex County,2021,37246
36031,NY,Essex County,2022,36788
36031,NY,Essex County,2023,36796
36031,NY,Essex County,2024,36744
36033,NY,Franklin County,2020,47248
36033,NY,Franklin County,2021,46797
36033,NY,Franklin County,2022,46072
36033,NY,Franklin County,2023,46276
36033,NY,Franklin County,2024,47086
36035,NY,Fulton County,2020,53111
36035,NY,Fulton County,2021,52751
36035,NY,Fulton County,2022,52245
36035,NY,Fulton County,2023,52253
36035,NY,Fulton County,2024,52073
36037,NY,Genesee County,2020,58315
36037,NY,Genesee County,2021,57902
36037,NY,Genesee County,2022,57482
36037,NY,Genesee County,2023,57634
36037,NY,Genesee County,2024,57604
36039,NY,Greene County,2020,47761
36039,NY,Greene County,2021,47898
36039,NY,Greene County,2022,47388
36039,NY,Greene County,2023,47096
36039,NY,Greene County,2024,46903
36041,NY,Hamilton County,2020,5070
36041,NY,Hamilton County,2021,5114
36041,NY,Hamilton County,2022,5108
36041,NY,Hamilton County,2023,5070
36041,NY,Hamilton County,2024,5082
36043,NY,Herkimer County,2020,60031
36043,NY,Herkimer County,2021,60020
36043,NY,Herkimer County,2022,59576
36043,NY,Herkimer County,2023,59571
36043,NY,Herkimer County,2024,59585
36045,NY,Jefferson County,2020,116071
36045,NY,Jefferson County,2021,116925
36045,NY,Jefferson County,2022,115487
36045,NY,Jefferson County,2023,113575
36045,NY,Jefferson County,2024,113140
36047,NY,Kings County,2020,1316181
36047,NY,Kings County,2021,1316181
36047,NY,Kings County,2022,1316181
36047,NY,Kings County,2023,1316181
36047,NY,Kings County,2024,1316181
36049,NY,Lewis County,2020,26557
36049,NY,Lewis County,2021,26721
36049,NY,Lewis County,2022,26602
36049,NY,Lewis County,2023,26584
36049,NY,Lewis County,2024,26570
36051,NY,Livingston County,2020,61596
36051,NY,Livingston County,2021,61698
36051,NY,Livingston County,2022,61385
36051,NY,Livingston County,2023,61248
36051,NY,Livingston County,2024,61561
36053,NY,Madison County,2020,67951
36053,NY,Madison County,2021,67402
36053,NY,Madison County,2022,67062
36053,NY,Madison County,2023,67152
36053,NY,Madison County,2024,67072
36055,NY,Monroe County,2020,757747
36055,NY,Monroe County,2021,756089
36055,NY,Monroe County,2022,751827
36055,NY,Monroe County,2023,750901
36055,NY,Monroe County,2024,752202
36057,NY,Montgomery County,2020,49487
36057,NY,Montgomery County,2021,49490
36057,NY,Montgomery County,2022,49434
36057,NY,Montgomery County,2023,49580
36057,NY,Montgomery County,2024,49648
36059,NY,Nassau County,2020,1316181
36059,NY,Nassau County,2021,1316181
36059,NY,Nassau County,2022,1316181
36059,NY,Nassau County,2023,1316181
36059,NY,Nassau County,2024,1316181
36061,NY,New York County,2020,1316181
36061,NY,New York County,2021,1316181
36061,NY,New York County,2022,1316181
36061,NY,New York County,2023,1316181
36061,NY,New York County,2024,1316181
36063,NY,Niagara County,2020,212133
36063,NY,Niagara County,2021,211754
36063,NY,Niagara County,2022,210466
36063,NY,Niagara County,2023,209684
36063,NY,Niagara County,2024,209570
36065,NY,Oneida County,2020,231103
36065,NY,Oneida County,2021,229660
36065,NY,Oneida County,2022,228502
36065,NY,Oneida County,2023,228010
36065,NY,Oneida County,2024,228347
36067,NY,Onondaga County,2020,474218
36067,NY,Onondaga County,2021,471959
36067,NY,Onondaga County,2022,470432
36067,NY,Onondaga County,2023,469226
36067,NY,Onondaga County,2024,469812
36069,NY,Ontario County,2020,112350
36069,NY,Ontario County,2021,112648
36069,NY,Ontario County,2022,112509
36069,NY,Ontario County,2023,112605
36069,NY,Ontario County,2024,113012
36071,NY,Orange County,2020,400997
36071,NY,Orange County,2021,405214
36071,NY,Orange County,2022,406677
36071,NY,Orange County,2023,408427
36071,NY,Orange County,2024,411767
36073,NY,Orleans County,2020,40069
36073,NY,Orleans County,2021,39566
36073,NY,Orleans County,2022,39329
36073,NY,Orleans County,2023,39390
36073,NY,Orleans County,2024,39686
36075,NY,Oswego County,2020,117450
36075,NY,Oswego County,2021,118010
36075,NY,Oswego County,2022,118110
36075,NY,Oswego County,2023,117889
36075,NY,Oswego County,2024,118305
36077,NY,Otsego County,2020,58366
36077,NY,Otsego County,2021,60722
36077,NY,Otsego County,2022,60408
36077,NY,Otsego County,2023,60519
36077,NY,Otsego County,2024,60524
36079,NY,Putnam County,2020,97628
36079,NY,Putnam County,2021,98235
36079,NY,Putnam County,2022,98274
36079,NY,Putnam County,2023,97988
36079,NY,Putnam County,2024,98409
36081,NY,Queens County,2020,1316181
36081,NY,Queens County,2021,1316181
36081,NY,Queens County,2022,1316181
36081,NY,Queens County,2023,1316181
36081,NY,Queens County,2024,1316181
36083,NY,Rensselaer County,2020,160888
36083,NY,Rensselaer County,2021,160645
36083,NY,Rensselaer County,2022,159530
36083,NY,Rensselaer County,2023,159846
36083,NY,Rensselaer County,2024,160749
36085,NY,Richmond County,2020,495113
36085,NY,Richmond County,2021,494039
36085,NY,Richmond County,2022,492640
36085,NY,Richmond County,2023,494774
36085,NY,Richmond County,2024,498212
36087,NY,Rockland County,2020,337378
36087,NY,Rockland County,2021,339828
36087,NY,Rockland County,2022,340756
36087,NY,Rockland County,2023,343310
36087,NY,Rockland County,2024,348144
36089,NY,St. Lawrence County,2020,108327
36089,NY,St. Lawrence County,2021,107835
36089,NY,St. Lawrence County,2022,107043
36089,NY,St. Lawrence County,2023,106727
36089,NY,St. Lawrence County,2024,106198
36091,NY,Saratoga County,2020,235811
36091,NY,Saratoga County,2021,237885
36091,NY,Saratoga County,2022,238491
36091,NY,Saratoga County,2023,238873
36091,NY,Saratoga County,2024,240360
36093,NY,Schenectady County,2020,159294
36093,NY,Schenectady County,2021,160066
36093,NY,Schenectady County,2022,159846
36093,NY,Schenectady County,2023,160378
36093,NY,Schenectady County,2024,162261
36095,NY,Schoharie County,2020,29761
36095,NY,Schoharie County,2021,30144
36095,NY,Schoharie County,2022,30062
36095,NY,Schoharie County,2023,30126
36095,NY,Schoharie County,2024,30151
36097,NY,Schuyler County,2020,17861
36097,NY,Schuyler County,2021,17789
36097,NY,Schuyler County,2022,17591
36097,NY,Schuyler County,2023,17446
36097,NY,Schuyler County,2024,17121
36099,NY,Seneca County,2020,33512
36099,NY,Seneca County,2021,33411
36099,NY,Seneca County,2022,32610
36099,NY,Seneca County,2023,32416
36099,NY,Seneca County,2024,32650
36101,NY,Steuben County,2020,93321
36101,NY,Steuben County,2021,93099
36101,NY,Steuben County,2022,92420
36101,NY,Steuben County,2023,92087
36101,NY,Steuben County,2024,92015
36103,NY,Suffolk County,2020,1316181
36103,NY,Suffolk County,2021,1316181
36103,NY,Suffolk County,2022,1316181
36103,NY,Suffolk County,2023,1316181
36103,NY,Suffolk County,2024,1316181
36105,NY,Sullivan County,2020,78465
36105,NY,Sullivan County,2021,79731
36105,NY,Sullivan County,2022,79768
36105,NY,Sullivan County,2023,80190
36105,NY,Sullivan County,2024,80450
36107,NY,Tioga County,2020,48354
36107,NY,Tioga County,2021,48090
36107,NY,Tioga County,2022,47708
36107,NY,Tioga County,2023,47593
36107,NY,Tioga County,2024,47574
36109,NY,Tompkins County,2020,99778
36109,NY,Tompkins County,2021,105974
36109,NY,Tompkins County,2022,105827
36109,NY,Tompkins County,2023,105505
36109,NY,Tompkins County,2024,105602
36111,NY,Ulster County,2020,181277
36111,NY,Ulster County,2021,183487
36111,NY,Ulster County,2022,182357
36111,NY,Ulster County,2023,182906
36111,NY,Ulster County,2024,182977
36113,NY,Warren County,2020,65608
36113,NY,Warren County,2021,65734
36113,NY,Warren County,2022,65448
36113,NY,Warren County,2023,65508
36113,NY,Warren County,2024,65288
36115,NY,Washington County,2020,61106
36115,NY,Washington County,2021,60871
36115,NY,Washington County,2022,60764
36115,NY,Washington County,2023,60032
36115,NY,Washington County,2024,59839
36117,NY,Wayne County,2020,91213
36117,NY,Wayne County,2021,91173
36117,NY,Wayne County,2022,90831
36117,NY,Wayne County,2023,90671
36117,NY,Wayne County,2024,90757
36119,NY,Westchester County,2020,1001489
36119,NY,Westchester County,2021,1000036
36119,NY,Westchester County,2022,993488
36119,NY,Westchester County,2023,996926
36119,NY,Westchester County,2024,1006447
36121,NY,Wyoming County,2020,40201
36121,NY,Wyoming County,2021,39916
36121,NY,Wyoming County,2022,39528
36121,NY,Wyoming County,2023,39530
36121,NY,Wyoming County,2024,39588
36123,NY,Yates County,2020,24720
36123,NY,Yates County,2021,24640
36123,NY,Yates County,2022,24469
36123,NY,Yates County,2023,24413
36123,NY,Yates County,2024,24387
37001,NC,Alamance County,2020,171620
37001,NC,Alamance County,2021,173642
37001,NC,Alamance County,2022,176544
37001,NC,Alamance County,2023,179617
37001,NC,Alamance County,2024,183040
37003,NC,Alexander County,2020,36410
37003,NC,Alexander County,2021,36292
37003,NC,Alexander County,2022,36237
37003,NC,Alexander County,2023,36427
37003,NC,Alexander County,2024,36693
37005,NC,Alleghany County,2020,10889
37005,NC,Alleghany County,2021,11074
37005,NC,Alleghany County,2022,11187
37005,NC,Alleghany County,2023,11340
37005,NC,Alleghany County,2024,11379
37007,NC,Anson County,2020,22034
37007,NC,Anson County,2021,22250
37007,NC,Anson County,2022,22346
37007,NC,Anson County,2023,22381
37007,NC,Anson County,2024,22432
37009,NC,Ashe County,2020,26590
37009,NC,Ashe County,2021,26766
37009,NC,Ashe County,2022,27062
37009,NC,Ashe County,2023,27068
37009,NC,Ashe County,2024,27266
37011,NC,Avery County,2020,17815
37011,NC,Avery County,2021,17511
37011,NC,Avery County,2022,17550
37011,NC,Avery County,2023,17711
37011,NC,Avery County,2024,17811
37013,NC,Beaufort County,2020,44690
37013,NC,Beaufort County,2021,44462
37013,NC,Beaufort County,2022,44356
37013,NC,Beaufort County,2023,44410
37013,NC,Beaufort County,2024,44576
37015,NC,Bertie County,2020,17717
37015,NC,Bertie County,2021,17234
37015,NC,Bertie County,2022,16947
37015,NC,Bertie County,2023,17013
37015,NC,Bertie County,2024,16939
37017,NC,Bladen County,2020,29630
37017,NC,Bladen County,2021,29552
37017,NC,Bladen County,2022,29365
37017,NC,Bladen County,2023,29505
37017,NC,Bladen County,2024,29777
37019,NC,Brunswick County,2020,138167
37019,NC,Brunswick County,2021,144869
37019,NC,Brunswick County,2022,152836
37019,NC,Brunswick County,2023,159855
37019,NC,Brunswick County,2024,167112
37021,NC,Buncombe County,2020,269704
37021,NC,Buncombe County,2021,271984
37021,NC,Buncombe County,2022,274112
37021,NC,Buncombe County,2023,276789
37021,NC,Buncombe County,2024,279210
37023,NC,Burke County,2020,87248
37023,NC,Burke County,2021,87303
37023,NC,Burke County,2022,87732
37023,NC,Burke County,2023,88147
37023,NC,Burke County,2024,88545
37025,NC,Cabarrus County,2020,227235
37025,NC,Cabarrus County,2021,231821
37025,NC,Cabarrus County,2022,236078
37025,NC,Cabarrus County,2023,240608
37025,NC,Cabarrus County,2024,244925
37027,NC,Caldwell County,2020,80584
37027,NC,Caldwell County,2021,80518
37027,NC,Caldwell County,2022,80259
37027,NC,Caldwell County,2023,80579
37027,NC,Caldwell County,2024,80739
37029,NC,Camden County,2020,10407
37029,NC,Camden County,2021,10821
37029,NC,Camden County,2022,11089
37029,NC,Camden County,2023,11132
37029,NC,Camden County,2024,11184
37031,NC,Carteret County,2020,67695
37031,NC,Carteret County,2021,68707
37031,NC,Carteret County,2022,69369
37031,NC,Carteret County,2023,69712
37031,NC,Carteret County,2024,70259
37033,NC,Caswell County,2020,22473
37033,NC,Caswell County,2021,22487
37033,NC,Caswell County,2022,22219
37033,NC,Caswell County,2023,22479
37033,NC,Caswell County,2024,22363
37035,NC,Catawba County,2020,160889
37035,NC,Catawba County,2021,161682
37035,NC,Catawba County,2022,163286
37035,NC,Catawba County,2023,164955
37035,NC,Catawba County,2024,167054
37037,NC,Chatham County,2020,76662
37037,NC,Chatham County,2021,78147
37037,NC,Chatham County,2022,80080
37037,NC,Chatham County,2023,81992
37037,NC,Chatham County,2024,83874
37039,NC,Cherokee County,2020,28864
37039,NC,Cherokee County,2021,29188
37039,NC,Cherokee County,2022,29431
37039,NC,Cherokee County,2023,29952
37039,NC,Cherokee County,2024,30373
37041,NC,Chowan County,2020,13707
37041,NC,Chowan County,2021,13769
37041,NC,Chowan County,2022,13921
37041,NC,Chowan County,2023,13894
37041,NC,Chowan County,2024,13891
37043,NC,Clay County,2020,11145
37043,NC,Clay County,2021,11380
37043,NC,Clay County,2022,11610
37043,NC,Clay County,2023,11873
37043,NC,Clay County,2024,12042
37045,NC,Cleveland County,2020,99945
37045,NC,Cleveland County,2021,100485
37045,NC,Cleveland County,2022,100771
37045,NC,Cleveland County,2023,101561
37045,NC,Cleveland County,2024,102194
37047,NC,Columbus County,2020,50475
37047,NC,Columbus County,2021,50004
37047,NC,Columbus County,2022,50027
37047,NC,Columbus County,2023,50140
37047,NC,Columbus County,2024,50054
37049,NC,Craven County,2020,101505
37049,NC,Craven County,2021,101667
37049,NC,Craven County,2022,102392
37049,NC,Craven County,2023,103329
37049,NC,Craven County,2024,104167
37051,NC,Cumberland County,2020,337195
37051,NC,Cumberland County,2021,339623
37051,NC,Cumberland County,2022,339068
37051,NC,Cumberland County,2023,338411
37051,NC,Cumberland County,2024,338430
37053,NC,Currituck County,2020,28404
37053,NC,Currituck County,2021,29703
37053,NC,Currituck County,2022,31011
37053,NC,Currituck County,2023,31609
37053,NC,Currituck County,2024,32278
37055,NC,Dare County,2020,37038
37055,NC,Dare County,2021,37924
37055,NC,Dare County,2022,38047
37055,NC,Dare County,2023,38181
37055,NC,Dare County,2024,38183
37057,NC,Davidson County,2020,169050
37057,NC,Davidson County,2021,170580
37057,NC,Davidson County,2022,172443
37057,NC,Davidson County,2023,174887
37057,NC,Davidson County,2024,177809
37059,NC,Davie County,2020,42894
37059,NC,Davie County,2021,43651
37059,NC,Davie County,2022,44087
37059,NC,Davie County,2023,44594
37059,NC,Davie County,2024,45383
37061,NC,Duplin County,2020,48668
37061,NC,Duplin County,2021,48575
37061,NC,Duplin County,2022,49072
37061,NC,Duplin County,2023,49819
37061,NC,Duplin County,2024,50539
37063,NC,Durham County,2020,322505
37063,NC,Durham County,2021,326826
37063,NC,Durham County,2022,331568
37063,NC,Durham County,2023,337238
37063,NC,Durham County,2024,343628
37065,NC,Edgecombe County,2020,48780
37065,NC,Edgecombe County,2021,48351
37065,NC,Edgecombe County,2022,48481
37065,NC,Edgecombe County,2023,48946
37065,NC,Edgecombe County,2024,49124
37067,NC,Forsyth County,2020,382634
37067,NC,Forsyth County,2021,385753
37067,NC,Forsyth County,2022,389519
37067,NC,Forsyth County,2023,393835
37067,NC,Forsyth County,2024,398143
37069,NC,Franklin County,2020,69028
37069,NC,Franklin County,2021,71712
37069,NC,Franklin County,2022,74326
37069,NC,Franklin County,2023,77092
37069,NC,Franklin County,2024,79771
37071,NC,Gaston County,2020,228625
37071,NC,Gaston County,2021,231409
37071,NC,Gaston County,2022,234208
37071,NC,Gaston County,2023,238153
37071,NC,Gaston County,2024,242010
37073,NC,Gates County,2020,10450
37073,NC,Gates County,2021,10404
37073,NC,Gates County,2022,10373
37073,NC,Gates County,2023,10354
37073,NC,Gates County,2024,10299
37075,NC,Graham County,2020,8039
37075,NC,Graham County,2021,8009
37075,NC,Graham County,2022,8052
37075,NC,Graham County,2023,8079
37075,NC,Graham County,2024,8179
37077,NC,Granville County,2020,60151
37077,NC,Granville County,2021,60460
37077,NC,Granville County,2022,60867
37077,NC,Granville County,2023,61362
37077,NC,Granville County,2024,61544
37079,NC,Greene County,2020,20438
37079,NC,Greene County,2021,20263
37079,NC,Greene County,2022,20415
37079,NC,Greene County,2023,20644
37079,NC,Greene County,2024,20671
37081,NC,Guilford County,2020,538761
37081,NC,Guilford County,2021,542050
37081,NC,Guilford County,2022,547195
37081,NC,Guilford County,2023,552880
37081,NC,Guilford County,2024,558816
37083,NC,Halifax County,2020,48416
37083,NC,Halifax County,2021,48275
37083,NC,Halifax County,2022,47623
37083,NC,Halifax County,2023,47068
37083,NC,Halifax County,2024,46992
37085,NC,Harnett County,2020,133716
37085,NC,Harnett County,2021,135563
37085,NC,Harnett County,2022,138583
37085,NC,Harnett County,2023,141792
37085,NC,Harnett County,2024,146096
37087,NC,Haywood County,2020,62218
37087,NC,Haywood County,2021,62527
37087,NC,Haywood County,2022,62595
37087,NC,Haywood County,2023,62922
37087,NC,Haywood County,2024,63048
37089,NC,Henderson County,2020,116571
37089,NC,Henderson County,2021,117166
37089,NC,Henderson County,2022,118336
37089,NC,Henderson County,2023,119576
37089,NC,Henderson County,2024,120771
37091,NC,Hertford County,2020,21787
37091,NC,Hertford County,2021,20698
37091,NC,Hertford County,2022,19525
37091,NC,Hertford County,2023,19234
37091,NC,Hertford County,2024,19169
37093,NC,Hoke County,2020,52249
37093,NC,Hoke County,2021,53197
37093,NC,Hoke County,2022,53759
37093,NC,Hoke County,2023,54587
37093,NC,Hoke County,2024,55382
37095,NC,Hyde County,2020,4514
37095,NC,Hyde County,2021,4607
37095,NC,Hyde County,2022,4616
37095,NC,Hyde County,2023,4638
37095,NC,Hyde County,2024,4583
37097,NC,Iredell County,2020,187696
37097,NC,Iredell County,2021,192222
37097,NC,Iredell County,2022,196129
37097,NC,Iredell County,2023,200311
37097,NC,Iredell County,2024,206361
37099,NC,Jackson County,2020,42146
37099,NC,Jackson County,2021,42498
37099,NC,Jackson County,2022,43880
37099,NC,Jackson County,2023,45050
37099,NC,Jackson County,2024,45281
37101,NC,Johnston County,2020,217426
37101,NC,Johnston County,2021,226976
37101,NC,Johnston County,2022,234762
37101,NC,Johnston County,2023,242358
37101,NC,Johnston County,2024,249794
37103,NC,Jones County,2020,9145
37103,NC,Jones County,2021,9211
37103,NC,Jones County,2022,9243
37103,NC,Jones County,2023,9448
37103,NC,Jones County,2024,9462
37105,NC,Lee County,2020,63402
37105,NC,Lee County,2021,64031
37105,NC,Lee County,2022,65687
37105,NC,Lee County,2023,67421
37105,NC,Lee County,2024,68537
37107,NC,Lenoir County,2020,55058
37107,NC,Lenoir County,2021,54710
37107,NC,Lenoir County,2022,54529
37107,NC,Lenoir County,2023,54967
37107,NC,Lenoir County,2024,55332
37109,NC,Lincoln County,2020,87169
37109,NC,Lincoln County,2021,89913
37109,NC,Lincoln County,2022,93103
37109,NC,Lincoln County,2023,95786
37109,NC,Lincoln County,2024,97611
37111,NC,McDowell County,2020,44554
37111,NC,McDowell County,2021,44536
37111,NC,McDowell County,2022,44759
37111,NC,McDowell County,2023,44968
37111,NC,McDowell County,2024,45269
37113,NC,Macon County,2020,37095
37113,NC,Macon County,2021,37465
37113,NC,Macon County,2022,37996
37113,NC,Macon County,2023,38430
37113,NC,Macon County,2024,38717
37115,NC,Madison County,2020,21295
37115,NC,Madison County,2021,21737
37115,NC,Madison County,2022,21912
37115,NC,Madison County,2023,22039
37115,NC,Madison County,2024,22352
37117,NC,Martin County,2020,21959
37117,NC,Martin County,2021,21752
37117,NC,Martin County,2022,21502
37117,NC,Martin County,2023,21484
37117,NC,Martin County,2024,21523
37119,NC,Mecklenburg County,2020,1116263
37119,NC,Mecklenburg County,2021,1125279
37119,NC,Mecklenburg County,2022,1149349
37119,NC,Mecklenburg County,2023,1176228
37119,NC,Mecklenburg County,2024,1206285
37121,NC,Mitchell County,2020,14898
37121,NC,Mitchell County,2021,14977
37121,NC,Mitchell County,2022,15051
37121,NC,Mitchell County,2023,15003
37121,NC,Mitchell County,2024,15030
37123,NC,Montgomery County,2020,25720
37123,NC,Montgomery County,2021,25826
37123,NC,Montgomery County,2022,25884
37123,NC,Montgomery County,2023,26241
37123,NC,Montgomery County,2024,26364
37125,NC,Moore County,2020,100293
37125,NC,Moore County,2021,103049
37125,NC,Moore County,2022,105548
37125,NC,Moore County,2023,107072
37125,NC,Moore County,2024,108417
37127,NC,Nash County,2020,95159
37127,NC,Nash County,2021,95215
37127,NC,Nash County,2022,95922
37127,NC,Nash County,2023,96796
37127,NC,Nash County,2024,97990
37129,NC,New Hanover County,2020,226442
37129,NC,New Hanover County,2021,230167
37129,NC,New Hanover County,2022,236147
37129,NC,New Hanover County,2023,240054
37129,NC,New Hanover County,2024,243333
37131,NC,Northampton County,2020,17439
37131,NC,Northampton County,2021,17125
37131,NC,Northampton County,2022,16806
37131,NC,Northampton County,2023,16705
37131,NC,Northampton County,2024,16580
37133,NC,Onslow County,2020,205111
37133,NC,Onslow County,2021,203563
37133,NC,Onslow County,2022,206718
37133,NC,Onslow County,2023,211184
37133,NC,Onslow County,2024,212954
37135,NC,Orange County,2020,143732
37135,NC,Orange County,2021,148798
37135,NC,Orange County,2022,150744
37135,NC,Orange County,2023,152239
37135,NC,Orange County,2024,152877
37137,NC,Pamlico County,2020,12312
37137,NC,Pamlico County,2021,12367
37137,NC,Pamlico County,2022,12269
37137,NC,Pamlico County,2023,12450
37137,NC,Pamlico County,2024,12550
37139,NC,Pasquotank County,2020,40270
37139,NC,Pasquotank County,2021,40484
37139,NC,Pasquotank County,2022,40818
37139,NC,Pasquotank County,2023,41180
37139,NC,Pasquotank County,2024,41418
37141,NC,Pender County,2020,60625
37141,NC,Pender County,2021,62994
37141,NC,Pender County,2022,65697
37141,NC,Pender County,2023,68356
37141,NC,Pender County,2024,70077
37143,NC,Perquimans County,2020,13022
37143,NC,Perquimans County,2021,13126
37143,NC,Perquimans County,2022,13243
37143,NC,Perquimans County,2023,13367
37143,NC,Perquimans County,2024,13460
37145,NC,Person County,2020,39187
37145,NC,Person County,2021,39150
37145,NC,Person County,2022,39396
37145,NC,Person County,2023,39832
37145,NC,Person County,2024,40143
37147,NC,Pitt County,2020,173643
37147,NC,Pitt County,2021,175491
37147,NC,Pitt County,2022,177090
37147,NC,Pitt County,2023,178956
37147,NC,Pitt County,2024,180783
37149,NC,Polk County,2020,19380
37149,NC,Polk County,2021,19709
37149,NC,Polk County,2022,20006
37149,NC,Polk County,2023,20030
37149,NC,Polk County,2024,20320
37151,NC,Randolph County,2020,144407
37151,NC,Randolph County,2021,145129
37151,NC,Randolph County,2022,146174
37151,NC,Randolph County,2023,147641
37151,NC,Randolph County,2024,148389
37153,NC,Richmond County,2020,42725
37153,NC,Richmond County,2021,42641
37153,NC,Richmond County,2022,42360
37153,NC,Richmond County,2023,42003
37153,NC,Richmond County,2024,41990
37155,NC,Robeson County,2020,115967
37155,NC,Robeson County,2021,115901
37155,NC,Robeson County,2022,116313
37155,NC,Robeson County,2023,117705
37155,NC,Robeson County,2024,118624
37157,NC,Rockingham County,2020,91214
37157,NC,Rockingham County,2021,91241
37157,NC,Rockingham County,2022,92044
37157,NC,Rockingham County,2023,92638
37157,NC,Rockingham County,2024,93517
37159,NC,Rowan County,2020,146909
37159,NC,Rowan County,2021,147687
37159,NC,Rowan County,2022,149514
37159,NC,Rowan County,2023,151883
37159,NC,Rowan County,2024,153384
37161,NC,Rutherford County,2020,64357
37161,NC,Rutherford County,2021,64508
37161,NC,Rutherford County,2022,64829
37161,NC,Rutherford County,2023,65369
37161,NC,Rutherford County,2024,65587
37163,NC,Sampson County,2020,59070
37163,NC,Sampson County,2021,59038
37163,NC,Sampson County,2022,59096
37163,NC,Sampson County,2023,59742
37163,NC,Sampson County,2024,60404
37165,NC,Scotland County,2020,33420
37165,NC,Scotland County,2021,33423
37165,NC,Scotland County,2022,33548
37165,NC,Scotland County,2023,33660
37165,NC,Scotland County,2024,33898
37167,NC,Stanly County,2020,62679
37167,NC,Stanly County,2021,63147
37167,NC,Stanly County,2022,64285
37167,NC,Stanly County,2023,65818
37167,NC,Stanly County,2024,67326
37169,NC,Stokes County,2020,44579
37169,NC,Stokes County,2021,44636
37169,NC,Stokes County,2022,45137
37169,NC,Stokes County,2023,45486
37169,NC,Stokes County,2024,45857
37171,NC,Surry County,2020,71371
37171,NC,Surry County,2021,71262
37171,NC,Surry County,2022,71489
37171,NC,Surry County,2023,71457
37171,NC,Surry County,2024,71547
37173,NC,Swain County,2020,14103
37173,NC,Swain County,2021,14126
37173,NC,Swain County,2022,13968
37173,NC,Swain County,2023,13923
37173,NC,Swain County,2024,13945
37175,NC,Transylvania County,2020,33258
37175,NC,Transylvania County,2021,33494
37175,NC,Transylvania County,2022,33668
37175,NC,Transylvania County,2023,33934
37175,NC,Transylvania County,2024,34103
37177,NC,Tyrrell County,2020,3234
37177,NC,Tyrrell County,2021,3373
37177,NC,Tyrrell County,2022,3469
37177,NC,Tyrrell County,2023,3520
37177,NC,Tyrrell County,2024,3517
37179,NC,Union County,2020,239688
37179,NC,Union County,2021,244491
37179,NC,Union County,2022,249714
37179,NC,Union County,2023,257510
37179,NC,Union County,2024,263386
37181,NC,Vance County,2020,42559
37181,NC,Vance County,2021,42126
37181,NC,Vance County,2022,42258
37181,NC,Vance County,2023,42329
37181,NC,Vance County,2024,42337
37183,NC,Wake County,2020,1130694
37183,NC,Wake County,2021,1152626
37183,NC,Wake County,2022,1174107
37183,NC,Wake County,2023,1203394
37183,NC,Wake County,2024,1232444
37185,NC,Warren County,2020,18601
37185,NC,Warren County,2021,18831
37185,NC,Warren County,2022,18700
37185,NC,Warren County,2023,18762
37185,NC,Warren County,2024,19081
37187,NC,Washington County,2020,10981
37187,NC,Washington County,2021,10888
37187,NC,Washington County,2022,10798
37187,NC,Washington County,2023,10739
37187,NC,Washington County,2024,10654
37189,NC,Watauga County,2020,54470
37189,NC,Watauga County,2021,55326
37189,NC,Watauga County,2022,55404
37189,NC,Watauga County,2023,55420
37189,NC,Watauga County,2024,54997
37191,NC,Wayne County,2020,117772
37191,NC,Wayne County,2021,117395
37191,NC,Wayne County,2022,118185
37191,NC,Wayne County,2023,119570
37191,NC,Wayne County,2024,120338
37193,NC,Wilkes County,2020,65872
37193,NC,Wilkes County,2021,65798
37193,NC,Wilkes County,2022,65801
37193,NC,Wilkes County,2023,66017
37193,NC,Wilkes County,2024,66186
37195,NC,Wilson County,2020,79301
37195,NC,Wilson County,2021,78746
37195,NC,Wilson County,2022,78838
37195,NC,Wilson County,2023,79606
37195,NC,Wilson County,2024,79958
37197,NC,Yadkin County,2020,37253
37197,NC,Yadkin County,2021,37280
37197,NC,Yadkin County,2022,37539
37197,NC,Yadkin County,2023,37798
37197,NC,Yadkin County,2024,37995
37199,NC,Yancey County,2020,18496
37199,NC,Yancey County,2021,18767
37199,NC,Yancey County,2022,18790
37199,NC,Yancey County,2023,18940
37199,NC,Yancey County,2024,18993
38001,ND,Adams County,2020,2181
38001,ND,Adams County,2021,2156
38001,ND,Adams County,2022,2106
38001,ND,Adams County,2023,2143
38001,ND,Adams County,2024,2141
38003,ND,Barnes County,2020,10842
38003,ND,Barnes County,2021,10714
38003,ND,Barnes County,2022,10743
38003,ND,Barnes County,2023,10767
38003,ND,Barnes County,2024,10798
38005,ND,Benson County,2020,5940
38005,ND,Benson County,2021,5773
38005,ND,Benson County,2022,5794
38005,ND,Benson County,2023,5778
38005,ND,Benson County,2024,5756
38007,ND,Billings County,2020,934
38007,ND,Billings County,2021,964
38007,ND,Billings County,2022,1022
38007,ND,Billings County,2023,1036
38007,ND,Billings County,2024,1063
38009,ND,Bottineau County,2020,6375
38009,ND,Bottineau County,2021,6417
38009,ND,Bottineau County,2022,6372
38009,ND,Bottineau County,2023,6335
38009,ND,Bottineau County,2024,6391
38011,ND,Bowman County,2020,2981
38011,ND,Bowman County,2021,2901
38011,ND,Bowman County,2022,2892
38011,ND,Bowman County,2023,2870
38011,ND,Bowman County,2024,2886
38013,ND,Burke County,2020,2192
38013,ND,Burke County,2021,2152
38013,ND,Burke County,2022,2133
38013,ND,Burke County,2023,2147
38013,ND,Burke County,2024,2154
38015,ND,Burleigh County,2020,98589
38015,ND,Burleigh County,2021,99386
38015,ND,Burleigh County,2022,100436
38015,ND,Burleigh County,2023,101484
38015,ND,Burleigh County,2024,103107
38017,ND,Cass County,2020,184897
38017,ND,Cass County,2021,189330
38017,ND,Cass County,2022,193670
38017,ND,Cass County,2023,198157
38017,ND,Cass County,2024,200945
38019,ND,Cavalier County,2020,3700
38019,ND,Cavalier County,2021,3677
38019,ND,Cavalier County,2022,3616
38019,ND,Cavalier County,2023,3605
38019,ND,Cavalier County,2024,3567
38021,ND,Dickey County,2020,4960
38021,ND,Dickey County,2021,4903
38021,ND,Dickey County,2022,4941
38021,ND,Dickey County,2023,4940
38021,ND,Dickey County,2024,4930
38023,ND,Divide County,2020,2205
38023,ND,Divide County,2021,2182
38023,ND,Divide County,2022,2174
38023,ND,Divide County,2023,2148
38023,ND,Divide County,2024,2124
38025,ND,Dunn County,2020,4098
38025,ND,Dunn County,2021,4014
38025,ND,Dunn County,2022,4005
38025,ND,Dunn County,2023,4051
38025,ND,Dunn County,2024,4031
38027,ND,Eddy County,2020,2321
38027,ND,Eddy County,2021,2318
38027,ND,Eddy County,2022,2311
38027,ND,Eddy County,2023,2278
38027,ND,Eddy County,2024,2309
38029,ND,Emmons County,2020,3291
38029,ND,Emmons County,2021,3262
38029,ND,Emmons County,2022,3267
38029,ND,Emmons County,2023,3241
38029,ND,Emmons County,2024,3209
38031,ND,Foster County,2020,3388
38031,ND,Foster County,2021,3366
38031,ND,Foster County,2022,3377
38031,ND,Foster County,2023,3334
38031,ND,Foster County,2024,3323
38033,ND,Golden Valley County,2020,1719
38033,ND,Golden Valley County,2021,1754
38033,ND,Golden Valley County,2022,1746
38033,ND,Golden Valley County,2023,1760
38033,ND,Golden Valley County,2024,1795
38035,ND,Grand Forks County,2020,73132
38035,ND,Grand Forks County,2021,72409
38035,ND,Grand Forks County,2022,72103
38035,ND,Grand Forks County,2023,73198
38035,ND,Grand Forks County,2024,73771
38037,ND,Grant County,2020,2291
38037,ND,Grant County,2021,2308
38037,ND,Grant County,2022,2248
38037,ND,Grant County,2023,2249
38037,ND,Grant County,2024,2247
38039,ND,Griggs County,2020,2301
38039,ND,Griggs County,2021,2290
38039,ND,Griggs County,2022,2268
38039,ND,Griggs County,2023,2250
38039,ND,Griggs County,2024,2227
38041,ND,Hettinger County,2020,2468
38041,ND,Hettinger County,2021,2428
38041,ND,Hettinger County,2022,2425
38041,ND,Hettinger County,2023,2418
38041,ND,Hettinger County,2024,2419
38043,ND,Kidder County,2020,2392
38043,ND,Kidder County,2021,2364
38043,ND,Kidder County,2022,2396
38043,ND,Kidder County,2023,2360
38043,ND,Kidder County,2024,2371
38045,ND,LaMoure County,2020,4096
38045,ND,LaMoure County,2021,4054
38045,ND,LaMoure County,2022,4061
38045,ND,LaMoure County,2023,4068
38045,ND,LaMoure County,2024,4051
38047,ND,Logan County,2020,1880
38047,ND,Logan County,2021,1860
38047,ND,Logan County,2022,1849
38047,ND,Logan County,2023,1886
38047,ND,Logan County,2024,1880
38049,ND,McHenry County,2020,5316
38049,ND,McHenry County,2021,5224
38049,ND,McHenry County,2022,5208
38049,ND,McHenry County,2023,5152
38049,ND,McHenry County,2024,5135
38051,ND,McIntosh County,2020,2516
38051,ND,McIntosh County,2021,2519
38051,ND,McIntosh County,2022,2503
38051,ND,McIntosh County,2023,2488
38051,ND,McIntosh County,2024,2461
38053,ND,McKenzie County,2020,14776
38053,ND,McKenzie County,2021,14037
38053,ND,McKenzie County,2022,13905
38053,ND,McKenzie County,2023,14282
38053,ND,McKenzie County,2024,14782
38055,ND,McLean County,2020,9763
38055,ND,McLean County,2021,9819
38055,ND,McLean County,2022,9851
38055,ND,McLean County,2023,9836
38055,ND,McLean County,2024,9845
38057,ND,Mercer County,2020,8348
38057,ND,Mercer County,2021,8336
38057,ND,Mercer County,2022,8333
38057,ND,Mercer County,2023,8322
38057,ND,Mercer County,2024,8348
38059,ND,Morton County,2020,33322
38059,ND,Morton County,2021,33581
38059,ND,Morton County,2022,33741
38059,ND,Morton County,2023,34047
38059,ND,Morton County,2024,34194
38061,ND,Mountrail County,2020,9803
38061,ND,Mountrail County,2021,9578
38061,ND,Mountrail County,2022,9255
38061,ND,Mountrail County,2023,9427
38061,ND,Mountrail County,2024,9474
38063,ND,Nelson County,2020,2999
38063,ND,Nelson County,2021,3055
38063,ND,Nelson County,2022,3011
38063,ND,Nelson County,2023,3010
38063,ND,Nelson County,2024,3007
38065,ND,Oliver County,2020,1868
38065,ND,Oliver County,2021,1876
38065,ND,Oliver County,2022,1858
38065,ND,Oliver County,2023,1873
38065,ND,Oliver County,2024,1882
38067,ND,Pembina County,2020,6826
38067,ND,Pembina County,2021,6767
38067,ND,Pembina County,2022,6764
38067,ND,Pembina County,2023,6690
38067,ND,Pembina County,2024,6588
38069,ND,Pierce County,2020,3975
38069,ND,Pierce County,2021,3951
38069,ND,Pierce County,2022,3944
38069,ND,Pierce County,2023,3910
38069,ND,Pierce County,2024,3853
38071,ND,Ramsey County,2020,11584
38071,ND,Ramsey County,2021,11619
38071,ND,Ramsey County,2022,11552
38071,ND,Ramsey County,2023,11517
38071,ND,Ramsey County,2024,11510
38073,ND,Ransom County,2020,5693
38073,ND,Ransom County,2021,5677
38073,ND,Ransom County,2022,5648
38073,ND,Ransom County,2023,5606
38073,ND,Ransom County,2024,5590
38075,ND,Renville County,2020,2282
38075,ND,Renville County,2021,2272
38075,ND,Renville County,2022,2267
38075,ND,Renville County,2023,2325
38075,ND,Renville County,2024,2376
38077,ND,Richland County,2020,16532
38077,ND,Richland County,2021,16547
38077,ND,Richland County,2022,16577
38077,ND,Richland County,2023,16604
38077,ND,Richland County,2024,16658
38079,ND,Rolette County,2020,12200
38079,ND,Rolette County,2021,12074
38079,ND,Rolette County,2022,11889
38079,ND,Rolette County,2023,11766
38079,ND,Rolette County,2024,11692
38081,ND,Sargent County,2020,3843
38081,ND,Sargent County,2021,3849
38081,ND,Sargent County,2022,3823
38081,ND,Sargent County,2023,3794
38081,ND,Sargent County,2024,3710
38083,ND,Sheridan County,2020,1262
38083,ND,Sheridan County,2021,1265
38083,ND,Sheridan County,2022,1285
38083,ND,Sheridan County,2023,1277
38083,ND,Sheridan County,2024,1268
38085,ND,Sioux County,2020,3881
38085,ND,Sioux County,2021,3750
38085,ND,Sioux County,2022,3697
38085,ND,Sioux County,2023,3659
38085,ND,Sioux County,2024,3713
38087,ND,Slope County,2020,864
38087,ND,Slope County,2021,864
38087,ND,Slope County,2022,864
38087,ND,Slope County,2023,864
38087,ND,Slope County,2024,864
38089,ND,Stark County,2020,33835
38089,ND,Stark County,2021,33031
38089,ND,Stark County,2022,32762
38089,ND,Stark County,2023,33117
38089,ND,Stark County,2024,33767
38091,ND,Steele County,2020,1790
38091,ND,Steele County,2021,1803
38091,ND,Steele County,2022,1782
38091,ND,Steele County,2023,1766
38091,ND,Steele County,2024,1767
38093,ND,Stutsman County,2020,21554
38093,ND,Stutsman County,2021,21607
38093,ND,Stutsman County,2022,21518
38093,ND,Stutsman County,2023,21522
38093,ND,Stutsman County,2024,21546
38095,ND,Towner County,2020,2139
38095,ND,Towner County,2021,2116
38095,ND,Towner County,2022,2060
38095,ND,Towner County,2023,2036
38095,ND,Towner County,2024,2051
38097,ND,Traill County,2020,7979
38097,ND,Traill County,2021,7968
38097,ND,Traill County,2022,7958
38097,ND,Traill County,2023,7957
38097,ND,Traill County,2024,7989
38099,ND,Walsh County,2020,10524
38099,ND,Walsh County,2021,10483
38099,ND,Walsh County,2022,10468
38099,ND,Walsh County,2023,10293
38099,ND,Walsh County,2024,10214
38101,ND,Ward County,2020,69922
38101,ND,Ward County,2021,69265
38101,ND,Ward County,2022,68831
38101,ND,Ward County,2023,68419
38101,ND,Ward County,2024,68427
38103,ND,Wells County,2020,3967
38103,ND,Wells County,2021,3896
38103,ND,Wells County,2022,3916
38103,ND,Wells County,2023,3866
38103,ND,Wells County,2024,3803
38105,ND,Williams County,2020,41189
38105,ND,Williams County,2021,39130
38105,ND,Williams County,2022,38012
38105,ND,Williams County,2023,39304
38105,ND,Williams County,2024,40763
39001,OH,Adams County,2020,27451
39001,OH,Adams County,2021,27589
39001,OH,Adams County,2022,27449
39001,OH,Adams County,2023,27542
39001,OH,Adams County,2024,27671
39003,OH,Allen County,2020,102137
39003,OH,Allen County,2021,101800
39003,OH,Allen County,2022,101086
39003,OH,Allen County,2023,100851
39003,OH,Allen County,2024,100866
39005,OH,Ashland County,2020,52476
39005,OH,Ashland County,2021,52193
39005,OH,Ashland County,2022,52010
39005,OH,Ashland County,2023,52183
39005,OH,Ashland County,2024,52420
39007,OH,Ashtabula County,2020,97512
39007,OH,Ashtabula County,2021,97470
39007,OH,Ashtabula County,2022,96987
39007,OH,Ashtabula County,2023,96962
39007,OH,Ashtabula County,2024,96906
39009,OH,Athens County,2020,62380
39009,OH,Athens County,2021,59261
39009,OH,Athens County,2022,61029
39009,OH,Athens County,2023,62969
39009,OH,Athens County,2024,63218
39011,OH,Auglaize County,2020,46473
39011,OH,Auglaize County,2021,46261
39011,OH,Auglaize County,2022,45949
39011,OH,Auglaize County,2023,46018
39011,OH,Auglaize County,2024,45922
39013,OH,Belmont County,2020,66291
39013,OH,Belmont County,2021,65909
39013,OH,Belmont County,2022,65495
39013,OH,Belmont County,2023,64980
39013,OH,Belmont County,2024,64692
39015,OH,Brown County,2020,43684
39015,OH,Brown County,2021,43708
39015,OH,Brown County,2022,43707
39015,OH,Brown County,2023,43834
39015,OH,Brown County,2024,44292
39017,OH,Butler County,2020,390887
39017,OH,Butler County,2021,387671
39017,OH,Butler County,2022,390689
39017,OH,Butler County,2023,395593
39017,OH,Butler County,2024,399542
39019,OH,Carroll County,2020,26702
39019,OH,Carroll County,2021,26702
39019,OH,Carroll County,2022,26677
39019,OH,Carroll County,2023,26754
39019,OH,Carroll County,2024,26460
39021,OH,Champaign County,2020,38743
39021,OH,Champaign County,2021,38800
39021,OH,Champaign County,2022,38712
39021,OH,Champaign County,2023,38857
39021,OH,Champaign County,2024,38907
39023,OH,Clark County,2020,135894
39023,OH,Clark County,2021,135490
39023,OH,Clark County,2022,134686
39023,OH,Clark County,2023,134735
39023,OH,Clark County,2024,134985
39025,OH,Clermont County,2020,208755
39025,OH,Clermont County,2021,209919
39025,OH,Clermont County,2022,210906
39025,OH,Clermont County,2023,212202
39025,OH,Clermont County,2024,214123
39027,OH,Clinton County,2020,42035
39027,OH,Clinton County,2021,42130
39027,OH,Clinton County,2022,41902
39027,OH,Clinton County,2023,41972
39027,OH,Clinton County,2024,42019
39029,OH,Columbiana County,2020,101650
39029,OH,Columbiana County,2021,101372
39029,OH,Columbiana County,2022,100537
39029,OH,Columbiana County,2023,100137
39029,OH,Columbiana County,2024,99823
39031,OH,Coshocton County,2020,36595
39031,OH,Coshocton County,2021,36674
39031,OH,Coshocton County,2022,36583
39031,OH,Coshocton County,2023,36866
39031,OH,Coshocton County,2024,37003
39033,OH,Crawford County,2020,42015
39033,OH,Crawford County,2021,41793
39033,OH,Crawford County,2022,41532
39033,OH,Crawford County,2023,41591
39033,OH,Crawford County,2024,41626
39035,OH,Cuyahoga County,2020,1262635
39035,OH,Cuyahoga County,2021,1247735
39035,OH,Cuyahoga County,2022,1239720
39035,OH,Cuyahoga County,2023,1238679
39035,OH,Cuyahoga County,2024,1240594
39037,OH,Darke County,2020,51897
39037,OH,Darke County,2021,51655
39037,OH,Darke County,2022,51526
39037,OH,Darke County,2023,51432
39037,OH,Darke County,2024,51462
39039,OH,Defiance County,2020,38267
39039,OH,Defiance County,2021,38182
39039,OH,Defiance County,2022,38183
39039,OH,Defiance County,2023,38437
39039,OH,Defiance County,2024,38644
39041,OH,Delaware County,2020,215162
39041,OH,Delaware County,2021,221304
39041,OH,Delaware County,2022,227008
39041,OH,Delaware County,2023,232732
39041,OH,Delaware County,2024,237966
39043,OH,Erie County,2020,75482
39043,OH,Erie County,2021,74894
39043,OH,Erie County,2022,74563
39043,OH,Erie County,2023,74125
39043,OH,Erie County,2024,73841
39045,OH,Fairfield County,2020,159464
39045,OH,Fairfield County,2021,161245
39045,OH,Fairfield County,2022,163166
39045,OH,Fairfield County,2023,165630
39045,OH,Fairfield County,2024,167762
39047,OH,Fayette County,2020,28978
39047,OH,Fayette County,2021,28935
39047,OH,Fayette County,2022,28856
39047,OH,Fayette County,2023,28831
39047,OH,Fayette County,2024,28782
39049,OH,Franklin County,2020,1316181
39049,OH,Franklin County,2021,1316181
39049,OH,Franklin County,2022,1316181
39049,OH,Franklin County,2023,1316181
39049,OH,Franklin County,2024,1316181
39051,OH,Fulton County,2020,42640
39051,OH,Fulton County,2021,42500
39051,OH,Fulton County,2022,42083
39051,OH,Fulton County,2023,41951
39051,OH,Fulton County,2024,42028
39053,OH,Gallia County,2020,29240
39053,OH,Gallia County,2021,29235
39053,OH,Gallia County,2022,29014
39053,OH,Gallia County,2023,28964
39053,OH,Gallia County,2024,28886
39055,OH,Geauga County,2020,95385
39055,OH,Geauga County,2021,95716
39055,OH,Geauga County,2022,95552
39055,OH,Geauga County,2023,95389
39055,OH,Geauga County,2024,95362
39057,OH,Greene County,2020,168130
39057,OH,Greene County,2021,168250
39057,OH,Greene County,2022,169380
39057,OH,Greene County,2023,170335
39057,OH,Greene County,2024,172347
39059,OH,Guernsey County,2020,38419
39059,OH,Guernsey County,2021,38283
39059,OH,Guernsey County,2022,38069
39059,OH,Guernsey County,2023,38126
39059,OH,Guernsey County,2024,38219
39061,OH,Hamilton County,2020,830418
39061,OH,Hamilton County,2021,827564
39061,OH,Hamilton County,2022,826970
39061,OH,Hamilton County,2023,831559
39061,OH,Hamilton County,2024,837359
39063,OH,Hancock County,2020,74919
39063,OH,Hancock County,2021,74755
39063,OH,Hancock County,2022,74793
39063,OH,Hancock County,2023,74847
39063,OH,Hancock County,2024,75016
39065,OH,Hardin County,2020,30722
39065,OH,Hardin County,2021,30444
39065,OH,Hardin County,2022,30400
39065,OH,Hardin County,2023,30406
39065,OH,Hardin County,2024,30402
39067,OH,Harrison County,2020,14492
39067,OH,Harrison County,2021,14463
39067,OH,Harrison County,2022,14351
39067,OH,Harrison County,2023,14183
39067,OH,Harrison County,2024,14042
39069,OH,Henry County,2020,27672
39069,OH,Henry County,2021,27565
39069,OH,Henry County,2022,27517
39069,OH,Henry County,2023,27545
39069,OH,Henry County,2024,27536
39071,OH,Highland County,2020,43364
39071,OH,Highland County,2021,43453
39071,OH,Highland County,2022,43396
39071,OH,Highland County,2023,43588
39071,OH,Highland County,2024,43785
39073,OH,Hocking County,2020,28046
39073,OH,Hocking County,2021,28109
39073,OH,Hocking County,2022,27843
39073,OH,Hocking County,2023,27567
39073,OH,Hocking County,2024,27429
39075,OH,Holmes County,2020,44236
39075,OH,Holmes County,2021,44367
39075,OH,Holmes County,2022,44380
39075,OH,Holmes County,2023,44439
39075,OH,Holmes County,2024,44668
39077,OH,Huron County,2020,58495
39077,OH,Huron County,2021,58416
39077,OH,Huron County,2022,58256
39077,OH,Huron County,2023,58258
39077,OH,Huron County,2024,58168
39079,OH,Jackson County,2020,32671
39079,OH,Jackson County,2021,32551
39079,OH,Jackson County,2022,32634
39079,OH,Jackson County,2023,32669
39079,OH,Jackson County,2024,32723
39081,OH,Jefferson County,2020,65186
39081,OH,Jefferson County,2021,65101
39081,OH,Jefferson County,2022,64286
39081,OH,Jefferson County,2023,64116
39081,OH,Jefferson County,2024,63900
39083,OH,Knox County,2020,62792
39083,OH,Knox County,2021,62539
39083,OH,Knox County,2022,63186
39083,OH,Knox County,2023,63344
39083,OH,Knox County,2024,63848
39085,OH,Lake County,2020,232527
39085,OH,Lake County,2021,232261
39085,OH,Lake County,2022,231968
39085,OH,Lake County,2023,231964
39085,OH,Lake County,2024,232360
39087,OH,Lawrence County,2020,58141
39087,OH,Lawrence County,2021,57415
39087,OH,Lawrence County,2022,56571
39087,OH,Lawrence County,2023,56138
39087,OH,Lawrence County,2024,55829
39089,OH,Licking County,2020,178796
39089,OH,Licking County,2021,180051
39089,OH,Licking County,2022,181899
39089,OH,Licking County,2023,183540
39089,OH,Licking County,2024,184898
39091,OH,Logan County,2020,46114
39091,OH,Logan County,2021,46160
39091,OH,Logan County,2022,46040
39091,OH,Logan County,2023,46045
39091,OH,Logan County,2024,46085
39093,OH,Lorain County,2020,313534
39093,OH,Lorain County,2021,314301
39093,OH,Lorain County,2022,316616
39093,OH,Lorain County,2023,319163
39093,OH,Lorain County,2024,322030
39095,OH,Lucas County,2020,430870
39095,OH,Lucas County,2021,429535
39095,OH,Lucas County,2022,427154
39095,OH,Lucas County,2023,426240
39095,OH,Lucas County,2024,426291
39097,OH,Madison County,2020,43858
39097,OH,Madison County,2021,44447
39097,OH,Madison County,2022,43613
39097,OH,Madison County,2023,44668
39097,OH,Madison County,2024,45531
39099,OH,Mahoning County,2020,228017
39099,OH,Mahoning County,2021,226559
39099,OH,Mahoning County,2022,226104
39099,OH,Mahoning County,2023,225988
39099,OH,Mahoning County,2024,225786
39101,OH,Marion County,2020,65390
39101,OH,Marion County,2021,65330
39101,OH,Marion County,2022,64576
39101,OH,Marion County,2023,64828
39101,OH,Marion County,2024,64976
39103,OH,Medina County,2020,182639
39103,OH,Medina County,2021,183403
39103,OH,Medina County,2022,183520
39103,OH,Medina County,2023,184115
39103,OH,Medina County,2024,184625
39105,OH,Meigs County,2020,22160
39105,OH,Meigs County,2021,22084
39105,OH,Meigs County,2022,21971
39105,OH,Meigs County,2023,21772
39105,OH,Meigs County,2024,21491
39107,OH,Mercer County,2020,42532
39107,OH,Mercer County,2021,42387
39107,OH,Mercer County,2022,42403
39107,OH,Mercer County,2023,42448
39107,OH,Mercer County,2024,42648
39109,OH,Miami County,2020,108962
39109,OH,Miami County,2021,109426
39109,OH,Miami County,2022,110245
39109,OH,Miami County,2023,110898
39109,OH,Miami County,2024,111950
39111,OH,Monroe County,2020,13356
39111,OH,Monroe County,2021,13339
39111,OH,Monroe County,2022,13225
39111,OH,Monroe County,2023,13165
39111,OH,Monroe County,2024,13051
39113,OH,Montgomery County,2020,537139
39113,OH,Montgomery County,2021,536229
39113,OH,Montgomery County,2022,534355
39113,OH,Montgomery County,2023,535313
39113,OH,Montgomery County,2024,537443
39115,OH,Morgan County,2020,13752
39115,OH,Morgan County,2021,13697
39115,OH,Morgan County,2022,13648
39115,OH,Morgan County,2023,13626
39115,OH,Morgan County,2024,13532
39117,OH,Morrow County,2020,34983
39117,OH,Morrow County,2021,35211
39117,OH,Morrow County,2022,35317
39117,OH,Morrow County,2023,35583
39117,OH,Morrow County,2024,35927
39119,OH,Muskingum County,2020,86464
39119,OH,Muskingum County,2021,86585
39119,OH,Muskingum County,2022,86114
39119,OH,Muskingum County,2023,86312
39119,OH,Muskingum County,2024,86582
39121,OH,Noble County,2020,14107
39121,OH,Noble County,2021,14326
39121,OH,Noble County,2022,14364
39121,OH,Noble County,2023,14345
39121,OH,Noble County,2024,14269
39123,OH,Ottawa County,2020,40298
39123,OH,Ottawa County,2021,40175
39123,OH,Ottawa County,2022,39984
39123,OH,Ottawa County,2023,39819
39123,OH,Ottawa County,2024,39692
39125,OH,Paulding County,2020,18807
39125,OH,Paulding County,2021,18900
39125,OH,Paulding County,2022,18763
39125,OH,Paulding County,2023,18728
39125,OH,Paulding County,2024,18755
39127,OH,Perry County,2020,35455
39127,OH,Perry County,2021,35478
39127,OH,Perry County,2022,35483
39127,OH,Perry County,2023,35577
39127,OH,Perry County,2024,35682
39129,OH,Pickaway County,2020,58664
39129,OH,Pickaway County,2021,58781
39129,OH,Pickaway County,2022,59987
39129,OH,Pickaway County,2023,61064
39129,OH,Pickaway County,2024,62158
39131,OH,Pike County,2020,27076
39131,OH,Pike County,2021,27103
39131,OH,Pike County,2022,26991
39131,OH,Pike County,2023,26983
39131,OH,Pike County,2024,27065
39133,OH,Portage County,2020,161854
39133,OH,Portage County,2021,159086
39133,OH,Portage County,2022,161924
39133,OH,Portage County,2023,163075
39133,OH,Portage County,2024,163839
39135,OH,Preble County,2020,41016
39135,OH,Preble County,2021,40886
39135,OH,Preble County,2022,40557
39135,OH,Preble County,2023,40563
39135,OH,Preble County,2024,40801
39137,OH,Putnam County,2020,34407
39137,OH,Putnam County,2021,34371
39137,OH,Putnam County,2022,34331
39137,OH,Putnam County,2023,34254
39137,OH,Putnam County,2024,34206
39139,OH,Richland County,2020,124988
39139,OH,Richland County,2021,125382
39139,OH,Richland County,2022,125268
39139,OH,Richland County,2023,125003
39139,OH,Richland County,2024,124853
39141,OH,Ross County,2020,77068
39141,OH,Ross County,2021,76526
39141,OH,Ross County,2022,76479
39141,OH,Ross County,2023,76340
39141,OH,Ross County,2024,76046
39143,OH,Sandusky County,2020,58878
39143,OH,Sandusky County,2021,58769
39143,OH,Sandusky County,2022,58591
39143,OH,Sandusky County,2023,58785
39143,OH,Sandusky County,2024,58866
39145,OH,Scioto County,2020,73852
39145,OH,Scioto County,2021,72998
39145,OH,Scioto County,2022,72312
39145,OH,Scioto County,2023,72176
39145,OH,Scioto County,2024,71798
39147,OH,Seneca County,2020,55055
39147,OH,Seneca County,2021,54876
39147,OH,Seneca County,2022,54563
39147,OH,Seneca County,2023,54628
39147,OH,Seneca County,2024,54730
39149,OH,Shelby County,2020,48154
39149,OH,Shelby County,2021,48032
39149,OH,Shelby County,2022,47723
39149,OH,Shelby County,2023,47785
39149,OH,Shelby County,2024,47952
39151,OH,Stark County,2020,374552
39151,OH,Stark County,2021,373861
39151,OH,Stark County,2022,373008
39151,OH,Stark County,2023,373052
39151,OH,Stark County,2024,374091
39153,OH,Summit County,2020,539835
39153,OH,Summit County,2021,537516
39153,OH,Summit County,2022,536582
39153,OH,Summit County,2023,537019
39153,OH,Summit County,2024,538370
39155,OH,Trumbull County,2020,201682
39155,OH,Trumbull County,2021,201594
39155,OH,Trumbull County,2022,200716
39155,OH,Trumbull County,2023,200354
39155,OH,Trumbull County,2024,200300
39157,OH,Tuscarawas County,2020,93199
39157,OH,Tuscarawas County,2021,92631
39157,OH,Tuscarawas County,2022,92030
39157,OH,Tuscarawas County,2023,92017
39157,OH,Tuscarawas County,2024,92048
39159,OH,Union County,2020,63090
39159,OH,Union County,2021,65119
39159,OH,Union County,2022,66927
39159,OH,Union County,2023,69765
39159,OH,Union County,2024,71721
39161,OH,Van Wert County,2020,28919
39161,OH,Van Wert County,2021,28793
39161,OH,Van Wert County,2022,28806
39161,OH,Van Wert County,2023,28725
39161,OH,Van Wert County,2024,28887
39163,OH,Vinton County,2020,12808
39163,OH,Vinton County,2021,12714
39163,OH,Vinton County,2022,12585
39163,OH,Vinton County,2023,12498
39163,OH,Vinton County,2024,12545
39165,OH,Warren County,2020,243236
39165,OH,Warren County,2021,246868
39165,OH,Warren County,2022,250298
39165,OH,Warren County,2023,253579
39165,OH,Warren County,2024,256059
39167,OH,Washington County,2020,59656
39167,OH,Washington County,2021,59504
39167,OH,Washington County,2022,58883
39167,OH,Washington County,2023,58513
39167,OH,Washington County,2024,58332
39169,OH,Wayne County,2020,116903
39169,OH,Wayne County,2021,116160
39169,OH,Wayne County,2022,116609
39169,OH,Wayne County,2023,116635
39169,OH,Wayne County,2024,116632
39171,OH,Williams County,2020,37084
39171,OH,Williams County,2021,36770
39171,OH,Williams County,2022,36621
39171,OH,Williams County,2023,36566
39171,OH,Williams County,2024,36554
39173,OH,Wood County,2020,132267
39173,OH,Wood County,2021,130340
39173,OH,Wood County,2022,131821
39173,OH,Wood County,2023,132813
39173,OH,Wood County,2024,133077
39175,OH,Wyandot County,2020,21864
39175,OH,Wyandot County,2021,21693
39175,OH,Wyandot County,2022,21574
39175,OH,Wyandot County,2023,21466
39175,OH,Wyandot County,2024,21394
40001,OK,Adair County,2020,19458
40001,OK,Adair County,2021,19444
40001,OK,Adair County,2022,19513
40001,OK,Adair County,2023,19641
40001,OK,Adair County,2024,19821
40003,OK,Alfalfa County,2020,5712
40003,OK,Alfalfa County,2021,5698
40003,OK,Alfalfa County,2022,5697
40003,OK,Alfalfa County,2023,5661
40003,OK,Alfalfa County,2024,5712
40005,OK,Atoka County,2020,14165
40005,OK,Atoka County,2021,14296
40005,OK,Atoka County,2022,14311
40005,OK,Atoka County,2023,14524
40005,OK,Atoka County,2024,14600
40007,OK,Beaver County,2020,5028
40007,OK,Beaver County,2021,4991
40007,OK,Beaver County,2022,5044
40007,OK,Beaver County,2023,5052
40007,OK,Beaver County,2024,5025
40009,OK,Beckham County,2020,22331
40009,OK,Beckham County,2021,22037
40009,OK,Beckham County,2022,21990
40009,OK,Beckham County,2023,22132
40009,OK,Beckham County,2024,22248
40011,OK,Blaine County,2020,8702
40011,OK,Blaine County,2021,8551
40011,OK,Blaine County,2022,8477
40011,OK,Blaine County,2023,8547
40011,OK,Blaine County,2024,8573
40013,OK,Bryan County,2020,46328
40013,OK,Bryan County,2021,47130
40013,OK,Bryan County,2022,48229
40013,OK,Bryan County,2023,49271
40013,OK,Bryan County,2024,50305
40015,OK,Caddo County,2020,26905
40015,OK,Caddo County,2021,26457
40015,OK,Caddo County,2022,26282
40015,OK,Caddo County,2023,26253
40015,OK,Caddo County,2024,26337
40017,OK,Canadian County,2020,155445
40017,OK,Canadian County,2021,162029
40017,OK,Canadian County,2022,169507
40017,OK,Canadian County,2023,176184
40017,OK,Canadian County,2024,181760
40019,OK,Carter County,2020,48041
40019,OK,Carter County,2021,48257
40019,OK,Carter County,2022,48488
40019,OK,Carter County,2023,48854
40019,OK,Carter County,2024,49135
40021,OK,Cherokee County,2020,47092
40021,OK,Cherokee County,2021,47660
40021,OK,Cherokee County,2022,48058
40021,OK,Cherokee County,2023,48173
40021,OK,Cherokee County,2024,48729
40023,OK,Choctaw County,2020,14207
40023,OK,Choctaw County,2021,14366
40023,OK,Choctaw County,2022,14416
40023,OK,Choctaw County,2023,14324
40023,OK,Choctaw County,2024,14174
40025,OK,Cimarron County,2020,2290
40025,OK,Cimarron County,2021,2248
40025,OK,Cimarron County,2022,2229
40025,OK,Cimarron County,2023,2188
40025,OK,Cimarron County,2024,2133
40027,OK,Cleveland County,2020,296256
40027,OK,Cleveland County,2021,298165
40027,OK,Cleveland County,2022,299950
40027,OK,Cleveland County,2023,301913
40027,OK,Cleveland County,2024,303952
40029,OK,Coal County,2020,5283
40029,OK,Coal County,2021,5308
40029,OK,Coal County,2022,5309
40029,OK,Coal County,2023,5284
40029,OK,Coal County,2024,5414
40031,OK,Comanche County,2020,121144
40031,OK,Comanche County,2021,122325
40031,OK,Comanche County,2022,122390
40031,OK,Comanche County,2023,121868
40031,OK,Comanche County,2024,121396
40033,OK,Cotton County,2020,5537
40033,OK,Cotton County,2021,5444
40033,OK,Cotton County,2022,5473
40033,OK,Cotton County,2023,5470
40033,OK,Cotton County,2024,5503
40035,OK,Craig County,2020,14143
40035,OK,Craig County,2021,14203
40035,OK,Craig County,2022,14180
40035,OK,Craig County,2023,14476
40035,OK,Craig County,2024,14506
40037,OK,Creek County,2020,71857
40037,OK,Creek County,2021,72250
40037,OK,Creek County,2022,72698
40037,OK,Creek County,2023,73372
40037,OK,Creek County,2024,73971
40039,OK,Custer County,2020,28444
40039,OK,Custer County,2021,28177
40039,OK,Custer County,2022,28075
40039,OK,Custer County,2023,28332
40039,OK,Custer County,2024,28266
40041,OK,Delaware County,2020,40390
40041,OK,Delaware County,2021,40969
40041,OK,Delaware County,2022,41491
40041,OK,Delaware County,2023,41775
40041,OK,Delaware County,2024,41771
40043,OK,Dewey County,2020,4473
40043,OK,Dewey County,2021,4418
40043,OK,Dewey County,2022,4387
40043,OK,Dewey County,2023,4253
40043,OK,Dewey County,2024,4268
40045,OK,Ellis County,2020,3746
40045,OK,Ellis County,2021,3740
40045,OK,Ellis County,2022,3693
40045,OK,Ellis County,2023,3637
40045,OK,Ellis County,2024,3601
40047,OK,Garfield County,2020,62701
40047,OK,Garfield County,2021,61977
40047,OK,Garfield County,2022,61990
40047,OK,Garfield County,2023,62055
40047,OK,Garfield County,2024,62007
40049,OK,Garvin County,2020,25655
40049,OK,Garvin County,2021,25783
40049,OK,Garvin County,2022,25793
40049,OK,Garvin County,2023,25918
40049,OK,Garvin County,2024,26149
40051,OK,Grady County,2020,54884
40051,OK,Grady County,2021,55601
40051,OK,Grady County,2022,56700
40051,OK,Grady County,2023,57493
40051,OK,Grady County,2024,58353
40053,OK,Grant County,2020,4177
40053,OK,Grant County,2021,4142
40053,OK,Grant County,2022,4124
40053,OK,Grant County,2023,4088
40053,OK,Grant County,2024,4123
40055,OK,Greer County,2020,5493
40055,OK,Greer County,2021,5482
40055,OK,Greer County,2022,5548
40055,OK,Greer County,2023,5491
40055,OK,Greer County,2024,5433
40057,OK,Harmon County,2020,2475
40057,OK,Harmon County,2021,2403
40057,OK,Harmon County,2022,2428
40057,OK,Harmon County,2023,2409
40057,OK,Harmon County,2024,2315
40059,OK,Harper County,2020,3248
40059,OK,Harper County,2021,3175
40059,OK,Harper County,2022,3176
40059,OK,Harper County,2023,3207
40059,OK,Harper County,2024,3209
40061,OK,Haskell County,2020,11552
40061,OK,Haskell County,2021,11619
40061,OK,Haskell County,2022,11644
40061,OK,Haskell County,2023,11790
40061,OK,Haskell County,2024,11811
40063,OK,Hughes County,2020,13346
40063,OK,Hughes County,2021,13403
40063,OK,Hughes County,2022,13421
40063,OK,Hughes County,2023,13406
40063,OK,Hughes County,2024,13371
40065,OK,Jackson County,2020,24747
40065,OK,Jackson County,2021,24746
40065,OK,Jackson County,2022,24671
40065,OK,Jackson County,2023,24685
40065,OK,Jackson County,2024,24541
40067,OK,Jefferson County,2020,5331
40067,OK,Jefferson County,2021,5401
40067,OK,Jefferson County,2022,5428
40067,OK,Jefferson County,2023,5367
40067,OK,Jefferson County,2024,5374
40069,OK,Johnston County,2020,10244
40069,OK,Johnston County,2021,10328
40069,OK,Johnston County,2022,10328
40069,OK,Johnston County,2023,10199
40069,OK,Johnston County,2024,10293
40071,OK,Kay County,2020,43611
40071,OK,Kay County,2021,43732
40071,OK,Kay County,2022,43726
40071,OK,Kay County,2023,43621
40071,OK,Kay County,2024,43437
40073,OK,Kingfisher County,2020,15177
40073,OK,Kingfisher County,2021,15227
40073,OK,Kingfisher County,2022,15313
40073,OK,Kingfisher County,2023,15615
40073,OK,Kingfisher County,2024,15820
40075,OK,Kiowa County,2020,8496
40075,OK,Kiowa County,2021,8403
40075,OK,Kiowa County,2022,8437
40075,OK,Kiowa County,2023,8322
40075,OK,Kiowa County,2024,8257
40077,OK,Latimer County,2020,9484
40077,OK,Latimer County,2021,9458
40077,OK,Latimer County,2022,9580
40077,OK,Latimer County,2023,9561
40077,OK,Latimer County,2024,9509
40079,OK,Le Flore County,2020,48201
40079,OK,Le Flore County,2021,48614
40079,OK,Le Flore County,2022,49004
40079,OK,Le Flore County,2023,49590
40079,OK,Le Flore County,2024,49854
40081,OK,Lincoln County,2020,33502
40081,OK,Lincoln County,2021,33855
40081,OK,Lincoln County,2022,34153
40081,OK,Lincoln County,2023,34613
40081,OK,Lincoln County,2024,34972
40083,OK,Logan County,2020,49752
40083,OK,Logan County,2021,50929
40083,OK,Logan County,2022,52029
40083,OK,Logan County,2023,53121
40083,OK,Logan County,2024,53860
40085,OK,Love County,2020,10157
40085,OK,Love County,2021,10238
40085,OK,Love County,2022,10184
40085,OK,Love County,2023,10305
40085,OK,Love County,2024,10423
40087,OK,McClain County,2020,41910
40087,OK,McClain County,2021,43538
40087,OK,McClain County,2022,45422
40087,OK,McClain County,2023,47060
40087,OK,McClain County,2024,48434
40089,OK,McCurtain County,2020,30844
40089,OK,McCurtain County,2021,30819
40089,OK,McCurtain County,2022,30892
40089,OK,McCurtain County,2023,30957
40089,OK,McCurtain County,2024,30805
40091,OK,McIntosh County,2020,18950
40091,OK,McIntosh County,2021,19251
40091,OK,McIntosh County,2022,19419
40091,OK,McIntosh County,2023,19670
40091,OK,McIntosh County,2024,19710
40093,OK,Major County,2020,7749
40093,OK,Major County,2021,7640
40093,OK,Major County,2022,7558
40093,OK,Major County,2023,7623
40093,OK,Major County,2024,7569
40095,OK,Marshall County,2020,15339
40095,OK,Marshall County,2021,15553
40095,OK,Marshall County,2022,15947
40095,OK,Marshall County,2023,15974
40095,OK,Marshall County,2024,16147
40097,OK,Mayes County,2020,39053
40097,OK,Mayes County,2021,39255
40097,OK,Mayes County,2022,39593
40097,OK,Mayes County,2023,39971
40097,OK,Mayes County,2024,40144
40099,OK,Murray County,2020,13878
40099,OK,Murray County,2021,13720
40099,OK,Murray County,2022,13677
40099,OK,Murray County,2023,13735
40099,OK,Murray County,2024,13754
40101,OK,Muskogee County,2020,66245
40101,OK,Muskogee County,2021,66274
40101,OK,Muskogee County,2022,66293
40101,OK,Muskogee County,2023,66656
40101,OK,Muskogee County,2024,66752
40103,OK,Noble County,2020,10922
40103,OK,Noble County,2021,10939
40103,OK,Noble County,2022,10861
40103,OK,Noble County,2023,10865
40103,OK,Noble County,2024,10896
40105,OK,Nowata County,2020,9325
40105,OK,Nowata County,2021,9359
40105,OK,Nowata County,2022,9447
40105,OK,Nowata County,2023,9481
40105,OK,Nowata County,2024,9561
40107,OK,Okfuskee County,2020,11272
40107,OK,Okfuskee County,2021,11228
40107,OK,Okfuskee County,2022,11230
40107,OK,Okfuskee County,2023,11297
40107,OK,Okfuskee County,2024,11364
40109,OK,Oklahoma County,2020,798283
40109,OK,Oklahoma County,2021,799961
40109,OK,Oklahoma County,2022,805165
40109,OK,Oklahoma County,2023,811096
40109,OK,Oklahoma County,2024,816490
40111,OK,Okmulgee County,2020,36688
40111,OK,Okmulgee County,2021,36845
40111,OK,Okmulgee County,2022,36937
40111,OK,Okmulgee County,2023,36940
40111,OK,Okmulgee County,2024,37084
40113,OK,Osage County,2020,45792
40113,OK,Osage County,2021,45890
40113,OK,Osage County,2022,45799
40113,OK,Osage County,2023,46008
40113,OK,Osage County,2024,46495
40115,OK,Ottawa County,2020,30229
40115,OK,Ottawa County,2021,30389
40115,OK,Ottawa County,2022,30366
40115,OK,Ottawa County,2023,30316
40115,OK,Ottawa County,2024,30404
40117,OK,Pawnee County,2020,15560
40117,OK,Pawnee County,2021,15715
40117,OK,Pawnee County,2022,15695
40117,OK,Pawnee County,2023,15892
40117,OK,Pawnee County,2024,16111
40119,OK,Payne County,2020,81649
40119,OK,Payne County,2021,82166
40119,OK,Payne County,2022,83029
40119,OK,Payne County,2023,83819
40119,OK,Payne County,2024,84199
40121,OK,Pittsburg County,2020,43787
40121,OK,Pittsburg County,2021,43632
40121,OK,Pittsburg County,2022,43517
40121,OK,Pittsburg County,2023,43472
40121,OK,Pittsburg County,2024,43395
40123,OK,Pontotoc County,2020,38094
40123,OK,Pontotoc County,2021,38190
40123,OK,Pontotoc County,2022,38074
40123,OK,Pontotoc County,2023,38506
40123,OK,Pontotoc County,2024,38310
40125,OK,Pottawatomie County,2020,72553
40125,OK,Pottawatomie County,2021,73047
40125,OK,Pottawatomie County,2022,73403
40125,OK,Pottawatomie County,2023,73864
40125,OK,Pottawatomie County,2024,74446
40127,OK,Pushmataha County,2020,10793
40127,OK,Pushmataha County,2021,10772
40127,OK,Pushmataha County,2022,10728
40127,OK,Pushmataha County,2023,10856
40127,OK,Pushmataha County,2024,10800
40129,OK,Roger Mills County,2020,3428
40129,OK,Roger Mills County,2021,3365
40129,OK,Roger Mills County,2022,3366
40129,OK,Roger Mills County,2023,3331
40129,OK,Roger Mills County,2024,3304
40131,OK,Rogers County,2020,95405
40131,OK,Rogers County,2021,96903
40131,OK,Rogers County,2022,99103
40131,OK,Rogers County,2023,100268
40131,OK,Rogers County,2024,101371
40133,OK,Seminole County,2020,23512
40133,OK,Seminole County,2021,23539
40133,OK,Seminole County,2022,23484
40133,OK,Seminole County,2023,23585
40133,OK,Seminole County,2024,23351
40135,OK,Sequoyah County,2020,39249
40135,OK,Sequoyah County,2021,39492
40135,OK,Sequoyah County,2022,39756
40135,OK,Sequoyah County,2023,40248
40135,OK,Sequoyah County,2024,40555
40137,OK,Stephens County,2020,42823
40137,OK,Stephens County,2021,43119
40137,OK,Stephens County,2022,43674
40137,OK,Stephens County,2023,44066
40137,OK,Stephens County,2024,44075
40139,OK,Texas County,2020,21291
40139,OK,Texas County,2021,20855
40139,OK,Texas County,2022,20635
40139,OK,Texas County,2023,20512
40139,OK,Texas County,2024,20577
40141,OK,Tillman County,2020,6943
40141,OK,Tillman County,2021,7036
40141,OK,Tillman County,2022,6968
40141,OK,Tillman County,2023,6867
40141,OK,Tillman County,2024,6736
40143,OK,Tulsa County,2020,670708
40143,OK,Tulsa County,2021,674123
40143,OK,Tulsa County,2022,679212
40143,OK,Tulsa County,2023,686411
40143,OK,Tulsa County,2024,693514
40145,OK,Wagoner County,2020,81401
40145,OK,Wagoner County,2021,84257
40145,OK,Wagoner County,2022,86755
40145,OK,Wagoner County,2023,89375
40145,OK,Wagoner County,2024,91257
40147,OK,Washington County,2020,52606
40147,OK,Washington County,2021,52902
40147,OK,Washington County,2022,53289
40147,OK,Washington County,2023,53772
40147,OK,Washington County,2024,54060
40149,OK,Washita County,2020,10903
40149,OK,Washita County,2021,10901
40149,OK,Washita County,2022,10715
40149,OK,Washita County,2023,10716
40149,OK,Washita County,2024,10839
40151,OK,Woods County,2020,8603
40151,OK,Woods County,2021,8632
40151,OK,Woods County,2022,8602
40151,OK,Woods County,2023,8560
40151,OK,Woods County,2024,8582
40153,OK,Woodward County,2020,20418
40153,OK,Woodward County,2021,20252
40153,OK,Woodward County,2022,20054
40153,OK,Woodward County,2023,20073
40153,OK,Woodward County,2024,19991
41001,OR,Baker County,2020,16731
41001,OR,Baker County,2021,16884
41001,OR,Baker County,2022,16933
41001,OR,Baker County,2023,16904
41001,OR,Baker County,2024,16750
41003,OR,Benton County,2020,93615
41003,OR,Benton County,2021,93031
41003,OR,Benton County,2022,97406
41003,OR,Benton County,2023,98566
41003,OR,Benton County,2024,98899
41005,OR,Clackamas County,2020,422512
41005,OR,Clackamas County,2021,423892
41005,OR,Clackamas County,2022,423217
41005,OR,Clackamas County,2023,424396
41005,OR,Clackamas County,2024,425857
41007,OR,Clatsop County,2020,41157
41007,OR,Clatsop County,2021,41930
41007,OR,Clatsop County,2022,41595
41007,OR,Clatsop County,2023,41089
41007,OR,Clatsop County,2024,41043
41009,OR,Columbia County,2020,52716
41009,OR,Columbia County,2021,53177
41009,OR,Columbia County,2022,53589
41009,OR,Columbia County,2023,53918
41009,OR,Columbia County,2024,54063
41011,OR,Coos County,2020,64976
41011,OR,Coos County,2021,65143
41011,OR,Coos County,2022,65135
41011,OR,Coos County,2023,64557
41011,OR,Coos County,2024,64326
41013,OR,Crook County,2020,24930
41013,OR,Crook County,2021,25767
41013,OR,Crook County,2022,26393
41013,OR,Crook County,2023,26960
41013,OR,Crook County,2024,27336
41015,OR,Curry County,2020,23518
41015,OR,Curry County,2021,23724
41015,OR,Curry County,2022,23614
41015,OR,Curry County,2023,23273
41015,OR,Curry County,2024,22774
41017,OR,Deschutes County,2020,199470
41017,OR,Deschutes County,2021,205318
41017,OR,Deschutes County,2022,206491
41017,OR,Deschutes County,2023,208857
41017,OR,Deschutes County,2024,211535
41019,OR,Douglas County,2020,111292
41019,OR,Douglas County,2021,112153
41019,OR,Douglas County,2022,112226
41019,OR,Douglas County,2023,112435
41019,OR,Douglas County,2024,112255
41021,OR,Gilliam County,2020,2015
41021,OR,Gilliam County,2021,2011
41021,OR,Gilliam County,2022,2012
41021,OR,Gilliam County,2023,2035
41021,OR,Gilliam County,2024,1971
41023,OR,Grant County,2020,7233
41023,OR,Grant County,2021,7284
41023,OR,Grant County,2022,7221
41023,OR,Grant County,2023,7216
41023,OR,Grant County,2024,7093
41025,OR,Harney County,2020,7504
41025,OR,Harney County,2021,7601
41025,OR,Harney County,2022,7537
41025,OR,Harney County,2023,7451
41025,OR,Harney County,2024,7402
41027,OR,Hood River County,2020,23897
41027,OR,Hood River County,2021,24025
41027,OR,Hood River County,2022,24028
41027,OR,Hood River County,2023,23811
41027,OR,Hood River County,2024,23764
41029,OR,Jackson County,2020,223755
41029,OR,Jackson County,2021,224649
41029,OR,Jackson County,2022,222153
41029,OR,Jackson County,2023,221338
41029,OR,Jackson County,2024,221331
41031,OR,Jefferson County,2020,24578
41031,OR,Jefferson County,2021,25100
41031,OR,Jefferson County,2022,25319
41031,OR,Jefferson County,2023,25480
41031,OR,Jefferson County,2024,25536
41033,OR,Josephine County,2020,88228
41033,OR,Josephine County,2021,88599
41033,OR,Josephine County,2022,87786
41033,OR,Josephine County,2023,88001
41033,OR,Josephine County,2024,88276
41035,OR,Klamath County,2020,69631
41035,OR,Klamath County,2021,70415
41035,OR,Klamath County,2022,70404
41035,OR,Klamath County,2023,70347
41035,OR,Klamath County,2024,70438
41037,OR,Lake County,2020,8174
41037,OR,Lake County,2021,8294
41037,OR,Lake County,2022,8365
41037,OR,Lake County,2023,8307
41037,OR,Lake County,2024,8194
41039,OR,Lane County,2020,384221
41039,OR,Lane County,2021,386082
41039,OR,Lane County,2022,386187
41039,OR,Lane County,2023,382151
41039,OR,Lane County,2024,382396
41041,OR,Lincoln County,2020,50517
41041,OR,Lincoln County,2021,51028
41041,OR,Lincoln County,2022,50756
41041,OR,Lincoln County,2023,51307
41041,OR,Lincoln County,2024,51212
41043,OR,Linn County,2020,128967
41043,OR,Linn County,2021,130062
41043,OR,Linn County,2022,130516
41043,OR,Linn County,2023,131509
41043,OR,Linn County,2024,132474
41045,OR,Malheur County,2020,31643
41045,OR,Malheur County,2021,31682
41045,OR,Malheur County,2022,31868
41045,OR,Malheur County,2023,32262
41045,OR,Malheur County,2024,32315
41047,OR,Marion County,2020,346305
41047,OR,Marion County,2021,347784
41047,OR,Marion County,2022,349388
41047,OR,Marion County,2023,349874
41047,OR,Marion County,2024,352867
41049,OR,Morrow County,2020,12220
41049,OR,Morrow County,2021,12359
41049,OR,Morrow County,2022,12257
41049,OR,Morrow County,2023,12303
41049,OR,Morrow County,2024,12360
41051,OR,Multnomah County,2020,816321
41051,OR,Multnomah County,2021,804934
41051,OR,Multnomah County,2022,795960
41051,OR,Multnomah County,2023,794271
41051,OR,Multnomah County,2024,795897
41053,OR,Polk County,2020,88003
41053,OR,Polk County,2021,89480
41053,OR,Polk County,2022,89986
41053,OR,Polk County,2023,90290
41053,OR,Polk County,2024,90549
41055,OR,Sherman County,2020,1873
41055,OR,Sherman County,2021,1909
41055,OR,Sherman County,2022,1953
41055,OR,Sherman County,2023,1954
41055,OR,Sherman County,2024,2002
41057,OR,Tillamook County,2020,27462
41057,OR,Tillamook County,2021,27814
41057,OR,Tillamook County,2022,27516
41057,OR,Tillamook County,2023,27423
41057,OR,Tillamook County,2024,27264
41059,OR,Umatilla County,2020,79893
41059,OR,Umatilla County,2021,79713
41059,OR,Umatilla County,2022,79732
41059,OR,Umatilla County,2023,79872
41059,OR,Umatilla County,2024,80491
41061,OR,Union County,2020,26168
41061,OR,Union County,2021,26287
41061,OR,Union County,2022,26167
41061,OR,Union County,2023,26038
41061,OR,Union County,2024,26058
41063,OR,Wallowa County,2020,7400
41063,OR,Wallowa County,2021,7553
41063,OR,Wallowa County,2022,7647
41063,OR,Wallowa County,2023,7643
41063,OR,Wallowa County,2024,7522
41065,OR,Wasco County,2020,26610
41065,OR,Wasco County,2021,26707
41065,OR,Wasco County,2022,26535
41065,OR,Wasco County,2023,26402
41065,OR,Wasco County,2024,26507
41067,OR,Washington County,2020,601045
41067,OR,Washington County,2021,602356
41067,OR,Washington County,2022,600229
41067,OR,Washington County,2023,604831
41067,OR,Washington County,2024,611272
41069,OR,Wheeler County,2020,1459
41069,OR,Wheeler County,2021,1452
41069,OR,Wheeler County,2022,1434
41069,OR,Wheeler County,2023,1436
41069,OR,Wheeler County,2024,1456
41071,OR,Yamhill County,2020,107740
41071,OR,Yamhill County,2021,108081
41071,OR,Yamhill County,2022,107817
41071,OR,Yamhill County,2023,109146
41071,OR,Yamhill County,2024,110886
42001,PA,Adams County,2020,103802
42001,PA,Adams County,2021,105696
42001,PA,Adams County,2022,106017
42001,PA,Adams County,2023,107147
42001,PA,Adams County,2024,107914
42003,PA,Allegheny County,2020,1249671
42003,PA,Allegheny County,2021,1245440
42003,PA,Allegheny County,2022,1233821
42003,PA,Allegheny County,2023,1230138
42003,PA,Allegheny County,2024,1231814
42005,PA,Armstrong County,2020,65460
42005,PA,Armstrong County,2021,65211
42005,PA,Armstrong County,2022,64664
42005,PA,Armstrong County,2023,64094
42005,PA,Armstrong County,2024,63679
42007,PA,Beaver County,2020,167864
42007,PA,Beaver County,2021,166979
42007,PA,Beaver County,2022,165682
42007,PA,Beaver County,2023,165556
42007,PA,Beaver County,2024,165540
42009,PA,Bedford County,2020,47580
42009,PA,Bedford County,2021,47505
42009,PA,Bedford County,2022,47395
42009,PA,Bedford County,2023,47442
42009,PA,Bedford County,2024,47643
42011,PA,Berks County,2020,428693
42011,PA,Berks County,2021,429698
42011,PA,Berks County,2022,432281
42011,PA,Berks County,2023,435284
42011,PA,Berks County,2024,439117
42013,PA,Blair County,2020,122664
42013,PA,Blair County,2021,122160
42013,PA,Blair County,2022,120796
42013,PA,Blair County,2023,120494
42013,PA,Blair County,2024,120269
42015,PA,Bradford County,2020,59958
42015,PA,Bradford County,2021,60131
42015,PA,Bradford County,2022,59800
42015,PA,Bradford County,2023,59700
42015,PA,Bradford County,2024,59699
42017,PA,Bucks County,2020,646190
42017,PA,Bucks County,2021,647489
42017,PA,Bucks County,2022,645871
42017,PA,Bucks County,2023,647625
42017,PA,Bucks County,2024,650131
42019,PA,Butler County,2020,194069
42019,PA,Butler County,2021,196773
42019,PA,Butler County,2022,197422
42019,PA,Butler County,2023,198665
42019,PA,Butler County,2024,199341
42021,PA,Cambria County,2020,133198
42021,PA,Cambria County,2021,132240
42021,PA,Cambria County,2022,131432
42021,PA,Cambria County,2023,130713
42021,PA,Cambria County,2024,130108
42023,PA,Cameron County,2020,4532
42023,PA,Cameron County,2021,4465
42023,PA,Cameron County,2022,4406
42023,PA,Cameron County,2023,4382
42023,PA,Cameron County,2024,4348
42025,PA,Carbon County,2020,64752
42025,PA,Carbon County,2021,65523
42025,PA,Carbon County,2022,65466
42025,PA,Carbon County,2023,65427
42025,PA,Carbon County,2024,65743
42027,PA,Centre County,2020,157987
42027,PA,Centre County,2021,158008
42027,PA,Centre County,2022,157992
42027,PA,Centre County,2023,159087
42027,PA,Centre County,2024,159805
42029,PA,Chester County,2020,534860
42029,PA,Chester County,2021,541036
42029,PA,Chester County,2022,547248
42029,PA,Chester County,2023,555310
42029,PA,Chester County,2024,560745
42031,PA,Clarion County,2020,37198
42031,PA,Clarion County,2021,37596
42031,PA,Clarion County,2022,37280
42031,PA,Clarion County,2023,36964
42031,PA,Clarion County,2024,36855
42033,PA,Clearfield County,2020,80431
42033,PA,Clearfield County,2021,78348
42033,PA,Clearfield County,2022,77881
42033,PA,Clearfield County,2023,78381
42033,PA,Clearfield County,2024,78132
42035,PA,Clinton County,2020,37377
42035,PA,Clinton County,2021,38024
42035,PA,Clinton County,2022,37873
42035,PA,Clinton County,2023,37852
42035,PA,Clinton County,2024,37865
42037,PA,Columbia County,2020,64686
42037,PA,Columbia County,2021,64982
42037,PA,Columbia County,2022,65347
42037,PA,Columbia County,2023,65782
42037,PA,Columbia County,2024,66012
42039,PA,Crawford County,2020,83825
42039,PA,Crawford County,2021,83232
42039,PA,Crawford County,2022,82380
42039,PA,Crawford County,2023,82052
42039,PA,Crawford County,2024,82089
42041,PA,Cumberland County,2020,260254
42041,PA,Cumberland County,2021,265550
42041,PA,Cumberland County,2022,268740
42041,PA,Cumberland County,2023,271553
42041,PA,Cumberland County,2024,275516
42043,PA,Dauphin County,2020,286717
42043,PA,Dauphin County,2021,288286
42043,PA,Dauphin County,2022,289049
42043,PA,Dauphin County,2023,290886
42043,PA,Dauphin County,2024,293029
42045,PA,Delaware County,2020,576523
42045,PA,Delaware County,2021,577126
42045,PA,Delaware County,2022,577040
42045,PA,Delaware County,2023,580538
42045,PA,Delaware County,2024,584882
42047,PA,Elk County,2020,30939
42047,PA,Elk County,2021,30795
42047,PA,Elk County,2022,30453
42047,PA,Elk County,2023,30221
42047,PA,Elk County,2024,30124
42049,PA,Erie County,2020,270739
42049,PA,Erie County,2021,269455
42049,PA,Erie County,2022,269112
42049,PA,Erie County,2023,268203
42049,PA,Erie County,2024,267750
42051,PA,Fayette County,2020,128585
42051,PA,Fayette County,2021,127136
42051,PA,Fayette County,2022,125622
42051,PA,Fayette County,2023,124699
42051,PA,Fayette County,2024,123941
42053,PA,Forest County,2020,6964
42053,PA,Forest County,2021,6902
42053,PA,Forest County,2022,6621
42053,PA,Forest County,2023,6486
42053,PA,Forest County,2024,6601
42055,PA,Franklin County,2020,155951
42055,PA,Franklin County,2021,156589
42055,PA,Franklin County,2022,157017
42055,PA,Franklin County,2023,158054
42055,PA,Franklin County,2024,159285
42057,PA,Fulton County,2020,14582
42057,PA,Fulton County,2021,14555
42057,PA,Fulton County,2022,14557
42057,PA,Fulton County,2023,14510
42057,PA,Fulton County,2024,14452
42059,PA,Greene County,2020,35867
42059,PA,Greene County,2021,35282
42059,PA,Greene County,2022,34566
42059,PA,Greene County,2023,34493
42059,PA,Greene County,2024,33960
42061,PA,Huntingdon County,2020,44071
42061,PA,Huntingdon County,2021,43989
42061,PA,Huntingdon County,2022,43303
42061,PA,Huntingdon County,2023,43545
42061,PA,Huntingdon County,2024,43359
42063,PA,Indiana County,2020,83153
42063,PA,Indiana County,2021,83095
42063,PA,Indiana County,2022,82901
42063,PA,Indiana County,2023,83110
42063,PA,Indiana County,2024,82953
42065,PA,Jefferson County,2020,44480
42065,PA,Jefferson County,2021,44121
42065,PA,Jefferson County,2022,43725
42065,PA,Jefferson County,2023,43625
42065,PA,Jefferson County,2024,43367
42067,PA,Juniata County,2020,23483
42067,PA,Juniata County,2021,23359
42067,PA,Juniata County,2022,23290
42067,PA,Juniata County,2023,23368
42067,PA,Juniata County,2024,23395
42069,PA,Lackawanna County,2020,215538
42069,PA,Lackawanna County,2021,216063
42069,PA,Lackawanna County,2022,215797
42069,PA,Lackawanna County,2023,216472
42069,PA,Lackawanna County,2024,216859
42071,PA,Lancaster County,2020,552834
42071,PA,Lancaster County,2021,556364
42071,PA,Lancaster County,2022,556991
42071,PA,Lancaster County,2023,560174
42071,PA,Lancaster County,2024,563293
42073,PA,Lawrence County,2020,85970
42073,PA,Lawrence County,2021,85565
42073,PA,Lawrence County,2022,84800
42073,PA,Lawrence County,2023,84553
42073,PA,Lawrence County,2024,84233
42075,PA,Lebanon County,2020,143292
42075,PA,Lebanon County,2021,143772
42075,PA,Lebanon County,2022,144003
42075,PA,Lebanon County,2023,144546
42075,PA,Lebanon County,2024,145319
42077,PA,Lehigh County,2020,374493
42077,PA,Lehigh County,2021,375922
42077,PA,Lehigh County,2022,377019
42077,PA,Lehigh County,2023,380872
42077,PA,Lehigh County,2024,385655
42079,PA,Luzerne County,2020,325222
42079,PA,Luzerne County,2021,325975
42079,PA,Luzerne County,2022,326892
42079,PA,Luzerne County,2023,328909
42079,PA,Luzerne County,2024,331379
42081,PA,Lycoming County,2020,114130
42081,PA,Lycoming County,2021,113576
42081,PA,Lycoming County,2022,113223
42081,PA,Lycoming County,2023,113282
42081,PA,Lycoming County,2024,113236
42083,PA,McKean County,2020,40405
42083,PA,McKean County,2021,40325
42083,PA,McKean County,2022,39791
42083,PA,McKean County,2023,39522
42083,PA,McKean County,2024,39478
42085,PA,Mercer County,2020,110548
42085,PA,Mercer County,2021,109964
42085,PA,Mercer County,2022,109115
42085,PA,Mercer County,2023,108519
42085,PA,Mercer County,2024,108140
42087,PA,Mifflin County,2020,46145
42087,PA,Mifflin County,2021,46182
42087,PA,Mifflin County,2022,45993
42087,PA,Mifflin County,2023,45950
42087,PA,Mifflin County,2024,45935
42089,PA,Monroe County,2020,168326
42089,PA,Monroe County,2021,168708
42089,PA,Monroe County,2022,167437
42089,PA,Monroe County,2023,166581
42089,PA,Monroe County,2024,166523
42091,PA,Montgomery County,2020,856900
42091,PA,Montgomery County,2021,864252
42091,PA,Montgomery County,2022,865848
42091,PA,Montgomery County,2023,871673
42091,PA,Montgomery County,2024,879190
42093,PA,Montour County,2020,18132
42093,PA,Montour County,2021,18094
42093,PA,Montour County,2022,18122
42093,PA,Montour County,2023,18053
42093,PA,Montour County,2024,18115
42095,PA,Northampton County,2020,312810
42095,PA,Northampton County,2021,318215
42095,PA,Northampton County,2022,318044
42095,PA,Northampton County,2023,320844
42095,PA,Northampton County,2024,322989
42097,PA,Northumberland County,2020,91550
42097,PA,Northumberland County,2021,91001
42097,PA,Northumberland County,2022,90093
42097,PA,Northumberland County,2023,90131
42097,PA,Northumberland County,2024,90027
42099,PA,Perry County,2020,45838
42099,PA,Perry County,2021,45961
42099,PA,Perry County,2022,46214
42099,PA,Perry County,2023,46367
42099,PA,Perry County,2024,46816
42101,PA,Philadelphia County,2020,1316181
42101,PA,Philadelphia County,2021,1316181
42101,PA,Philadelphia County,2022,1316181
42101,PA,Philadelphia County,2023,1316181
42101,PA,Philadelphia County,2024,1316181
42103,PA,Pike County,2020,58576
42103,PA,Pike County,2021,60009
42103,PA,Pike County,2022,60647
42103,PA,Pike County,2023,61496
42103,PA,Pike County,2024,62376
42105,PA,Potter County,2020,16387
42105,PA,Potter County,2021,16318
42105,PA,Potter County,2022,16203
42105,PA,Potter County,2023,16040
42105,PA,Potter County,2024,15993
42107,PA,Schuylkill County,2020,142959
42107,PA,Schuylkill County,2021,143169
42107,PA,Schuylkill County,2022,143205
42107,PA,Schuylkill County,2023,143932
42107,PA,Schuylkill County,2024,144523
42109,PA,Snyder County,2020,39742
42109,PA,Snyder County,2021,39748
42109,PA,Snyder County,2022,39525
42109,PA,Snyder County,2023,39699
42109,PA,Snyder County,2024,39627
42111,PA,Somerset County,2020,74014
42111,PA,Somerset County,2021,72994
42111,PA,Somerset County,2022,72613
42111,PA,Somerset County,2023,72233
42111,PA,Somerset County,2024,72134
42113,PA,Sullivan County,2020,5831
42113,PA,Sullivan County,2021,5864
42113,PA,Sullivan County,2022,5892
42113,PA,Sullivan County,2023,5925
42113,PA,Sullivan County,2024,5927
42115,PA,Susquehanna County,2020,38349
42115,PA,Susquehanna County,2021,38424
42115,PA,Susquehanna County,2022,38115
42115,PA,Susquehanna County,2023,38108
42115,PA,Susquehanna County,2024,38100
42117,PA,Tioga County,2020,41017
42117,PA,Tioga County,2021,41309
42117,PA,Tioga County,2022,40954
42117,PA,Tioga County,2023,40747
42117,PA,Tioga County,2024,40698
42119,PA,Union County,2020,42655
42119,PA,Union County,2021,42484
42119,PA,Union County,2022,42745
42119,PA,Union County,2023,42237
42119,PA,Union County,2024,42159
42121,PA,Venango County,2020,50357
42121,PA,Venango County,2021,50041
42121,PA,Venango County,2022,49695
42121,PA,Venango County,2023,49436
42121,PA,Venango County,2024,49476
42123,PA,Warren County,2020,38526
42123,PA,Warren County,2021,38184
42123,PA,Warren County,2022,37843
42123,PA,Warren County,2023,37672
42123,PA,Warren County,2024,37373
42125,PA,Washington County,2020,209414
42125,PA,Washington County,2021,210057
42125,PA,Washington County,2022,209962
42125,PA,Washington County,2023,210344
42125,PA,Washington County,2024,210434
42127,PA,Wayne County,2020,51155
42127,PA,Wayne County,2021,51201
42127,PA,Wayne County,2022,51132
42127,PA,Wayne County,2023,51404
42127,PA,Wayne County,2024,51419
42129,PA,Westmoreland County,2020,354339
42129,PA,Westmoreland County,2021,353753
42129,PA,Westmoreland County,2022,352054
42129,PA,Westmoreland County,2023,351420
42129,PA,Westmoreland County,2024,350935
42131,PA,Wyoming County,2020,26042
42131,PA,Wyoming County,2021,26119
42131,PA,Wyoming County,2022,26034
42131,PA,Wyoming County,2023,25868
42131,PA,Wyoming County,2024,25771
42133,PA,York County,2020,456754
42133,PA,York County,2021,459264
42133,PA,York County,2022,461385
42133,PA,York County,2023,465977
42133,PA,York County,2024,471240
44001,RI,Bristol County,2020,50783
44001,RI,Bristol County,2021,50778
44001,RI,Bristol County,2022,50388
44001,RI,Bristol County,2023,50358
44001,RI,Bristol County,2024,50145
44003,RI,Kent County,2020,170423
44003,RI,Kent County,2021,171115
44003,RI,Kent County,2022,171523
44003,RI,Kent County,2023,171770
44003,RI,Kent County,2024,172450
44005,RI,Newport County,2020,85511
44005,RI,Newport County,2021,85613
44005,RI,Newport County,2022,84851
44005,RI,Newport County,2023,83843
44005,RI,Newport County,2024,83468
44007,RI,Providence County,2020,660044
44007,RI,Providence County,2021,658887
44007,RI,Providence County,2022,662209
44007,RI,Providence County,2023,667219
44007,RI,Providence County,2024,675912
44009,RI,Washington County,2020,129769
44009,RI,Washington County,2021,130853
44009,RI,Washington County,2022,130527
44009,RI,Washington County,2023,130239
44009,RI,Washington County,2024,130333
45001,SC,Abbeville County,2020,24262
45001,SC,Abbeville County,2021,24263
45001,SC,Abbeville County,2022,24407
45001,SC,Abbeville County,2023,24563
45001,SC,Abbeville County,2024,24607
45003,SC,Aiken County,2020,169174
45003,SC,Aiken County,2021,171272
45003,SC,Aiken County,2022,174075
45003,SC,Aiken County,2023,177034
45003,SC,Aiken County,2024,179245
45005,SC,Allendale County,2020,7934
45005,SC,Allendale County,2021,7714
45005,SC,Allendale County,2022,7508
45005,SC,Allendale County,2023,7596
45005,SC,Allendale County,2024,7551
45007,SC,Anderson County,2020,204192
45007,SC,Anderson County,2021,206949
45007,SC,Anderson County,2022,210069
45007,SC,Anderson County,2023,213998
45007,SC,Anderson County,2024,217183
45009,SC,Bamberg County,2020,13261
45009,SC,Bamberg County,2021,13121
45009,SC,Bamberg County,2022,12966
45009,SC,Bamberg County,2023,12991
45009,SC,Bamberg County,2024,12870
45011,SC,Barnwell County,2020,20590
45011,SC,Barnwell County,2021,20604
45011,SC,Barnwell County,2022,20469
45011,SC,Barnwell County,2023,20448
45011,SC,Barnwell County,2024,20495
45013,SC,Beaufort County,2020,187829
45013,SC,Beaufort County,2021,191946
45013,SC,Beaufort County,2022,195932
45013,SC,Beaufort County,2023,198961
45013,SC,Beaufort County,2024,201775
45015,SC,Berkeley County,2020,231508
45015,SC,Berkeley County,2021,236852
45015,SC,Berkeley County,2022,245249
45015,SC,Berkeley County,2023,256123
45015,SC,Berkeley County,2024,264276
45017,SC,Calhoun County,2020,14113
45017,SC,Calhoun County,2021,14141
45017,SC,Calhoun County,2022,14200
45017,SC,Calhoun County,2023,14208
45017,SC,Calhoun County,2024,14249
45019,SC,Charleston County,2020,409958
45019,SC,Charleston County,2021,414605
45019,SC,Charleston County,2022,419952
45019,SC,Charleston County,2023,425805
45019,SC,Charleston County,2024,431001
45021,SC,Cherokee County,2020,56226
45021,SC,Cherokee County,2021,56110
45021,SC,Cherokee County,2022,56186
45021,SC,Cherokee County,2023,56943
45021,SC,Cherokee County,2024,57770
45023,SC,Chester County,2020,32291
45023,SC,Chester County,2021,32160
45023,SC,Chester County,2022,31972
45023,SC,Chester County,2023,32163
45023,SC,Chester County,2024,32323
45025,SC,Chesterfield County,2020,43254
45025,SC,Chesterfield County,2021,43334
45025,SC,Chesterfield County,2022,43722
45025,SC,Chesterfield County,2023,44120
45025,SC,Chesterfield County,2024,44488
45027,SC,Clarendon County,2020,30841
45027,SC,Clarendon County,2021,30965
45027,SC,Clarendon County,2022,30976
45027,SC,Clarendon County,2023,31119
45027,SC,Clarendon County,2024,31030
45029,SC,Colleton County,2020,38538
45029,SC,Colleton County,2021,38461
45029,SC,Colleton County,2022,38618
45029,SC,Colleton County,2023,39040
45029,SC,Colleton County,2024,39259
45031,SC,Darlington County,2020,62842
45031,SC,Darlington County,2021,62723
45031,SC,Darlington County,2022,62434
45031,SC,Darlington County,2023,62368
45031,SC,Darlington County,2024,62425
45033,SC,Dillon County,2020,28280
45033,SC,Dillon County,2021,27977
45033,SC,Dillon County,2022,27766
45033,SC,Dillon County,2023,27712
45033,SC,Dillon County,2024,27577
45035,SC,Dorchester County,2020,162059
45035,SC,Dorchester County,2021,163484
45035,SC,Dorchester County,2022,166029
45035,SC,Dorchester County,2023,169770
45035,SC,Dorchester County,2024,174663
45037,SC,Edgefield County,2020,25673
45037,SC,Edgefield County,2021,26274
45037,SC,Edgefield County,2022,27347
45037,SC,Edgefield County,2023,28629
45037,SC,Edgefield County,2024,29455
45039,SC,Fairfield County,2020,20872
45039,SC,Fairfield County,2021,20686
45039,SC,Fairfield County,2022,20430
45039,SC,Fairfield County,2023,20392
45039,SC,Fairfield County,2024,20369
45041,SC,Florence County,2020,136814
45041,SC,Florence County,2021,136409
45041,SC,Florence County,2022,136860
45041,SC,Florence County,2023,137454
45041,SC,Florence County,2024,138049
45043,SC,Georgetown County,2020,63517
45043,SC,Georgetown County,2021,63939
45043,SC,Georgetown County,2022,64753
45043,SC,Georgetown County,2023,65812
45043,SC,Georgetown County,2024,66035
45045,SC,Greenville County,2020,527266
45045,SC,Greenville County,2021,534675
45045,SC,Greenville County,2022,548447
45045,SC,Greenville County,2023,559696
45045,SC,Greenville County,2024,570745
45047,SC,Greenwood County,2020,69395
45047,SC,Greenwood County,2021,69139
45047,SC,Greenwood County,2022,69290
45047,SC,Greenwood County,2023,69582
45047,SC,Greenwood County,2024,70041
45049,SC,Hampton County,2020,18525
45049,SC,Hampton County,2021,18259
45049,SC,Hampton County,2022,18147
45049,SC,Hampton County,2023,18167
45049,SC,Hampton County,2024,18172
45051,SC,Horry County,2020,353779
45051,SC,Horry County,2021,366164
45051,SC,Horry County,2022,383372
45051,SC,Horry County,2023,398374
45051,SC,Horry County,2024,413391
45053,SC,Jasper County,2020,29148
45053,SC,Jasper County,2021,30434
45053,SC,Jasper County,2022,31988
45053,SC,Jasper County,2023,33642
45053,SC,Jasper County,2024,35618
45055,SC,Kershaw County,2020,65596
45055,SC,Kershaw County,2021,66215
45055,SC,Kershaw County,2022,67917
45055,SC,Kershaw County,2023,70145
45055,SC,Kershaw County,2024,71698
45057,SC,Lancaster County,2020,96592
45057,SC,Lancaster County,2021,100540
45057,SC,Lancaster County,2022,104795
45057,SC,Lancaster County,2023,108796
45057,SC,Lancaster County,2024,111652
45059,SC,Laurens County,2020,67628
45059,SC,Laurens County,2021,67837
45059,SC,Laurens County,2022,68109
45059,SC,Laurens County,2023,69210
45059,SC,Laurens County,2024,70545
45061,SC,Lee County,2020,16546
45061,SC,Lee County,2021,16278
45061,SC,Lee County,2022,16119
45061,SC,Lee County,2023,15927
45061,SC,Lee County,2024,15958
45063,SC,Lexington County,2020,294993
45063,SC,Lexington County,2021,300644
45063,SC,Lexington County,2022,305147
45063,SC,Lexington County,2023,309877
45063,SC,Lexington County,2024,313774
45065,SC,McCormick County,2020,9522
45065,SC,McCormick County,2021,9768
45065,SC,McCormick County,2022,9741
45065,SC,McCormick County,2023,9786
45065,SC,McCormick County,2024,9983
45067,SC,Marion County,2020,29082
45067,SC,Marion County,2021,28853
45067,SC,Marion County,2022,28494
45067,SC,Marion County,2023,28522
45067,SC,Marion County,2024,28368
45069,SC,Marlboro County,2020,26496
45069,SC,Marlboro County,2021,26106
45069,SC,Marlboro County,2022,26003
45069,SC,Marlboro County,2023,25772
45069,SC,Marlboro County,2024,25498
45071,SC,Newberry County,2020,37738
45071,SC,Newberry County,2021,37976
45071,SC,Newberry County,2022,38343
45071,SC,Newberry County,2023,38916
45071,SC,Newberry County,2024,39203
45073,SC,Oconee County,2020,78787
45073,SC,Oconee County,2021,79331
45073,SC,Oconee County,2022,80223
45073,SC,Oconee County,2023,81527
45073,SC,Oconee County,2024,82475
45075,SC,Orangeburg County,2020,83971
45075,SC,Orangeburg County,2021,82851
45075,SC,Orangeburg County,2022,83165
45075,SC,Orangeburg County,2023,83148
45075,SC,Orangeburg County,2024,83129
45077,SC,Pickens County,2020,131689
45077,SC,Pickens County,2021,132139
45077,SC,Pickens County,2022,134405
45077,SC,Pickens County,2023,136704
45077,SC,Pickens County,2024,138207
45079,SC,Richland County,2020,415697
45079,SC,Richland County,2021,417306
45079,SC,Richland County,2022,421693
45079,SC,Richland County,2023,425236
45079,SC,Richland County,2024,430651
45081,SC,Saluda County,2020,18908
45081,SC,Saluda County,2021,18908
45081,SC,Saluda County,2022,19086
45081,SC,Saluda County,2023,19300
45081,SC,Saluda County,2024,19452
45083,SC,Spartanburg County,2020,329405
45083,SC,Spartanburg County,2021,335452
45083,SC,Spartanburg County,2022,346455
45083,SC,Spartanburg County,2023,358690
45083,SC,Spartanburg County,2024,369256
45085,SC,Sumter County,2020,105493
45085,SC,Sumter County,2021,104879
45085,SC,Sumter County,2022,104068
45085,SC,Sumter County,2023,104410
45085,SC,Sumter County,2024,104776
45087,SC,Union County,2020,27182
45087,SC,Union County,2021,27028
45087,SC,Union County,2022,26787
45087,SC,Union County,2023,26751
45087,SC,Union County,2024,26678
45089,SC,Williamsburg County,2020,30921
45089,SC,Williamsburg County,2021,30432
45089,SC,Williamsburg County,2022,30164
45089,SC,Williamsburg County,2023,30028
45089,SC,Williamsburg County,2024,29865
45091,SC,York County,2020,283862
45091,SC,York County,2021,289071
45091,SC,York County,2022,294057
45091,SC,York County,2023,298375
45091,SC,York County,2024,303001
46003,SD,Aurora County,2020,2740
46003,SD,Aurora County,2021,2741
46003,SD,Aurora County,2022,2772
46003,SD,Aurora County,2023,2796
46003,SD,Aurora County,2024,2752
46005,SD,Beadle County,2020,19166
46005,SD,Beadle County,2021,19185
46005,SD,Beadle County,2022,19356
46005,SD,Beadle County,2023,19380
46005,SD,Beadle County,2024,19459
46007,SD,Bennett County,2020,3392
46007,SD,Bennett County,2021,3393
46007,SD,Bennett County,2022,3339
46007,SD,Bennett County,2023,3312
46007,SD,Bennett County,2024,3289
46009,SD,Bon Homme County,2020,6972
46009,SD,Bon Homme County,2021,7002
46009,SD,Bon Homme County,2022,7088
46009,SD,Bon Homme County,2023,7088
46009,SD,Bon Homme County,2024,7071
46011,SD,Brookings County,2020,34349
46011,SD,Brookings County,2021,34705
46011,SD,Brookings County,2022,35442
46011,SD,Brookings County,2023,35912
46011,SD,Brookings County,2024,36359
46013,SD,Brown County,2020,38219
46013,SD,Brown County,2021,38108
46013,SD,Brown County,2022,37915
46013,SD,Brown County,2023,37650
46013,SD,Brown County,2024,37495
46015,SD,Brule County,2020,5250
46015,SD,Brule County,2021,5252
46015,SD,Brule County,2022,5324
46015,SD,Brule County,2023,5326
46015,SD,Brule County,2024,5261
46017,SD,Buffalo County,2020,1938
46017,SD,Buffalo County,2021,1894
46017,SD,Buffalo County,2022,1848
46017,SD,Buffalo County,2023,1884
46017,SD,Buffalo County,2024,1825
46019,SD,Butte County,2020,10291
46019,SD,Butte County,2021,10544
46019,SD,Butte County,2022,10788
46019,SD,Butte County,2023,10868
46019,SD,Butte County,2024,10891
46021,SD,Campbell County,2020,1380
46021,SD,Campbell County,2021,1378
46021,SD,Campbell County,2022,1367
46021,SD,Campbell County,2023,1357
46021,SD,Campbell County,2024,1342
46023,SD,Charles Mix County,2020,9369
46023,SD,Charles Mix County,2021,9187
46023,SD,Charles Mix County,2022,9237
46023,SD,Charles Mix County,2023,9271
46023,SD,Charles Mix County,2024,9343
46025,SD,Clark County,2020,3851
46025,SD,Clark County,2021,3871
46025,SD,Clark County,2022,3945
46025,SD,Clark County,2023,3945
46025,SD,Clark County,2024,3974
46027,SD,Clay County,2020,15003
46027,SD,Clay County,2021,15170
46027,SD,Clay County,2022,15277
46027,SD,Clay County,2023,15398
46027,SD,Clay County,2024,15245
46029,SD,Codington County,2020,28355
46029,SD,Codington County,2021,28492
46029,SD,Codington County,2022,28756
46029,SD,Codington County,2023,28952
46029,SD,Codington County,2024,29278
46031,SD,Corson County,2020,3888
46031,SD,Corson County,2021,3842
46031,SD,Corson County,2022,3797
46031,SD,Corson County,2023,3756
46031,SD,Corson County,2024,3747
46033,SD,Custer County,2020,8342
46033,SD,Custer County,2021,8648
46033,SD,Custer County,2022,9024
46033,SD,Custer County,2023,9117
46033,SD,Custer County,2024,9330
46035,SD,Davison County,2020,19954
46035,SD,Davison County,2021,19901
46035,SD,Davison County,2022,20025
46035,SD,Davison County,2023,19973
46035,SD,Davison County,2024,19907
46037,SD,Day County,2020,5436
46037,SD,Day County,2021,5418
46037,SD,Day County,2022,5478
46037,SD,Day County,2023,5445
46037,SD,Day County,2024,5408
46039,SD,Deuel County,2020,4302
46039,SD,Deuel County,2021,4299
46039,SD,Deuel County,2022,4357
46039,SD,Deuel County,2023,4345
46039,SD,Deuel County,2024,4335
46041,SD,Dewey County,2020,5225
46041,SD,Dewey County,2021,5221
46041,SD,Dewey County,2022,5078
46041,SD,Dewey County,2023,5179
46041,SD,Dewey County,2024,5322
46043,SD,Douglas County,2020,2834
46043,SD,Douglas County,2021,2813
46043,SD,Douglas County,2022,2797
46043,SD,Douglas County,2023,2844
46043,SD,Douglas County,2024,2849
46045,SD,Edmunds County,2020,3997
46045,SD,Edmunds County,2021,4044
46045,SD,Edmunds County,2022,4103
46045,SD,Edmunds County,2023,4067
46045,SD,Edmunds County,2024,4027
46047,SD,Fall River County,2020,6973
46047,SD,Fall River County,2021,7217
46047,SD,Fall River County,2022,7373
46047,SD,Fall River County,2023,7369
46047,SD,Fall River County,2024,7359
46049,SD,Faulk County,2020,2126
46049,SD,Faulk County,2021,2118
46049,SD,Faulk County,2022,2117
46049,SD,Faulk County,2023,2135
46049,SD,Faulk County,2024,2136
46051,SD,Grant County,2020,7539
46051,SD,Grant County,2021,7554
46051,SD,Grant County,2022,7535
46051,SD,Grant County,2023,7571
46051,SD,Grant County,2024,7618
46053,SD,Gregory County,2020,4000
46053,SD,Gregory County,2021,3954
46053,SD,Gregory County,2022,3993
46053,SD,Gregory County,2023,4023
46053,SD,Gregory County,2024,4110
46055,SD,Haakon County,2020,1868
46055,SD,Haakon County,2021,1837
46055,SD,Haakon County,2022,1830
46055,SD,Haakon County,2023,1855
46055,SD,Haakon County,2024,1834
46057,SD,Hamlin County,2020,6161
46057,SD,Hamlin County,2021,6261
46057,SD,Hamlin County,2022,6395
46057,SD,Hamlin County,2023,6450
46057,SD,Hamlin County,2024,6596
46059,SD,Hand County,2020,3147
46059,SD,Hand County,2021,3087
46059,SD,Hand County,2022,3123
46059,SD,Hand County,2023,3114
46059,SD,Hand County,2024,3097
46061,SD,Hanson County,2020,3460
46061,SD,Hanson County,2021,3507
46061,SD,Hanson County,2022,3461
46061,SD,Hanson County,2023,3457
46061,SD,Hanson County,2024,3477
46063,SD,Harding County,2020,1308
46063,SD,Harding County,2021,1325
46063,SD,Harding County,2022,1329
46063,SD,Harding County,2023,1314
46063,SD,Harding County,2024,1325
46065,SD,Hughes County,2020,17741
46065,SD,Hughes County,2021,17762
46065,SD,Hughes County,2022,17674
46065,SD,Hughes County,2023,17617
46065,SD,Hughes County,2024,17526
46067,SD,Hutchinson County,2020,7425
46067,SD,Hutchinson County,2021,7379
46067,SD,Hutchinson County,2022,7375
46067,SD,Hutchinson County,2023,7423
46067,SD,Hutchinson County,2024,7416
46069,SD,Hyde County,2020,1252
46069,SD,Hyde County,2021,1232
46069,SD,Hyde County,2022,1196
46069,SD,Hyde County,2023,1190
46069,SD,Hyde County,2024,1215
46071,SD,Jackson County,2020,2803
46071,SD,Jackson County,2021,2867
46071,SD,Jackson County,2022,2833
46071,SD,Jackson County,2023,2772
46071,SD,Jackson County,2024,2737
46073,SD,Jerauld County,2020,1643
46073,SD,Jerauld County,2021,1641
46073,SD,Jerauld County,2022,1645
46073,SD,Jerauld County,2023,1650
46073,SD,Jerauld County,2024,1689
46075,SD,Jones County,2020,923
46075,SD,Jones County,2021,877
46075,SD,Jones County,2022,870
46075,SD,Jones County,2023,864
46075,SD,Jones County,2024,874
46077,SD,Kingsbury County,2020,5207
46077,SD,Kingsbury County,2021,5210
46077,SD,Kingsbury County,2022,5282
46077,SD,Kingsbury County,2023,5262
46077,SD,Kingsbury County,2024,5261
46079,SD,Lake County,2020,11016
46079,SD,Lake County,2021,10862
46079,SD,Lake County,2022,10945
46079,SD,Lake County,2023,11033
46079,SD,Lake County,2024,11006
46081,SD,Lawrence County,2020,25849
46081,SD,Lawrence County,2021,26169
46081,SD,Lawrence County,2022,27234
46081,SD,Lawrence County,2023,28106
46081,SD,Lawrence County,2024,28809
46083,SD,Lincoln County,2020,65648
46083,SD,Lincoln County,2021,68002
46083,SD,Lincoln County,2022,71156
46083,SD,Lincoln County,2023,73142
46083,SD,Lincoln County,2024,75244
46085,SD,Lyman County,2020,3701
46085,SD,Lyman County,2021,3760
46085,SD,Lyman County,2022,3717
46085,SD,Lyman County,2023,3720
46085,SD,Lyman County,2024,3721
46087,SD,McCook County,2020,5674
46087,SD,McCook County,2021,5725
46087,SD,McCook County,2022,5775
46087,SD,McCook County,2023,5809
46087,SD,McCook County,2024,5771
46089,SD,McPherson County,2020,2403
46089,SD,McPherson County,2021,2419
46089,SD,McPherson County,2022,2401
46089,SD,McPherson County,2023,2335
46089,SD,McPherson County,2024,2307
46091,SD,Marshall County,2020,4298
46091,SD,Marshall County,2021,4314
46091,SD,Marshall County,2022,4354
46091,SD,Marshall County,2023,4358
46091,SD,Marshall County,2024,4395
46093,SD,Meade County,2020,29903
46093,SD,Meade County,2021,30298
46093,SD,Meade County,2022,30679
46093,SD,Meade County,2023,30931
46093,SD,Meade County,2024,30918
46095,SD,Mellette County,2020,1922
46095,SD,Mellette County,2021,1900
46095,SD,Mellette County,2022,1867
46095,SD,Mellette County,2023,1843
46095,SD,Mellette County,2024,1834
46097,SD,Miner County,2020,2304
46097,SD,Miner County,2021,2311
46097,SD,Miner County,2022,2289
46097,SD,Miner County,2023,2293
46097,SD,Miner County,2024,2303
46099,SD,Minnehaha County,2020,197718
46099,SD,Minnehaha County,2021,199947
46099,SD,Minnehaha County,2022,203675
46099,SD,Minnehaha County,2023,206464
46099,SD,Minnehaha County,2024,208639
46101,SD,Moody County,2020,6339
46101,SD,Moody County,2021,6307
46101,SD,Moody County,2022,6366
46101,SD,Moody County,2023,6444
46101,SD,Moody County,2024,6529
46102,SD,Oglala Lakota County,2020,13648
46102,SD,Oglala Lakota County,2021,13559
46102,SD,Oglala Lakota County,2022,13482
46102,SD,Oglala Lakota County,2023,13407
46102,SD,Oglala Lakota County,2024,13360
46103,SD,Pennington County,2020,109573
46103,SD,Pennington County,2021,111903
46103,SD,Pennington County,2022,114269
46103,SD,Pennington County,2023,115834
46103,SD,Pennington County,2024,115979
46105,SD,Perkins County,2020,2849
46105,SD,Perkins County,2021,2833
46105,SD,Perkins County,2022,2807
46105,SD,Perkins County,2023,2823
46105,SD,Perkins County,2024,2832
46107,SD,Potter County,2020,2474
46107,SD,Potter County,2021,2473
46107,SD,Potter County,2022,2450
46107,SD,Potter County,2023,2416
46107,SD,Potter County,2024,2402
46109,SD,Roberts County,2020,10262
46109,SD,Roberts County,2021,10180
46109,SD,Roberts County,2022,10157
46109,SD,Roberts County,2023,10222
46109,SD,Roberts County,2024,10283
46111,SD,Sanborn County,2020,2330
46111,SD,Sanborn County,2021,2379
46111,SD,Sanborn County,2022,2413
46111,SD,Sanborn County,2023,2407
46111,SD,Sanborn County,2024,2392
46115,SD,Spink County,2020,6342
46115,SD,Spink County,2021,6265
46115,SD,Spink County,2022,6232
46115,SD,Spink County,2023,6149
46115,SD,Spink County,2024,6108
46117,SD,Stanley County,2020,2970
46117,SD,Stanley County,2021,3034
46117,SD,Stanley County,2022,3014
46117,SD,Stanley County,2023,3040
46117,SD,Stanley County,2024,3015
46119,SD,Sully County,2020,1452
46119,SD,Sully County,2021,1472
46119,SD,Sully County,2022,1478
46119,SD,Sully County,2023,1485
46119,SD,Sully County,2024,1468
46121,SD,Todd County,2020,9321
46121,SD,Todd County,2021,9298
46121,SD,Todd County,2022,9256
46121,SD,Todd County,2023,9175
46121,SD,Todd County,2024,9172
46123,SD,Tripp County,2020,5607
46123,SD,Tripp County,2021,5577
46123,SD,Tripp County,2022,5548
46123,SD,Tripp County,2023,5607
46123,SD,Tripp County,2024,5717
46125,SD,Turner County,2020,8686
46125,SD,Turner County,2021,8693
46125,SD,Turner County,2022,8890
46125,SD,Turner County,2023,9052
46125,SD,Turner County,2024,9087
46127,SD,Union County,2020,16857
46127,SD,Union County,2021,16875
46127,SD,Union County,2022,17083
46127,SD,Union County,2023,17186
46127,SD,Union County,2024,17402
46129,SD,Walworth County,2020,5294
46129,SD,Walworth County,2021,5261
46129,SD,Walworth County,2022,5266
46129,SD,Walworth County,2023,5264
46129,SD,Walworth County,2024,5270
46135,SD,Yankton County,2020,23286
46135,SD,Yankton County,2021,23358
46135,SD,Yankton County,2022,23407
46135,SD,Yankton County,2023,23509
46135,SD,Yankton County,2024,23509
46137,SD,Ziebach County,2020,2393
46137,SD,Ziebach County,2021,2383
46137,SD,Ziebach County,2022,2369
46137,SD,Ziebach County,2023,2322
46137,SD,Ziebach County,2024,2418
47001,TN,Anderson County,2020,77327
47001,TN,Anderson County,2021,77632
47001,TN,Anderson County,2022,79016
47001,TN,Anderson County,2023,80343
47001,TN,Anderson County,2024,81449
47003,TN,Bedford County,2020,50396
47003,TN,Bedford County,2021,51201
47003,TN,Bedford County,2022,52088
47003,TN,Bedford County,2023,53274
47003,TN,Bedford County,2024,54228
47005,TN,Benton County,2020,15853
47005,TN,Benton County,2021,15836
47005,TN,Benton County,2022,16001
47005,TN,Benton County,2023,16167
47005,TN,Benton County,2024,16173
47007,TN,Bledsoe County,2020,14955
47007,TN,Bledsoe County,2021,14839
47007,TN,Bledsoe County,2022,14769
47007,TN,Bledsoe County,2023,15008
47007,TN,Bledsoe County,2024,15591
47009,TN,Blount County,2020,135656
47009,TN,Blount County,2021,137624
47009,TN,Blount County,2022,139789
47009,TN,Blount County,2023,141384
47009,TN,Blount County,2024,142211
47011,TN,Bradley County,2020,108831
47011,TN,Bradley County,2021,109766
47011,TN,Bradley County,2022,110814
47011,TN,Bradley County,2023,112132
47011,TN,Bradley County,2024,113782
47013,TN,Campbell County,2020,39306
47013,TN,Campbell County,2021,39457
47013,TN,Campbell County,2022,39578
47013,TN,Campbell County,2023,40225
47013,TN,Campbell County,2024,40238
47015,TN,Cannon County,2020,14561
47015,TN,Cannon County,2021,14537
47015,TN,Cannon County,2022,14797
47015,TN,Cannon County,2023,15051
47015,TN,Cannon County,2024,15142
47017,TN,Carroll County,2020,28428
47017,TN,Carroll County,2021,28291
47017,TN,Carroll County,2022,28431
47017,TN,Carroll County,2023,28950
47017,TN,Carroll County,2024,29107
47019,TN,Carter County,2020,56386
47019,TN,Carter County,2021,56095
47019,TN,Carter County,2022,56531
47019,TN,Carter County,2023,57112
47019,TN,Carter County,2024,57434
47021,TN,Cheatham County,2020,41090
47021,TN,Cheatham County,2021,41460
47021,TN,Cheatham County,2022,41742
47021,TN,Cheatham County,2023,42247
47021,TN,Cheatham County,2024,42604
47023,TN,Chester County,2020,17385
47023,TN,Chester County,2021,17475
47023,TN,Chester County,2022,17599
47023,TN,Chester County,2023,17722
47023,TN,Chester County,2024,17876
47025,TN,Claiborne County,2020,32066
47025,TN,Claiborne County,2021,32055
47025,TN,Claiborne County,2022,32400
47025,TN,Claiborne County,2023,32738
47025,TN,Claiborne County,2024,33070
47027,TN,Clay County,2020,7594
47027,TN,Clay County,2021,7591
47027,TN,Clay County,2022,7635
47027,TN,Clay County,2023,7672
47027,TN,Clay County,2024,7857
47029,TN,Cocke County,2020,36043
47029,TN,Cocke County,2021,36367
47029,TN,Cocke County,2022,36786
47029,TN,Cocke County,2023,37272
47029,TN,Cocke County,2024,37596
47031,TN,Coffee County,2020,58145
47031,TN,Coffee County,2021,58986
47031,TN,Coffee County,2022,59663
47031,TN,Coffee County,2023,60472
47031,TN,Coffee County,2024,61285
47033,TN,Crockett County,2020,13905
47033,TN,Crockett County,2021,13988
47033,TN,Crockett County,2022,13862
47033,TN,Crockett County,2023,13991
47033,TN,Crockett County,2024,13973
47035,TN,Cumberland County,2020,61372
47035,TN,Cumberland County,2021,62391
47035,TN,Cumberland County,2022,63537
47035,TN,Cumberland County,2023,64848
47035,TN,Cumberland County,2024,65618
47037,TN,Davidson County,2020,716095
47037,TN,Davidson County,2021,700966
47037,TN,Davidson County,2022,711280
47037,TN,Davidson County,2023,719092
47037,TN,Davidson County,2024,729505
47039,TN,Decatur County,2020,11433
47039,TN,Decatur County,2021,11408
47039,TN,Decatur County,2022,11546
47039,TN,Decatur County,2023,11709
47039,TN,Decatur County,2024,11800
47041,TN,DeKalb County,2020,20191
47041,TN,DeKalb County,2021,20506
47041,TN,DeKalb County,2022,21013
47041,TN,DeKalb County,2023,21337
47041,TN,DeKalb County,2024,21747
47043,TN,Dickson County,2020,54453
47043,TN,Dickson County,2021,55194
47043,TN,Dickson County,2022,55793
47043,TN,Dickson County,2023,56835
47043,TN,Dickson County,2024,57641
47045,TN,Dyer County,2020,36709
47045,TN,Dyer County,2021,36605
47045,TN,Dyer County,2022,36392
47045,TN,Dyer County,2023,36432
47045,TN,Dyer County,2024,36403
47047,TN,Fayette County,2020,41865
47047,TN,Fayette County,2021,42615
47047,TN,Fayette County,2022,43296
47047,TN,Fayette County,2023,44082
47047,TN,Fayette County,2024,44476
47049,TN,Fentress County,2020,18534
47049,TN,Fentress County,2021,18839
47049,TN,Fentress County,2022,19336
47049,TN,Fentress County,2023,19708
47049,TN,Fentress County,2024,20129
47051,TN,Franklin County,2020,42812
47051,TN,Franklin County,2021,43161
47051,TN,Franklin County,2022,44156
47051,TN,Franklin County,2023,44682
47051,TN,Franklin County,2024,45137
47053,TN,Gibson County,2020,50447
47053,TN,Gibson County,2021,50471
47053,TN,Gibson County,2022,50855
47053,TN,Gibson County,2023,51152
47053,TN,Gibson County,2024,51422
47055,TN,Giles County,2020,30344
47055,TN,Giles County,2021,30411
47055,TN,Giles County,2022,30560
47055,TN,Giles County,2023,30815
47055,TN,Giles County,2024,30971
47057,TN,Grainger County,2020,23569
47057,TN,Grainger County,2021,23801
47057,TN,Grainger County,2022,24191
47057,TN,Grainger County,2023,24697
47057,TN,Grainger County,2024,25073
47059,TN,Greene County,2020,70348
47059,TN,Greene County,2021,70570
47059,TN,Greene County,2022,71279
47059,TN,Greene County,2023,72546
47059,TN,Greene County,2024,73398
47061,TN,Grundy County,2020,13548
47061,TN,Grundy County,2021,13595
47061,TN,Grundy County,2022,13813
47061,TN,Grundy County,2023,13992
47061,TN,Grundy County,2024,14148
47063,TN,Hamblen County,2020,64542
47063,TN,Hamblen County,2021,64361
47063,TN,Hamblen County,2022,65263
47063,TN,Hamblen County,2023,66466
47063,TN,Hamblen County,2024,67715
47065,TN,Hamilton County,2020,367891
47065,TN,Hamilton County,2021,369678
47065,TN,Hamilton County,2022,375861
47065,TN,Hamilton County,2023,381272
47065,TN,Hamilton County,2024,386256
47067,TN,Hancock County,2020,6626
47067,TN,Hancock County,2021,6794
47067,TN,Hancock County,2022,6838
47067,TN,Hancock County,2023,6963
47067,TN,Hancock County,2024,7038
47069,TN,Hardeman County,2020,25438
47069,TN,Hardeman County,2021,25266
47069,TN,Hardeman County,2022,25493
47069,TN,Hardeman County,2023,25523
47069,TN,Hardeman County,2024,25434
47071,TN,Hardin County,2020,26958
47071,TN,Hardin County,2021,26980
47071,TN,Hardin County,2022,27240
47071,TN,Hardin County,2023,27449
47071,TN,Hardin County,2024,27617
47073,TN,Hawkins County,2020,56721
47073,TN,Hawkins County,2021,57206
47073,TN,Hawkins County,2022,57915
47073,TN,Hawkins County,2023,58608
47073,TN,Hawkins County,2024,59371
47075,TN,Haywood County,2020,17825
47075,TN,Haywood County,2021,17673
47075,TN,Haywood County,2022,17470
47075,TN,Haywood County,2023,17312
47075,TN,Haywood County,2024,17097
47077,TN,Henderson County,2020,27831
47077,TN,Henderson County,2021,27916
47077,TN,Henderson County,2022,27907
47077,TN,Henderson County,2023,28065
47077,TN,Henderson County,2024,28183
47079,TN,Henry County,2020,32146
47079,TN,Henry County,2021,32248
47079,TN,Henry County,2022,32328
47079,TN,Henry County,2023,32454
47079,TN,Henry County,2024,32883
47081,TN,Hickman County,2020,24970
47081,TN,Hickman County,2021,25082
47081,TN,Hickman County,2022,25479
47081,TN,Hickman County,2023,25788
47081,TN,Hickman County,2024,25859
47083,TN,Houston County,2020,8305
47083,TN,Houston County,2021,8292
47083,TN,Houston County,2022,8230
47083,TN,Houston County,2023,8398
47083,TN,Houston County,2024,8538
47085,TN,Humphreys County,2020,18996
47085,TN,Humphreys County,2021,19179
47085,TN,Humphreys County,2022,19046
47085,TN,Humphreys County,2023,19293
47085,TN,Humphreys County,2024,19554
47087,TN,Jackson County,2020,11631
47087,TN,Jackson County,2021,11771
47087,TN,Jackson County,2022,12022
47087,TN,Jackson County,2023,12344
47087,TN,Jackson County,2024,12376
47089,TN,Jefferson County,2020,54917
47089,TN,Jefferson County,2021,55550
47089,TN,Jefferson County,2022,56739
47089,TN,Jefferson County,2023,57897
47089,TN,Jefferson County,2024,59217
47091,TN,Johnson County,2020,17994
47091,TN,Johnson County,2021,18061
47091,TN,Johnson County,2022,18044
47091,TN,Johnson County,2023,18376
47091,TN,Johnson County,2024,18506
47093,TN,Knox County,2020,480530
47093,TN,Knox County,2021,486005
47093,TN,Knox County,2022,495882
47093,TN,Knox County,2023,501576
47093,TN,Knox County,2024,506748
47095,TN,Lake County,2020,6985
47095,TN,Lake County,2021,6636
47095,TN,Lake County,2022,6493
47095,TN,Lake County,2023,6407
47095,TN,Lake County,2024,6422
47097,TN,Lauderdale County,2020,25125
47097,TN,Lauderdale County,2021,24888
47097,TN,Lauderdale County,2022,24725
47097,TN,Lauderdale County,2023,24554
47097,TN,Lauderdale County,2024,24630
47099,TN,Lawrence County,2020,44179
47099,TN,Lawrence County,2021,44768
47099,TN,Lawrence County,2022,45476
47099,TN,Lawrence County,2023,46033
47099,TN,Lawrence County,2024,46467
47101,TN,Lewis County,2020,12607
47101,TN,Lewis County,2021,12856
47101,TN,Lewis County,2022,12934
47101,TN,Lewis County,2023,13146
47101,TN,Lewis County,2024,13418
47103,TN,Lincoln County,2020,35338
47103,TN,Lincoln County,2021,35444
47103,TN,Lincoln County,2022,36006
47103,TN,Lincoln County,2023,36193
47103,TN,Lincoln County,2024,36751
47105,TN,Loudon County,2020,55136
47105,TN,Loudon County,2021,56800
47105,TN,Loudon County,2022,58255
47105,TN,Loudon County,2023,60581
47105,TN,Loudon County,2024,62129
47107,TN,McMinn County,2020,53344
47107,TN,McMinn County,2021,53922
47107,TN,McMinn County,2022,54680
47107,TN,McMinn County,2023,55720
47107,TN,McMinn County,2024,56754
47109,TN,McNairy County,2020,25858
47109,TN,McNairy County,2021,25853
47109,TN,McNairy County,2022,25971
47109,TN,McNairy County,2023,26065
47109,TN,McNairy County,2024,26103
47111,TN,Macon County,2020,25269
47111,TN,Macon County,2021,25678
47111,TN,Macon County,2022,26225
47111,TN,Macon County,2023,26837
47111,TN,Macon County,2024,27189
47113,TN,Madison County,2020,98834
47113,TN,Madison County,2021,98580
47113,TN,Madison County,2022,99264
47113,TN,Madison County,2023,99390
47113,TN,Madison County,2024,100409
47115,TN,Marion County,2020,28905
47115,TN,Marion County,2021,28960
47115,TN,Marion County,2022,29101
47115,TN,Marion County,2023,29458
47115,TN,Marion County,2024,29826
47117,TN,Marshall County,2020,34472
47117,TN,Marshall County,2021,35057
47117,TN,Marshall County,2022,35862
47117,TN,Marshall County,2023,37008
47117,TN,Marshall County,2024,37847
47119,TN,Maury County,2020,101836
47119,TN,Maury County,2021,104965
47119,TN,Maury County,2022,108007
47119,TN,Maury County,2023,110734
47119,TN,Maury County,2024,113411
47121,TN,Meigs County,2020,12809
47121,TN,Meigs County,2021,13022
47121,TN,Meigs County,2022,13265
47121,TN,Meigs County,2023,13682
47121,TN,Meigs County,2024,13937
47123,TN,Monroe County,2020,46399
47123,TN,Monroe County,2021,46651
47123,TN,Monroe County,2022,47694
47123,TN,Monroe County,2023,48578
47123,TN,Monroe County,2024,49154
47125,TN,Montgomery County,2020,221309
47125,TN,Montgomery County,2021,227780
47125,TN,Montgomery County,2022,235252
47125,TN,Montgomery County,2023,240398
47125,TN,Montgomery County,2024,246025
47127,TN,Moore County,2020,6466
47127,TN,Moore County,2021,6644
47127,TN,Moore County,2022,6715
47127,TN,Moore County,2023,6774
47127,TN,Moore County,2024,6773
47129,TN,Morgan County,2020,21050
47129,TN,Morgan County,2021,21120
47129,TN,Morgan County,2022,21176
47129,TN,Morgan County,2023,21503
47129,TN,Morgan County,2024,21954
47131,TN,Obion County,2020,30775
47131,TN,Obion County,2021,30461
47131,TN,Obion County,2022,30365
47131,TN,Obion County,2023,30403
47131,TN,Obion County,2024,30261
47133,TN,Overton County,2020,22587
47133,TN,Overton County,2021,22836
47133,TN,Overton County,2022,22992
47133,TN,Overton County,2023,23358
47133,TN,Overton County,2024,23551
47135,TN,Perry County,2020,8386
47135,TN,Perry County,2021,8499
47135,TN,Perry County,2022,8702
47135,TN,Perry County,2023,8911
47135,TN,Perry County,2024,8987
47137,TN,Pickett County,2020,4999
47137,TN,Pickett County,2021,5071
47137,TN,Pickett County,2022,5102
47137,TN,Pickett County,2023,5114
47137,TN,Pickett County,2024,5108
47139,TN,Polk County,2020,17567
47139,TN,Polk County,2021,17722
47139,TN,Polk County,2022,17799
47139,TN,Polk County,2023,18066
47139,TN,Polk County,2024,18338
47141,TN,Putnam County,2020,80078
47141,TN,Putnam County,2021,81262
47141,TN,Putnam County,2022,82603
47141,TN,Putnam County,2023,83952
47141,TN,Putnam County,2024,84894
47143,TN,Rhea County,2020,33287
47143,TN,Rhea County,2021,33539
47143,TN,Rhea County,2022,34056
47143,TN,Rhea County,2023,34319
47143,TN,Rhea County,2024,34759
47145,TN,Roane County,2020,53664
47145,TN,Roane County,2021,54156
47145,TN,Roane County,2022,55256
47145,TN,Roane County,2023,56223
47145,TN,Roane County,2024,56742
47147,TN,Robertson County,2020,72962
47147,TN,Robertson County,2021,74054
47147,TN,Robertson County,2022,75402
47147,TN,Robertson County,2023,76820
47147,TN,Robertson County,2024,78459
47149,TN,Rutherford County,2020,343302
47149,TN,Rutherford County,2021,351241
47149,TN,Rutherford County,2022,362044
47149,TN,Rutherford County,2023,369649
47149,TN,Rutherford County,2024,376996
47151,TN,Scott County,2020,21876
47151,TN,Scott County,2021,21895
47151,TN,Scott County,2022,22033
47151,TN,Scott County,2023,22245
47151,TN,Scott County,2024,22517
47153,TN,Sequatchie County,2020,15847
47153,TN,Sequatchie County,2021,16448
47153,TN,Sequatchie County,2022,16943
47153,TN,Sequatchie County,2023,17189
47153,TN,Sequatchie County,2024,17620
47155,TN,Sevier County,2020,98865
47155,TN,Sevier County,2021,99667
47155,TN,Sevier County,2022,99318
47155,TN,Sevier County,2023,100224
47155,TN,Sevier County,2024,100184
47157,TN,Shelby County,2020,929788
47157,TN,Shelby County,2021,923255
47157,TN,Shelby County,2022,918382
47157,TN,Shelby County,2023,913909
47157,TN,Shelby County,2024,910530
47159,TN,Smith County,2020,19966
47159,TN,Smith County,2021,20166
47159,TN,Smith County,2022,20485
47159,TN,Smith County,2023,20545
47159,TN,Smith County,2024,20783
47161,TN,Stewart County,2020,13709
47161,TN,Stewart County,2021,13813
47161,TN,Stewart County,2022,14001
47161,TN,Stewart County,2023,14246
47161,TN,Stewart County,2024,14365
47163,TN,Sullivan County,2020,158244
47163,TN,Sullivan County,2021,159228
47163,TN,Sullivan County,2022,160891
47163,TN,Sullivan County,2023,162054
47163,TN,Sullivan County,2024,162703
47165,TN,Sumner County,2020,197420
47165,TN,Sumner County,2021,200536
47165,TN,Sumner County,2022,204018
47165,TN,Sumner County,2023,208423
47165,TN,Sumner County,2024,211721
47167,TN,Tipton County,2020,61047
47167,TN,Tipton County,2021,61071
47167,TN,Tipton County,2022,61577
47167,TN,Tipton County,2023,61885
47167,TN,Tipton County,2024,62187
47169,TN,Trousdale County,2020,11634
47169,TN,Trousdale County,2021,11607
47169,TN,Trousdale County,2022,12085
47169,TN,Trousdale County,2023,12301
47169,TN,Trousdale County,2024,12159
47171,TN,Unicoi County,2020,17873
47171,TN,Unicoi County,2021,17617
47171,TN,Unicoi County,2022,17606
47171,TN,Unicoi County,2023,17812
47171,TN,Unicoi County,2024,17872
47173,TN,Union County,2020,19845
47173,TN,Union County,2021,20018
47173,TN,Union County,2022,20483
47173,TN,Union County,2023,20747
47173,TN,Union County,2024,21064
47175,TN,Van Buren County,2020,6175
47175,TN,Van Buren County,2021,6295
47175,TN,Van Buren County,2022,6455
47175,TN,Van Buren County,2023,6576
47175,TN,Van Buren County,2024,6686
47177,TN,Warren County,2020,41059
47177,TN,Warren County,2021,41482
47177,TN,Warren County,2022,42014
47177,TN,Warren County,2023,42655
47177,TN,Warren County,2024,43619
47179,TN,Washington County,2020,133225
47179,TN,Washington County,2021,133473
47179,TN,Washington County,2022,136339
47179,TN,Washington County,2023,138628
47179,TN,Washington County,2024,139642
47181,TN,Wayne County,2020,16225
47181,TN,Wayne County,2021,16334
47181,TN,Wayne County,2022,16259
47181,TN,Wayne County,2023,16047
47181,TN,Wayne County,2024,15974
47183,TN,Weakley County,2020,32897
47183,TN,Weakley County,2021,32880
47183,TN,Weakley County,2022,33032
47183,TN,Weakley County,2023,33110
47183,TN,Weakley County,2024,33162
47185,TN,White County,2020,27446
47185,TN,White County,2021,27544
47185,TN,White County,2022,28004
47185,TN,White County,2023,28697
47185,TN,White County,2024,29108
47187,TN,Williamson County,2020,249616
47187,TN,Williamson County,2021,256155
47187,TN,Williamson County,2022,261536
47187,TN,Williamson County,2023,265312
47187,TN,Williamson County,2024,269136
47189,TN,Wilson County,2020,148651
47189,TN,Wilson County,2021,152044
47189,TN,Wilson County,2022,159029
47189,TN,Wilson County,2023,164352
47189,TN,Wilson County,2024,169948
48001,TX,Anderson County,2020,57937
48001,TX,Anderson County,2021,58317
48001,TX,Anderson County,2022,57296
48001,TX,Anderson County,2023,59134
48001,TX,Anderson County,2024,59512
48003,TX,Andrews County,2020,18616
48003,TX,Andrews County,2021,18417
48003,TX,Andrews County,2022,18372
48003,TX,Andrews County,2023,18722
48003,TX,Andrews County,2024,18923
48005,TX,Angelina County,2020,86502
48005,TX,Angelina County,2021,86852
48005,TX,Angelina County,2022,87229
48005,TX,Angelina County,2023,87698
48005,TX,Angelina County,2024,88094
48007,TX,Aransas County,2020,23939
48007,TX,Aransas County,2021,24522
48007,TX,Aransas County,2022,24973
48007,TX,Aransas County,2023,25351
48007,TX,Aransas County,2024,25595
48009,TX,Archer County,2020,8555
48009,TX,Archer County,2021,8703
48009,TX,Archer County,2022,8858
48009,TX,Archer County,2023,9066
48009,TX,Archer County,2024,9155
48011,TX,Armstrong County,2020,1851
48011,TX,Armstrong County,2021,1839
48011,TX,Armstrong County,2022,1857
48011,TX,Armstrong County,2023,1830
48011,TX,Armstrong County,2024,1809
48013,TX,Atascosa County,2020,49290
48013,TX,Atascosa County,2021,49991
48013,TX,Atascosa County,2022,50935
48013,TX,Atascosa County,2023,52039
48013,TX,Atascosa County,2024,52783
48015,TX,Austin County,2020,30135
48015,TX,Austin County,2021,30441
48015,TX,Austin County,2022,31067
48015,TX,Austin County,2023,31661
48015,TX,Austin County,2024,32546
48017,TX,Bailey County,2020,6867
48017,TX,Bailey County,2021,6805
48017,TX,Bailey County,2022,6853
48017,TX,Bailey County,2023,6853
48017,TX,Bailey County,2024,7031
48019,TX,Bandera County,2020,20994
48019,TX,Bandera County,2021,21525
48019,TX,Bandera County,2022,22127
48019,TX,Bandera County,2023,22629
48019,TX,Bandera County,2024,22830
48021,TX,Bastrop County,2020,98072
48021,TX,Bastrop County,2021,102294
48021,TX,Bastrop County,2022,106484
48021,TX,Bastrop County,2023,111131
48021,TX,Bastrop County,2024,114931
48023,TX,Baylor County,2020,3462
48023,TX,Baylor County,2021,3456
48023,TX,Baylor County,2022,3476
48023,TX,Baylor County,2023,3499
48023,TX,Baylor County,2024,3533
48025,TX,Bee County,2020,31042
48025,TX,Bee County,2021,30842
48025,TX,Bee County,2022,30995
48025,TX,Bee County,2023,31308
48025,TX,Bee County,2024,31226
48027,TX,Bell County,2020,372404
48027,TX,Bell County,2021,380611
48027,TX,Bell County,2022,387828
48027,TX,Bell County,2023,394065
48027,TX,Bell County,2024,399578
48029,TX,Bexar County,2020,1316181
48029,TX,Bexar County,2021,1316181
48029,TX,Bexar County,2022,1316181
48029,TX,Bexar County,2023,1316181
48029,TX,Bexar County,2024,1316181
48031,TX,Blanco County,2020,11452
48031,TX,Blanco County,2021,11887
48031,TX,Blanco County,2022,12439
48031,TX,Blanco County,2023,13093
48031,TX,Blanco County,2024,13358
48033,TX,Borden County,2020,864
48033,TX,Borden County,2021,864
48033,TX,Borden County,2022,864
48033,TX,Borden County,2023,864
48033,TX,Borden County,2024,864
48035,TX,Bosque County,2020,18249
48035,TX,Bosque County,2021,18492
48035,TX,Bosque County,2022,18701
48035,TX,Bosque County,2023,18982
48035,TX,Bosque County,2024,19013
48037,TX,Bowie County,2020,92913
48037,TX,Bowie County,2021,92290
48037,TX,Bowie County,2022,91689
48037,TX,Bowie County,2023,91692
48037,TX,Bowie County,2024,91992
48039,TX,Brazoria County,2020,373509
48039,TX,Brazoria County,2021,379174
48039,TX,Brazoria County,2022,388946
48039,TX,Brazoria County,2023,401422
48039,TX,Brazoria County,2024,413224
48041,TX,Brazos County,2020,234515
48041,TX,Brazos County,2021,237637
48041,TX,Brazos County,2022,242515
48041,TX,Brazos County,2023,247263
48041,TX,Brazos County,2024,249624
48043,TX,Brewster County,2020,9564
48043,TX,Brewster County,2021,9481
48043,TX,Brewster County,2022,9381
48043,TX,Brewster County,2023,9579
48043,TX,Brewster County,2024,9508
48045,TX,Briscoe County,2020,1422
48045,TX,Briscoe County,2021,1403
48045,TX,Briscoe County,2022,1441
48045,TX,Briscoe County,2023,1451
48045,TX,Briscoe County,2024,1494
48047,TX,Brooks County,2020,7096
48047,TX,Brooks County,2021,7023
48047,TX,Brooks County,2022,6960
48047,TX,Brooks County,2023,6895
48047,TX,Brooks County,2024,6740
48049,TX,Brown County,2020,38059
48049,TX,Brown County,2021,38155
48049,TX,Brown County,2022,38411
48049,TX,Brown County,2023,38477
48049,TX,Brown County,2024,38631
48051,TX,Burleson County,2020,17682
48051,TX,Burleson County,2021,18109
48051,TX,Burleson County,2022,18739
48051,TX,Burleson County,2023,19575
48051,TX,Burleson County,2024,20179
48053,TX,Burnet County,2020,49479
48053,TX,Burnet County,2021,51145
48053,TX,Burnet County,2022,52578
48053,TX,Burnet County,2023,54336
48053,TX,Burnet County,2024,55722
48055,TX,Caldwell County,2020,45948
48055,TX,Caldwell County,2021,46939
48055,TX,Caldwell County,2022,47920
48055,TX,Caldwell County,2023,50107
48055,TX,Caldwell County,2024,52430
48057,TX,Calhoun County,2020,20064
48057,TX,Calhoun County,2021,19801
48057,TX,Calhoun County,2022,19735
48057,TX,Calhoun County,2023,19798
48057,TX,Calhoun County,2024,19942
48059,TX,Callahan County,2020,13753
48059,TX,Callahan County,2021,14106
48059,TX,Callahan County,2022,14275
48059,TX,Callahan County,2023,14455
48059,TX,Callahan County,2024,14615
48061,TX,Cameron County,2020,421592
48061,TX,Cameron County,2021,422805
48061,TX,Cameron County,2022,425819
48061,TX,Cameron County,2023,428508
48061,TX,Cameron County,2024,431874
48063,TX,Camp County,2020,12430
48063,TX,Camp County,2021,12607
48063,TX,Camp County,2022,12750
48063,TX,Camp County,2023,13041
48063,TX,Camp County,2024,13164
48065,TX,Carson County,2020,5794
48065,TX,Carson County,2021,5716
48065,TX,Carson County,2022,5809
48065,TX,Carson County,2023,5865
48065,TX,Carson County,2024,5822
48067,TX,Cass County,2020,28443
48067,TX,Cass County,2021,28579
48067,TX,Cass County,2022,28530
48067,TX,Cass County,2023,28668
48067,TX,Cass County,2024,28622
48069,TX,Castro County,2020,7333
48069,TX,Castro County,2021,7369
48069,TX,Castro County,2022,7307
48069,TX,Castro County,2023,7330
48069,TX,Castro County,2024,7380
48071,TX,Chambers County,2020,47003
48071,TX,Chambers County,2021,48714
48071,TX,Chambers County,2022,51403
48071,TX,Chambers County,2023,54193
48071,TX,Chambers County,2024,56179
48073,TX,Cherokee County,2020,50612
48073,TX,Cherokee County,2021,51278
48073,TX,Cherokee County,2022,51666
48073,TX,Cherokee County,2023,52651
48073,TX,Cherokee County,2024,53223
48075,TX,Childress County,2020,6658
48075,TX,Childress County,2021,6786
48075,TX,Childress County,2022,6834
48075,TX,Childress County,2023,6757
48075,TX,Childress County,2024,6679
48077,TX,Clay County,2020,10255
48077,TX,Clay County,2021,10310
48077,TX,Clay County,2022,10484
48077,TX,Clay County,2023,10694
48077,TX,Clay County,2024,10730
48079,TX,Cochran County,2020,2564
48079,TX,Cochran County,2021,2483
48079,TX,Cochran County,2022,2551
48079,TX,Cochran County,2023,2571
48079,TX,Cochran County,2024,2583
48081,TX,Coke County,2020,3320
48081,TX,Coke County,2021,3324
48081,TX,Coke County,2022,3347
48081,TX,Coke County,2023,3378
48081,TX,Coke County,2024,3396
48083,TX,Coleman County,2020,7683
48083,TX,Coleman County,2021,7718
48083,TX,Coleman County,2022,7863
48083,TX,Coleman County,2023,7909
48083,TX,Coleman County,2024,7990
48085,TX,Collin County,2020,1075651
48085,TX,Collin County,2021,1114687
48085,TX,Collin County,2022,1163724
48085,TX,Collin County,2023,1207964
48085,TX,Collin County,2024,1254658
48087,TX,Collingsworth County,2020,2643
48087,TX,Collingsworth County,2021,2609
48087,TX,Collingsworth County,2022,2584
48087,TX,Collingsworth County,2023,2561
48087,TX,Collingsworth County,2024,2611
48089,TX,Colorado County,2020,20646
48089,TX,Colorado County,2021,20732
48089,TX,Colorado County,2022,20926
48089,TX,Colorado County,2023,21250
48089,TX,Colorado County,2024,21475
48091,TX,Comal County,2020,163637
48091,TX,Comal County,2021,174971
48091,TX,Comal County,2022,184799
48091,TX,Comal County,2023,194097
48091,TX,Comal County,2024,201628
48093,TX,Comanche County,2020,13629
48093,TX,Comanche County,2021,13800
48093,TX,Comanche County,2022,13903
48093,TX,Comanche County,2023,14058
48093,TX,Comanche County,2024,14359
48095,TX,Concho County,2020,3316
48095,TX,Concho County,2021,3349
48095,TX,Concho County,2022,3371
48095,TX,Concho County,2023,3280
48095,TX,Concho County,2024,3326
48097,TX,Cooke County,2020,41749
48097,TX,Cooke County,2021,42399
48097,TX,Cooke County,2022,43047
48097,TX,Cooke County,2023,43779
48097,TX,Cooke County,2024,44258
48099,TX,Coryell County,2020,83126
48099,TX,Coryell County,2021,84400
48099,TX,Coryell County,2022,84224
48099,TX,Coryell County,2023,85620
48099,TX,Coryell County,2024,86370
48101,TX,Cottle County,2020,1364
48101,TX,Cottle County,2021,1353
48101,TX,Cottle County,2022,1317
48101,TX,Cottle County,2023,1292
48101,TX,Cottle County,2024,1263
48103,TX,Crane County,2020,4675
48103,TX,Crane County,2021,4636
48103,TX,Crane County,2022,4557
48103,TX,Crane County,2023,4587
48103,TX,Crane County,2024,4594
48105,TX,Crockett County,2020,3094
48105,TX,Crockett County,2021,3015
48105,TX,Crockett County,2022,2952
48105,TX,Crockett County,2023,2842
48105,TX,Crockett County,2024,2799
48107,TX,Crosby County,2020,5095
48107,TX,Crosby County,2021,5082
48107,TX,Crosby County,2022,5010
48107,TX,Crosby County,2023,4990
48107,TX,Crosby County,2024,5030
48109,TX,Culberson County,2020,2186
48109,TX,Culberson County,2021,2183
48109,TX,Culberson County,2022,2159
48109,TX,Culberson County,2023,2195
48109,TX,Culberson County,2024,2254
48111,TX,Dallam County,2020,7138
48111,TX,Dallam County,2021,7185
48111,TX,Dallam County,2022,7271
48111,TX,Dallam County,2023,7372
48111,TX,Dallam County,2024,7526
48113,TX,Dallas County,2020,1316181
48113,TX,Dallas County,2021,1316181
48113,TX,Dallas County,2022,1316181
48113,TX,Dallas County,2023,1316181
48113,TX,Dallas County,2024,1316181
48115,TX,Dawson County,2020,12472
48115,TX,Dawson County,2021,12367
48115,TX,Dawson County,2022,12171
48115,TX,Dawson County,2023,11903
48115,TX,Dawson County,2024,11758
48117,TX,Deaf Smith County,2020,18527
48117,TX,Deaf Smith County,2021,18383
48117,TX,Deaf Smith County,2022,18433
48117,TX,Deaf Smith County,2023,18460
48117,TX,Deaf Smith County,2024,18495
48119,TX,Delta County,2020,5223
48119,TX,Delta County,2021,5339
48119,TX,Delta County,2022,5417
48119,TX,Delta County,2023,5563
48119,TX,Delta County,2024,5647
48121,TX,Denton County,2020,914510
48121,TX,Denton County,2021,944086
48121,TX,Denton County,2022,980355
48121,TX,Denton County,2023,1013736
48121,TX,Denton County,2024,1045120
48123,TX,DeWitt County,2020,19844
48123,TX,DeWitt County,2021,19965
48123,TX,DeWitt County,2022,19783
48123,TX,DeWitt County,2023,20238
48123,TX,DeWitt County,2024,20252
48125,TX,Dickens County,2020,1760
48125,TX,Dickens County,2021,1736
48125,TX,Dickens County,2022,1734
48125,TX,Dickens County,2023,1711
48125,TX,Dickens County,2024,1725
48127,TX,Dimmit County,2020,8582
48127,TX,Dimmit County,2021,8481
48127,TX,Dimmit County,2022,8377
48127,TX,Dimmit County,2023,8279
48127,TX,Dimmit County,2024,8181
48129,TX,Donley County,2020,3280
48129,TX,Donley County,2021,3360
48129,TX,Donley County,2022,3275
48129,TX,Donley County,2023,3177
48129,TX,Donley County,2024,3193
48131,TX,Duval County,2020,9810
48131,TX,Duval County,2021,9999
48131,TX,Duval County,2022,9688
48131,TX,Duval County,2023,9626
48131,TX,Duval County,2024,9585
48133,TX,Eastland County,2020,17795
48133,TX,Eastland County,2021,17860
48133,TX,Eastland County,2022,17909
48133,TX,Eastland County,2023,18199
48133,TX,Eastland County,2024,18290
48135,TX,Ector County,2020,165511
48135,TX,Ector County,2021,160809
48135,TX,Ector County,2022,161480
48135,TX,Ector County,2023,165450
48135,TX,Ector County,2024,170022
48137,TX,Edwards County,2020,1420
48137,TX,Edwards County,2021,1430
48137,TX,Edwards County,2022,1423
48137,TX,Edwards County,2023,1391
48137,TX,Edwards County,2024,1383
48139,TX,Ellis County,2020,194328
48139,TX,Ellis County,2021,203214
48139,TX,Ellis County,2022,212548
48139,TX,Ellis County,2023,223324
48139,TX,Ellis County,2024,232387
48141,TX,El Paso County,2020,866684
48141,TX,El Paso County,2021,867700
48141,TX,El Paso County,2022,868890
48141,TX,El Paso County,2023,874836
48141,TX,El Paso County,2024,875784
48143,TX,Erath County,2020,42719
48143,TX,Erath County,2021,43387
48143,TX,Erath County,2022,43929
48143,TX,Erath County,2023,44439
48143,TX,Erath County,2024,44496
48145,TX,Falls County,2020,16962
48145,TX,Falls County,2021,17113
48145,TX,Falls County,2022,16958
48145,TX,Falls County,2023,17670
48145,TX,Falls County,2024,17752
48147,TX,Fannin County,2020,35977
48147,TX,Fannin County,2021,36902
48147,TX,Fannin County,2022,37237
48147,TX,Fannin County,2023,37865
48147,TX,Fannin County,2024,38650
48149,TX,Fayette County,2020,24512
48149,TX,Fayette County,2021,24736
48149,TX,Fayette County,2022,24987
48149,TX,Fayette County,2023,25485
48149,TX,Fayette County,2024,25488
48151,TX,Fisher County,2020,3677
48151,TX,Fisher County,2021,3675
48151,TX,Fisher County,2022,3639
48151,TX,Fisher County,2023,3618
48151,TX,Fisher County,2024,3665
48153,TX,Floyd County,2020,5374
48153,TX,Floyd County,2021,5296
48153,TX,Floyd County,2022,5250
48153,TX,Floyd County,2023,5116
48153,TX,Floyd County,2024,5042
48155,TX,Foard County,2020,1090
48155,TX,Foard County,2021,1058
48155,TX,Foard County,2022,1062
48155,TX,Foard County,2023,1084
48155,TX,Foard County,2024,1053
48157,TX,Fort Bend County,2020,829335
48157,TX,Fort Bend County,2021,860626
48157,TX,Fort Bend County,2022,893319
48157,TX,Fort Bend County,2023,927120
48157,TX,Fort Bend County,2024,958434
48159,TX,Franklin County,2020,10370
48159,TX,Franklin County,2021,10500
48159,TX,Franklin County,2022,10641
48159,TX,Franklin County,2023,10737
48159,TX,Franklin County,2024,10912
48161,TX,Freestone County,2020,19441
48161,TX,Freestone County,2021,19795
48161,TX,Freestone County,2022,20006
48161,TX,Freestone County,2023,20358
48161,TX,Freestone County,2024,20645
48163,TX,Frio County,2020,18414
48163,TX,Frio County,2021,17944
48163,TX,Frio County,2022,18220
48163,TX,Frio County,2023,18811
48163,TX,Frio County,2024,19520
48165,TX,Gaines County,2020,21704
48165,TX,Gaines County,2021,21885
48165,TX,Gaines County,2022,22157
48165,TX,Gaines County,2023,22524
48165,TX,Gaines County,2024,22892
48167,TX,Galveston County,2020,351606
48167,TX,Galveston County,2021,355616
48167,TX,Galveston County,2022,357735
48167,TX,Galveston County,2023,362586
48167,TX,Galveston County,2024,367407
48169,TX,Garza County,2020,5812
48169,TX,Garza County,2021,6265
48169,TX,Garza County,2022,5952
48169,TX,Garza County,2023,4590
48169,TX,Garza County,2024,4645
48171,TX,Gillespie County,2020,26766
48171,TX,Gillespie County,2021,27313
48171,TX,Gillespie County,2022,27572
48171,TX,Gillespie County,2023,27809
48171,TX,Gillespie County,2024,28159
48173,TX,Glasscock County,2020,1117
48173,TX,Glasscock County,2021,1138
48173,TX,Glasscock County,2022,1145
48173,TX,Glasscock County,2023,1151
48173,TX,Glasscock County,2024,1153
48175,TX,Goliad County,2020,7023
48175,TX,Goliad County,2021,7134
48175,TX,Goliad County,2022,7144
48175,TX,Goliad County,2023,7183
48175,TX,Goliad County,2024,7221
48177,TX,Gonzales County,2020,19681
48177,TX,Gonzales County,2021,19641
48177,TX,Gonzales County,2022,19865
48177,TX,Gonzales County,2023,20030
48177,TX,Gonzales County,2024,20040
48179,TX,Gray County,2020,21195
48179,TX,Gray County,2021,21128
48179,TX,Gray County,2022,20986
48179,TX,Gray County,2023,21030
48179,TX,Gray County,2024,20888
48181,TX,Grayson County,2020,136152
48181,TX,Grayson County,2021,139652
48181,TX,Grayson County,2022,143292
48181,TX,Grayson County,2023,147056
48181,TX,Grayson County,2024,150532
48183,TX,Gregg County,2020,124317
48183,TX,Gregg County,2021,124205
48183,TX,Gregg County,2022,125668
48183,TX,Gregg County,2023,126531
48183,TX,Gregg County,2024,126679
48185,TX,Grimes County,2020,29438
48185,TX,Grimes County,2021,30148
48185,TX,Grimes County,2022,31141
48185,TX,Grimes County,2023,32527
48185,TX,Grimes County,2024,33448
48187,TX,Guadalupe County,2020,173708
48187,TX,Guadalupe County,2021,177328
48187,TX,Guadalupe County,2022,182953
48187,TX,Guadalupe County,2023,189056
48187,TX,Guadalupe County,2024,195166
48189,TX,Hale County,2020,32467
48189,TX,Hale County,2021,32212
48189,TX,Hale County,2022,32007
48189,TX,Hale County,2023,32014
48189,TX,Hale County,2024,31953
48191,TX,Hall County,2020,2799
48191,TX,Hall County,2021,2845
48191,TX,Hall County,2022,2820
48191,TX,Hall County,2023,2810
48191,TX,Hall County,2024,2828
48193,TX,Hamilton County,2020,8247
48193,TX,Hamilton County,2021,8234
48193,TX,Hamilton County,2022,8314
48193,TX,Hamilton County,2023,8593
48193,TX,Hamilton County,2024,8644
48195,TX,Hansford County,2020,5252
48195,TX,Hansford County,2021,5121
48195,TX,Hansford County,2022,5117
48195,TX,Hansford County,2023,5097
48195,TX,Hansford County,2024,5006
48197,TX,Hardeman County,2020,3561
48197,TX,Hardeman County,2021,3549
48197,TX,Hardeman County,2022,3509
48197,TX,Hardeman County,2023,3470
48197,TX,Hardeman County,2024,3417
48199,TX,Hardin County,2020,56355
48199,TX,Hardin County,2021,57141
48199,TX,Hardin County,2022,57819
48199,TX,Hardin County,2023,58227
48199,TX,Hardin County,2024,58670
48201,TX,Harris County,2020,1316181
48201,TX,Harris County,2021,1316181
48201,TX,Harris County,2022,1316181
48201,TX,Harris County,2023,1316181
48201,TX,Harris County,2024,1316181
48203,TX,Harrison County,2020,68806
48203,TX,Harrison County,2021,69550
48203,TX,Harrison County,2022,70047
48203,TX,Harrison County,2023,71004
48203,TX,Harrison County,2024,71370
48205,TX,Hartley County,2020,5340
48205,TX,Hartley County,2021,5383
48205,TX,Hartley County,2022,5220
48205,TX,Hartley County,2023,5137
48205,TX,Hartley County,2024,4996
48207,TX,Haskell County,2020,5436
48207,TX,Haskell County,2021,5379
48207,TX,Haskell County,2022,5412
48207,TX,Haskell County,2023,5442
48207,TX,Haskell County,2024,5435
48209,TX,Hays County,2020,243988
48209,TX,Hays County,2021,256002
48209,TX,Hays County,2022,269476
48209,TX,Hays County,2023,281697
48209,TX,Hays County,2024,292029
48211,TX,Hemphill County,2020,3366
48211,TX,Hemphill County,2021,3325
48211,TX,Hemphill County,2022,3204
48211,TX,Hemphill County,2023,3143
48211,TX,Hemphill County,2024,3134
48213,TX,Henderson County,2020,82402
48213,TX,Henderson County,2021,83655
48213,TX,Henderson County,2022,84508
48213,TX,Henderson County,2023,86277
48213,TX,Henderson County,2024,87467
48215,TX,Hidalgo County,2020,872892
48215,TX,Hidalgo County,2021,879929
48215,TX,Hidalgo County,2022,889799
48215,TX,Hidalgo County,2023,902443
48215,TX,Hidalgo County,2024,914820
48217,TX,Hill County,2020,35964
48217,TX,Hill County,2021,36379
48217,TX,Hill County,2022,37320
48217,TX,Hill County,2023,38206
48217,TX,Hill County,2024,38771
48219,TX,Hockley County,2020,21497
48219,TX,Hockley County,2021,21261
48219,TX,Hockley County,2022,21227
48219,TX,Hockley County,2023,21325
48219,TX,Hockley County,2024,21505
48221,TX,Hood County,2020,62056
48221,TX,Hood County,2021,64292
48221,TX,Hood County,2022,66315
48221,TX,Hood County,2023,67681
48221,TX,Hood County,2024,69126
48223,TX,Hopkins County,2020,36827
48223,TX,Hopkins County,2021,37214
48223,TX,Hopkins County,2022,37834
48223,TX,Hopkins County,2023,38261
48223,TX,Hopkins County,2024,38784
48225,TX,Houston County,2020,22070
48225,TX,Houston County,2021,21971
48225,TX,Houston County,2022,21936
48225,TX,Houston County,2023,22082
48225,TX,Houston County,2024,22197
48227,TX,Howard County,2020,34807
48227,TX,Howard County,2021,34360
48227,TX,Howard County,2022,32642
48227,TX,Howard County,2023,30704
48227,TX,Howard County,2024,30833
48229,TX,Hudspeth County,2020,3193
48229,TX,Hudspeth County,2021,3278
48229,TX,Hudspeth County,2022,3454
48229,TX,Hudspeth County,2023,3483
48229,TX,Hudspeth County,2024,3608
48231,TX,Hunt County,2020,100250
48231,TX,Hunt County,2021,103596
48231,TX,Hunt County,2022,108532
48231,TX,Hunt County,2023,113754
48231,TX,Hunt County,2024,118729
48233,TX,Hutchinson County,2020,20577
48233,TX,Hutchinson County,2021,20448
48233,TX,Hutchinson County,2022,20176
48233,TX,Hutchinson County,2023,19997
48233,TX,Hutchinson County,2024,19721
48235,TX,Irion County,2020,1512
48235,TX,Irion County,2021,1536
48235,TX,Irion County,2022,1544
48235,TX,Irion County,2023,1563
48235,TX,Irion County,2024,1526
48237,TX,Jack County,2020,8487
48237,TX,Jack County,2021,8549
48237,TX,Jack County,2022,8755
48237,TX,Jack County,2023,9220
48237,TX,Jack County,2024,9398
48239,TX,Jackson County,2020,14997
48239,TX,Jackson County,2021,15121
48239,TX,Jackson County,2022,15162
48239,TX,Jackson County,2023,15195
48239,TX,Jackson County,2024,15284
48241,TX,Jasper County,2020,32923
48241,TX,Jasper County,2021,32560
48241,TX,Jasper County,2022,32518
48241,TX,Jasper County,2023,32725
48241,TX,Jasper County,2024,32907
48243,TX,Jeff Davis County,2020,1984
48243,TX,Jeff Davis County,2021,1961
48243,TX,Jeff Davis County,2022,1908
48243,TX,Jeff Davis County,2023,1850
48243,TX,Jeff Davis County,2024,1778
48245,TX,Jefferson County,2020,256172
48245,TX,Jefferson County,2021,253784
48245,TX,Jefferson County,2022,252095
48245,TX,Jefferson County,2023,253392
48245,TX,Jefferson County,2024,253948
48247,TX,Jim Hogg County,2020,4846
48247,TX,Jim Hogg County,2021,4786
48247,TX,Jim Hogg County,2022,4764
48247,TX,Jim Hogg County,2023,4657
48247,TX,Jim Hogg County,2024,4583
48249,TX,Jim Wells County,2020,38888
48249,TX,Jim Wells County,2021,38909
48249,TX,Jim Wells County,2022,38755
48249,TX,Jim Wells County,2023,38811
48249,TX,Jim Wells County,2024,38886
48251,TX,Johnson County,2020,180950
48251,TX,Johnson County,2021,187517
48251,TX,Johnson County,2022,195774
48251,TX,Johnson County,2023,203196
48251,TX,Johnson County,2024,210547
48253,TX,Jones County,2020,19680
48253,TX,Jones County,2021,19903
48253,TX,Jones County,2022,20316
48253,TX,Jones County,2023,20765
48253,TX,Jones County,2024,20850
48255,TX,Karnes County,2020,14811
48255,TX,Karnes County,2021,14800
48255,TX,Karnes County,2022,15039
48255,TX,Karnes County,2023,15054
48255,TX,Karnes County,2024,15137
48257,TX,Kaufman County,2020,147169
48257,TX,Kaufman County,2021,158355
48257,TX,Kaufman County,2022,172951
48257,TX,Kaufman County,2023,186715
48257,TX,Kaufman County,2024,197829
48259,TX,Kendall County,2020,44572
48259,TX,Kendall County,2021,46893
48259,TX,Kendall County,2022,49046
48259,TX,Kendall County,2023,50494
48259,TX,Kendall County,2024,51828
48261,TX,Kenedy County,2020,864
48261,TX,Kenedy County,2021,864
48261,TX,Kenedy County,2022,864
48261,TX,Kenedy County,2023,864
48261,TX,Kenedy County,2024,864
48263,TX,Kent County,2020,864
48263,TX,Kent County,2021,864
48263,TX,Kent County,2022,864
48263,TX,Kent County,2023,864
48263,TX,Kent County,2024,864
48265,TX,Kerr County,2020,52696
48265,TX,Kerr County,2021,53185
48265,TX,Kerr County,2022,53785
48265,TX,Kerr County,2023,53878
48265,TX,Kerr County,2024,53900
48267,TX,Kimble County,2020,4293
48267,TX,Kimble County,2021,4348
48267,TX,Kimble County,2022,4438
48267,TX,Kimble County,2023,4465
48267,TX,Kimble County,2024,4401
48269,TX,King County,2020,864
48269,TX,King County,2021,864
48269,TX,King County,2022,864
48269,TX,King County,2023,864
48269,TX,King County,2024,864
48271,TX,Kinney County,2020,3125
48271,TX,Kinney County,2021,3120
48271,TX,Kinney County,2022,3143
48271,TX,Kinney County,2023,3204
48271,TX,Kinney County,2024,3191
48273,TX,Kleberg County,2020,30986
48273,TX,Kleberg County,2021,30632
48273,TX,Kleberg County,2022,30454
48273,TX,Kleberg County,2023,30381
48273,TX,Kleberg County,2024,30442
48275,TX,Knox County,2020,3351
48275,TX,Knox County,2021,3325
48275,TX,Knox County,2022,3288
48275,TX,Knox County,2023,3318
48275,TX,Knox County,2024,3255
48277,TX,Lamar County,2020,50135
48277,TX,Lamar County,2021,50357
48277,TX,Lamar County,2022,50513
48277,TX,Lamar County,2023,51093
48277,TX,Lamar County,2024,51249
48279,TX,Lamb County,2020,13006
48279,TX,Lamb County,2021,12905
48279,TX,Lamb County,2022,12774
48279,TX,Lamb County,2023,12768
48279,TX,Lamb County,2024,12687
48281,TX,Lampasas County,2020,21703
48281,TX,Lampasas County,2021,22227
48281,TX,Lampasas County,2022,22789
48281,TX,Lampasas County,2023,23319
48281,TX,Lampasas County,2024,23539
48283,TX,La Salle County,2020,6652
48283,TX,La Salle County,2021,6698
48283,TX,La Salle County,2022,6561
48283,TX,La Salle County,2023,6599
48283,TX,La Salle County,2024,6679
48285,TX,Lavaca County,2020,20352
48285,TX,Lavaca County,2021,20538
48285,TX,Lavaca County,2022,20661
48285,TX,Lavaca County,2023,20604
48285,TX,Lavaca County,2024,20605
48287,TX,Lee County,2020,17506
48287,TX,Lee County,2021,17680
48287,TX,Lee County,2022,17966
48287,TX,Lee County,2023,18250
48287,TX,Lee County,2024,18451
48289,TX,Leon County,2020,15777
48289,TX,Leon County,2021,16056
48289,TX,Leon County,2022,16228
48289,TX,Leon County,2023,16556
48289,TX,Leon County,2024,16698
48291,TX,Liberty County,2020,92510
48291,TX,Liberty County,2021,97515
48291,TX,Liberty County,2022,102661
48291,TX,Liberty County,2023,109172
48291,TX,Liberty County,2024,115042
48293,TX,Limestone County,2020,22150
48293,TX,Limestone County,2021,22069
48293,TX,Limestone County,2022,22224
48293,TX,Limestone County,2023,22405
48293,TX,Limestone County,2024,22569
48295,TX,Lipscomb County,2020,3038
48295,TX,Lipscomb County,2021,2901
48295,TX,Lipscomb County,2022,2855
48295,TX,Lipscomb County,2023,2915
48295,TX,Lipscomb County,2024,2880
48297,TX,Live Oak County,2020,11348
48297,TX,Live Oak County,2021,11385
48297,TX,Live Oak County,2022,11571
48297,TX,Live Oak County,2023,11828
48297,TX,Live Oak County,2024,11967
48299,TX,Llano County,2020,21318
48299,TX,Llano County,2021,22091
48299,TX,Llano County,2022,22664
48299,TX,Llano County,2023,22883
48299,TX,Llano County,2024,23163
48301,TX,Loving County,2020,864
48301,TX,Loving County,2021,864
48301,TX,Loving County,2022,864
48301,TX,Loving County,2023,864
48301,TX,Loving County,2024,864
48303,TX,Lubbock County,2020,311590
48303,TX,Lubbock County,2021,314677
48303,TX,Lubbock County,2022,318324
48303,TX,Lubbock County,2023,322434
48303,TX,Lubbock County,2024,327394
48305,TX,Lynn County,2020,5606
48305,TX,Lynn County,2021,5642
48305,TX,Lynn County,2022,5751
48305,TX,Lynn County,2023,5811
48305,TX,Lynn County,2024,5952
48307,TX,McCulloch County,2020,7587
48307,TX,McCulloch County,2021,7524
48307,TX,McCulloch County,2022,7494
48307,TX,McCulloch County,2023,7516
48307,TX,McCulloch County,2024,7448
48309,TX,McLennan County,2020,261192
48309,TX,McLennan County,2021,263751
48309,TX,McLennan County,2022,266254
48309,TX,McLennan County,2023,268778
48309,TX,McLennan County,2024,270358
48311,TX,McMullen County,2020,864
48311,TX,McMullen County,2021,864
48311,TX,McMullen County,2022,864
48311,TX,McMullen County,2023,864
48311,TX,McMullen County,2024,864
48313,TX,Madison County,2020,13458
48313,TX,Madison County,2021,13514
48313,TX,Madison County,2022,13642
48313,TX,Madison County,2023,13750
48313,TX,Madison County,2024,13877
48315,TX,Marion County,2020,9869
48315,TX,Marion County,2021,9740
48315,TX,Marion County,2022,9677
48315,TX,Marion County,2023,9693
48315,TX,Marion County,2024,9704
48317,TX,Martin County,2020,5261
48317,TX,Martin County,2021,5224
48317,TX,Martin County,2022,5226
48317,TX,Martin County,2023,5200
48317,TX,Martin County,2024,5179
48319,TX,Mason County,2020,3968
48319,TX,Mason County,2021,3931
48319,TX,Mason County,2022,3975
48319,TX,Mason County,2023,3912
48319,TX,Mason County,2024,3987
48321,TX,Matagorda County,2020,36295
48321,TX,Matagorda County,2021,36353
48321,TX,Matagorda County,2022,36182
48321,TX,Matagorda County,2023,36422
48321,TX,Matagorda County,2024,36391
48323,TX,Maverick County,2020,57873
48323,TX,Maverick County,2021,57690
48323,TX,Maverick County,2022,57813
48323,TX,Maverick County,2023,58203
48323,TX,Maverick County,2024,58829
48325,TX,Medina County,2020,51063
48325,TX,Medina County,2021,52445
48325,TX,Medina County,2022,53756
48325,TX,Medina County,2023,54851
48325,TX,Medina County,2024,55619
48327,TX,Menard County,2020,1961
48327,TX,Menard County,2021,1968
48327,TX,Menard County,2022,1979
48327,TX,Menard County,2023,1958
48327,TX,Menard County,2024,1911
48329,TX,Midland County,2020,170725
48329,TX,Midland County,2021,168629
48329,TX,Midland County,2022,172705
48329,TX,Midland County,2023,178357
48329,TX,Midland County,2024,183587
48331,TX,Milam County,2020,24778
48331,TX,Milam County,2021,25215
48331,TX,Milam County,2022,25649
48331,TX,Milam County,2023,26033
48331,TX,Milam County,2024,26159
48333,TX,Mills County,2020,4450
48333,TX,Mills County,2021,4490
48333,TX,Mills County,2022,4504
48333,TX,Mills County,2023,4550
48333,TX,Mills County,2024,4563
48335,TX,Mitchell County,2020,9011
48335,TX,Mitchell County,2021,9047
48335,TX,Mitchell County,2022,8959
48335,TX,Mitchell County,2023,9104
48335,TX,Mitchell County,2024,8968
48337,TX,Montague County,2020,20043
48337,TX,Montague County,2021,20483
48337,TX,Montague County,2022,21134
48337,TX,Montague County,2023,21680
48337,TX,Montague County,2024,21890
48339,TX,Montgomery County,2020,625420
48339,TX,Montgomery County,2021,650960
48339,TX,Montgomery County,2022,680824
48339,TX,Montgomery County,2023,715345
48339,TX,Montgomery County,2024,749613
48341,TX,Moore County,2020,21269
48341,TX,Moore County,2021,21143
48341,TX,Moore County,2022,21156
48341,TX,Moore County,2023,21423
48341,TX,Moore County,2024,21872
48343,TX,Morris County,2020,11973
48343,TX,Morris County,2021,12007
48343,TX,Morris County,2022,12082
48343,TX,Morris County,2023,12133
48343,TX,Morris County,2024,12184
48345,TX,Motley County,2020,1064
48345,TX,Motley County,2021,1074
48345,TX,Motley County,2022,1033
48345,TX,Motley County,2023,1023
48345,TX,Motley County,2024,1015
48347,TX,Nacogdoches County,2020,64643
48347,TX,Nacogdoches County,2021,64809
48347,TX,Nacogdoches County,2022,64995
48347,TX,Nacogdoches County,2023,65636
48347,TX,Nacogdoches County,2024,65728
48349,TX,Navarro County,2020,52861
48349,TX,Navarro County,2021,53667
48349,TX,Navarro County,2022,54775
48349,TX,Navarro County,2023,55719
48349,TX,Navarro County,2024,56533
48351,TX,Newton County,2020,12159
48351,TX,Newton County,2021,12222
48351,TX,Newton County,2022,12076
48351,TX,Newton County,2023,12101
48351,TX,Newton County,2024,11908
48353,TX,Nolan County,2020,14729
48353,TX,Nolan County,2021,14618
48353,TX,Nolan County,2022,14460
48353,TX,Nolan County,2023,14281
48353,TX,Nolan County,2024,14182
48355,TX,Nueces County,2020,353600
48355,TX,Nueces County,2021,353552
48355,TX,Nueces County,2022,351852
48355,TX,Nueces County,2023,352645
48355,TX,Nueces County,2024,353125
48357,TX,Ochiltree County,2020,9953
48357,TX,Ochiltree County,2021,9767
48357,TX,Ochiltree County,2022,9718
48357,TX,Ochiltree County,2023,9774
48357,TX,Ochiltree County,2024,9717
48359,TX,Oldham County,2020,1763
48359,TX,Oldham County,2021,1736
48359,TX,Oldham County,2022,1764
48359,TX,Oldham County,2023,1787
48359,TX,Oldham County,2024,1823
48361,TX,Orange County,2020,84760
48361,TX,Orange County,2021,84677
48361,TX,Orange County,2022,85125
48361,TX,Orange County,2023,85857
48361,TX,Orange County,2024,86115
48363,TX,Palo Pinto County,2020,28450
48363,TX,Palo Pinto County,2021,28739
48363,TX,Palo Pinto County,2022,29292
48363,TX,Palo Pinto County,2023,29762
48363,TX,Palo Pinto County,2024,30231
48365,TX,Panola County,2020,22500
48365,TX,Panola County,2021,22560
48365,TX,Panola County,2022,22730
48365,TX,Panola County,2023,22816
48365,TX,Panola County,2024,23022
48367,TX,Parker County,2020,149560
48367,TX,Parker County,2021,157107
48367,TX,Parker County,2022,165899
48367,TX,Parker County,2023,173565
48367,TX,Parker County,2024,179707
48369,TX,Parmer County,2020,9854
48369,TX,Parmer County,2021,9785
48369,TX,Parmer County,2022,9657
48369,TX,Parmer County,2023,9691
48369,TX,Parmer County,2024,9669
48371,TX,Pecos County,2020,15184
48371,TX,Pecos County,2021,15121
48371,TX,Pecos County,2022,14742
48371,TX,Pecos County,2023,14720
48371,TX,Pecos County,2024,14712
48373,TX,Polk County,2020,50497
48373,TX,Polk County,2021,51878
48373,TX,Polk County,2022,53223
48373,TX,Polk County,2023,54146
48373,TX,Polk County,2024,54258
48375,TX,Potter County,2020,118309
48375,TX,Potter County,2021,116509
48375,TX,Potter County,2022,115100
48375,TX,Potter County,2023,115309
48375,TX,Potter County,2024,114649
48377,TX,Presidio County,2020,6107
48377,TX,Presidio County,2021,6113
48377,TX,Presidio County,2022,5970
48377,TX,Presidio County,2023,5776
48377,TX,Presidio County,2024,5686
48379,TX,Rains County,2020,12179
48379,TX,Rains County,2021,12471
48379,TX,Rains County,2022,12858
48379,TX,Rains County,2023,13059
48379,TX,Rains County,2024,13306
48381,TX,Randall County,2020,141334
48381,TX,Randall County,2021,144058
48381,TX,Randall County,2022,146221
48381,TX,Randall County,2023,148190
48381,TX,Randall County,2024,150547
48383,TX,Reagan County,2020,3423
48383,TX,Reagan County,2021,3261
48383,TX,Reagan County,2022,3161
48383,TX,Reagan County,2023,3178
48383,TX,Reagan County,2024,3139
48385,TX,Real County,2020,2750
48385,TX,Real County,2021,2817
48385,TX,Real County,2022,2819
48385,TX,Real County,2023,2854
48385,TX,Real County,2024,2772
48387,TX,Red River County,2020,11556
48387,TX,Red River County,2021,11560
48387,TX,Red River County,2022,11594
48387,TX,Red River County,2023,11651
48387,TX,Red River County,2024,11696
48389,TX,Reeves County,2020,14768
48389,TX,Reeves County,2021,14030
48389,TX,Reeves County,2022,12341
48389,TX,Reeves County,2023,11856
48389,TX,Reeves County,2024,11956
48391,TX,Refugio County,2020,6740
48391,TX,Refugio County,2021,6698
48391,TX,Refugio County,2022,6649
48391,TX,Refugio County,2023,6711
48391,TX,Refugio County,2024,6739
48393,TX,Roberts County,2020,864
48393,TX,Roberts County,2021,864
48393,TX,Roberts County,2022,864
48393,TX,Roberts County,2023,864
48393,TX,Roberts County,2024,864
48395,TX,Robertson County,2020,16768
48395,TX,Robertson County,2021,16951
48395,TX,Robertson County,2022,17135
48395,TX,Robertson County,2023,17322
48395,TX,Robertson County,2024,17659
48397,TX,Rockwall County,2020,109202
48397,TX,Rockwall County,2021,116666
48397,TX,Rockwall County,2022,123538
48397,TX,Rockwall County,2023,131636
48397,TX,Rockwall County,2024,137044
48399,TX,Runnels County,2020,9921
48399,TX,Runnels County,2021,9893
48399,TX,Runnels County,2022,9896
48399,TX,Runnels County,2023,9909
48399,TX,Runnels County,2024,9751
48401,TX,Rusk County,2020,52254
48401,TX,Rusk County,2021,52697
48401,TX,Rusk County,2022,52597
48401,TX,Rusk County,2023,53271
48401,TX,Rusk County,2024,53391
48403,TX,Sabine County,2020,9891
48403,TX,Sabine County,2021,10013
48403,TX,Sabine County,2022,10035
48403,TX,Sabine County,2023,10118
48403,TX,Sabine County,2024,10058
48405,TX,San Augustine County,2020,7925
48405,TX,San Augustine County,2021,7911
48405,TX,San Augustine County,2022,7886
48405,TX,San Augustine County,2023,7882
48405,TX,San Augustine County,2024,7767
48407,TX,San Jacinto County,2020,27538
48407,TX,San Jacinto County,2021,27818
48407,TX,San Jacinto County,2022,28399
48407,TX,San Jacinto County,2023,29126
48407,TX,San Jacinto County,2024,29326
48409,TX,San Patricio County,2020,68848
48409,TX,San Patricio County,2021,69776
48409,TX,San Patricio County,2022,70044
48409,TX,San Patricio County,2023,70770
48409,TX,San Patricio County,2024,71467
48411,TX,San Saba County,2020,5728
48411,TX,San Saba County,2021,5830
48411,TX,San Saba County,2022,5873
48411,TX,San Saba County,2023,5579
48411,TX,San Saba County,2024,5508
48413,TX,Schleicher County,2020,2443
48413,TX,Schleicher County,2021,2442
48413,TX,Schleicher County,2022,2351
48413,TX,Schleicher County,2023,2369
48413,TX,Schleicher County,2024,2302
48415,TX,Scurry County,2020,16922
48415,TX,Scurry County,2021,16817
48415,TX,Scurry County,2022,16258
48415,TX,Scurry County,2023,16230
48415,TX,Scurry County,2024,16211
48417,TX,Shackelford County,2020,3109
48417,TX,Shackelford County,2021,3191
48417,TX,Shackelford County,2022,3201
48417,TX,Shackelford County,2023,3204
48417,TX,Shackelford County,2024,3169
48419,TX,Shelby County,2020,24048
48419,TX,Shelby County,2021,24112
48419,TX,Shelby County,2022,24163
48419,TX,Shelby County,2023,24258
48419,TX,Shelby County,2024,24192
48421,TX,Sherman County,2020,2791
48421,TX,Sherman County,2021,2792
48421,TX,Sherman County,2022,2781
48421,TX,Sherman County,2023,2710
48421,TX,Sherman County,2024,2771
48423,TX,Smith County,2020,234200
48423,TX,Smith County,2021,237206
48423,TX,Smith County,2022,242249
48423,TX,Smith County,2023,245955
48423,TX,Smith County,2024,249091
48425,TX,Somervell County,2020,9206
48425,TX,Somervell County,2021,9477
48425,TX,Somervell County,2022,9791
48425,TX,Somervell County,2023,9881
48425,TX,Somervell County,2024,10098
48427,TX,Starr County,2020,65871
48427,TX,Starr County,2021,65869
48427,TX,Starr County,2022,65793
48427,TX,Starr County,2023,66215
48427,TX,Starr County,2024,66587
48429,TX,Stephens County,2020,9094
48429,TX,Stephens County,2021,9434
48429,TX,Stephens County,2022,9374
48429,TX,Stephens County,2023,9380
48429,TX,Stephens County,2024,9475
48431,TX,Sterling County,2020,1384
48431,TX,Sterling County,2021,1384
48431,TX,Sterling County,2022,1417
48431,TX,Sterling County,2023,1377
48431,TX,Sterling County,2024,1387
48433,TX,Stonewall County,2020,1245
48433,TX,Stonewall County,2021,1213
48433,TX,Stonewall County,2022,1218
48433,TX,Stonewall County,2023,1220
48433,TX,Stonewall County,2024,1235
48435,TX,Sutton County,2020,3357
48435,TX,Sutton County,2021,3293
48435,TX,Sutton County,2022,3239
48435,TX,Sutton County,2023,3227
48435,TX,Sutton County,2024,3269
48437,TX,Swisher County,2020,6948
48437,TX,Swisher County,2021,7009
48437,TX,Swisher County,2022,6952
48437,TX,Swisher County,2023,6899
48437,TX,Swisher County,2024,6877
48439,TX,Tarrant County,2020,1316181
48439,TX,Tarrant County,2021,1316181
48439,TX,Tarrant County,2022,1316181
48439,TX,Tarrant County,2023,1316181
48439,TX,Tarrant County,2024,1316181
48441,TX,Taylor County,2020,143493
48441,TX,Taylor County,2021,143909
48441,TX,Taylor County,2022,145481
48441,TX,Taylor County,2023,147618
48441,TX,Taylor County,2024,148813
48443,TX,Terrell County,2020,864
48443,TX,Terrell County,2021,864
48443,TX,Terrell County,2022,864
48443,TX,Terrell County,2023,864
48443,TX,Terrell County,2024,864
48445,TX,Terry County,2020,11790
48445,TX,Terry County,2021,11709
48445,TX,Terry County,2022,11462
48445,TX,Terry County,2023,11583
48445,TX,Terry County,2024,11602
48447,TX,Throckmorton County,2020,1451
48447,TX,Throckmorton County,2021,1505
48447,TX,Throckmorton County,2022,1543
48447,TX,Throckmorton County,2023,1531
48447,TX,Throckmorton County,2024,1532
48449,TX,Titus County,2020,31294
48449,TX,Titus County,2021,31280
48449,TX,Titus County,2022,31273
48449,TX,Titus County,2023,31423
48449,TX,Titus County,2024,31547
48451,TX,Tom Green County,2020,120201
48451,TX,Tom Green County,2021,119242
48451,TX,Tom Green County,2022,119006
48451,TX,Tom Green County,2023,119334
48451,TX,Tom Green County,2024,120103
48453,TX,Travis County,2020,1296610
48453,TX,Travis County,2021,1309113
48453,TX,Travis County,2022,1316181
48453,TX,Travis County,2023,1316181
48453,TX,Travis County,2024,1316181
48455,TX,Trinity County,2020,13638
48455,TX,Trinity County,2021,13837
48455,TX,Trinity County,2022,13996
48455,TX,Trinity County,2023,14269
48455,TX,Trinity County,2024,14489
48457,TX,Tyler County,2020,19829
48457,TX,Tyler County,2021,19921
48457,TX,Tyler County,2022,20447
48457,TX,Tyler County,2023,20435
48457,TX,Tyler County,2024,20560
48459,TX,Upshur County,2020,41040
48459,TX,Upshur County,2021,41828
48459,TX,Upshur County,2022,42492
48459,TX,Upshur County,2023,43425
48459,TX,Upshur County,2024,44050
48461,TX,Upton County,2020,3303
48461,TX,Upton County,2021,3238
48461,TX,Upton County,2022,3157
48461,TX,Upton County,2023,3131
48461,TX,Upton County,2024,3128
48463,TX,Uvalde County,2020,24564
48463,TX,Uvalde County,2021,24797
48463,TX,Uvalde County,2022,24895
48463,TX,Uvalde County,2023,25012
48463,TX,Uvalde County,2024,25138
48465,TX,Val Verde County,2020,47605
48465,TX,Val Verde County,2021,47560
48465,TX,Val Verde County,2022,47678
48465,TX,Val Verde County,2023,47863
48465,TX,Val Verde County,2024,47999
48467,TX,Van Zandt County,2020,59748
48467,TX,Van Zandt County,2021,61246
48467,TX,Van Zandt County,2022,62872
48467,TX,Van Zandt County,2023,64077
48467,TX,Van Zandt County,2024,65304
48469,TX,Victoria County,2020,91315
48469,TX,Victoria County,2021,90917
48469,TX,Victoria County,2022,91128
48469,TX,Victoria County,2023,91756
48469,TX,Victoria County,2024,91949
48471,TX,Walker County,2020,76563
48471,TX,Walker County,2021,78374
48471,TX,Walker County,2022,79821
48471,TX,Walker County,2023,82566
48471,TX,Walker County,2024,83722
48473,TX,Waller County,2020,57289
48473,TX,Waller County,2021,59459
48473,TX,Waller County,2022,61967
48473,TX,Waller County,2023,63936
48473,TX,Waller County,2024,65109
48475,TX,Ward County,2020,11677
48475,TX,Ward County,2021,11093
48475,TX,Ward County,2022,10946
48475,TX,Ward County,2023,10974
48475,TX,Ward County,2024,11038
48477,TX,Washington County,2020,35802
48477,TX,Washington County,2021,35955
48477,TX,Washington County,2022,36382
48477,TX,Washington County,2023,37286
48477,TX,Washington County,2024,37810
48479,TX,Webb County,2020,267368
48479,TX,Webb County,2021,267465
48479,TX,Webb County,2022,268276
48479,TX,Webb County,2023,270538
48479,TX,Webb County,2024,272823
48481,TX,Wharton County,2020,41586
48481,TX,Wharton County,2021,41681
48481,TX,Wharton County,2022,41811
48481,TX,Wharton County,2023,41855
48481,TX,Wharton County,2024,42035
48483,TX,Wheeler County,2020,4976
48483,TX,Wheeler County,2021,4885
48483,TX,Wheeler County,2022,4801
48483,TX,Wheeler County,2023,4825
48483,TX,Wheeler County,2024,4824
48485,TX,Wichita County,2020,129624
48485,TX,Wichita County,2021,130105
48485,TX,Wichita County,2022,130166
48485,TX,Wichita County,2023,130102
48485,TX,Wichita County,2024,129984
48487,TX,Wilbarger County,2020,12845
48487,TX,Wilbarger County,2021,12707
48487,TX,Wilbarger County,2022,12544
48487,TX,Wilbarger County,2023,12529
48487,TX,Wilbarger County,2024,12455
48489,TX,Willacy County,2020,20141
48489,TX,Willacy County,2021,20292
48489,TX,Willacy County,2022,20231
48489,TX,Willacy County,2023,20003
48489,TX,Willacy County,2024,20027
48491,TX,Williamson County,2020,615631
48491,TX,Williamson County,2021,644740
48491,TX,Williamson County,2022,673951
48491,TX,Williamson County,2023,701640
48491,TX,Williamson County,2024,727480
48493,TX,Wilson County,2020,50051
48493,TX,Wilson County,2021,51311
48493,TX,Wilson County,2022,52772
48493,TX,Wilson County,2023,54354
48493,TX,Wilson County,2024,55415
48495,TX,Winkler County,2020,7754
48495,TX,Winkler County,2021,7383
48495,TX,Winkler County,2022,7305
48495,TX,Winkler County,2023,7447
48495,TX,Winkler County,2024,7381
48497,TX,Wise County,2020,68936
48497,TX,Wise County,2021,71862
48497,TX,Wise County,2022,74900
48497,TX,Wise County,2023,78051
48497,TX,Wise County,2024,81275
48499,TX,Wood County,2020,45038
48499,TX,Wood County,2021,46075
48499,TX,Wood County,2022,46967
48499,TX,Wood County,2023,47981
48499,TX,Wood County,2024,48742
48501,TX,Yoakum County,2020,7673
48501,TX,Yoakum County,2021,7562
48501,TX,Yoakum County,2022,7523
48501,TX,Yoakum County,2023,7517
48501,TX,Yoakum County,2024,7581
48503,TX,Young County,2020,17844
48503,TX,Young County,2021,17938
48503,TX,Young County,2022,17998
48503,TX,Young County,2023,18131
48503,TX,Young County,2024,18236
48505,TX,Zapata County,2020,13875
48505,TX,Zapata County,2021,13887
48505,TX,Zapata County,2022,13841
48505,TX,Zapata County,2023,13782
48505,TX,Zapata County,2024,13819
48507,TX,Zavala County,2020,9660
48507,TX,Zavala County,2021,9472
48507,TX,Zavala County,2022,9382
48507,TX,Zavala County,2023,9339
48507,TX,Zavala County,2024,9209
49001,UT,Beaver County,2020,7088
49001,UT,Beaver County,2021,7216
49001,UT,Beaver County,2022,7348
49001,UT,Beaver County,2023,7291
49001,UT,Beaver County,2024,7424
49003,UT,Box Elder County,2020,57948
49003,UT,Box Elder County,2021,59694
49003,UT,Box Elder County,2022,61590
49003,UT,Box Elder County,2023,62878
49003,UT,Box Elder County,2024,64120
49005,UT,Cache County,2020,133629
49005,UT,Cache County,2021,137470
49005,UT,Cache County,2022,140450
49005,UT,Cache County,2023,143193
49005,UT,Cache County,2024,145487
49007,UT,Carbon County,2020,20480
49007,UT,Carbon County,2021,20355
49007,UT,Carbon County,2022,20530
49007,UT,Carbon County,2023,20607
49007,UT,Carbon County,2024,20613
49009,UT,Daggett County,2020,952
49009,UT,Daggett County,2021,982
49009,UT,Daggett County,2022,1011
49009,UT,Daggett County,2023,983
49009,UT,Daggett County,2024,956
49011,UT,Davis County,2020,363768
49011,UT,Davis County,2021,367529
49011,UT,Davis County,2022,370424
49011,UT,Davis County,2023,374430
49011,UT,Davis County,2024,378470
49013,UT,Duchesne County,2020,19625
49013,UT,Duchesne County,2021,19800
49013,UT,Duchesne County,2022,20158
49013,UT,Duchesne County,2023,20541
49013,UT,Duchesne County,2024,20803
49015,UT,Emery County,2020,9848
49015,UT,Emery County,2021,9967
49015,UT,Emery County,2022,10104
49015,UT,Emery County,2023,10149
49015,UT,Emery County,2024,10161
49017,UT,Garfield County,2020,5098
49017,UT,Garfield County,2021,5122
49017,UT,Garfield County,2022,5264
49017,UT,Garfield County,2023,5320
49017,UT,Garfield County,2024,5290
49019,UT,Grand County,2020,9683
49019,UT,Grand County,2021,9680
49019,UT,Grand County,2022,9809
49019,UT,Grand County,2023,9810
49019,UT,Grand County,2024,9788
49021,UT,Iron County,2020,57711
49021,UT,Iron County,2021,60520
49021,UT,Iron County,2022,62607
49021,UT,Iron County,2023,64485
49021,UT,Iron County,2024,65936
49023,UT,Juab County,2020,11826
49023,UT,Juab County,2021,12214
49023,UT,Juab County,2022,12575
49023,UT,Juab County,2023,13016
49023,UT,Juab County,2024,13297
49025,UT,Kane County,2020,7688
49025,UT,Kane County,2021,7981
49025,UT,Kane County,2022,8208
49025,UT,Kane County,2023,8446
49025,UT,Kane County,2024,8525
49027,UT,Millard County,2020,13055
49027,UT,Millard County,2021,13189
49027,UT,Millard County,2022,13328
49027,UT,Millard County,2023,13432
49027,UT,Millard County,2024,13572
49029,UT,Morgan County,2020,12386
49029,UT,Morgan County,2021,12668
49029,UT,Morgan County,2022,12860
49029,UT,Morgan County,2023,13004
49029,UT,Morgan County,2024,13093
49031,UT,Piute County,2020,1438
49031,UT,Piute County,2021,1491
49031,UT,Piute County,2022,1493
49031,UT,Piute County,2023,1546
49031,UT,Piute County,2024,1534
49033,UT,Rich County,2020,2504
49033,UT,Rich County,2021,2599
49033,UT,Rich County,2022,2634
49033,UT,Rich County,2023,2665
49033,UT,Rich County,2024,2752
49035,UT,Salt Lake County,2020,1187028
49035,UT,Salt Lake County,2021,1186513
49035,UT,Salt Lake County,2022,1192255
49035,UT,Salt Lake County,2023,1200544
49035,UT,Salt Lake County,2024,1216274
49037,UT,San Juan County,2020,14518
49037,UT,San Juan County,2021,14494
49037,UT,San Juan County,2022,14411
49037,UT,San Juan County,2023,14390
49037,UT,San Juan County,2024,14601
49039,UT,Sanpete County,2020,28524
49039,UT,Sanpete County,2021,29128
49039,UT,Sanpete County,2022,29762
49039,UT,Sanpete County,2023,30450
49039,UT,Sanpete County,2024,30732
49041,UT,Sevier County,2020,21564
49041,UT,Sevier County,2021,21909
49041,UT,Sevier County,2022,22065
49041,UT,Sevier County,2023,22367
49041,UT,Sevier County,2024,22520
49043,UT,Summit County,2020,42485
49043,UT,Summit County,2021,43182
49043,UT,Summit County,2022,43134
49043,UT,Summit County,2023,42939
49043,UT,Summit County,2024,43109
49045,UT,Tooele County,2020,73351
49045,UT,Tooele County,2021,76777
49045,UT,Tooele County,2022,79981
49045,UT,Tooele County,2023,82137
49045,UT,Tooele County,2024,84488
49047,UT,Uintah County,2020,35675
49047,UT,Uintah County,2021,36235
49047,UT,Uintah County,2022,37162
49047,UT,Uintah County,2023,37903
49047,UT,Uintah County,2024,38307
49049,UT,Utah County,2020,663606
49049,UT,Utah County,2021,686038
49049,UT,Utah County,2022,704764
49049,UT,Utah County,2023,725359
49049,UT,Utah County,2024,747234
49051,UT,Wasatch County,2020,35063
49051,UT,Wasatch County,2021,36257
49051,UT,Wasatch County,2022,36731
49051,UT,Wasatch County,2023,37303
49051,UT,Wasatch County,2024,37858
49053,UT,Washington County,2020,182029
49053,UT,Washington County,2021,191552
49053,UT,Washington County,2022,197898
49053,UT,Washington County,2023,202735
49053,UT,Washington County,2024,207943
49055,UT,Wayne County,2020,2506
49055,UT,Wayne County,2021,2563
49055,UT,Wayne County,2022,2632
49055,UT,Wayne County,2023,2613
49055,UT,Wayne County,2024,2608
49057,UT,Weber County,2020,263001
49057,UT,Weber County,2021,266613
49057,UT,Weber County,2022,269823
49057,UT,Weber County,2023,272686
49057,UT,Weber County,2024,276118
50001,VT,Addison County,2020,37354
50001,VT,Addison County,2021,37414
50001,VT,Addison County,2022,37619
50001,VT,Addison County,2023,37886
50001,VT,Addison County,2024,38047
50003,VT,Bennington County,2020,37312
50003,VT,Bennington County,2021,37443
50003,VT,Bennington County,2022,37367
50003,VT,Bennington County,2023,37185
50003,VT,Bennington County,2024,37039
50005,VT,Caledonia County,2020,30179
50005,VT,Caledonia County,2021,30462
50005,VT,Caledonia County,2022,30578
50005,VT,Caledonia County,2023,30623
50005,VT,Caledonia County,2024,30535
50007,VT,Chittenden County,2020,168419
50007,VT,Chittenden County,2021,169377
50007,VT,Chittenden County,2022,170050
50007,VT,Chittenden County,2023,170092
50007,VT,Chittenden County,2024,170851
50009,VT,Essex County,2020,5920
50009,VT,Essex County,2021,5970
50009,VT,Essex County,2022,5988
50009,VT,Essex County,2023,5993
50009,VT,Essex County,2024,6037
50011,VT,Franklin County,2020,50049
50011,VT,Franklin County,2021,50441
50011,VT,Franklin County,2022,50732
50011,VT,Franklin County,2023,50902
50011,VT,Franklin County,2024,51066
50013,VT,Grand Isle County,2020,7275
50013,VT,Grand Isle County,2021,7428
50013,VT,Grand Isle County,2022,7508
50013,VT,Grand Isle County,2023,7509
50013,VT,Grand Isle County,2024,7528
50015,VT,Lamoille County,2020,25925
50015,VT,Lamoille County,2021,26156
50015,VT,Lamoille County,2022,26177
50015,VT,Lamoille County,2023,26233
50015,VT,Lamoille County,2024,26248
50017,VT,Orange County,2020,29295
50017,VT,Orange County,2021,29636
50017,VT,Orange County,2022,29892
50017,VT,Orange County,2023,29930
50017,VT,Orange County,2024,30050
50019,VT,Orleans County,2020,27401
50019,VT,Orleans County,2021,27590
50019,VT,Orleans County,2022,27618
50019,VT,Orleans County,2023,27697
50019,VT,Orleans County,2024,27726
50021,VT,Rutland County,2020,60464
50021,VT,Rutland County,2021,60713
50021,VT,Rutland County,2022,60381
50021,VT,Rutland County,2023,60369
50021,VT,Rutland County,2024,60198
50023,VT,Washington County,2020,59770
50023,VT,Washington County,2021,60050
50023,VT,Washington County,2022,60165
50023,VT,Washington County,2023,60258
50023,VT,Washington County,2024,59844
50025,VT,Windham County,2020,45878
50025,VT,Windham County,2021,46174
50025,VT,Windham County,2022,45951
50025,VT,Windham County,2023,45985
50025,VT,Windham County,2024,45627
50027,VT,Windsor County,2020,57736
50027,VT,Windsor County,2021,58356
50027,VT,Windsor County,2022,58116
50027,VT,Windsor County,2023,58046
50027,VT,Windsor County,2024,57697
51001,VA,Accomack County,2020,33397
51001,VA,Accomack County,2021,33422
51001,VA,Accomack County,2022,33157
51001,VA,Accomack County,2023,33288
51001,VA,Accomack County,2024,33411
51003,VA,Albemarle County,2020,112560
51003,VA,Albemarle County,2021,113939
51003,VA,Albemarle County,2022,114925
51003,VA,Albemarle County,2023,115857
51003,VA,Albemarle County,2024,117313
51005,VA,Alleghany County,2020,15194
51005,VA,Alleghany County,2021,15007
51005,VA,Alleghany County,2022,14764
51005,VA,Alleghany County,2023,14698
51005,VA,Alleghany County,2024,14632
51007,VA,Amelia County,2020,13267
51007,VA,Amelia County,2021,13311
51007,VA,Amelia County,2022,13419
51007,VA,Amelia County,2023,13596
51007,VA,Amelia County,2024,13716
51009,VA,Amherst County,2020,31313
51009,VA,Amherst County,2021,31391
51009,VA,Amherst County,2022,31512
51009,VA,Amherst County,2023,31559
51009,VA,Amherst County,2024,31650
51011,VA,Appomattox County,2020,16158
51011,VA,Appomattox County,2021,16405
51011,VA,Appomattox County,2022,16696
51011,VA,Appomattox County,2023,16835
51011,VA,Appomattox County,2024,16957
51013,VA,Arlington County,2020,238829
51013,VA,Arlington County,2021,233478
51013,VA,Arlington County,2022,233976
51013,VA,Arlington County,2023,235181
51013,VA,Arlington County,2024,239807
51015,VA,Augusta County,2020,77589
51015,VA,Augusta County,2021,77787
51015,VA,Augusta County,2022,77919
51015,VA,Augusta County,2023,78250
51015,VA,Augusta County,2024,78622
51017,VA,Bath County,2020,4188
51017,VA,Bath County,2021,4094
51017,VA,Bath County,2022,4077
51017,VA,Bath County,2023,4070
51017,VA,Bath County,2024,4071
51019,VA,Bedford County,2020,79581
51019,VA,Bedford County,2021,80281
51019,VA,Bedford County,2022,80798
51019,VA,Bedford County,2023,81628
51019,VA,Bedford County,2024,82182
51021,VA,Bland County,2020,6256
51021,VA,Bland County,2021,6179
51021,VA,Bland County,2022,6151
51021,VA,Bland County,2023,6221
51021,VA,Bland County,2024,6186
51023,VA,Botetourt County,2020,33641
51023,VA,Botetourt County,2021,34002
51023,VA,Botetourt County,2022,34092
51023,VA,Botetourt County,2023,34154
51023,VA,Botetourt County,2024,34129
51025,VA,Brunswick County,2020,15827
51025,VA,Brunswick County,2021,15969
51025,VA,Brunswick County,2022,15856
51025,VA,Brunswick County,2023,15801
51025,VA,Brunswick County,2024,15750
51027,VA,Buchanan County,2020,20250
51027,VA,Buchanan County,2021,19886
51027,VA,Buchanan County,2022,19329
51027,VA,Buchanan County,2023,18978
51027,VA,Buchanan County,2024,18632
51029,VA,Buckingham County,2020,16830
51029,VA,Buckingham County,2021,16957
51029,VA,Buckingham County,2022,16983
51029,VA,Buckingham County,2023,16988
51029,VA,Buckingham County,2024,17115
51031,VA,Campbell County,2020,55610
51031,VA,Campbell County,2021,55323
51031,VA,Campbell County,2022,55035
51031,VA,Campbell County,2023,55248
51031,VA,Campbell County,2024,55342
51033,VA,Caroline County,2020,30929
51033,VA,Caroline County,2021,31418
51033,VA,Caroline County,2022,31959
51033,VA,Caroline County,2023,32705
51033,VA,Caroline County,2024,33477
51035,VA,Carroll County,2020,29145
51035,VA,Carroll County,2021,29100
51035,VA,Carroll County,2022,29096
51035,VA,Carroll County,2023,29202
51035,VA,Carroll County,2024,29242
51036,VA,Charles City County,2020,6746
51036,VA,Charles City County,2021,6611
51036,VA,Charles City County,2022,6580
51036,VA,Charles City County,2023,6635
51036,VA,Charles City County,2024,6564
51037,VA,Charlotte County,2020,11539
51037,VA,Charlotte County,2021,11500
51037,VA,Charlotte County,2022,11427
51037,VA,Charlotte County,2023,11387
51037,VA,Charlotte County,2024,11258
51041,VA,Chesterfield County,2020,365350
51041,VA,Chesterfield County,2021,371022
51041,VA,Chesterfield County,2022,378488
51041,VA,Chesterfield County,2023,384693
51041,VA,Chesterfield County,2024,389793
51043,VA,Clarke County,2020,14817
51043,VA,Clarke County,2021,14947
51043,VA,Clarke County,2022,15312
51043,VA,Clarke County,2023,15405
51043,VA,Clarke County,2024,15598
51045,VA,Craig County,2020,4880
51045,VA,Craig County,2021,4891
51045,VA,Craig County,2022,4859
51045,VA,Craig County,2023,4827
51045,VA,Craig County,2024,4829
51047,VA,Culpeper County,2020,52766
51047,VA,Culpeper County,2021,53779
51047,VA,Culpeper County,2022,54250
51047,VA,Culpeper County,2023,55065
51047,VA,Culpeper County,2024,56125
51049,VA,Cumberland County,2020,9679
51049,VA,Cumberland County,2021,9719
51049,VA,Cumberland County,2022,9755
51049,VA,Cumberland County,2023,9875
51049,VA,Cumberland County,2024,10062
51051,VA,Dickenson County,2020,14077
51051,VA,Dickenson County,2021,13867
51051,VA,Dickenson County,2022,13714
51051,VA,Dickenson County,2023,13594
51051,VA,Dickenson County,2024,13411
51053,VA,Dinwiddie County,2020,27889
51053,VA,Dinwiddie County,2021,28000
51053,VA,Dinwiddie County,2022,28112
51053,VA,Dinwiddie County,2023,28377
51053,VA,Dinwiddie County,2024,28576
51057,VA,Essex County,2020,10597
51057,VA,Essex County,2021,10572
51057,VA,Essex County,2022,10644
51057,VA,Essex County,2023,10618
51057,VA,Essex County,2024,10683
51059,VA,Fairfax County,2020,1148680
51059,VA,Fairfax County,2021,1142381
51059,VA,Fairfax County,2022,1140521
51059,VA,Fairfax County,2023,1146677
51059,VA,Fairfax County,2024,1160925
51061,VA,Fauquier County,2020,73010
51061,VA,Fauquier County,2021,74068
51061,VA,Fauquier County,2022,74686
51061,VA,Fauquier County,2023,75256
51061,VA,Fauquier County,2024,75865
51063,VA,Floyd County,2020,15473
51063,VA,Floyd County,2021,15514
51063,VA,Floyd County,2022,15625
51063,VA,Floyd County,2023,15693
51063,VA,Floyd County,2024,15658
51065,VA,Fluvanna County,2020,27294
51065,VA,Fluvanna County,2021,27804
51065,VA,Fluvanna County,2022,28134
51065,VA,Fluvanna County,2023,28480
51065,VA,Fluvanna County,2024,28746
51067,VA,Franklin County,2020,54475
51067,VA,Franklin County,2021,55020
51067,VA,Franklin County,2022,55047
51067,VA,Franklin County,2023,55471
51067,VA,Franklin County,2024,55637
51069,VA,Frederick County,2020,91907
51069,VA,Frederick County,2021,94009
51069,VA,Frederick County,2022,94839
51069,VA,Frederick County,2023,96178
51069,VA,Frederick County,2024,98109
51071,VA,Giles County,2020,16786
51071,VA,Giles County,2021,16574
51071,VA,Giles County,2022,16430
51071,VA,Giles County,2023,16461
51071,VA,Giles County,2024,16533
51073,VA,Gloucester County,2020,38724
51073,VA,Gloucester County,2021,39184
51073,VA,Gloucester County,2022,39546
51073,VA,Gloucester County,2023,40024
51073,VA,Gloucester County,2024,40154
51075,VA,Goochland County,2020,24873
51075,VA,Goochland County,2021,25556
51075,VA,Goochland County,2022,26184
51075,VA,Goochland County,2023,27216
51075,VA,Goochland County,2024,28223
51077,VA,Grayson County,2020,15279
51077,VA,Grayson County,2021,15347
51077,VA,Grayson County,2022,15310
51077,VA,Grayson County,2023,15235
51077,VA,Grayson County,2024,15265
51079,VA,Greene County,2020,20608
51079,VA,Greene County,2021,21007
51079,VA,Greene County,2022,21026
51079,VA,Greene County,2023,21391
51079,VA,Greene County,2024,21744
51081,VA,Greensville County,2020,11396
51081,VA,Greensville County,2021,11424
51081,VA,Greensville County,2022,11232
51081,VA,Greensville County,2023,11174
51081,VA,Greensville County,2024,11150
51083,VA,Halifax County,2020,33928
51083,VA,Halifax County,2021,33784
51083,VA,Halifax County,2022,33599
51083,VA,Halifax County,2023,33434
51083,VA,Halifax County,2024,33448
51085,VA,Hanover County,2020,110207
51085,VA,Hanover County,2021,111799
51085,VA,Hanover County,2022,112889
51085,VA,Hanover County,2023,114193
51085,VA,Hanover County,2024,115309
51087,VA,Henrico County,2020,334939
51087,VA,Henrico County,2021,334501
51087,VA,Henrico County,2022,334855
51087,VA,Henrico County,2023,335729
51087,VA,Henrico County,2024,338696
51089,VA,Henry County,2020,50848
51089,VA,Henry County,2021,50268
51089,VA,Henry County,2022,49765
51089,VA,Henry County,2023,49636
51089,VA,Henry County,2024,49385
51091,VA,Highland County,2020,2240
51091,VA,Highland County,2021,2240
51091,VA,Highland County,2022,2303
51091,VA,Highland County,2023,2351
51091,VA,Highland County,2024,2348
51093,VA,Isle of Wight County,2020,38710
51093,VA,Isle of Wight County,2021,39401
51093,VA,Isle of Wight County,2022,40149
51093,VA,Isle of Wight County,2023,40667
51093,VA,Isle of Wight County,2024,40942
51095,VA,James City County,2020,78487
51095,VA,James City County,2021,80009
51095,VA,James City County,2022,81426
51095,VA,James City County,2023,82346
51095,VA,James City County,2024,82797
51097,VA,King and Queen County,2020,6589
51097,VA,King and Queen County,2021,6672
51097,VA,King and Queen County,2022,6721
51097,VA,King and Queen County,2023,6746
51097,VA,King and Queen County,2024,6747
51099,VA,King George County,2020,26827
51099,VA,King George County,2021,27548
51099,VA,King George County,2022,27867
51099,VA,King George County,2023,28422
51099,VA,King George County,2024,28816
51101,VA,King William County,2020,17922
51101,VA,King William County,2021,18249
51101,VA,King William County,2022,18528
51101,VA,King William County,2023,19035
51101,VA,King William County,2024,19232
51103,VA,Lancaster County,2020,10905
51103,VA,Lancaster County,2021,10943
51103,VA,Lancaster County,2022,10838
51103,VA,Lancaster County,2023,10927
51103,VA,Lancaster County,2024,11062
51105,VA,Lee County,2020,22107
51105,VA,Lee County,2021,22009
51105,VA,Lee County,2022,21842
51105,VA,Lee County,2023,21761
51105,VA,Lee County,2024,21780
51107,VA,Loudoun County,2020,422723
51107,VA,Loudoun County,2021,428827
51107,VA,Loudoun County,2022,432897
51107,VA,Loudoun County,2023,437164
51107,VA,Loudoun County,2024,443380
51109,VA,Louisa County,2020,37784
51109,VA,Louisa County,2021,39011
51109,VA,Louisa County,2022,39986
51109,VA,Louisa County,2023,41008
51109,VA,Louisa County,2024,42109
51111,VA,Lunenburg County,2020,11950
51111,VA,Lunenburg County,2021,12007
51111,VA,Lunenburg County,2022,12020
51111,VA,Lunenburg County,2023,12042
51111,VA,Lunenburg County,2024,12060
51113,VA,Madison County,2020,13861
51113,VA,Madison County,2021,13959
51113,VA,Madison County,2022,14013
51113,VA,Madison County,2023,14135
51113,VA,Madison County,2024,14252
51115,VA,Mathews County,2020,8519
51115,VA,Mathews County,2021,8545
51115,VA,Mathews County,2022,8467
51115,VA,Mathews County,2023,8568
51115,VA,Mathews County,2024,8602
51117,VA,Mecklenburg County,2020,30283
51117,VA,Mecklenburg County,2021,30338
51117,VA,Mecklenburg County,2022,30511
51117,VA,Mecklenburg County,2023,30622
51117,VA,Mecklenburg County,2024,30824
51119,VA,Middlesex County,2020,10611
51119,VA,Middlesex County,2021,10778
51119,VA,Middlesex County,2022,10958
51119,VA,Middlesex County,2023,10938
51119,VA,Middlesex County,2024,10949
51121,VA,Montgomery County,2020,99584
51121,VA,Montgomery County,2021,98808
51121,VA,Montgomery County,2022,98980
51121,VA,Montgomery County,2023,99134
51121,VA,Montgomery County,2024,98998
51125,VA,Nelson County,2020,14739
51125,VA,Nelson County,2021,14839
51125,VA,Nelson County,2022,14692
51125,VA,Nelson County,2023,14625
51125,VA,Nelson County,2024,14766
51127,VA,New Kent County,2020,23126
51127,VA,New Kent County,2021,23970
51127,VA,New Kent County,2022,25000
51127,VA,New Kent County,2023,26211
51127,VA,New Kent County,2024,27218
51131,VA,Northampton County,2020,12215
51131,VA,Northampton County,2021,12070
51131,VA,Northampton County,2022,11974
51131,VA,Northampton County,2023,12026
51131,VA,Northampton County,2024,12004
51133,VA,Northumberland County,2020,11837
51133,VA,Northumberland County,2021,12053
51133,VA,Northumberland County,2022,12263
51133,VA,Northumberland County,2023,12388
51133,VA,Northumberland County,2024,12397
51135,VA,Nottoway County,2020,15645
51135,VA,Nottoway County,2021,15576
51135,VA,Nottoway County,2022,15561
51135,VA,Nottoway County,2023,15570
51135,VA,Nottoway County,2024,15632
51137,VA,Orange County,2020,36396
51137,VA,Orange County,2021,37224
51137,VA,Orange County,2022,38019
51137,VA,Orange County,2023,38487
51137,VA,Orange County,2024,38986
51139,VA,Page County,2020,23689
51139,VA,Page County,2021,23829
51139,VA,Page County,2022,23747
51139,VA,Page County,2023,23682
51139,VA,Page County,2024,23686
51141,VA,Patrick County,2020,17591
51141,VA,Patrick County,2021,17654
51141,VA,Patrick County,2022,17569
51141,VA,Patrick County,2023,17440
51141,VA,Patrick County,2024,17308
51143,VA,Pittsylvania County,2020,60380
51143,VA,Pittsylvania County,2021,60062
51143,VA,Pittsylvania County,2022,59845
51143,VA,Pittsylvania County,2023,59581
51143,VA,Pittsylvania County,2024,59410
51145,VA,Powhatan County,2020,30451
51145,VA,Powhatan County,2021,31238
51145,VA,Powhatan County,2022,31582
51145,VA,Powhatan County,2023,32113
51145,VA,Powhatan County,2024,32392
51147,VA,Prince Edward County,2020,21893
51147,VA,Prince Edward County,2021,21955
51147,VA,Prince Edward County,2022,21856
51147,VA,Prince Edward County,2023,21998
51147,VA,Prince Edward County,2024,22276
51149,VA,Prince George County,2020,43086
51149,VA,Prince George County,2021,42942
51149,VA,Prince George County,2022,43067
51149,VA,Prince George County,2023,43048
51149,VA,Prince George County,2024,43589
51153,VA,Prince William County,2020,482863
51153,VA,Prince William County,2021,485433
51153,VA,Prince William County,2022,487523
51153,VA,Prince William County,2023,491578
51153,VA,Prince William County,2024,497003
51155,VA,Pulaski County,2020,33800
51155,VA,Pulaski County,2021,33809
51155,VA,Pulaski County,2022,33639
51155,VA,Pulaski County,2023,33607
51155,VA,Pulaski County,2024,33579
51157,VA,Rappahannock County,2020,7323
51157,VA,Rappahannock County,2021,7435
51157,VA,Rappahannock County,2022,7445
51157,VA,Rappahannock County,2023,7455
51157,VA,Rappahannock County,2024,7479
51159,VA,Richmond County,2020,8918
51159,VA,Richmond County,2021,9079
51159,VA,Richmond County,2022,9099
51159,VA,Richmond County,2023,9162
51159,VA,Richmond County,2024,9215
51161,VA,Roanoke County,2020,96952
51161,VA,Roanoke County,2021,96711
51161,VA,Roanoke County,2022,96856
51161,VA,Roanoke County,2023,97263
51161,VA,Roanoke County,2024,97334
51163,VA,Rockbridge County,2020,22657
51163,VA,Rockbridge County,2021,22651
51163,VA,Rockbridge County,2022,22585
51163,VA,Rockbridge County,2023,22394
51163,VA,Rockbridge County,2024,22368
51165,VA,Rockingham County,2020,83779
51165,VA,Rockingham County,2021,84528
51165,VA,Rockingham County,2022,85390
51165,VA,Rockingham County,2023,86630
51165,VA,Rockingham County,2024,87674
51167,VA,Russell County,2020,25756
51167,VA,Russell County,2021,25574
51167,VA,Russell County,2022,25440
51167,VA,Russell County,2023,25502
51167,VA,Russell County,2024,25420
51169,VA,Scott County,2020,21586
51169,VA,Scott County,2021,21479
51169,VA,Scott County,2022,21497
51169,VA,Scott County,2023,21444
51169,VA,Scott County,2024,21388
51171,VA,Shenandoah County,2020,44256
51171,VA,Shenandoah County,2021,44837
51171,VA,Shenandoah County,2022,44905
51171,VA,Shenandoah County,2023,45185
51171,VA,Shenandoah County,2024,45441
51173,VA,Smyth County,2020,29780
51173,VA,Smyth County,2021,29605
51173,VA,Smyth County,2022,29393
51173,VA,Smyth County,2023,29187
51173,VA,Smyth County,2024,29137
51175,VA,Southampton County,2020,17951
51175,VA,Southampton County,2021,18028
51175,VA,Southampton County,2022,17897
51175,VA,Southampton County,2023,18000
51175,VA,Southampton County,2024,17941
51177,VA,Spotsylvania County,2020,140611
51177,VA,Spotsylvania County,2021,144027
51177,VA,Spotsylvania County,2022,146744
51177,VA,Spotsylvania County,2023,149614
51177,VA,Spotsylvania County,2024,152021
51179,VA,Stafford County,2020,157767
51179,VA,Stafford County,2021,161588
51179,VA,Stafford County,2022,163233
51179,VA,Stafford County,2023,165821
51179,VA,Stafford County,2024,168919
51181,VA,Surry County,2020,6551
51181,VA,Surry County,2021,6535
51181,VA,Surry County,2022,6506
51181,VA,Surry County,2023,6575
51181,VA,Surry County,2024,6579
51183,VA,Sussex County,2020,10798
51183,VA,Sussex County,2021,10828
51183,VA,Sussex County,2022,10652
51183,VA,Sussex County,2023,10794
51183,VA,Sussex County,2024,10753
51185,VA,Tazewell County,2020,40411
51185,VA,Tazewell County,2021,39960
51185,VA,Tazewell County,2022,39650
51185,VA,Tazewell County,2023,39222
51185,VA,Tazewell County,2024,38875
51187,VA,Warren County,2020,40797
51187,VA,Warren County,2021,40977
51187,VA,Warren County,2022,41436
51187,VA,Warren County,2023,41982
51187,VA,Warren County,2024,42461
51191,VA,Washington County,2020,53903
51191,VA,Washington County,2021,53753
51191,VA,Washington County,2022,53846
51191,VA,Washington County,2023,54028
51191,VA,Washington County,2024,54098
51193,VA,Westmoreland County,2020,18505
51193,VA,Westmoreland County,2021,18768
51193,VA,Westmoreland County,2022,18704
51193,VA,Westmoreland County,2023,18918
51193,VA,Westmoreland County,2024,19235
51195,VA,Wise County,2020,36066
51195,VA,Wise County,2021,35688
51195,VA,Wise County,2022,35324
51195,VA,Wise County,2023,35191
51195,VA,Wise County,2024,34973
51197,VA,Wythe County,2020,28322
51197,VA,Wythe County,2021,28205
51197,VA,Wythe County,2022,28143
51197,VA,Wythe County,2023,28171
51197,VA,Wythe County,2024,28100
51199,VA,York County,2020,70238
51199,VA,York County,2021,71123
51199,VA,York County,2022,71209
51199,VA,York County,2023,71046
51199,VA,York County,2024,71410
51510,VA,Alexandria city,2020,159144
51510,VA,Alexandria city,2021,155129
51510,VA,Alexandria city,2022,155235
51510,VA,Alexandria city,2023,156271
51510,VA,Alexandria city,2024,159102
51520,VA,Bristol city,2020,17303
51520,VA,Bristol city,2021,17074
51520,VA,Bristol city,2022,16884
51520,VA,Bristol city,2023,16668
51520,VA,Bristol city,2024,16316
51530,VA,Buena Vista city,2020,6621
51530,VA,Buena Vista city,2021,6624
51530,VA,Buena Vista city,2022,6567
51530,VA,Buena Vista city,2023,6574
51530,VA,Buena Vista city,2024,6581
51540,VA,Charlottesville city,2020,46434
51540,VA,Charlottesville city,2021,45713
51540,VA,Charlottesville city,2022,45223
51540,VA,Charlottesville city,2023,45047
51540,VA,Charlottesville city,2024,44767
51550,VA,Chesapeake city,2020,249726
51550,VA,Chesapeake city,2021,251732
51550,VA,Chesapeake city,2022,252493
51550,VA,Chesapeake city,2023,253967
51550,VA,Chesapeake city,2024,254997
51570,VA,Colonial Heights city,2020,18166
51570,VA,Colonial Heights city,2021,18207
51570,VA,Colonial Heights city,2022,18265
51570,VA,Colonial Heights city,2023,18446
51570,VA,Colonial Heights city,2024,18674
51580,VA,Covington city,2020,5745
51580,VA,Covington city,2021,5715
51580,VA,Covington city,2022,5668
51580,VA,Covington city,2023,5611
51580,VA,Covington city,2024,5663
51590,VA,Danville city,2020,42578
51590,VA,Danville city,2021,42292
51590,VA,Danville city,2022,42099
51590,VA,Danville city,2023,42108
51590,VA,Danville city,2024,41993
51595,VA,Emporia city,2020,5694
51595,VA,Emporia city,2021,5628
51595,VA,Emporia city,2022,5524
51595,VA,Emporia city,2023,5479
51595,VA,Emporia city,2024,5402
51600,VA,Fairfax city,2020,24179
51600,VA,Fairfax city,2021,24361
51600,VA,Fairfax city,2022,24825
51600,VA,Fairfax city,2023,25426
51600,VA,Fairfax city,2024,26340
51610,VA,Falls Church city,2020,14677
51610,VA,Falls Church city,2021,14515
51610,VA,Falls Church city,2022,14518
51610,VA,Falls Church city,2023,14805
51610,VA,Falls Church city,2024,15034
51620,VA,Franklin city,2020,8148
51620,VA,Franklin city,2021,8156
51620,VA,Franklin city,2022,8259
51620,VA,Franklin city,2023,8316
51620,VA,Franklin city,2024,8373
51630,VA,Fredericksburg city,2020,27995
51630,VA,Fredericksburg city,2021,28445
51630,VA,Fredericksburg city,2022,28709
51630,VA,Fredericksburg city,2023,29226
51630,VA,Fredericksburg city,2024,29992
51640,VA,Galax city,2020,6717
51640,VA,Galax city,2021,6657
51640,VA,Galax city,2022,6724
51640,VA,Galax city,2023,6799
51640,VA,Galax city,2024,6739
51650,VA,Hampton city,2020,137282
51650,VA,Hampton city,2021,137780
51650,VA,Hampton city,2022,137970
51650,VA,Hampton city,2023,137157
51650,VA,Hampton city,2024,137596
51660,VA,Harrisonburg city,2020,51705
51660,VA,Harrisonburg city,2021,51504
51660,VA,Harrisonburg city,2022,51207
51660,VA,Harrisonburg city,2023,51378
51660,VA,Harrisonburg city,2024,51164
51670,VA,Hopewell city,2020,23012
51670,VA,Hopewell city,2021,23081
51670,VA,Hopewell city,2022,22848
51670,VA,Hopewell city,2023,22883
51670,VA,Hopewell city,2024,22970
51678,VA,Lexington city,2020,7315
51678,VA,Lexington city,2021,7443
51678,VA,Lexington city,2022,7508
51678,VA,Lexington city,2023,7556
51678,VA,Lexington city,2024,7802
51680,VA,Lynchburg city,2020,78993
51680,VA,Lynchburg city,2021,79137
51680,VA,Lynchburg city,2022,79279
51680,VA,Lynchburg city,2023,79775
51680,VA,Lynchburg city,2024,80301
51683,VA,Manassas city,2020,42695
51683,VA,Manassas city,2021,42770
51683,VA,Manassas city,2022,42710
51683,VA,Manassas city,2023,43087
51683,VA,Manassas city,2024,43616
51685,VA,Manassas Park city,2020,17164
51685,VA,Manassas Park city,2021,17094
51685,VA,Manassas Park city,2022,16675
51685,VA,Manassas Park city,2023,16448
51685,VA,Manassas Park city,2024,16611
51690,VA,Martinsville city,2020,13476
51690,VA,Martinsville city,2021,13539
51690,VA,Martinsville city,2022,13686
51690,VA,Martinsville city,2023,13753
51690,VA,Martinsville city,2024,13834
51700,VA,Newport News city,2020,186052
51700,VA,Newport News city,2021,184717
51700,VA,Newport News city,2022,184004
51700,VA,Newport News city,2023,183249
51700,VA,Newport News city,2024,183056
51710,VA,Norfolk city,2020,237813
51710,VA,Norfolk city,2021,234920
51710,VA,Norfolk city,2022,232766
51710,VA,Norfolk city,2023,231378
51710,VA,Norfolk city,2024,231105
51720,VA,Norton city,2020,3681
51720,VA,Norton city,2021,3631
51720,VA,Norton city,2022,3594
51720,VA,Norton city,2023,3501
51720,VA,Norton city,2024,3478
51730,VA,Petersburg city,2020,33398
51730,VA,Petersburg city,2021,33422
51730,VA,Petersburg city,2022,33481
51730,VA,Petersburg city,2023,33328
51730,VA,Petersburg city,2024,34058
51735,VA,Poquoson city,2020,12473
51735,VA,Poquoson city,2021,12629
51735,VA,Poquoson city,2022,12624
51735,VA,Poquoson city,2023,12613
51735,VA,Poquoson city,2024,12854
51740,VA,Portsmouth city,2020,97997
51740,VA,Portsmouth city,2021,97700
51740,VA,Portsmouth city,2022,96989
51740,VA,Portsmouth city,2023,96782
51740,VA,Portsmouth city,2024,96482
51750,VA,Radford city,2020,16115
51750,VA,Radford city,2021,16525
51750,VA,Radford city,2022,16723
51750,VA,Radford city,2023,16994
51750,VA,Radford city,2024,17273
51760,VA,Richmond city,2020,226923
51760,VA,Richmond city,2021,227164
51760,VA,Richmond city,2022,228670
51760,VA,Richmond city,2023,230383
51760,VA,Richmond city,2024,233655
51770,VA,Roanoke city,2020,99898
51770,VA,Roanoke city,2021,98717
51770,VA,Roanoke city,2022,97743
51770,VA,Roanoke city,2023,97503
51770,VA,Roanoke city,2024,97912
51775,VA,Salem city,2020,25396
51775,VA,Salem city,2021,25417
51775,VA,Salem city,2022,25698
51775,VA,Salem city,2023,25669
51775,VA,Salem city,2024,25908
51790,VA,Staunton city,2020,25809
51790,VA,Staunton city,2021,25690
51790,VA,Staunton city,2022,25942
51790,VA,Staunton city,2023,25936
51790,VA,Staunton city,2024,26361
51800,VA,Suffolk city,2020,94794
51800,VA,Suffolk city,2021,96400
51800,VA,Suffolk city,2022,98630
51800,VA,Suffolk city,2023,101050
51800,VA,Suffolk city,2024,103105
51810,VA,Virginia Beach city,2020,459673
51810,VA,Virginia Beach city,2021,458599
51810,VA,Virginia Beach city,2022,454886
51810,VA,Virginia Beach city,2023,453779
51810,VA,Virginia Beach city,2024,454808
51820,VA,Waynesboro city,2020,22277
51820,VA,Waynesboro city,2021,22606
51820,VA,Waynesboro city,2022,22742
51820,VA,Waynesboro city,2023,23083
51820,VA,Waynesboro city,2024,23498
51830,VA,Williamsburg city,2020,15473
51830,VA,Williamsburg city,2021,15615
51830,VA,Williamsburg city,2022,15757
51830,VA,Williamsburg city,2023,16116
51830,VA,Williamsburg city,2024,16030
51840,VA,Winchester city,2020,28003
51840,VA,Winchester city,2021,28088
51840,VA,Winchester city,2022,27919
51840,VA,Winchester city,2023,27754
51840,VA,Winchester city,2024,27800
53001,WA,Adams County,2020,20609
53001,WA,Adams County,2021,20653
53001,WA,Adams County,2022,20843
53001,WA,Adams County,2023,20857
53001,WA,Adams County,2024,21039
53003,WA,Asotin County,2020,22328
53003,WA,Asotin County,2021,22476
53003,WA,Asotin County,2022,22497
53003,WA,Asotin County,2023,22510
53003,WA,Asotin County,2024,22523
53005,WA,Benton County,2020,207426
53005,WA,Benton County,2021,210627
53005,WA,Benton County,2022,212838
53005,WA,Benton County,2023,215445
53005,WA,Benton County,2024,218190
53007,WA,Chelan County,2020,79307
53007,WA,Chelan County,2021,79854
53007,WA,Chelan County,2022,80032
53007,WA,Chelan County,2023,80439
53007,WA,Chelan County,2024,81228
53009,WA,Clallam County,2020,77365
53009,WA,Clallam County,2021,78476
53009,WA,Clallam County,2022,77675
53009,WA,Clallam County,2023,77589
53009,WA,Clallam County,2024,77958
53011,WA,Clark County,2020,505363
53011,WA,Clark County,2021,512662
53011,WA,Clark County,2022,517036
53011,WA,Clark County,2023,522467
53011,WA,Clark County,2024,527269
53013,WA,Columbia County,2020,3953
53013,WA,Columbia County,2021,4019
53013,WA,Columbia County,2022,4018
53013,WA,Columbia County,2023,4055
53013,WA,Columbia County,2024,4025
53015,WA,Cowlitz County,2020,111021
53015,WA,Cowlitz County,2021,111701
53015,WA,Cowlitz County,2022,112058
53015,WA,Cowlitz County,2023,113040
53015,WA,Cowlitz County,2024,113982
53017,WA,Douglas County,2020,43032
53017,WA,Douglas County,2021,43847
53017,WA,Douglas County,2022,44147
53017,WA,Douglas County,2023,45010
53017,WA,Douglas County,2024,45795
53019,WA,Ferry County,2020,7197
53019,WA,Ferry County,2021,7290
53019,WA,Ferry County,2022,7435
53019,WA,Ferry County,2023,7472
53019,WA,Ferry County,2024,7543
53021,WA,Franklin County,2020,97152
53021,WA,Franklin County,2021,98107
53021,WA,Franklin County,2022,98461
53021,WA,Franklin County,2023,99554
53021,WA,Franklin County,2024,101238
53023,WA,Garfield County,2020,2297
53023,WA,Garfield County,2021,2348
53023,WA,Garfield County,2022,2355
53023,WA,Garfield County,2023,2360
53023,WA,Garfield County,2024,2404
53025,WA,Grant County,2020,99445
53025,WA,Grant County,2021,100437
53025,WA,Grant County,2022,101308
53025,WA,Grant County,2023,103088
53025,WA,Grant County,2024,104717
53027,WA,Grays Harbor County,2020,75863
53027,WA,Grays Harbor County,2021,76859
53027,WA,Grays Harbor County,2022,77080
53027,WA,Grays Harbor County,2023,77570
53027,WA,Grays Harbor County,2024,77893
53029,WA,Island County,2020,87007
53029,WA,Island County,2021,87581
53029,WA,Island County,2022,86744
53029,WA,Island County,2023,86369
53029,WA,Island County,2024,86478
53031,WA,Jefferson County,2020,33061
53031,WA,Jefferson County,2021,33558
53031,WA,Jefferson County,2022,33597
53031,WA,Jefferson County,2023,33725
53031,WA,Jefferson County,2024,33944
53033,WA,King County,2020,1316181
53033,WA,King County,2021,1316181
53033,WA,King County,2022,1316181
53033,WA,King County,2023,1316181
53033,WA,King County,2024,1316181
53035,WA,Kitsap County,2020,275832
53035,WA,Kitsap County,2021,276629
53035,WA,Kitsap County,2022,277876
53035,WA,Kitsap County,2023,277650
53035,WA,Kitsap County,2024,281420
53037,WA,Kittitas County,2020,46823
53037,WA,Kittitas County,2021,45653
53037,WA,Kittitas County,2022,47368
53037,WA,Kittitas County,2023,47845
53037,WA,Kittitas County,2024,48172
53039,WA,Klickitat County,2020,22820
53039,WA,Klickitat County,2021,23177
53039,WA,Klickitat County,2022,23248
53039,WA,Klickitat County,2023,23688
53039,WA,Klickitat County,2024,24124
53041,WA,Lewis County,2020,82562
53041,WA,Lewis County,2021,84590
53041,WA,Lewis County,2022,85307
53041,WA,Lewis County,2023,86264
53041,WA,Lewis County,2024,87049
53043,WA,Lincoln County,2020,10927
53043,WA,Lincoln County,2021,11285
53043,WA,Lincoln County,2022,11609
53043,WA,Lincoln County,2023,11760
53043,WA,Lincoln County,2024,11862
53045,WA,Mason County,2020,66033
53045,WA,Mason County,2021,67255
53045,WA,Mason County,2022,68238
53045,WA,Mason County,2023,68754
53045,WA,Mason County,2024,69632
53047,WA,Okanogan County,2020,42147
53047,WA,Okanogan County,2021,42785
53047,WA,Okanogan County,2022,43255
53047,WA,Okanogan County,2023,43998
53047,WA,Okanogan County,2024,44942
53049,WA,Pacific County,2020,23492
53049,WA,Pacific County,2021,23995
53049,WA,Pacific County,2022,24067
53049,WA,Pacific County,2023,24173
53049,WA,Pacific County,2024,24245
53051,WA,Pend Oreille County,2020,13506
53051,WA,Pend Oreille County,2021,13897
53051,WA,Pend Oreille County,2022,14153
53051,WA,Pend Oreille County,2023,14362
53051,WA,Pend Oreille County,2024,14332
53053,WA,Pierce County,2020,923655
53053,WA,Pierce County,2021,927738
53053,WA,Pierce County,2022,927313
53053,WA,Pierce County,2023,931718
53053,WA,Pierce County,2024,941170
53055,WA,San Juan County,2020,17826
53055,WA,San Juan County,2021,18623
53055,WA,San Juan County,2022,18666
53055,WA,San Juan County,2023,18605
53055,WA,San Juan County,2024,18668
53057,WA,Skagit County,2020,129901
53057,WA,Skagit County,2021,131018
53057,WA,Skagit County,2022,131229
53057,WA,Skagit County,2023,131754
53057,WA,Skagit County,2024,132736
53059,WA,Skamania County,2020,12045
53059,WA,Skamania County,2021,12214
53059,WA,Skamania County,2022,12454
53059,WA,Skamania County,2023,12639
53059,WA,Skamania County,2024,12660
53061,WA,Snohomish County,2020,829975
53061,WA,Snohomish County,2021,836235
53061,WA,Snohomish County,2022,841529
53061,WA,Snohomish County,2023,850297
53061,WA,Snohomish County,2024,864113
53063,WA,Spokane County,2020,541198
53063,WA,Spokane County,2021,545540
53063,WA,Spokane County,2022,549835
53063,WA,Spokane County,2023,552758
53063,WA,Spokane County,2024,555947
53065,WA,Stevens County,2020,46589
53065,WA,Stevens County,2021,47620
53065,WA,Stevens County,2022,48273
53065,WA,Stevens County,2023,48838
53065,WA,Stevens County,2024,49015
53067,WA,Thurston County,2020,296018
53067,WA,Thurston County,2021,298241
53067,WA,Thurston County,2022,298645
53067,WA,Thurston County,2023,299519
53067,WA,Thurston County,2024,302912
53069,WA,Wahkiakum County,2020,4448
53069,WA,Wahkiakum County,2021,4586
53069,WA,Wahkiakum County,2022,4691
53069,WA,Wahkiakum County,2023,4767
53069,WA,Wahkiakum County,2024,4800
53071,WA,Walla Walla County,2020,62629
53071,WA,Walla Walla County,2021,62232
53071,WA,Walla Walla County,2022,62085
53071,WA,Walla Walla County,2023,61789
53071,WA,Walla Walla County,2024,62068
53073,WA,Whatcom County,2020,227451
53073,WA,Whatcom County,2021,226725
53073,WA,Whatcom County,2022,230701
53073,WA,Whatcom County,2023,232686
53073,WA,Whatcom County,2024,234954
53075,WA,Whitman County,2020,47821
53075,WA,Whitman County,2021,45430
53075,WA,Whitman County,2022,47653
53075,WA,Whitman County,2023,47900
53075,WA,Whitman County,2024,48399
53077,WA,Yakima County,2020,256736
53077,WA,Yakima County,2021,256743
53077,WA,Yakima County,2022,256566
53077,WA,Yakima County,2023,257193
53077,WA,Yakima County,2024,258523
54001,WV,Barbour County,2020,15462
54001,WV,Barbour County,2021,15447
54001,WV,Barbour County,2022,15397
54001,WV,Barbour County,2023,15443
54001,WV,Barbour County,2024,15369
54003,WV,Berkeley County,2020,122699
54003,WV,Berkeley County,2021,126194
54003,WV,Berkeley County,2022,129538
54003,WV,Berkeley County,2023,132851
54003,WV,Berkeley County,2024,136287
54005,WV,Boone County,2020,21746
54005,WV,Boone County,2021,21361
54005,WV,Boone County,2022,20925
54005,WV,Boone County,2023,20600
54005,WV,Boone County,2024,20496
54007,WV,Braxton County,2020,12396
54007,WV,Braxton County,2021,12297
54007,WV,Braxton County,2022,12158
54007,WV,Braxton County,2023,12139
54007,WV,Braxton County,2024,12051
54009,WV,Brooke County,2020,22484
54009,WV,Brooke County,2021,22080
54009,WV,Brooke County,2022,21739
54009,WV,Brooke County,2023,21438
54009,WV,Brooke County,2024,21285
54011,WV,Cabell County,2020,94245
54011,WV,Cabell County,2021,93422
54011,WV,Cabell County,2022,92501
54011,WV,Cabell County,2023,92036
54011,WV,Cabell County,2024,91489
54013,WV,Calhoun County,2020,6196
54013,WV,Calhoun County,2021,6172
54013,WV,Calhoun County,2022,6056
54013,WV,Calhoun County,2023,5945
54013,WV,Calhoun County,2024,5873
54015,WV,Clay County,2020,8013
54015,WV,Clay County,2021,7914
54015,WV,Clay County,2022,7819
54015,WV,Clay County,2023,7740
54015,WV,Clay County,2024,7689
54017,WV,Doddridge County,2020,7790
54017,WV,Doddridge County,2021,7745
54017,WV,Doddridge County,2022,7719
54017,WV,Doddridge County,2023,7685
54017,WV,Doddridge County,2024,7615
54019,WV,Fayette County,2020,40445
54019,WV,Fayette County,2021,40059
54019,WV,Fayette County,2022,39411
54019,WV,Fayette County,2023,39079
54019,WV,Fayette County,2024,38600
54021,WV,Gilmer County,2020,7399
54021,WV,Gilmer County,2021,7396
54021,WV,Gilmer County,2022,7309
54021,WV,Gilmer County,2023,7221
54021,WV,Gilmer County,2024,7116
54023,WV,Grant County,2020,10995
54023,WV,Grant County,2021,10998
54023,WV,Grant County,2022,10965
54023,WV,Grant County,2023,10985
54023,WV,Grant County,2024,10971
54025,WV,Greenbrier County,2020,32903
54025,WV,Greenbrier County,2021,32705
54025,WV,Greenbrier County,2022,32348
54025,WV,Greenbrier County,2023,32123
54025,WV,Greenbrier County,2024,31851
54027,WV,Hampshire County,2020,23085
54027,WV,Hampshire County,2021,23351
54027,WV,Hampshire County,2022,23464
54027,WV,Hampshire County,2023,23632
54027,WV,Hampshire County,2024,23793
54029,WV,Hancock County,2020,29043
54029,WV,Hancock County,2021,28604
54029,WV,Hancock County,2022,28265
54029,WV,Hancock County,2023,28191
54029,WV,Hancock County,2024,28054
54031,WV,Hardy County,2020,14241
54031,WV,Hardy County,2021,14150
54031,WV,Hardy County,2022,14196
54031,WV,Hardy County,2023,14293
54031,WV,Hardy County,2024,14335
54033,WV,Harrison County,2020,65842
54033,WV,Harrison County,2021,65412
54033,WV,Harrison County,2022,64683
54033,WV,Harrison County,2023,64513
54033,WV,Harrison County,2024,64472
54035,WV,Jackson County,2020,27726
54035,WV,Jackson County,2021,27789
54035,WV,Jackson County,2022,27624
54035,WV,Jackson County,2023,27668
54035,WV,Jackson County,2024,27718
54037,WV,Jefferson County,2020,57785
54037,WV,Jefferson County,2021,58550
54037,WV,Jefferson County,2022,58957
54037,WV,Jefferson County,2023,59744
54037,WV,Jefferson County,2024,61264
54039,WV,Kanawha County,2020,180208
54039,WV,Kanawha County,2021,178071
54039,WV,Kanawha County,2022,175899
54039,WV,Kanawha County,2023,174602
54039,WV,Kanawha County,2024,173906
54041,WV,Lewis County,2020,17020
54041,WV,Lewis County,2021,16877
54041,WV,Lewis County,2022,16719
54041,WV,Lewis County,2023,16605
54041,WV,Lewis County,2024,16477
54043,WV,Lincoln County,2020,20368
54043,WV,Lincoln County,2021,20197
54043,WV,Lincoln County,2022,19862
54043,WV,Lincoln County,2023,19699
54043,WV,Lincoln County,2024,19377
54045,WV,Logan County,2020,32516
54045,WV,Logan County,2021,31852
54045,WV,Logan County,2022,31251
54045,WV,Logan County,2023,30910
54045,WV,Logan County,2024,30560
54047,WV,McDowell County,2020,18939
54047,WV,McDowell County,2021,18415
54047,WV,McDowell County,2022,17790
54047,WV,McDowell County,2023,17425
54047,WV,McDowell County,2024,17147
54049,WV,Marion County,2020,56234
54049,WV,Marion County,2021,56056
54049,WV,Marion County,2022,55799
54049,WV,Marion County,2023,55805
54049,WV,Marion County,2024,55649
54051,WV,Marshall County,2020,30529
54051,WV,Marshall County,2021,30204
54051,WV,Marshall County,2022,29722
54051,WV,Marshall County,2023,29517
54051,WV,Marshall County,2024,29354
54053,WV,Mason County,2020,25413
54053,WV,Mason County,2021,25281
54053,WV,Mason County,2022,24938
54053,WV,Mason County,2023,24815
54053,WV,Mason County,2024,24770
54055,WV,Mercer County,2020,59519
54055,WV,Mercer County,2021,59163
54055,WV,Mercer County,2022,58599
54055,WV,Mercer County,2023,58008
54055,WV,Mercer County,2024,57524
54057,WV,Mineral County,2020,26901
54057,WV,Mineral County,2021,26913
54057,WV,Mineral County,2022,26872
54057,WV,Mineral County,2023,26806
54057,WV,Mineral County,2024,26778
54059,WV,Mingo County,2020,23487
54059,WV,Mingo County,2021,23055
54059,WV,Mingo County,2022,22427
54059,WV,Mingo County,2023,22025
54059,WV,Mingo County,2024,21712
54061,WV,Monongalia County,2020,105912
54061,WV,Monongalia County,2021,106537
54061,WV,Monongalia County,2022,106921
54061,WV,Monongalia County,2023,107749
54061,WV,Monongalia County,2024,108697
54063,WV,Monroe County,2020,12386
54063,WV,Monroe County,2021,12394
54063,WV,Monroe County,2022,12314
54063,WV,Monroe County,2023,12376
54063,WV,Monroe County,2024,12462
54065,WV,Morgan County,2020,17087
54065,WV,Morgan County,2021,17304
54065,WV,Morgan County,2022,17380
54065,WV,Morgan County,2023,17580
54065,WV,Morgan County,2024,17780
54067,WV,Nicholas County,2020,24562
54067,WV,Nicholas County,2021,24438
54067,WV,Nicholas County,2022,24266
54067,WV,Nicholas County,2023,24104
54067,WV,Nicholas County,2024,24017
54069,WV,Ohio County,2020,42307
54069,WV,Ohio County,2021,41817
54069,WV,Ohio County,2022,41473
54069,WV,Ohio County,2023,41221
54069,WV,Ohio County,2024,41090
54071,WV,Pendleton County,2020,6129
54071,WV,Pendleton County,2021,6093
54071,WV,Pendleton County,2022,6051
54071,WV,Pendleton County,2023,5998
54071,WV,Pendleton County,2024,5944
54073,WV,Pleasants County,2020,7653
54073,WV,Pleasants County,2021,7610
54073,WV,Pleasants County,2022,7564
54073,WV,Pleasants County,2023,7420
54073,WV,Pleasants County,2024,7358
54075,WV,Pocahontas County,2020,7864
54075,WV,Pocahontas County,2021,7888
54075,WV,Pocahontas County,2022,7776
54075,WV,Pocahontas County,2023,7739
54075,WV,Pocahontas County,2024,7653
54077,WV,Preston County,2020,34191
54077,WV,Preston County,2021,34309
54077,WV,Preston County,2022,34196
54077,WV,Preston County,2023,34050
54077,WV,Preston County,2024,34055
54079,WV,Putnam County,2020,57443
54079,WV,Putnam County,2021,57365
54079,WV,Putnam County,2022,57070
54079,WV,Putnam County,2023,56942
54079,WV,Putnam County,2024,57067
54081,WV,Raleigh County,2020,74407
54081,WV,Raleigh County,2021,73800
54081,WV,Raleigh County,2022,72863
54081,WV,Raleigh County,2023,72526
54081,WV,Raleigh County,2024,72379
54083,WV,Randolph County,2020,27892
54083,WV,Randolph County,2021,27902
54083,WV,Randolph County,2022,27539
54083,WV,Randolph County,2023,27359
54083,WV,Randolph County,2024,27190
54085,WV,Ritchie County,2020,8422
54085,WV,Ritchie County,2021,8413
54085,WV,Ritchie County,2022,8239
54085,WV,Ritchie County,2023,8187
54085,WV,Ritchie County,2024,8170
54087,WV,Roane County,2020,13984
54087,WV,Roane County,2021,13933
54087,WV,Roane County,2022,13794
54087,WV,Roane County,2023,13678
54087,WV,Roane County,2024,13540
54089,WV,Summers County,2020,11940
54089,WV,Summers County,2021,11869
54089,WV,Summers County,2022,11711
54089,WV,Summers County,2023,11581
54089,WV,Summers County,2024,11544
54091,WV,Taylor County,2020,16693
54091,WV,Taylor County,2021,16534
54091,WV,Taylor County,2022,16386
54091,WV,Taylor County,2023,16385
54091,WV,Taylor County,2024,16438
54093,WV,Tucker County,2020,6754
54093,WV,Tucker County,2021,6700
54093,WV,Tucker County,2022,6625
54093,WV,Tucker County,2023,6618
54093,WV,Tucker County,2024,6573
54095,WV,Tyler County,2020,8292
54095,WV,Tyler County,2021,8208
54095,WV,Tyler County,2022,8081
54095,WV,Tyler County,2023,7894
54095,WV,Tyler County,2024,7843
54097,WV,Upshur County,2020,23818
54097,WV,Upshur County,2021,23812
54097,WV,Upshur County,2022,23715
54097,WV,Upshur County,2023,23566
54097,WV,Upshur County,2024,23650
54099,WV,Wayne County,2020,38865
54099,WV,Wayne County,2021,38563
54099,WV,Wayne County,2022,38025
54099,WV,Wayne County,2023,37779
54099,WV,Wayne County,2024,37589
54101,WV,Webster County,2020,8352
54101,WV,Webster County,2021,8270
54101,WV,Webster County,2022,8125
54101,WV,Webster County,2023,8025
54101,WV,Webster County,2024,7947
54103,WV,Wetzel County,2020,14412
54103,WV,Wetzel County,2021,14211
54103,WV,Wetzel County,2022,14027
54103,WV,Wetzel County,2023,13972
54103,WV,Wetzel County,2024,13766
54105,WV,Wirt County,2020,5187
54105,WV,Wirt County,2021,5067
54105,WV,Wirt County,2022,5095
54105,WV,Wirt County,2023,4994
54105,WV,Wirt County,2024,4924
54107,WV,Wood County,2020,84146
54107,WV,Wood County,2021,83820
54107,WV,Wood County,2022,83364
54107,WV,Wood County,2023,82947
54107,WV,Wood County,2024,82757
54109,WV,Wyoming County,2020,21319
54109,WV,Wyoming County,2021,21031
54109,WV,Wyoming County,2022,20570
54109,WV,Wyoming County,2023,20262
54109,WV,Wyoming County,2024,19964
55001,WI,Adams County,2020,20682
55001,WI,Adams County,2021,20844
55001,WI,Adams County,2022,21211
55001,WI,Adams County,2023,21528
55001,WI,Adams County,2024,21352
55003,WI,Ashland County,2020,16015
55003,WI,Ashland County,2021,16044
55003,WI,Ashland County,2022,16037
55003,WI,Ashland County,2023,16103
55003,WI,Ashland County,2024,16196
55005,WI,Barron County,2020,46723
55005,WI,Barron County,2021,46701
55005,WI,Barron County,2022,46828
55005,WI,Barron County,2023,46922
55005,WI,Barron County,2024,46810
55007,WI,Bayfield County,2020,16238
55007,WI,Bayfield County,2021,16327
55007,WI,Bayfield County,2022,16664
55007,WI,Bayfield County,2023,16809
55007,WI,Bayfield County,2024,16838
55009,WI,Brown County,2020,268966
55009,WI,Brown County,2021,268948
55009,WI,Brown County,2022,270561
55009,WI,Brown County,2023,272074
55009,WI,Brown County,2024,273909
55011,WI,Buffalo County,2020,13323
55011,WI,Buffalo County,2021,13340
55011,WI,Buffalo County,2022,13400
55011,WI,Buffalo County,2023,13440
55011,WI,Buffalo County,2024,13464
55013,WI,Burnett County,2020,16578
55013,WI,Burnett County,2021,16755
55013,WI,Burnett County,2022,16973
55013,WI,Burnett County,2023,17089
55013,WI,Burnett County,2024,17187
55015,WI,Calumet County,2020,52478
55015,WI,Calumet County,2021,52581
55015,WI,Calumet County,2022,52745
55015,WI,Calumet County,2023,53303
55015,WI,Calumet County,2024,53602
55017,WI,Chippewa County,2020,66346
55017,WI,Chippewa County,2021,66601
55017,WI,Chippewa County,2022,66775
55017,WI,Chippewa County,2023,66949
55017,WI,Chippewa County,2024,67323
55019,WI,Clark County,2020,34629
55019,WI,Clark County,2021,34732
55019,WI,Clark County,2022,34742
55019,WI,Clark County,2023,34792
55019,WI,Clark County,2024,34801
55021,WI,Columbia County,2020,58520
55021,WI,Columbia County,2021,58440
55021,WI,Columbia County,2022,58337
55021,WI,Columbia County,2023,57949
55021,WI,Columbia County,2024,58113
55023,WI,Crawford County,2020,16084
55023,WI,Crawford County,2021,16097
55023,WI,Crawford County,2022,16032
55023,WI,Crawford County,2023,15991
55023,WI,Crawford County,2024,16008
55025,WI,Dane County,2020,562620
55025,WI,Dane County,2021,561788
55025,WI,Dane County,2022,570869
55025,WI,Dane County,2023,579739
55025,WI,Dane County,2024,588347
55027,WI,Dodge County,2020,89344
55027,WI,Dodge County,2021,88693
55027,WI,Dodge County,2022,88539
55027,WI,Dodge County,2023,88501
55027,WI,Dodge County,2024,88635
55029,WI,Door County,2020,30119
55029,WI,Door County,2021,30430
55029,WI,Door County,2022,30597
55029,WI,Door County,2023,30566
55029,WI,Door County,2024,30512
55031,WI,Douglas County,2020,44348
55031,WI,Douglas County,2021,44026
55031,WI,Douglas County,2022,44238
55031,WI,Douglas County,2023,44252
55031,WI,Douglas County,2024,44276
55033,WI,Dunn County,2020,45453
55033,WI,Dunn County,2021,44543
55033,WI,Dunn County,2022,45676
55033,WI,Dunn County,2023,45827
55033,WI,Dunn County,2024,46135
55035,WI,Eau Claire County,2020,105877
55035,WI,Eau Claire County,2021,105979
55035,WI,Eau Claire County,2022,106835
55035,WI,Eau Claire County,2023,108058
55035,WI,Eau Claire County,2024,108830
55037,WI,Florence County,2020,4563
55037,WI,Florence County,2021,4590
55037,WI,Florence County,2022,4708
55037,WI,Florence County,2023,4695
55037,WI,Florence County,2024,4673
55039,WI,Fond du Lac County,2020,104156
55039,WI,Fond du Lac County,2021,104117
55039,WI,Fond du Lac County,2022,104010
55039,WI,Fond du Lac County,2023,104135
55039,WI,Fond du Lac County,2024,104269
55041,WI,Forest County,2020,9168
55041,WI,Forest County,2021,9448
55041,WI,Forest County,2022,9344
55041,WI,Forest County,2023,9381
55041,WI,Forest County,2024,9506
55043,WI,Grant County,2020,51979
55043,WI,Grant County,2021,51309
55043,WI,Grant County,2022,51337
55043,WI,Grant County,2023,51894
55043,WI,Grant County,2024,52330
55045,WI,Green County,2020,37033
55045,WI,Green County,2021,37069
55045,WI,Green County,2022,36864
55045,WI,Green County,2023,36934
55045,WI,Green County,2024,37183
55047,WI,Green Lake County,2020,19027
55047,WI,Green Lake County,2021,19262
55047,WI,Green Lake County,2022,19241
55047,WI,Green Lake County,2023,19417
55047,WI,Green Lake County,2024,19370
55049,WI,Iowa County,2020,23718
55049,WI,Iowa County,2021,23815
55049,WI,Iowa County,2022,23959
55049,WI,Iowa County,2023,23881
55049,WI,Iowa County,2024,23963
55051,WI,Iron County,2020,6140
55051,WI,Iron County,2021,6176
55051,WI,Iron County,2022,6221
55051,WI,Iron County,2023,6277
55051,WI,Iron County,2024,6235
55053,WI,Jackson County,2020,21095
55053,WI,Jackson County,2021,20913
55053,WI,Jackson County,2022,20930
55053,WI,Jackson County,2023,20938
55053,WI,Jackson County,2024,21027
55055,WI,Jefferson County,2020,86208
55055,WI,Jefferson County,2021,85781
55055,WI,Jefferson County,2022,85809
55055,WI,Jefferson County,2023,85971
55055,WI,Jefferson County,2024,86245
55057,WI,Juneau County,2020,26780
55057,WI,Juneau County,2021,26773
55057,WI,Juneau County,2022,26743
55057,WI,Juneau County,2023,26557
55057,WI,Juneau County,2024,26590
55059,WI,Kenosha County,2020,169202
55059,WI,Kenosha County,2021,168446
55059,WI,Kenosha County,2022,167920
55059,WI,Kenosha County,2023,167867
55059,WI,Kenosha County,2024,168754
55061,WI,Kewaunee County,2020,20563
55061,WI,Kewaunee County,2021,20593
55061,WI,Kewaunee County,2022,20681
55061,WI,Kewaunee County,2023,20733
55061,WI,Kewaunee County,2024,20751
55063,WI,La Crosse County,2020,120943
55063,WI,La Crosse County,2021,119362
55063,WI,La Crosse County,2022,120359
55063,WI,La Crosse County,2023,120717
55063,WI,La Crosse County,2024,121060
55065,WI,Lafayette County,2020,16604
55065,WI,Lafayette County,2021,16817
55065,WI,Lafayette County,2022,16926
55065,WI,Lafayette County,2023,17059
55065,WI,Lafayette County,2024,17306
55067,WI,Langlade County,2020,19466
55067,WI,Langlade County,2021,19486
55067,WI,Langlade County,2022,19528
55067,WI,Langlade County,2023,19435
55067,WI,Langlade County,2024,19535
55069,WI,Lincoln County,2020,28429
55069,WI,Lincoln County,2021,28463
55069,WI,Lincoln County,2022,28345
55069,WI,Lincoln County,2023,28430
55069,WI,Lincoln County,2024,28461
55071,WI,Manitowoc County,2020,81412
55071,WI,Manitowoc County,2021,81526
55071,WI,Manitowoc County,2022,81256
55071,WI,Manitowoc County,2023,81325
55071,WI,Manitowoc County,2024,81513
55073,WI,Marathon County,2020,138114
55073,WI,Marathon County,2021,137798
55073,WI,Marathon County,2022,138175
55073,WI,Marathon County,2023,138838
55073,WI,Marathon County,2024,139091
55075,WI,Marinette County,2020,41900
55075,WI,Marinette County,2021,41875
55075,WI,Marinette County,2022,42000
55075,WI,Marinette County,2023,42113
55075,WI,Marinette County,2024,42343
55077,WI,Marquette County,2020,15580
55077,WI,Marquette County,2021,15778
55077,WI,Marquette County,2022,15776
55077,WI,Marquette County,2023,15851
55077,WI,Marquette County,2024,15743
55078,WI,Menominee County,2020,4258
55078,WI,Menominee County,2021,4295
55078,WI,Menominee County,2022,4199
55078,WI,Menominee County,2023,4221
55078,WI,Menominee County,2024,4286
55079,WI,Milwaukee County,2020,938609
55079,WI,Milwaukee County,2021,924469
55079,WI,Milwaukee County,2022,921977
55079,WI,Milwaukee County,2023,921860
55079,WI,Milwaukee County,2024,924740
55081,WI,Monroe County,2020,46299
55081,WI,Monroe County,2021,46157
55081,WI,Monroe County,2022,46021
55081,WI,Monroe County,2023,46193
55081,WI,Monroe County,2024,46370
55083,WI,Oconto County,2020,39077
55083,WI,Oconto County,2021,39429
55083,WI,Oconto County,2022,39660
55083,WI,Oconto County,2023,39741
55083,WI,Oconto County,2024,40037
55085,WI,Oneida County,2020,37877
55085,WI,Oneida County,2021,38329
55085,WI,Oneida County,2022,38267
55085,WI,Oneida County,2023,38189
55085,WI,Oneida County,2024,38175
55087,WI,Outagamie County,2020,190973
55087,WI,Outagamie County,2021,191380
55087,WI,Outagamie County,2022,192561
55087,WI,Outagamie County,2023,193828
55087,WI,Outagamie County,2024,195390
55089,WI,Ozaukee County,2020,91627
55089,WI,Ozaukee County,2021,92610
55089,WI,Ozaukee County,2022,93115
55089,WI,Ozaukee County,2023,93520
55089,WI,Ozaukee County,2024,93956
55091,WI,Pepin County,2020,7343
55091,WI,Pepin County,2021,7376
55091,WI,Pepin County,2022,7400
55091,WI,Pepin County,2023,7482
55091,WI,Pepin County,2024,7555
55093,WI,Pierce County,2020,42229
55093,WI,Pierce County,2021,41609
55093,WI,Pierce County,2022,42597
55093,WI,Pierce County,2023,43101
55093,WI,Pierce County,2024,43380
55095,WI,Polk County,2020,45029
55095,WI,Polk County,2021,45462
55095,WI,Polk County,2022,45608
55095,WI,Polk County,2023,45845
55095,WI,Polk County,2024,45831
55097,WI,Portage County,2020,70412
55097,WI,Portage County,2021,69447
55097,WI,Portage County,2022,70799
55097,WI,Portage County,2023,71461
55097,WI,Portage County,2024,72040
55099,WI,Price County,2020,14036
55099,WI,Price County,2021,14061
55099,WI,Price County,2022,14178
55099,WI,Price County,2023,14098
55099,WI,Price County,2024,14087
55101,WI,Racine County,2020,198065
55101,WI,Racine County,2021,196829
55101,WI,Racine County,2022,196710
55101,WI,Racine County,2023,197407
55101,WI,Racine County,2024,198651
55103,WI,Richland County,2020,17283
55103,WI,Richland County,2021,17205
55103,WI,Richland County,2022,17161
55103,WI,Richland County,2023,17251
55103,WI,Richland County,2024,17123
55105,WI,Rock County,2020,163761
55105,WI,Rock County,2021,164128
55105,WI,Rock County,2022,163959
55105,WI,Rock County,2023,164443
55105,WI,Rock County,2024,165461
55107,WI,Rusk County,2020,14181
55107,WI,Rusk County,2021,14115
55107,WI,Rusk County,2022,14180
55107,WI,Rusk County,2023,14252
55107,WI,Rusk County,2024,14168
55109,WI,St. Croix County,2020,93893
55109,WI,St. Croix County,2021,95025
55109,WI,St. Croix County,2022,96138
55109,WI,St. Croix County,2023,97156
55109,WI,St. Croix County,2024,97954
55111,WI,Sauk County,2020,65793
55111,WI,Sauk County,2021,65705
55111,WI,Sauk County,2022,65916
55111,WI,Sauk County,2023,66143
55111,WI,Sauk County,2024,66486
55113,WI,Sawyer County,2020,18119
55113,WI,Sawyer County,2021,18230
55113,WI,Sawyer County,2022,18575
55113,WI,Sawyer County,2023,18619
55113,WI,Sawyer County,2024,18835
55115,WI,Shawano County,2020,40869
55115,WI,Shawano County,2021,40861
55115,WI,Shawano County,2022,41017
55115,WI,Shawano County,2023,41148
55115,WI,Shawano County,2024,41299
55117,WI,Sheboygan County,2020,118058
55117,WI,Sheboygan County,2021,117710
55117,WI,Sheboygan County,2022,117860
55117,WI,Sheboygan County,2023,117995
55117,WI,Sheboygan County,2024,118331
55119,WI,Taylor County,2020,19938
55119,WI,Taylor County,2021,19946
55119,WI,Taylor County,2022,19946
55119,WI,Taylor County,2023,20123
55119,WI,Taylor County,2024,20167
55121,WI,Trempealeau County,2020,30813
55121,WI,Trempealeau County,2021,30722
55121,WI,Trempealeau County,2022,30920
55121,WI,Trempealeau County,2023,30939
55121,WI,Trempealeau County,2024,30801
55123,WI,Vernon County,2020,30710
55123,WI,Vernon County,2021,30932
55123,WI,Vernon County,2022,31110
55123,WI,Vernon County,2023,31143
55123,WI,Vernon County,2024,31351
55125,WI,Vilas County,2020,23097
55125,WI,Vilas County,2021,23516
55125,WI,Vilas County,2022,23755
55125,WI,Vilas County,2023,23914
55125,WI,Vilas County,2024,23948
55127,WI,Walworth County,2020,105310
55127,WI,Walworth County,2021,105231
55127,WI,Walworth County,2022,105705
55127,WI,Walworth County,2023,106008
55127,WI,Walworth County,2024,106029
55129,WI,Washburn County,2020,16623
55129,WI,Washburn County,2021,16755
55129,WI,Washburn County,2022,16915
55129,WI,Washburn County,2023,16996
55129,WI,Washburn County,2024,16982
55131,WI,Washington County,2020,136811
55131,WI,Washington County,2021,137361
55131,WI,Washington County,2022,137999
55131,WI,Washington County,2023,138496
55131,WI,Washington County,2024,138727
55133,WI,Waukesha County,2020,407518
55133,WI,Waukesha County,2021,409191
55133,WI,Waukesha County,2022,411061
55133,WI,Waukesha County,2023,414013
55133,WI,Waukesha County,2024,417029
55135,WI,Waupaca County,2020,51806
55135,WI,Waupaca County,2021,51897
55135,WI,Waupaca County,2022,51645
55135,WI,Waupaca County,2023,51324
55135,WI,Waupaca County,2024,51171
55137,WI,Waushara County,2020,24550
55137,WI,Waushara County,2021,24767
55137,WI,Waushara County,2022,24932
55137,WI,Waushara County,2023,25014
55137,WI,Waushara County,2024,25079
55139,WI,Winnebago County,2020,171796
55139,WI,Winnebago County,2021,170590
55139,WI,Winnebago County,2022,171049
55139,WI,Winnebago County,2023,172105
55139,WI,Winnebago County,2024,173307
55141,WI,Wood County,2020,74189
55141,WI,Wood County,2021,74002
55141,WI,Wood County,2022,73849
55141,WI,Wood County,2023,74037
55141,WI,Wood County,2024,73943
56001,WY,Albany County,2020,37115
56001,WY,Albany County,2021,37859
56001,WY,Albany County,2022,38361
56001,WY,Albany County,2023,38624
56001,WY,Albany County,2024,39288
56003,WY,Big Horn County,2020,11479
56003,WY,Big Horn County,2021,11641
56003,WY,Big Horn County,2022,11876
56003,WY,Big Horn County,2023,12061
56003,WY,Big Horn County,2024,12084
56005,WY,Campbell County,2020,47146
56005,WY,Campbell County,2021,46547
56005,WY,Campbell County,2022,47049
56005,WY,Campbell County,2023,47511
56005,WY,Campbell County,2024,47946
56007,WY,Carbon County,2020,14508
56007,WY,Carbon County,2021,14711
56007,WY,Carbon County,2022,14527
56007,WY,Carbon County,2023,14317
56007,WY,Carbon County,2024,14250
56009,WY,Converse County,2020,13750
56009,WY,Converse County,2021,13670
56009,WY,Converse County,2022,13774
56009,WY,Converse County,2023,13850
56009,WY,Converse County,2024,13766
56011,WY,Crook County,2020,7179
56011,WY,Crook County,2021,7309
56011,WY,Crook County,2022,7417
56011,WY,Crook County,2023,7596
56011,WY,Crook County,2024,7775
56013,WY,Fremont County,2020,39190
56013,WY,Fremont County,2021,39408
56013,WY,Fremont County,2022,39545
56013,WY,Fremont County,2023,39800
56013,WY,Fremont County,2024,39721
56015,WY,Goshen County,2020,12517
56015,WY,Goshen County,2021,12571
56015,WY,Goshen County,2022,12638
56015,WY,Goshen County,2023,12662
56015,WY,Goshen County,2024,12635
56017,WY,Hot Springs County,2020,4620
56017,WY,Hot Springs County,2021,4595
56017,WY,Hot Springs County,2022,4609
56017,WY,Hot Springs County,2023,4652
56017,WY,Hot Springs County,2024,4625
56019,WY,Johnson County,2020,8469
56019,WY,Johnson County,2021,8629
56019,WY,Johnson County,2022,8735
56019,WY,Johnson County,2023,8792
56019,WY,Johnson County,2024,8803
56021,WY,Laramie County,2020,100733
56021,WY,Laramie County,2021,100843
56021,WY,Laramie County,2022,100860
56021,WY,Laramie County,2023,101079
56021,WY,Laramie County,2024,101783
56023,WY,Lincoln County,2020,19658
56023,WY,Lincoln County,2021,20174
56023,WY,Lincoln County,2022,20690
56023,WY,Lincoln County,2023,20909
56023,WY,Lincoln County,2024,21000
56025,WY,Natrona County,2020,80300
56025,WY,Natrona County,2021,79642
56025,WY,Natrona County,2022,79565
56025,WY,Natrona County,2023,79968
56025,WY,Natrona County,2024,80410
56027,WY,Niobrara County,2020,2453
56027,WY,Niobrara County,2021,2413
56027,WY,Niobrara County,2022,2346
56027,WY,Niobrara County,2023,2327
56027,WY,Niobrara County,2024,2301
56029,WY,Park County,2020,29666
56029,WY,Park County,2021,30146
56029,WY,Park County,2022,30530
56029,WY,Park County,2023,30822
56029,WY,Park County,2024,31082
56031,WY,Platte County,2020,8632
56031,WY,Platte County,2021,8679
56031,WY,Platte County,2022,8655
56031,WY,Platte County,2023,8581
56031,WY,Platte County,2024,8512
56033,WY,Sheridan County,2020,31005
56033,WY,Sheridan County,2021,31663
56033,WY,Sheridan County,2022,32049
56033,WY,Sheridan County,2023,32581
56033,WY,Sheridan County,2024,32978
56035,WY,Sublette County,2020,8740
56035,WY,Sublette County,2021,8729
56035,WY,Sublette County,2022,8767
56035,WY,Sublette County,2023,8991
56035,WY,Sublette County,2024,8965
56037,WY,Sweetwater County,2020,42196
56037,WY,Sweetwater County,2021,41630
56037,WY,Sweetwater County,2022,41322
56037,WY,Sweetwater County,2023,41288
56037,WY,Sweetwater County,2024,41273
56039,WY,Teton County,2020,23384
56039,WY,Teton County,2021,23613
56039,WY,Teton County,2022,23341
56039,WY,Teton County,2023,23368
56039,WY,Teton County,2024,23272
56041,WY,Uinta County,2020,20461
56041,WY,Uinta County,2021,20690
56041,WY,Uinta County,2022,20722
56041,WY,Uinta County,2023,20724
56041,WY,Uinta County,2024,20621
56043,WY,Washakie County,2020,7663
56043,WY,Washakie County,2021,7727
56043,WY,Washakie County,2022,7728
56043,WY,Washakie County,2023,7736
56043,WY,Washakie County,2024,7662
56045,WY,Weston County,2020,6817
56045,WY,Weston County,2021,6747
56045,WY,Weston County,2022,6872
56045,WY,Weston County,2023,6828
56045,WY,Weston County,2024,6866
