county_fips,state_abbr,county_name,year,pop_65_plus
1001,AL,Autauga County,2024,11064
1003,AL,Baldwin County,2024,47089
1005,AL,Barbour County,2024,4384
1007,AL,Bibb County,2024,4006
1009,AL,Blount County,2024,10829
1011,AL,Bullock County,2024,1782
1013,AL,Butler County,2024,3286
1015,AL,Calhoun County,2024,20957
1017,AL,Chambers County,2024,6086
1019,AL,Cherokee County,2024,4705
1021,AL,Chilton County,2024,8507
1023,AL,Choctaw County,2024,2169
1025,AL,Clarke County,2024,3986
1027,AL,Clay County,2024,2563
1029,AL,Cleburne County,2024,2863
1031,AL,Coffee County,2024,10144
1033,AL,Colbert County,2024,10581
1035,AL,Conecuh County,2024,2000
1037,AL,Coosa County,2024,1852
1039,AL,Covington County,2024,6795
1041,AL,Crenshaw County,2024,2361
1043,AL,Cullman County,2024,16669
1045,AL,Dale County,2024,9012
1047,AL,Dallas County,2024,6398
1049,AL,DeKalb County,2024,13162
1051,AL,Elmore County,2024,16388
1053,AL,Escambia County,2024,6593
1055,AL,Etowah County,2024,18577
1057,AL,Fayette County,2024,2855
1059,AL,Franklin County,2024,5737
1061,AL,Geneva County,2024,4907
1063,AL,Greene County,2024,1283
1065,AL,Hale County,2024,2721
1067,AL,Henry County,2024,3265
1069,AL,Houston County,2024,19686
1071,AL,Jackson County,2024,9680
1073,AL,Jefferson County,2024,119654
1075,AL,Lamar County,2024,2438
1077,AL,Lauderdale County,2024,17550
1079,AL,Lawrence County,2024,6042
1081,AL,Lee County,2024,33812
1083,AL,Limestone County,2024,21410
1085,AL,Lowndes County,2024,1707
1087,AL,Macon County,2024,3269
1089,AL,Madison County,2024,76204
1091,AL,Marengo County,2024,3332
1093,AL,Marion County,2024,5278
1095,AL,Marshall County,2024,18388
1097,AL,Mobile County,2024,74221
1099,AL,Monroe County,2024,3430
1101,AL,Montgomery County,2024,40661
1103,AL,Morgan County,2024,22695
1105,AL,Perry County,2024,1389
1107,AL,Pickens County,2024,3331
1109,AL,Pike County,2024,5962
1111,AL,Randolph County,2024,4152
1113,AL,Russell County,2024,10591
1115,AL,St. Clair County,2024,17447
1117,AL,Shelby County,2024,42474
1119,AL,Sumter County,2024,2089
1121,AL,Talladega County,2024,14648
1123,AL,Tallapoosa County,2024,7326
1125,AL,Tuscaloosa County,2024,43418
1127,AL,Walker County,2024,11747
1129,AL,Washington County,2024,2703
1131,AL,Wilcox County,2024,1776
1133,AL,Winston County,2024,4296
2013,AK,Aleutians East Borough,2024,454
2016,AK,Aleutians West Census Area,2024,678
2020,AK,Anchorage Municipality,2024,36200
2050,AK,Bethel Census Area,2024,2280
2060,AK,Bristol Bay Borough,2024,110
2063,AK,Chugach Census Area,2024,826
2066,AK,Copper River Census Area,2024,329
2068,AK,Denali Borough,2024,203
2070,AK,Dillingham Census Area,2024,580
2090,AK,Fairbanks North Star Borough,2024,11869
2100,AK,Haines Borough,2024,263
2105,AK,Hoonah-Angoon Census Area,2024,289
2110,AK,Juneau City and Borough,2024,3946
2122,AK,Kenai Peninsula Borough,2024,7657
2130,AK,Ketchikan Gateway Borough,2024,1710
2150,AK,Kodiak Island Borough,2024,1582
2158,AK,Kusilvak Census Area,2024,993
2164,AK,Lake and Peninsula Borough,2024,164
2170,AK,Matanuska-Susitna Borough,2024,14702
2180,AK,Nome Census Area,2024,1230
2185,AK,North Slope Borough,2024,1333
2188,AK,Northwest Arctic Borough,2024,892
2195,AK,Petersburg Borough,2024,430
2198,AK,Prince of Wales-Hyder Census Area,2024,718
2220,AK,Sitka City and Borough,2024,1044
2230,AK,Skagway Municipality,2024,140
2240,AK,Southeast Fairbanks Census Area,2024,914
2275,AK,Wrangell City and Borough,2024,258
2282,AK,Yakutat City and Borough,2024,86
2290,AK,Yukon-Koyukuk Census Area,2024,637
4001,AZ,Apache County,2024,12182
4003,AZ,Cochise County,2024,23645
4005,AZ,Coconino County,2024,27290
4007,AZ,Gila County,2024,10166
4009,AZ,Graham County,2024,7565
4011,AZ,Greenlee County,2024,1769
4012,AZ,La Paz County,2024,3194
4013,AZ,Maricopa County,2024,526472
4015,AZ,Mohave County,2024,42578
4017,AZ,Navajo County,2024,20589
4019,AZ,Pima County,2024,203068
4021,AZ,Pinal County,2024,96606
4023,AZ,Santa Cruz County,2024,9496
4025,AZ,Yavapai County,2024,47378
4027,AZ,Yuma County,2024,41418
5001,AR,Arkansas County,2024,2809
5003,AR,Ashley County,2024,3147
5005,AR,Baxter County,2024,7526
5007,AR,Benton County,2024,56274
5009,AR,Boone County,2024,6761
5011,AR,Bradley County,2024,1739
5013,AR,Calhoun County,2024,821
5015,AR,Carroll County,2024,5069
5017,AR,Chicot County,2024,1623
5019,AR,Clark County,2024,3661
5021,AR,Clay County,2024,2470
5023,AR,Cleburne County,2024,4488
5025,AR,Cleveland County,2024,1289
5027,AR,Columbia County,2024,3854
5029,AR,Conway County,2024,3749
5031,AR,Craighead County,2024,20274
5033,AR,Crawford County,2024,10895
5035,AR,Crittenden County,2024,8161
5037,AR,Cross County,2024,2834
5039,AR,Dallas County,2024,1063
5041,AR,Desha County,2024,1806
5043,AR,Drew County,2024,2964
5045,AR,Faulkner County,2024,23032
5047,AR,Franklin County,2024,3078
5049,AR,Fulton County,2024,2196
5051,AR,Garland County,2024,17483
5053,AR,Grant County,2024,3246
5055,AR,Greene County,2024,8212
5057,AR,Hempstead County,2024,3343
5059,AR,Hot Spring County,2024,5830
5061,AR,Howard County,2024,2168
5063,AR,Independence County,2024,6710
5065,AR,Izard County,2024,2501
5067,AR,Jackson County,2024,2918
5069,AR,Jefferson County,2024,11143
5071,AR,Johnson County,2024,4580
5073,AR,Lafayette County,2024,1053
5075,AR,Lawrence County,2024,2853
5077,AR,Lee County,2024,1418
5079,AR,Lincoln County,2024,2252
5081,AR,Little River County,2024,2035
5083,AR,Logan County,2024,3755
5085,AR,Lonoke County,2024,13368
5087,AR,Madison County,2024,3126
5089,AR,Marion County,2024,3079
5091,AR,Miller County,2024,7343
5093,AR,Mississippi County,2024,6667
5095,AR,Monroe County,2024,1123
5097,AR,Montgomery County,2024,1489
5099,AR,Nevada County,2024,1401
5101,AR,Newton County,2024,1230
5103,AR,Ouachita County,2024,3795
5105,AR,Perry County,2024,1794
5107,AR,Phillips County,2024,2566
5109,AR,Pike County,2024,1755
5111,AR,Poinsett County,2024,3902
5113,AR,Polk County,2024,3401
5115,AR,Pope County,2024,11345
5117,AR,Prairie County,2024,1389
5119,AR,Pulaski County,2024,70212
5121,AR,Randolph County,2024,3332
5123,AR,St. Francis County,2024,3819
5125,AR,Saline County,2024,22969
5127,AR,Scott County,2024,1721
5129,AR,Searcy County,2024,1371
5131,AR,Sebastian County,2024,22756
5133,AR,Sevier County,2024,2754
5135,AR,Sharp County,2024,3173
5137,AR,Stone County,2024,2237
5139,AR,Union County,2024,6476
5141,AR,Van Buren County,2024,2827
5143,AR,Washington County,2024,46582
5145,AR,White County,2024,13841
5147,AR,Woodruff County,2024,1016
5149,AR,Yell County,2024,3523
6001,CA,Alameda County,2024,250657
6003,CA,Alpine County,2024,167
6005,CA,Amador County,2024,6388
6007,CA,Butte County,2024,31667
6009,CA,Calaveras County,2024,7069
6011,CA,Colusa County,2024,3355
6013,CA,Contra Costa County,2024,178236
6015,CA,Del Norte County,2024,4105
6017,CA,El Dorado County,2024,29309
6019,CA,Fresno County,2024,155667
6021,CA,Glenn County,2024,4302
6023,CA,Humboldt County,2024,20122
6025,CA,Imperial County,2024,27622
6027,CA,Inyo County,2024,2810
6029,CA,Kern County,2024,140224
6031,CA,Kings County,2024,23547
6033,CA,Lake County,2024,10300
6035,CA,Lassen County,2024,4308
6037,CA,Los Angeles County,2024,526472
6039,CA,Madera County,2024,25146
6041,CA,Marin County,2024,38973
6043,CA,Mariposa County,2024,2591
6045,CA,Mendocino County,2024,13555
6047,CA,Merced County,2024,45110
6049,CA,Modoc County,2024,1291
6051,CA,Mono County,2024,1975
6053,CA,Monterey County,2024,66310
6055,CA,Napa County,2024,20175
6057,CA,Nevada County,2024,15534
6059,CA,Orange County,2024,481906
6061,CA,Placer County,2024,65941
6063,CA,Plumas County,2024,2863
6065,CA,Riverside County,2024,384550
6067,CA,Sacramento County,2024,244907
6069,CA,San Benito County,2024,10512
6071,CA,San Bernardino County,2024,336571
6073,CA,San Diego County,2024,501417
6075,CA,San Francisco County,2024,125784
6077,CA,San Joaquin County,2024,124048
6079,CA,San Luis Obispo County,2024,42840
6081,CA,San Mateo County,2024,112920
6083,CA,Santa Barbara County,2024,67564
6085,CA,Santa Clara County,2024,292801
6087,CA,Santa Cruz County,2024,39886
6089,CA,Shasta County,2024,27530
6091,CA,Sierra County,2024,473
6093,CA,Siskiyou County,2024,6460
6095,CA,Solano County,2024,69175
6097,CA,Sonoma County,2024,73777
6099,CA,Stanislaus County,2024,84660
6101,CA,Sutter County,2024,14979
6103,CA,Tehama County,2024,9797
6105,CA,Trinity County,2024,2378
6107,CA,Tulare County,2024,73499
6109,CA,Tuolumne County,2024,8192
6111,CA,Ventura County,2024,126985
6113,CA,Yolo County,2024,34238
6115,CA,Yuba County,2024,13295
8001,CO,Adams County,2024,81989
8003,CO,Alamosa County,2024,2520
8005,CO,Arapahoe County,2024,100705
8007,CO,Archuleta County,2024,2131
8009,CO,Baca County,2024,508
8011,CO,Bent County,2024,873
8013,CO,Boulder County,2024,49870
8014,CO,Broomfield County,2024,11827
8015,CO,Chaffee County,2024,3138
8017,CO,Cheyenne County,2024,259
8019,CO,Clear Creek County,2024,1370
8021,CO,Conejos County,2024,1140
8023,CO,Costilla County,2024,557
8025,CO,Crowley County,2024,846
8027,CO,Custer County,2024,839
8029,CO,Delta County,2024,4864
8031,CO,Denver County,2024,110082
8033,CO,Dolores County,2024,373
8035,CO,Douglas County,2024,59493
8037,CO,Eagle County,2024,8204
8039,CO,Elbert County,2024,4437
8041,CO,El Paso County,2024,113669
8043,CO,Fremont County,2024,7564
8045,CO,Garfield County,2024,9538
8047,CO,Gilpin County,2024,900
8049,CO,Grand County,2024,2439
8051,CO,Gunnison County,2024,2614
8053,CO,Hinsdale County,2024,113
8055,CO,Huerfano County,2024,1055
8057,CO,Jackson County,2024,192
8059,CO,Jefferson County,2024,87358
8061,CO,Kiowa County,2024,210
8063,CO,Kit Carson County,2024,1069
8065,CO,Lake County,2024,1113
8067,CO,La Plata County,2024,8580
8069,CO,Larimer County,2024,56561
8071,CO,Las Animas County,2024,2192
8073,CO,Lincoln County,2024,845
8075,CO,Logan County,2024,3134
8077,CO,Mesa County,2024,24350
8079,CO,Mineral County,2024,141
8081,CO,Moffat County,2024,1984
8083,CO,Montezuma County,2024,4053
8085,CO,Montrose County,2024,6766
8087,CO,Morgan County,2024,4575
8089,CO,Otero County,2024,2717
8091,CO,Ouray County,2024,785
8093,CO,Park County,2024,2766
8095,CO,Phillips County,2024,678
8097,CO,Pitkin County,2024,2513
8099,CO,Prowers County,2024,1806
8101,CO,Pueblo County,2024,25650
8103,CO,Rio Blanco County,2024,998
8105,CO,Rio Grande County,2024,1681
8107,CO,Routt County,2024,3812
8109,CO,Saguache County,2024,1007
8111,CO,San Juan County,2024,124
8113,CO,San Miguel County,2024,1181
8115,CO,Sedgwick County,2024,341
8117,CO,Summit County,2024,4663
8119,CO,Teller County,2024,3754
8121,CO,Washington County,2024,720
8123,CO,Weld County,2024,55831
8125,CO,Yuma County,2024,1517
9110,CT,Capitol Planning Region,2024,178471
9120,CT,Greater Bridgeport Planning Region,2024,60420
9130,CT,Lower Connecticut River Valley Planning Region,2024,31957
9140,CT,Naugatuck Valley Planning Region,2024,83200
9150,CT,Northeastern Connecticut Planning Region,2024,17586
9160,CT,Northwest Hills Planning Region,2024,20538
9170,CT,South Central Connecticut Planning Region,2024,103809
9180,CT,Southeastern Connecticut Planning Region,2024,50868
9190,CT,Western Connecticut Planning Region,2024,114662
10001,DE,Kent County,2024,37189
10003,DE,New Castle County,2024,113502
10005,DE,Sussex County,2024,52329
11001,DC,District of Columbia,2024,100422
12001,FL,Alachua County,2024,63608
12003,FL,Baker County,2024,6393
12005,FL,Bay County,2024,43539
12007,FL,Bradford County,2024,6120
12009,FL,Brevard County,2024,143541
12011,FL,Broward County,2024,444169
12013,FL,Calhoun County,2024,2895
12015,FL,Charlotte County,2024,46243
12017,FL,Citrus County,2024,37098
12019,FL,Clay County,2024,51614
12021,FL,Collier County,2024,90739
12023,FL,Columbia County,2024,16127
12027,FL,DeSoto County,2024,8010
12029,FL,Dixie County,2024,3840
12031,FL,Duval County,2024,230025
12033,FL,Escambia County,2024,72218
12035,FL,Flagler County,2024,29810
12037,FL,Franklin County,2024,2829
12039,FL,Gadsden County,2024,9625
12041,FL,Gilchrist County,2024,4411
12043,FL,Glades County,2024,2863
12045,FL,Gulf County,2024,3461
12047,FL,Hamilton County,2024,3125
12049,FL,Hardee County,2024,5683
12051,FL,Hendry County,2024,10056
12053,FL,Hernando County,2024,47557
12055,FL,Highlands County,2024,23932
12057,FL,Hillsborough County,2024,344751
12059,FL,Holmes County,2024,4333
12061,FL,Indian River County,2024,37526
12063,FL,Jackson County,2024,10896
12065,FL,Jefferson County,2024,3471
12067,FL,Lafayette County,2024,1884
12069,FL,Lake County,2024,96836
12071,FL,Lee County,2024,187689
12073,FL,Leon County,2024,65506
12075,FL,Levy County,2024,10413
12077,FL,Liberty County,2024,1734
12079,FL,Madison County,2024,4003
12081,FL,Manatee County,2024,99921
12083,FL,Marion County,2024,93501
12085,FL,Martin County,2024,36115
12086,FL,Miami-Dade County,2024,526472
12087,FL,Monroe County,2024,17638
12089,FL,Nassau County,2024,22754
12091,FL,Okaloosa County,2024,48065
12093,FL,Okeechobee County,2024,9236
12095,FL,Orange County,2024,334335
12097,FL,Osceola County,2024,102037
12099,FL,Palm Beach County,2024,344888
12101,FL,Pasco County,2024,143687
12103,FL,Pinellas County,2024,210560
12105,FL,Polk County,2024,185927
12107,FL,Putnam County,2024,16852
12109,FL,St. Johns County,2024,73014
12111,FL,St. Lucie County,2024,85166
12113,FL,Santa Rosa County,2024,45268
12115,FL,Sarasota County,2024,103900
12117,FL,Seminole County,2024,107824
12119,FL,Sumter County,2024,33723
12121,FL,Suwannee County,2024,10363
12123,FL,Taylor County,2024,4762
12125,FL,Union County,2024,3431
12127,FL,Volusia County,2024,131404
12129,FL,Wakulla County,2024,8091
12131,FL,Walton County,2024,19547
12133,FL,Washington County,2024,5778
13001,GA,Appling County,2024,2894
13003,GA,Atkinson County,2024,1307
13005,GA,Bacon County,2024,1712
13007,GA,Baker County,2024,423
13009,GA,Baldwin County,2024,6765
13011,GA,Banks County,2024,3149
13013,GA,Barrow County,2024,14926
13015,GA,Bartow County,2024,18214
13017,GA,Ben Hill County,2024,2626
13019,GA,Berrien County,2024,2893
13021,GA,Bibb County,2024,24344
13023,GA,Bleckley County,2024,1957
13025,GA,Brantley County,2024,2913
13027,GA,Brooks County,2024,2533
13029,GA,Bryan County,2024,7921
13031,GA,Bulloch County,2024,13245
13033,GA,Burke County,2024,3793
13035,GA,Butts County,2024,4205
13037,GA,Calhoun County,2024,843
13039,GA,Camden County,2024,9160
13043,GA,Candler County,2024,1725
13045,GA,Carroll County,2024,20136
13047,GA,Catoosa County,2024,10686
13049,GA,Charlton County,2024,2018
13051,GA,Chatham County,2024,47637
13053,GA,Chattahoochee County,2024,1325
13055,GA,Chattooga County,2024,3922
13057,GA,Cherokee County,2024,45495
13059,GA,Clarke County,2024,20149
13061,GA,Clay County,2024,436
13063,GA,Clayton County,2024,46144
13065,GA,Clinch County,2024,1065
13067,GA,Cobb County,2024,122068
13069,GA,Coffee County,2024,6797
13071,GA,Colquitt County,2024,7281
13073,GA,Columbia County,2024,25958
13075,GA,Cook County,2024,2788
13077,GA,Coweta County,2024,24526
13079,GA,Crawford County,2024,1914
13081,GA,Crisp County,2024,3018
13083,GA,Dade County,2024,2491
13085,GA,Dawson County,2024,5231
13087,GA,Decatur County,2024,4556
13089,GA,DeKalb County,2024,119398
13091,GA,Dodge County,2024,3043
13093,GA,Dooly County,2024,1734
13095,GA,Dougherty County,2024,12775
13097,GA,Douglas County,2024,23542
13099,GA,Early County,2024,1619
13101,GA,Echols County,2024,573
13103,GA,Effingham County,2024,11338
13105,GA,Elbert County,2024,3124
13107,GA,Emanuel County,2024,3600
13109,GA,Evans County,2024,1685
13111,GA,Fannin County,2024,4007
13113,GA,Fayette County,2024,19392
13115,GA,Floyd County,2024,15715
13117,GA,Forsyth County,2024,43415
13119,GA,Franklin County,2024,3907
13121,GA,Fulton County,2024,169005
13123,GA,Gilmer County,2024,5166
13125,GA,Glascock County,2024,466
13127,GA,Glynn County,2024,13414
13129,GA,Gordon County,2024,9419
13131,GA,Grady County,2024,4072
13133,GA,Greene County,2024,3269
13135,GA,Gwinnett County,2024,155600
13137,GA,Habersham County,2024,7698
13139,GA,Hall County,2024,34370
13141,GA,Hancock County,2024,1346
13143,GA,Haralson County,2024,5023
13145,GA,Harris County,2024,5724
13147,GA,Hart County,2024,4348
13149,GA,Heard County,2024,1878
13151,GA,Henry County,2024,40194
13153,GA,Houston County,2024,27109
13155,GA,Irwin County,2024,1419
13157,GA,Jackson County,2024,14543
13159,GA,Jasper County,2024,2669
13161,GA,Jeff Davis County,2024,2343
13163,GA,Jefferson County,2024,2328
13165,GA,Jenkins County,2024,1370
13167,GA,Johnson County,2024,1423
13169,GA,Jones County,2024,4502
13171,GA,Lamar County,2024,3207
13173,GA,Lanier County,2024,1622
13175,GA,Laurens County,2024,7794
13177,GA,Lee County,2024,5281
13179,GA,Liberty County,2024,10634
13181,GA,Lincoln County,2024,1248
13183,GA,Long County,2024,3168
13185,GA,Lowndes County,2024,18923
13187,GA,Lumpkin County,2024,5582
13189,GA,McDuffie County,2024,3373
13191,GA,McIntosh County,2024,1829
13193,GA,Macon County,2024,1834
13195,GA,Madison County,2024,5080
13197,GA,Marion County,2024,1183
13199,GA,Meriwether County,2024,3323
13201,GA,Miller County,2024,903
13205,GA,Mitchell County,2024,3151
13207,GA,Monroe County,2024,4873
13209,GA,Montgomery County,2024,1328
13211,GA,Morgan County,2024,3401
13213,GA,Murray County,2024,6404
13215,GA,Muscogee County,2024,31284
13217,GA,Newton County,2024,19222
13219,GA,Oconee County,2024,6936
13221,GA,Oglethorpe County,2024,2507
13223,GA,Paulding County,2024,29225
13225,GA,Peach County,2024,4528
13227,GA,Pickens County,2024,5670
13229,GA,Pierce County,2024,3204
13231,GA,Pike County,2024,3204
13233,GA,Polk County,2024,6915
13235,GA,Pulaski County,2024,1578
13237,GA,Putnam County,2024,3624
13239,GA,Quitman County,2024,360
13241,GA,Rabun County,2024,2745
13243,GA,Randolph County,2024,943
13245,GA,Richmond County,2024,31977
13247,GA,Rockdale County,2024,15130
13249,GA,Schley County,2024,698
13251,GA,Screven County,2024,2220
13253,GA,Seminole County,2024,1437
13255,GA,Spalding County,2024,10895
13257,GA,Stephens County,2024,4262
13259,GA,Stewart County,2024,745
13261,GA,Sumter County,2024,4491
13263,GA,Talbot County,2024,892
13265,GA,Taliaferro County,2024,251
13267,GA,Tattnall County,2024,3763
13269,GA,Taylor County,2024,1206
13271,GA,Telfair County,2024,1705
13273,GA,Terrell County,2024,1348
13275,GA,Thomas County,2024,7138
13277,GA,Tift County,2024,6465
13279,GA,Toombs County,2024,4261
13281,GA,Towns County,2024,2044
13283,GA,Treutlen County,2024,995
13285,GA,Troup County,2024,11085
13287,GA,Turner County,2024,1399
13289,GA,Twiggs County,2024,1198
13291,GA,Union County,2024,4278
13293,GA,Upson County,2024,4395
13295,GA,Walker County,2024,10748
13297,GA,Walton County,2024,17018
13299,GA,Ware County,2024,5614
13301,GA,Warren County,2024,798
13303,GA,Washington County,2024,3074
13305,GA,Wayne County,2024,4980
13307,GA,Webster County,2024,359
13309,GA,Wheeler County,2024,1097
13311,GA,White County,2024,4599
13313,GA,Whitfield County,2024,16286
13315,GA,Wilcox County,2024,1380
13317,GA,Wilkes County,2024,1483
13319,GA,Wilkinson County,2024,1343
13321,GA,Worth County,2024,3141
15001,HI,Hawaii County,2024,38811
15003,HI,Honolulu County,2024,184768
15005,HI,Kalawao County,2024,15
15007,HI,Kauai County,2024,13660
15009,HI,Maui County,2024,30282
16001,ID,Ada County,2024,91086
16003,ID,Adams County,2024,850
16005,ID,Bannock County,2024,15472
16007,ID,Bear Lake County,2024,1152
16009,ID,Benewah County,2024,1790
16011,ID,Bingham County,2024,8651
16013,ID,Blaine County,2024,4294
16015,ID,Boise County,2024,1459
16017,ID,Bonner County,2024,9172
16019,ID,Bonneville County,2024,22719
16021,ID,Boundary County,2024,2387
16023,ID,Butte County,2024,465
16025,ID,Camas County,2024,212
16027,ID,Canyon County,2024,45372
16029,ID,Caribou County,2024,1231
16031,ID,Cassia County,2024,4416
16033,ID,Clark County,2024,135
16035,ID,Clearwater County,2024,1556
16037,ID,Custer County,2024,781
16039,ID,Elmore County,2024,5054
16041,ID,Franklin County,2024,2658
16043,ID,Fremont County,2024,2448
16045,ID,Gem County,2024,3716
16047,ID,Gooding County,2024,2752
16049,ID,Idaho County,2024,3045
16051,ID,Jefferson County,2024,5925
16053,ID,Jerome County,2024,4430
16055,ID,Kootenai County,2024,32015
16057,ID,Latah County,2024,7171
16059,ID,Lemhi County,2024,1427
16061,ID,Lewis County,2024,634
16063,ID,Lincoln County,2024,945
16065,ID,Madison County,2024,9443
16067,ID,Minidoka County,2024,3857
16069,ID,Nez Perce County,2024,7284
16071,ID,Oneida County,2024,846
16073,ID,Owyhee County,2024,2167
16075,ID,Payette County,2024,4703
16077,ID,Power County,2024,1425
16079,ID,Shoshone County,2024,2393
16081,ID,Teton County,2024,2198
16083,ID,Twin Falls County,2024,16407
16085,ID,Valley County,2024,2172
16087,ID,Washington County,2024,1962
17001,IL,Adams County,2024,10578
17003,IL,Alexander County,2024,758
17005,IL,Bond County,2024,2735
17007,IL,Boone County,2024,8797
17009,IL,Brown County,2024,1041
17011,IL,Bureau County,2024,5360
17013,IL,Calhoun County,2024,697
17015,IL,Carroll County,2024,2548
17017,IL,Cass County,2024,2098
17019,IL,Champaign County,2024,35042
17021,IL,Christian County,2024,5486
17023,IL,Clark County,2024,2488
17025,IL,Clay County,2024,2115
17027,IL,Clinton County,2024,6119
17029,IL,Coles County,2024,7660
17031,IL,Cook County,2024,526472
17033,IL,Crawford County,2024,3034
17035,IL,Cumberland County,2024,1700
17037,IL,DeKalb County,2024,16720
17039,IL,De Witt County,2024,2528
17041,IL,Douglas County,2024,3271
17043,IL,DuPage County,2024,154628
17045,IL,Edgar County,2024,2706
17047,IL,Edwards County,2024,987
17049,IL,Effingham County,2024,5709
17051,IL,Fayette County,2024,3491
17053,IL,Ford County,2024,2219
17055,IL,Franklin County,2024,6110
17057,IL,Fulton County,2024,5364
17059,IL,Gallatin County,2024,774
17061,IL,Greene County,2024,1884
17063,IL,Grundy County,2024,8883
17065,IL,Hamilton County,2024,1290
17067,IL,Hancock County,2024,2806
17069,IL,Hardin County,2024,586
17071,IL,Henderson County,2024,998
17073,IL,Henry County,2024,7949
17075,IL,Iroquois County,2024,4301
17077,IL,Jackson County,2024,8778
17079,IL,Jasper County,2024,1500
17081,IL,Jefferson County,2024,5958
17083,IL,Jersey County,2024,3490
17085,IL,Jo Daviess County,2024,3552
17087,IL,Johnson County,2024,2198
17089,IL,Kane County,2024,85965
17091,IL,Kankakee County,2024,17558
17093,IL,Kendall County,2024,23623
17095,IL,Knox County,2024,8038
17097,IL,Lake County,2024,118570
17099,IL,LaSalle County,2024,17884
17101,IL,Lawrence County,2024,2442
17103,IL,Lee County,2024,5535
17105,IL,Livingston County,2024,5837
17107,IL,Logan County,2024,4540
17109,IL,McDonough County,2024,4399
17111,IL,McHenry County,2024,52133
17113,IL,McLean County,2024,28391
17115,IL,Macon County,2024,16622
17117,IL,Macoupin County,2024,7243
17119,IL,Madison County,2024,43398
17121,IL,Marion County,2024,6012
17123,IL,Marshall County,2024,1906
17125,IL,Mason County,2024,2070
17127,IL,Massac County,2024,2248
17129,IL,Menard County,2024,1974
17131,IL,Mercer County,2024,2523
17133,IL,Monroe County,2024,5770
17135,IL,Montgomery County,2024,4556
17137,IL,Morgan County,2024,5382
17139,IL,Moultrie County,2024,2370
17141,IL,Ogle County,2024,8472
17143,IL,Peoria County,2024,29639
17145,IL,Perry County,2024,3345
17147,IL,Piatt County,2024,2744
17149,IL,Pike County,2024,2353
17151,IL,Pope County,2024,611
17153,IL,Pulaski County,2024,805
17155,IL,Putnam County,2024,929
17157,IL,Randolph County,2024,4934
17159,IL,Richland County,2024,2535
17161,IL,Rock Island County,2024,23551
17163,IL,St. Clair County,2024,41440
17165,IL,Saline County,2024,3766
17167,IL,Sangamon County,2024,32067
17169,IL,Schuyler County,2024,1114
17171,IL,Scott County,2024,805
17173,IL,Shelby County,2024,3389
17175,IL,Stark County,2024,870
17177,IL,Stephenson County,2024,7110
17179,IL,Tazewell County,2024,21420
17181,IL,Union County,2024,2786
17183,IL,Vermilion County,2024,11732
17185,IL,Wabash County,2024,1812
17187,IL,Warren County,2024,2676
17189,IL,Washington County,2024,2233
17191,IL,Wayne County,2024,2628
17193,IL,White County,2024,2210
17195,IL,Whiteside County,2024,9018
17197,IL,Will County,2024,116916
17199,IL,Williamson County,2024,11066
17201,IL,Winnebago County,2024,46825
17203,IL,Woodford County,2024,6318
18001,IN,Adams County,2024,6036
18003,IN,Allen County,2024,65884
18005,IN,Bartholomew County,2024,13982
18007,IN,Benton County,2024,1461
18009,IN,Blackford County,2024,1950
18011,IN,Boone County,2024,12998
18013,IN,Brown County,2024,2582
18015,IN,Carroll County,2024,3423
18017,IN,Cass County,2024,6197
18019,IN,Clark County,2024,21034
18021,IN,Clay County,2024,4360
18023,IN,Clinton County,2024,5428
18025,IN,Crawford County,2024,1736
18027,IN,Daviess County,2024,5626
18029,IN,Dearborn County,2024,8487
18031,IN,Decatur County,2024,4359
18033,IN,DeKalb County,2024,7314
18035,IN,Delaware County,2024,18637
18037,IN,Dubois County,2024,7199
18039,IN,Elkhart County,2024,34227
18041,IN,Fayette County,2024,3850
18043,IN,Floyd County,2024,13519
18045,IN,Fountain County,2024,2777
18047,IN,Franklin County,2024,3817
18049,IN,Fulton County,2024,3301
18051,IN,Gibson County,2024,5451
18053,IN,Grant County,2024,10966
18055,IN,Greene County,2024,5151
18057,IN,Hamilton County,2024,62651
18059,IN,Hancock County,2024,14654
18061,IN,Harrison County,2024,6596
18063,IN,Hendricks County,2024,31454
18065,IN,Henry County,2024,8098
18067,IN,Howard County,2024,13874
18069,IN,Huntington County,2024,6096
18071,IN,Jackson County,2024,7824
18073,IN,Jasper County,2024,5509
18075,IN,Jay County,2024,3327
18077,IN,Jefferson County,2024,5432
18079,IN,Jennings County,2024,4560
18081,IN,Johnson County,2024,28151
18083,IN,Knox County,2024,5919
18085,IN,Kosciusko County,2024,13310
18087,IN,LaGrange County,2024,6785
18089,IN,Lake County,2024,82988
18091,IN,LaPorte County,2024,18372
18093,IN,Lawrence County,2024,7457
18095,IN,Madison County,2024,22147
18097,IN,Marion County,2024,161969
18099,IN,Marshall County,2024,7667
18101,IN,Martin County,2024,1628
18103,IN,Miami County,2024,5876
18105,IN,Monroe County,2024,23216
18107,IN,Montgomery County,2024,6374
18109,IN,Morgan County,2024,12181
18111,IN,Newton County,2024,2332
18113,IN,Noble County,2024,7889
18115,IN,Ohio County,2024,989
18117,IN,Orange County,2024,3271
18119,IN,Owen County,2024,3605
18121,IN,Parke County,2024,2724
18123,IN,Perry County,2024,3188
18125,IN,Pike County,2024,1999
18127,IN,Porter County,2024,29017
18129,IN,Posey County,2024,4136
18131,IN,Pulaski County,2024,2049
18133,IN,Putnam County,2024,6238
18135,IN,Randolph County,2024,4016
18137,IN,Ripley County,2024,4820
18139,IN,Rush County,2024,2765
18141,IN,St. Joseph County,2024,45168
18143,IN,Scott County,2024,4084
18145,IN,Shelby County,2024,7533
18147,IN,Spencer County,2024,3332
18149,IN,Starke County,2024,3871
18151,IN,Steuben County,2024,5752
18153,IN,Sullivan County,2024,3427
18155,IN,Switzerland County,2024,1648
18157,IN,Tippecanoe County,2024,31622
18159,IN,Tipton County,2024,2528
18161,IN,Union County,2024,1136
18163,IN,Vanderburgh County,2024,29764
18165,IN,Vermillion County,2024,2560
18167,IN,Vigo County,2024,17517
18169,IN,Wabash County,2024,5078
18171,IN,Warren County,2024,1394
18173,IN,Warrick County,2024,10946
18175,IN,Washington County,2024,4677
18177,IN,Wayne County,2024,10958
18179,IN,Wells County,2024,4752
18181,IN,White County,2024,4097
18183,IN,Whitley County,2024,5756
19001,IA,Adair County,2024,1323
19003,IA,Adams County,2024,642
19005,IA,Allamakee County,2024,2525
19007,IA,Appanoose County,2024,2155
19009,IA,Audubon County,2024,990
19011,IA,Benton County,2024,4592
19013,IA,Black Hawk County,2024,23558
19015,IA,Boone County,2024,4758
19017,IA,Bremer County,2024,4508
19019,IA,Buchanan County,2024,3690
19021,IA,Buena Vista County,2024,3705
19023,IA,Butler County,2024,2520
19025,IA,Calhoun County,2024,1729
19027,IA,Carroll County,2024,3632
19029,IA,Cass County,2024,2318
19031,IA,Cedar County,2024,3245
19033,IA,Cerro Gordo County,2024,7564
19035,IA,Cherokee County,2024,2075
19037,IA,Chickasaw County,2024,2086
19039,IA,Clarke County,2024,1695
19041,IA,Clay County,2024,2932
19043,IA,Clayton County,2024,3014
19045,IA,Clinton County,2024,8191
19047,IA,Crawford County,2024,2915
19049,IA,Dallas County,2024,20531
19051,IA,Davis County,2024,1636
19053,IA,Decatur County,2024,1363
19055,IA,Delaware County,2024,3134
19057,IA,Des Moines County,2024,6837
19059,IA,Dickinson County,2024,3232
19061,IA,Dubuque County,2024,17665
19063,IA,Emmet County,2024,1631
19065,IA,Fayette County,2024,3409
19067,IA,Floyd County,2024,2671
19069,IA,Franklin County,2024,1784
19071,IA,Fremont County,2024,1156
19073,IA,Greene County,2024,1542
19075,IA,Grundy County,2024,2208
19077,IA,Guthrie County,2024,1918
19079,IA,Hamilton County,2024,2644
19081,IA,Hancock County,2024,1890
19083,IA,Hardin County,2024,2931
19085,IA,Harrison County,2024,2603
19087,IA,Henry County,2024,3446
19089,IA,Howard County,2024,1666
19091,IA,Humboldt County,2024,1712
19093,IA,Ida County,2024,1212
19095,IA,Iowa County,2024,2923
19097,IA,Jackson County,2024,3451
19099,IA,Jasper County,2024,6783
19101,IA,Jefferson County,2024,2809
19103,IA,Johnson County,2024,28494
19105,IA,Jones County,2024,3759
19107,IA,Keokuk County,2024,1754
19109,IA,Kossuth County,2024,2565
19111,IA,Lee County,2024,5763
19113,IA,Linn County,2024,41254
19115,IA,Louisa County,2024,1892
19117,IA,Lucas County,2024,1559
19119,IA,Lyon County,2024,2203
19121,IA,Madison County,2024,3055
19123,IA,Mahaska County,2024,3922
19125,IA,Marion County,2024,6061
19127,IA,Marshall County,2024,7190
19129,IA,Mills County,2024,2620
19131,IA,Mitchell County,2024,1892
19133,IA,Monona County,2024,1500
19135,IA,Monroe County,2024,1312
19137,IA,Montgomery County,2024,1791
19139,IA,Muscatine County,2024,7499
19141,IA,O'Brien County,2024,2538
19143,IA,Osceola County,2024,1074
19145,IA,Page County,2024,2677
19147,IA,Palo Alto County,2024,1568
19149,IA,Plymouth County,2024,4597
19151,IA,Pocahontas County,2024,1247
19153,IA,Polk County,2024,91881
19155,IA,Pottawattamie County,2024,16648
19157,IA,Poweshiek County,2024,3285
19159,IA,Ringgold County,2024,820
19161,IA,Sac County,2024,1697
19163,IA,Scott County,2024,31257
19165,IA,Shelby County,2024,2104
19167,IA,Sioux County,2024,6507
19169,IA,Story County,2024,18245
19171,IA,Tama County,2024,2979
19173,IA,Taylor County,2024,1037
19175,IA,Union County,2024,2128
19177,IA,Van Buren County,2024,1285
19179,IA,Wapello County,2024,6351
19181,IA,Warren County,2024,10029
19183,IA,Washington County,2024,4028
19185,IA,Wayne County,2024,1179
19187,IA,Webster County,2024,6570
19189,IA,Winnebago County,2024,1848
19191,IA,Winneshiek County,2024,3511
19193,IA,Woodbury County,2024,19092
19195,IA,Worth County,2024,1301
19197,IA,Wright County,2024,2266
20001,KS,Allen County,2024,2025
20003,KS,Anderson County,2024,1289
20005,KS,Atchison County,2024,2649
20007,KS,Barber County,2024,663
20009,KS,Barton County,2024,4048
20011,KS,Bourbon County,2024,2351
20013,KS,Brown County,2024,1490
20015,KS,Butler County,2024,11273
20017,KS,Chase County,2024,409
20019,KS,Chautauqua County,2024,544
20021,KS,Cherokee County,2024,3119
20023,KS,Cheyenne County,2024,431
20025,KS,Clark County,2024,305
20027,KS,Clay County,2024,1299
20029,KS,Cloud County,2024,1422
20031,KS,Coffey County,2024,1353
20033,KS,Comanche County,2024,276
20035,KS,Cowley County,2024,5572
20037,KS,Crawford County,2024,6341
20039,KS,Decatur County,2024,443
20041,KS,Dickinson County,2024,3035
20043,KS,Doniphan County,2024,1235
20045,KS,Douglas County,2024,19884
20047,KS,Edwards County,2024,445
20049,KS,Elk County,2024,397
20051,KS,Ellis County,2024,4728
20053,KS,Ellsworth County,2024,1030
20055,KS,Finney County,2024,6252
20057,KS,Ford County,2024,5554
20059,KS,Franklin County,2024,4282
20061,KS,Geary County,2024,5780
20063,KS,Gove County,2024,433
20065,KS,Graham County,2024,386
20067,KS,Grant County,2024,1157
20069,KS,Gray County,2024,934
20071,KS,Greeley County,2024,188
20073,KS,Greenwood County,2024,957
20075,KS,Hamilton County,2024,406
20077,KS,Harper County,2024,882
20079,KS,Harvey County,2024,5484
20081,KS,Haskell County,2024,585
20083,KS,Hodgeman County,2024,273
20085,KS,Jackson County,2024,2205
20087,KS,Jefferson County,2024,2988
20089,KS,Jewell County,2024,473
20091,KS,Johnson County,2024,103061
20093,KS,Kearny County,2024,621
20095,KS,Kingman County,2024,1132
20097,KS,Kiowa County,2024,397
20099,KS,Labette County,2024,3210
20101,KS,Lane County,2024,242
20103,KS,Leavenworth County,2024,13801
20105,KS,Lincoln County,2024,477
20107,KS,Linn County,2024,1604
20109,KS,Logan County,2024,439
20111,KS,Lyon County,2024,5301
20113,KS,McPherson County,2024,4944
20115,KS,Marion County,2024,1902
20117,KS,Marshall County,2024,1622
20119,KS,Meade County,2024,634
20121,KS,Miami County,2024,5825
20123,KS,Mitchell County,2024,946
20125,KS,Montgomery County,2024,4965
20127,KS,Morris County,2024,860
20129,KS,Morton County,2024,405
20131,KS,Nemaha County,2024,1640
20133,KS,Neosho County,2024,2535
20135,KS,Ness County,2024,427
20137,KS,Norton County,2024,870
20139,KS,Osage County,2024,2565
20141,KS,Osborne County,2024,547
20143,KS,Ottawa County,2024,954
20145,KS,Pawnee County,2024,980
20147,KS,Phillips County,2024,771
20149,KS,Pottawatomie County,2024,4381
20151,KS,Pratt County,2024,1489
20153,KS,Rawlins County,2024,396
20155,KS,Reno County,2024,10011
20157,KS,Republic County,2024,752
20159,KS,Rice County,2024,1513
20161,KS,Riley County,2024,11827
20163,KS,Rooks County,2024,774
20165,KS,Rush County,2024,458
20167,KS,Russell County,2024,1079
20169,KS,Saline County,2024,8714
20171,KS,Scott County,2024,801
20173,KS,Sedgwick County,2024,87381
20175,KS,Seward County,2024,3468
20177,KS,Shawnee County,2024,29005
20179,KS,Sheridan County,2024,391
20181,KS,Sherman County,2024,945
20183,KS,Smith County,2024,577
20185,KS,Stafford County,2024,636
20187,KS,Stanton County,2024,338
20189,KS,Stevens County,2024,821
20191,KS,Sumner County,2024,3641
20193,KS,Thomas County,2024,1272
20195,KS,Trego County,2024,452
20197,KS,Wabaunsee County,2024,1159
20199,KS,Wallace County,2024,240
20201,KS,Washington County,2024,908
20203,KS,Wichita County,2024,338
20205,KS,Wilson County,2024,1369
20207,KS,Woodson County,2024,507
20209,KS,Wyandotte County,2024,27615
21001,KY,Adair County,2024,3328
21003,KY,Allen County,2024,3812
21005,KY,Anderson County,2024,4305
21007,KY,Ballard County,2024,1319
21009,KY,Barren County,2024,7890
21011,KY,Bath County,2024,2241
21013,KY,Bell County,2024,3988
21015,KY,Boone County,2024,24935
21017,KY,Bourbon County,2024,3518
21019,KY,Boyd County,2024,8265
21021,KY,Boyle County,2024,5431
21023,KY,Bracken County,2024,1470
21025,KY,Breathitt County,2024,2215
21027,KY,Breckinridge County,2024,3671
21029,KY,Bullitt County,2024,14844
21031,KY,Butler County,2024,2171
21033,KY,Caldwell County,2024,2182
21035,KY,Calloway County,2024,6743
21037,KY,Campbell County,2024,16263
21039,KY,Carlisle County,2024,826
21041,KY,Carroll County,2024,1922
21043,KY,Carter County,2024,4515
21045,KY,Casey County,2024,2759
21047,KY,Christian County,2024,12284
21049,KY,Clark County,2024,6517
21051,KY,Clay County,2024,3389
21053,KY,Clinton County,2024,1589
21055,KY,Crittenden County,2024,1554
21057,KY,Cumberland County,2024,1046
21059,KY,Daviess County,2024,18071
21061,KY,Edmonson County,2024,2186
21063,KY,Elliott County,2024,1256
21065,KY,Estill County,2024,2422
21067,KY,Fayette County,2024,56993
21069,KY,Fleming County,2024,2697
21071,KY,Floyd County,2024,5974
21073,KY,Franklin County,2024,9072
21075,KY,Fulton County,2024,1087
21077,KY,Gallatin County,2024,1523
21079,KY,Garrard County,2024,3121
21081,KY,Grant County,2024,4450
21083,KY,Graves County,2024,6370
21085,KY,Grayson County,2024,4683
21087,KY,Green County,2024,1998
21089,KY,Greenup County,2024,6102
21091,KY,Hancock County,2024,1559
21093,KY,Hardin County,2024,19519
21095,KY,Harlan County,2024,4334
21097,KY,Harrison County,2024,3378
21099,KY,Hart County,2024,3447
21101,KY,Henderson County,2024,7642
21103,KY,Henry County,2024,2802
21105,KY,Hickman County,2024,760
21107,KY,Hopkins County,2024,7823
21109,KY,Jackson County,2024,2311
21111,KY,Jefferson County,2024,137341
21113,KY,Jessamine County,2024,9774
21115,KY,Johnson County,2024,3823
21117,KY,Kenton County,2024,30251
21119,KY,Knott County,2024,2325
21121,KY,Knox County,2024,5131
21123,KY,Larue County,2024,2617
21125,KY,Laurel County,2024,10960
21127,KY,Lawrence County,2024,2733
21129,KY,Lee County,2024,1265
21131,KY,Leslie County,2024,1683
21133,KY,Letcher County,2024,3484
21135,KY,Lewis County,2024,2227
21137,KY,Lincoln County,2024,4309
21139,KY,Livingston County,2024,1525
21141,KY,Logan County,2024,4925
21143,KY,Lyon County,2024,1570
21145,KY,McCracken County,2024,11686
21147,KY,McCreary County,2024,2911
21149,KY,McLean County,2024,1579
21151,KY,Madison County,2024,17228
21153,KY,Magoffin County,2024,1923
21155,KY,Marion County,2024,3434
21157,KY,Marshall County,2024,5490
21159,KY,Martin County,2024,1850
21161,KY,Mason County,2024,2933
21163,KY,Meade County,2024,5266
21165,KY,Menifee County,2024,1097
21167,KY,Mercer County,2024,4068
21169,KY,Metcalfe County,2024,1827
21171,KY,Monroe County,2024,1931
21173,KY,Montgomery County,2024,4977
21175,KY,Morgan County,2024,2474
21177,KY,Muhlenberg County,2024,5279
21179,KY,Nelson County,2024,8426
21181,KY,Nicholas County,2024,1352
21183,KY,Ohio County,2024,4140
21185,KY,Oldham County,2024,12201
21187,KY,Owen County,2024,1978
21189,KY,Owsley County,2024,680
21191,KY,Pendleton County,2024,2568
21193,KY,Perry County,2024,4626
21195,KY,Pike County,2024,9589
21197,KY,Powell County,2024,2237
21199,KY,Pulaski County,2024,11564
21201,KY,Robertson County,2024,412
21203,KY,Rockcastle County,2024,2807
21205,KY,Rowan County,2024,4269
21207,KY,Russell County,2024,3193
21209,KY,Scott County,2024,10674
21211,KY,Shelby County,2024,8671
21213,KY,Simpson County,2024,3521
21215,KY,Spencer County,2024,3602
21217,KY,Taylor County,2024,4638
21219,KY,Todd County,2024,2207
21221,KY,Trigg County,2024,2519
21223,KY,Trimble County,2024,1486
21225,KY,Union County,2024,2280
21227,KY,Warren County,2024,25593
21229,KY,Washington County,2024,2123
21231,KY,Wayne County,2024,3396
21233,KY,Webster County,2024,2224
21235,KY,Whitley County,2024,6441
21237,KY,Wolfe County,2024,1101
21239,KY,Woodford County,2024,4797
22001,LA,Acadia Parish,2024,9283
22003,LA,Allen Parish,2024,3690
22005,LA,Ascension Parish,2024,21900
22007,LA,Assumption Parish,2024,3288
22009,LA,Avoyelles Parish,2024,6293
22011,LA,Beauregard Parish,2024,6018
22013,LA,Bienville Parish,2024,2036
22015,LA,Bossier Parish,2024,21501
22017,LA,Caddo Parish,2024,36882
22019,LA,Calcasieu Parish,2024,33925
22021,LA,Caldwell Parish,2024,1540
22023,LA,Cameron Parish,2024,767
22025,LA,Catahoula Parish,2024,1358
22027,LA,Claiborne Parish,2024,2220
22029,LA,Concordia Parish,2024,2919
22031,LA,De Soto Parish,2024,4473
22033,LA,East Baton Rouge Parish,2024,74296
22035,LA,East Carroll Parish,2024,1130
22037,LA,East Feliciana Parish,2024,3134
22039,LA,Evangeline Parish,2024,5206
22041,LA,Franklin Parish,2024,3134
22043,LA,Grant Parish,2024,3626
22045,LA,Iberia Parish,2024,11077
22047,LA,Iberville Parish,2024,4882
22049,LA,Jackson Parish,2024,2427
22051,LA,Jefferson Parish,2024,70069
22053,LA,Jefferson Davis Parish,2024,5156
22055,LA,Lafayette Parish,2024,41696
22057,LA,Lafourche Parish,2024,15636
22059,LA,LaSalle Parish,2024,2411
22061,LA,Lincoln Parish,2024,7912
22063,LA,Livingston Parish,2024,25073
22065,LA,Madison Parish,2024,1491
22067,LA,Morehouse Parish,2024,3901
22069,LA,Natchitoches Parish,2024,5901
22071,LA,Orleans Parish,2024,59483
22073,LA,Ouachita Parish,2024,25891
22075,LA,Plaquemines Parish,2024,3655
22077,LA,Pointe Coupee Parish,2024,3255
22079,LA,Rapides Parish,2024,20647
22081,LA,Red River Parish,2024,1187
22083,LA,Richland Parish,2024,3221
22085,LA,Sabine Parish,2024,3566
22087,LA,St. Bernard Parish,2024,7344
22089,LA,St. Charles Parish,2024,8266
22091,LA,St. Helena Parish,2024,1781
22093,LA,St. James Parish,2024,3134
22095,LA,St. John the Baptist Parish,2024,6510
22097,LA,St. Landry Parish,2024,13263
22099,LA,St. Martin Parish,2024,8400
22101,LA,St. Mary Parish,2024,7675
22103,LA,St. Tammany Parish,2024,45529
22105,LA,Tangipahoa Parish,2024,22931
22107,LA,Tensas Parish,2024,630
22109,LA,Terrebonne Parish,2024,17034
22111,LA,Union Parish,2024,3381
22113,LA,Vermilion Parish,2024,9453
22115,LA,Vernon Parish,2024,7514
22117,LA,Washington Parish,2024,7395
22119,LA,Webster Parish,2024,5770
22121,LA,West Baton Rouge Parish,2024,4662
22123,LA,West Carroll Parish,2024,1518
22125,LA,West Feliciana Parish,2024,2485
22127,LA,Winn Parish,2024,2198
23001,ME,Androscoggin County,2024,25360
23003,ME,Aroostook County,2024,14691
23005,ME,Cumberland County,2024,69038
23007,ME,Franklin County,2024,6798
23009,ME,Hancock County,2024,12528
23011,ME,Kennebec County,2024,28261
23013,ME,Knox County,2024,9016
23015,ME,Lincoln County,2024,8028
23017,ME,Oxford County,2024,13209
23019,ME,Penobscot County,2024,34505
23021,ME,Piscataquis County,2024,3835
23023,ME,Sagadahoc County,2024,8268
23025,ME,Somerset County,2024,11294
23027,ME,Waldo County,2024,8936
23029,ME,Washington County,2024,6904
23031,ME,York County,2024,48431
24001,MD,Allegany County,2024,11071
24003,MD,Anne Arundel County,2024,99388
24005,MD,Baltimore County,2024,140650
24009,MD,Calvert County,2024,15661
24011,MD,Caroline County,2024,5651
24013,MD,Carroll County,2024,29223
24015,MD,Cecil County,2024,17540
24017,MD,Charles County,2024,28789
24019,MD,Dorchester County,2024,5468
24021,MD,Frederick County,2024,49387
24023,MD,Garrett County,2024,4685
24025,MD,Harford County,2024,43810
24027,MD,Howard County,2024,56045
24029,MD,Kent County,2024,3227
24031,MD,Montgomery County,2024,178575
24033,MD,Prince George's County,2024,159494
24035,MD,Queen Anne's County,2024,8859
24037,MD,St. Mary's County,2024,19217
24039,MD,Somerset County,2024,4165
24041,MD,Talbot County,2024,6310
24043,MD,Washington County,2024,25943
24045,MD,Wicomico County,2024,17544
24047,MD,Worcester County,2024,8966
24510,MD,Baltimore city,2024,93765
25001,MA,Barnstable County,2024,40700
25003,MA,Berkshire County,2024,22527
25005,MA,Bristol County,2024,103004
25007,MA,Dukes County,2024,3686
25009,MA,Essex County,2024,144189
25011,MA,Franklin County,2024,12402
25013,MA,Hampden County,2024,81226
25015,MA,Hampshire County,2024,28945
25017,MA,Middlesex County,2024,292067
25019,MA,Nantucket County,2024,2567
25021,MA,Norfolk County,2024,129632
25023,MA,Plymouth County,2024,94866
25025,MA,Suffolk County,2024,138800
25027,MA,Worcester County,2024,154218
26001,MI,Alcona County,2024,1912
26003,MI,Alger County,2024,1565
26005,MI,Allegan County,2024,22037
26007,MI,Alpena County,2024,5203
26009,MI,Antrim County,2024,4416
26011,MI,Arenac County,2024,2716
26013,MI,Baraga County,2024,1470
26015,MI,Barry County,2024,11524
26017,MI,Bay County,2024,18477
26019,MI,Benzie County,2024,3334
26021,MI,Berrien County,2024,27487
26023,MI,Branch County,2024,8314
26025,MI,Calhoun County,2024,24081
26027,MI,Cass County,2024,9279
26029,MI,Charlevoix County,2024,4699
26031,MI,Cheboygan County,2024,4674
26033,MI,Chippewa County,2024,6526
26035,MI,Clare County,2024,5653
26037,MI,Clinton County,2024,14409
26039,MI,Crawford County,2024,2448
26041,MI,Delta County,2024,6604
26043,MI,Dickinson County,2024,4679
26045,MI,Eaton County,2024,19709
26047,MI,Emmet County,2024,6111
26049,MI,Genesee County,2024,72410
26051,MI,Gladwin County,2024,4679
26053,MI,Gogebic County,2024,2559
26055,MI,Grand Traverse County,2024,17392
26057,MI,Gratiot County,2024,7447
26059,MI,Hillsdale County,2024,8206
26061,MI,Houghton County,2024,6847
26063,MI,Huron County,2024,5540
26065,MI,Ingham County,2024,52277
26067,MI,Ionia County,2024,11925
26069,MI,Iosco County,2024,4565
26071,MI,Iron County,2024,2108
26073,MI,Isabella County,2024,11713
26075,MI,Jackson County,2024,28842
26077,MI,Kalamazoo County,2024,47660
26079,MI,Kalkaska County,2024,3351
26081,MI,Kent County,2024,121140
26083,MI,Keweenaw County,2024,389
26085,MI,Lake County,2024,2341
26087,MI,Lapeer County,2024,16050
26089,MI,Leelanau County,2024,4117
26091,MI,Lenawee County,2024,17594
26093,MI,Livingston County,2024,35456
26095,MI,Luce County,2024,1139
26097,MI,Mackinac County,2024,2006
26099,MI,Macomb County,2024,159512
26101,MI,Manistee County,2024,4593
26103,MI,Marquette County,2024,12236
26105,MI,Mason County,2024,5237
26107,MI,Mecosta County,2024,7550
26109,MI,Menominee County,2024,4149
26111,MI,Midland County,2024,15124
26113,MI,Missaukee County,2024,2743
26115,MI,Monroe County,2024,28088
26117,MI,Montcalm County,2024,12477
26119,MI,Montmorency County,2024,1769
26121,MI,Muskegon County,2024,31937
26123,MI,Newaygo County,2024,9271
26125,MI,Oakland County,2024,233440
26127,MI,Oceana County,2024,4863
26129,MI,Ogemaw County,2024,3777
26131,MI,Ontonagon County,2024,1048
26133,MI,Osceola County,2024,4227
26135,MI,Oscoda County,2024,1547
26137,MI,Otsego County,2024,4695
26139,MI,Ottawa County,2024,55122
26141,MI,Presque Isle County,2024,2381
26143,MI,Roscommon County,2024,4308
26145,MI,Saginaw County,2024,33789
26147,MI,St. Clair County,2024,28855
26149,MI,St. Joseph County,2024,11011
26151,MI,Sanilac County,2024,7253
26153,MI,Schoolcraft County,2024,1472
26155,MI,Shiawassee County,2024,12237
26157,MI,Tuscola County,2024,9496
26159,MI,Van Buren County,2024,13703
26161,MI,Washtenaw County,2024,67298
26163,MI,Wayne County,2024,318791
26165,MI,Wexford County,2024,6203
27001,MN,Aitkin County,2024,2695
27003,MN,Anoka County,2024,62179
27005,MN,Becker County,2024,5848
27007,MN,Beltrami County,2024,7716
27009,MN,Benton County,2024,6910
27011,MN,Big Stone County,2024,836
27013,MN,Blue Earth County,2024,11666
27015,MN,Brown County,2024,4242
27017,MN,Carlton County,2024,6063
27019,MN,Carver County,2024,18584
27021,MN,Cass County,2024,5188
27023,MN,Chippewa County,2024,2029
27025,MN,Chisago County,2024,9752
27027,MN,Clay County,2024,11030
27029,MN,Clearwater County,2024,1424
27031,MN,Cook County,2024,919
27033,MN,Cottonwood County,2024,1871
27035,MN,Crow Wing County,2024,11326
27037,MN,Dakota County,2024,74771
27039,MN,Dodge County,2024,3505
27041,MN,Douglas County,2024,6589
27043,MN,Faribault County,2024,2291
27045,MN,Fillmore County,2024,3548
27047,MN,Freeborn County,2024,5002
27049,MN,Goodhue County,2024,7917
27051,MN,Grant County,2024,1008
27053,MN,Hennepin County,2024,210100
27055,MN,Houston County,2024,3028
27057,MN,Hubbard County,2024,3638
27059,MN,Isanti County,2024,7208
27061,MN,Itasca County,2024,7498
27063,MN,Jackson County,2024,1627
27065,MN,Kanabec County,2024,2740
27067,MN,Kandiyohi County,2024,7371
27069,MN,Kittson County,2024,659
27071,MN,Koochiching County,2024,1913
27073,MN,Lac qui Parle County,2024,1095
27075,MN,Lake County,2024,1765
27077,MN,Lake of the Woods County,2024,627
27079,MN,Le Sueur County,2024,4861
27081,MN,Lincoln County,2024,918
27083,MN,Lyon County,2024,4220
27085,MN,McLeod County,2024,6069
27087,MN,Mahnomen County,2024,874
27089,MN,Marshall County,2024,1447
27091,MN,Martin County,2024,3228
27093,MN,Meeker County,2024,3876
27095,MN,Mille Lacs County,2024,4550
27097,MN,Morrison County,2024,5696
27099,MN,Mower County,2024,6748
27101,MN,Murray County,2024,1327
27103,MN,Nicollet County,2024,5691
27105,MN,Nobles County,2024,3625
27107,MN,Norman County,2024,1037
27109,MN,Olmsted County,2024,27460
27111,MN,Otter Tail County,2024,10046
27113,MN,Pennington County,2024,2253
27115,MN,Pine County,2024,5003
27117,MN,Pipestone County,2024,1502
27119,MN,Polk County,2024,5018
27121,MN,Pope County,2024,1897
27123,MN,Ramsey County,2024,89432
27125,MN,Red Lake County,2024,641
27127,MN,Redwood County,2024,2517
27129,MN,Renville County,2024,2385
27131,MN,Rice County,2024,11389
27133,MN,Rock County,2024,1572
27135,MN,Roseau County,2024,2519
27137,MN,St. Louis County,2024,33131
27139,MN,Scott County,2024,25939
27141,MN,Sherburne County,2024,17005
27143,MN,Sibley County,2024,2507
27145,MN,Stearns County,2024,27060
27147,MN,Steele County,2024,6177
27149,MN,Stevens County,2024,1620
27151,MN,Swift County,2024,1595
27153,MN,Todd County,2024,4283
27155,MN,Traverse County,2024,517
27157,MN,Wabasha County,2024,3560
27159,MN,Wadena County,2024,2382
27161,MN,Waseca County,2024,3083
27163,MN,Washington County,2024,46853
27165,MN,Watonwan County,2024,1849
27167,MN,Wilkin County,2024,1034
27169,MN,Winona County,2024,8246
27171,MN,Wright County,2024,25508
27173,MN,Yellow Medicine County,2024,1547
28001,MS,Adams County,2024,4875
28003,MS,Alcorn County,2024,5819
28005,MS,Amite County,2024,2117
28007,MS,Attala County,2024,2928
28009,MS,Benton County,2024,1286
28011,MS,Bolivar County,2024,4827
28013,MS,Calhoun County,2024,2168
28015,MS,Carroll County,2024,1594
28017,MS,Chickasaw County,2024,2852
28019,MS,Choctaw County,2024,1375
28021,MS,Claiborne County,2024,1381
28023,MS,Clarke County,2024,2576
28025,MS,Clay County,2024,3096
28027,MS,Coahoma County,2024,3418
28029,MS,Copiah County,2024,4681
28031,MS,Covington County,2024,3063
28033,MS,DeSoto County,2024,33298
28035,MS,Forrest County,2024,13334
28037,MS,Franklin County,2024,1278
28039,MS,George County,2024,4400
28041,MS,Greene County,2024,2325
28043,MS,Grenada County,2024,3558
28045,MS,Hancock County,2024,7904
28047,MS,Harrison County,2024,36334
28049,MS,Hinds County,2024,36036
28051,MS,Holmes County,2024,2645
28053,MS,Humphreys County,2024,1211
28055,MS,Issaquena County,2024,220
28057,MS,Itawamba County,2024,4114
28059,MS,Jackson County,2024,24990
28061,MS,Jasper County,2024,2686
28063,MS,Jefferson County,2024,1173
28065,MS,Jefferson Davis County,2024,1880
28067,MS,Jones County,2024,11192
28069,MS,Kemper County,2024,1456
28071,MS,Lafayette County,2024,10173
28073,MS,Lamar County,2024,11345
28075,MS,Lauderdale County,2024,12000
28077,MS,Lawrence County,2024,1984
28079,MS,Leake County,2024,3649
28081,MS,Lee County,2024,14112
28083,MS,Leflore County,2024,4447
28085,MS,Lincoln County,2024,5943
28087,MS,Lowndes County,2024,9726
28089,MS,Madison County,2024,19422
28091,MS,Marion County,2024,4081
28093,MS,Marshall County,2024,5844
28095,MS,Monroe County,2024,5692
28097,MS,Montgomery County,2024,1600
28099,MS,Neshoba County,2024,4925
28101,MS,Newton County,2024,3581
28103,MS,Noxubee County,2024,1670
28105,MS,Oktibbeha County,2024,8834
28107,MS,Panola County,2024,5570
28109,MS,Pearl River County,2024,10035
28111,MS,Perry County,2024,1939
28113,MS,Pike County,2024,6627
28115,MS,Pontotoc County,2024,5442
28117,MS,Prentiss County,2024,4333
28119,MS,Quitman County,2024,942
28121,MS,Rankin County,2024,27297
28123,MS,Scott County,2024,4703
28125,MS,Sharkey County,2024,550
28127,MS,Simpson County,2024,4351
28129,MS,Smith County,2024,2389
28131,MS,Stone County,2024,3327
28133,MS,Sunflower County,2024,3915
28135,MS,Tallahatchie County,2024,1857
28137,MS,Tate County,2024,4854
28139,MS,Tippah County,2024,3642
28141,MS,Tishomingo County,2024,3154
28143,MS,Tunica County,2024,1557
28145,MS,Union County,2024,4822
28147,MS,Walthall County,2024,2353
28149,MS,Warren County,2024,7158
28151,MS,Washington County,2024,7001
28153,MS,Wayne County,2024,3357
28155,MS,Webster County,2024,1707
28157,MS,Wilkinson County,2024,1329
28159,MS,Winston County,2024,2961
28161,MS,Yalobusha County,2024,2118
28163,MS,Yazoo County,2024,3914
29001,MO,Adair County,2024,4490
29003,MO,Andrew County,2024,3166
29005,MO,Atchison County,2024,899
29007,MO,Audrain County,2024,4253
29009,MO,Barry County,2024,6233
29011,MO,Barton County,2024,2050
29013,MO,Bates County,2024,2869
29015,MO,Benton County,2024,3607
29017,MO,Bollinger County,2024,1857
29019,MO,Boone County,2024,33627
29021,MO,Buchanan County,2024,14625
29023,MO,Butler County,2024,7317
29025,MO,Caldwell County,2024,1575
29027,MO,Callaway County,2024,7897
29029,MO,Camden County,2024,7724
29031,MO,Cape Girardeau County,2024,14640
29033,MO,Carroll County,2024,1472
29035,MO,Carter County,2024,938
29037,MO,Cass County,2024,19928
29039,MO,Cedar County,2024,2629
29041,MO,Chariton County,2024,1294
29043,MO,Christian County,2024,16808
29045,MO,Clark County,2024,1159
29047,MO,Clay County,2024,46090
29049,MO,Clinton County,2024,3801
29051,MO,Cole County,2024,13584
29053,MO,Cooper County,2024,2996
29055,MO,Crawford County,2024,3991
29057,MO,Dade County,2024,1334
29059,MO,Dallas County,2024,3128
29061,MO,Daviess County,2024,1495
29063,MO,DeKalb County,2024,1730
29065,MO,Dent County,2024,2576
29067,MO,Douglas County,2024,2151
29069,MO,Dunklin County,2024,4725
29071,MO,Franklin County,2024,18770
29073,MO,Gasconade County,2024,2565
29075,MO,Gentry County,2024,1102
29077,MO,Greene County,2024,53890
29079,MO,Grundy County,2024,1709
29081,MO,Harrison County,2024,1433
29083,MO,Henry County,2024,3951
29085,MO,Hickory County,2024,1534
29087,MO,Holt County,2024,742
29089,MO,Howard County,2024,1776
29091,MO,Howell County,2024,7133
29093,MO,Iron County,2024,1648
29095,MO,Jackson County,2024,127288
29097,MO,Jasper County,2024,22134
29099,MO,Jefferson County,2024,40580
29101,MO,Johnson County,2024,9779
29103,MO,Knox County,2024,654
29105,MO,Laclede County,2024,6429
29107,MO,Lafayette County,2024,5864
29109,MO,Lawrence County,2024,6851
29111,MO,Lewis County,2024,1724
29113,MO,Lincoln County,2024,11530
29115,MO,Linn County,2024,2084
29117,MO,Livingston County,2024,2565
29119,MO,McDonald County,2024,4209
29121,MO,Macon County,2024,2656
29123,MO,Madison County,2024,2249
29125,MO,Maries County,2024,1489
29127,MO,Marion County,2024,4974
29129,MO,Mercer County,2024,604
29131,MO,Miller County,2024,4492
29133,MO,Mississippi County,2024,2056
29135,MO,Moniteau County,2024,2676
29137,MO,Monroe County,2024,1556
29139,MO,Montgomery County,2024,2014
29141,MO,Morgan County,2024,3920
29143,MO,New Madrid County,2024,2662
29145,MO,Newton County,2024,10766
29147,MO,Nodaway County,2024,3588
29149,MO,Oregon County,2024,1522
29151,MO,Osage County,2024,2359
29153,MO,Ozark County,2024,1591
29155,MO,Pemiscot County,2024,2521
29157,MO,Perry County,2024,3342
29159,MO,Pettis County,2024,7663
29161,MO,Phelps County,2024,7993
29163,MO,Pike County,2024,3143
29165,MO,Platte County,2024,19811
29167,MO,Polk County,2024,5787
29169,MO,Pulaski County,2024,9444
29171,MO,Putnam County,2024,794
29173,MO,Ralls County,2024,1837
29175,MO,Randolph County,2024,4213
29177,MO,Ray County,2024,4060
29179,MO,Reynolds County,2024,1037
29181,MO,Ripley County,2024,1875
29183,MO,St. Charles County,2024,74152
29185,MO,St. Clair County,2024,1723
29186,MO,Ste. Genevieve County,2024,3246
29187,MO,St. Francois County,2024,11813
29189,MO,St. Louis County,2024,173763
29195,MO,Saline County,2024,4082
29197,MO,Schuyler County,2024,712
29199,MO,Scotland County,2024,822
29201,MO,Scott County,2024,6642
29203,MO,Shannon County,2024,1273
29205,MO,Shelby County,2024,1037
29207,MO,Stoddard County,2024,4977
29209,MO,Stone County,2024,5710
29211,MO,Sullivan County,2024,1006
29213,MO,Taney County,2024,9930
29215,MO,Texas County,2024,4500
29217,MO,Vernon County,2024,3463
29219,MO,Warren County,2024,6734
29221,MO,Washington County,2024,4127
29223,MO,Wayne County,2024,1893
29225,MO,Webster County,2024,7357
29227,MO,Worth County,2024,328
29229,MO,Wright County,2024,3413
29510,MO,St. Louis city,2024,48947
30001,MT,Beaverhead County,2024,2001
30003,MT,Big Horn County,2024,2559
30005,MT,Blaine County,2024,1381
30007,MT,Broadwater County,2024,1660
30009,MT,Carbon County,2024,2300
30011,MT,Carter County,2024,280
30013,MT,Cascade County,2024,16905
30015,MT,Chouteau County,2024,1176
30017,MT,Custer County,2024,2393
30019,MT,Daniels County,2024,325
30021,MT,Dawson County,2024,1746
30023,MT,Deer Lodge County,2024,1962
30025,MT,Fallon County,2024,589
30027,MT,Fergus County,2024,2372
30029,MT,Flathead County,2024,22905
30031,MT,Gallatin County,2024,25397
30033,MT,Garfield County,2024,236
30035,MT,Glacier County,2024,2701
30037,MT,Golden Valley County,2024,173
30039,MT,Granite County,2024,720
30041,MT,Hill County,2024,3213
30043,MT,Jefferson County,2024,2661
30045,MT,Judith Basin County,2024,422
30047,MT,Lake County,2024,6681
30049,MT,Lewis and Clark County,2024,15026
30051,MT,Liberty County,2024,387
30053,MT,Lincoln County,2024,4437
30055,MT,McCone County,2024,343
30057,MT,Madison County,2024,1951
30059,MT,Meagher County,2024,413
30061,MT,Mineral County,2024,1039
30063,MT,Missoula County,2024,24509
30065,MT,Musselshell County,2024,1090
30067,MT,Park County,2024,3615
30069,MT,Petroleum County,2024,105
30071,MT,Phillips County,2024,843
30073,MT,Pondera County,2024,1216
30075,MT,Powder River County,2024,347
30077,MT,Powell County,2024,1424
30079,MT,Prairie County,2024,222
30081,MT,Ravalli County,2024,9637
30083,MT,Richland County,2024,2206
30085,MT,Roosevelt County,2024,2039
30087,MT,Rosebud County,2024,1639
30089,MT,Sanders County,2024,2779
30091,MT,Sheridan County,2024,690
30093,MT,Silver Bow County,2024,7227
30095,MT,Stillwater County,2024,1890
30097,MT,Sweet Grass County,2024,751
30099,MT,Teton County,2024,1289
30101,MT,Toole County,2024,1031
30103,MT,Treasure County,2024,148
30105,MT,Valley County,2024,1487
30107,MT,Wheatland County,2024,412
30109,MT,Wibaux County,2024,182
30111,MT,Yellowstone County,2024,34317
31001,NE,Adams County,2024,5147
31003,NE,Antelope County,2024,1049
31005,NE,Arthur County,2024,70
31007,NE,Banner County,2024,110
31009,NE,Blaine County,2024,75
31011,NE,Boone County,2024,883
31013,NE,Box Butte County,2024,1766
31015,NE,Boyd County,2024,280
31017,NE,Brown County,2024,475
31019,NE,Buffalo County,2024,8441
31021,NE,Burt County,2024,1110
31023,NE,Butler County,2024,1392
31025,NE,Cass County,2024,4536
31027,NE,Cedar County,2024,1363
31029,NE,Chase County,2024,621
31031,NE,Cherry County,2024,917
31033,NE,Cheyenne County,2024,1584
31035,NE,Clay County,2024,1007
31037,NE,Colfax County,2024,1786
31039,NE,Cuming County,2024,1477
31041,NE,Custer County,2024,1730
31043,NE,Dakota County,2024,3520
31045,NE,Dawes County,2024,1320
31047,NE,Dawson County,2024,4051
31049,NE,Deuel County,2024,312
31051,NE,Dixon County,2024,912
31053,NE,Dodge County,2024,6251
31055,NE,Douglas County,2024,99191
31057,NE,Dundy County,2024,261
31059,NE,Fillmore County,2024,909
31061,NE,Franklin County,2024,465
31063,NE,Frontier County,2024,418
31065,NE,Furnas County,2024,737
31067,NE,Gage County,2024,3578
31069,NE,Garden County,2024,298
31071,NE,Garfield County,2024,282
31073,NE,Gosper County,2024,298
31075,NE,Grant County,2024,95
31077,NE,Greeley County,2024,363
31079,NE,Hall County,2024,10373
31081,NE,Hamilton County,2024,1578
31083,NE,Harlan County,2024,498
31085,NE,Hayes County,2024,140
31087,NE,Hitchcock County,2024,406
31089,NE,Holt County,2024,1670
31091,NE,Hooker County,2024,115
31093,NE,Howard County,2024,1084
31095,NE,Jefferson County,2024,1177
31097,NE,Johnson County,2024,861
31099,NE,Kearney County,2024,1114
31101,NE,Keith County,2024,1344
31103,NE,Keya Paha County,2024,135
31105,NE,Kimball County,2024,545
31107,NE,Knox County,2024,1370
31109,NE,Lancaster County,2024,54921
31111,NE,Lincoln County,2024,5498
31113,NE,Logan County,2024,115
31115,NE,Loup County,2024,96
31117,NE,McPherson County,2024,62
31119,NE,Madison County,2024,5871
31121,NE,Merrick County,2024,1293
31123,NE,Morrill County,2024,740
31125,NE,Nance County,2024,538
31127,NE,Nemaha County,2024,1163
31129,NE,Nuckolls County,2024,676
31131,NE,Otoe County,2024,2738
31133,NE,Pawnee County,2024,416
31135,NE,Perkins County,2024,459
31137,NE,Phelps County,2024,1492
31139,NE,Pierce County,2024,1210
31141,NE,Platte County,2024,5857
31143,NE,Polk County,2024,869
31145,NE,Red Willow County,2024,1717
31147,NE,Richardson County,2024,1265
31149,NE,Rock County,2024,205
31151,NE,Saline County,2024,2432
31153,NE,Sarpy County,2024,33797
31155,NE,Saunders County,2024,3862
31157,NE,Scotts Bluff County,2024,5896
31159,NE,Seward County,2024,2932
31161,NE,Sheridan County,2024,813
31163,NE,Sherman County,2024,487
31165,NE,Sioux County,2024,181
31167,NE,Stanton County,2024,950
31169,NE,Thayer County,2024,804
31171,NE,Thomas County,2024,105
31173,NE,Thurston County,2024,1095
31175,NE,Valley County,2024,665
31177,NE,Washington County,2024,3507
31179,NE,Wayne County,2024,1629
31181,NE,Webster County,2024,549
31183,NE,Wheeler County,2024,133
31185,NE,York County,2024,2372
32001,NV,Churchill County,2024,4426
32003,NV,Clark County,2024,407808
32005,NV,Douglas County,2024,8426
32007,NV,Elko County,2024,9242
32009,NV,Esmeralda County,2024,122
32011,NV,Eureka County,2024,319
32013,NV,Humboldt County,2024,2910
32015,NV,Lander County,2024,983
32017,NV,Lincoln County,2024,739
32019,NV,Lyon County,2024,10832
32021,NV,Mineral County,2024,761
32023,NV,Nye County,2024,9518
32027,NV,Pershing County,2024,1111
32029,NV,Storey County,2024,699
32031,NV,Washoe County,2024,86238
32033,NV,White Pine County,2024,1451
32510,NV,Carson City,2024,9885
33001,NH,Belknap County,2024,12725
33003,NH,Carroll County,2024,10253
33005,NH,Cheshire County,2024,15225
33007,NH,Coos County,2024,6063
33009,NH,Grafton County,2024,18144
33011,NH,Hillsborough County,2024,83940
33013,NH,Merrimack County,2024,30784
33015,NH,Rockingham County,2024,62874
33017,NH,Strafford County,2024,26169
33019,NH,Sullivan County,2024,8582
34001,NJ,Atlantic County,2024,47449
34003,NJ,Bergen County,2024,166369
34005,NJ,Burlington County,2024,80838
34007,NJ,Camden County,2024,90778
34009,NJ,Cape May County,2024,15959
34011,NJ,Cumberland County,2024,26465
34013,NJ,Essex County,2024,149860
34015,NJ,Gloucester County,2024,53003
34017,NJ,Hudson County,2024,125151
34019,NJ,Hunterdon County,2024,22390
34021,NJ,Mercer County,2024,66663
34023,NJ,Middlesex County,2024,151320
34025,NJ,Monmouth County,2024,110078
34027,NJ,Morris County,2024,88919
34029,NJ,Ocean County,2024,113294
34031,NJ,Passaic County,2024,89521
34033,NJ,Salem County,2024,11199
34035,NJ,Somerset County,2024,60769
34037,NJ,Sussex County,2024,25065
34039,NJ,Union County,2024,101007
34041,NJ,Warren County,2024,19045
35001,NM,Bernalillo County,2024,124273
35003,NM,Catron County,2024,702
35005,NM,Chaves County,2024,11784
35006,NM,Cibola County,2024,4937
35007,NM,Colfax County,2024,2277
35009,NM,Curry County,2024,8724
35011,NM,De Baca County,2024,307
35013,NM,Doña Ana County,2024,42433
35015,NM,Eddy County,2024,11366
35017,NM,Grant County,2024,5095
35019,NM,Guadalupe County,2024,811
35021,NM,Harding County,2024,117
35023,NM,Hidalgo County,2024,734
35025,NM,Lea County,2024,13903
35027,NM,Lincoln County,2024,3705
35028,NM,Los Alamos County,2024,3640
35029,NM,Luna County,2024,4787
35031,NM,McKinley County,2024,12755
35033,NM,Mora County,2024,758
35035,NM,Otero County,2024,12897
35037,NM,Quay County,2024,1555
35039,NM,Rio Arriba County,2024,7392
35041,NM,Roosevelt County,2024,3462
35043,NM,Sandoval County,2024,29185
35045,NM,San Juan County,2024,22351
35047,NM,San Miguel County,2024,4889
35049,NM,Santa Fe County,2024,29187
35051,NM,Sierra County,2024,2107
35053,NM,Socorro County,2024,2954
35055,NM,Taos County,2024,6379
35057,NM,Torrance County,2024,2957
35059,NM,Union County,2024,726
35061,NM,Valencia County,2024,14950
36001,NY,Albany County,2024,55994
36003,NY,Allegany County,2024,8277
36005,NY,Bronx County,2024,242327
36007,NY,Broome County,2024,34369
36009,NY,Cattaraugus County,2024,13208
36011,NY,Cayuga County,2024,13049
36013,NY,Chautauqua County,2024,21718
36015,NY,Chemung County,2024,14195
36017,NY,Chenango County,2024,8011
36019,NY,Clinton County,2024,13627
36021,NY,Columbia County,2024,10552
36023,NY,Cortland County,2024,8040
36025,NY,Delaware County,2024,7733
36027,NY,Dutchess County,2024,52494
36029,NY,Erie County,2024,166355
36031,NY,Essex County,2024,6430
36033,NY,Franklin County,2024,8240
36035,NY,Fulton County,2024,9113
36037,NY,Genesee County,2024,10081
36039,NY,Greene County,2024,8208
36041,NY,Hamilton County,2024,889
36043,NY,Herkimer County,2024,10427
36045,NY,Jefferson County,2024,19800
36047,NY,Kings County,2024,458085
36049,NY,Lewis County,2024,4650
36051,NY,Livingston County,2024,10773
36053,NY,Madison County,2024,11738
36055,NY,Monroe County,2024,131635
36057,NY,Montgomery County,2024,8688
36059,NY,Nassau County,2024,243677
36061,NY,New York County,2024,290616
36063,NY,Niagara County,2024,36675
36065,NY,Oneida County,2024,39961
36067,NY,Onondaga County,2024,82217
36069,NY,Ontario County,2024,19777
36071,NY,Orange County,2024,72059
36073,NY,Orleans County,2024,6945
36075,NY,Oswego County,2024,20703
36077,NY,Otsego County,2024,10592
36079,NY,Putnam County,2024,17222
36081,NY,Queens County,2024,405447
36083,NY,Rensselaer County,2024,28131
36085,NY,Richmond County,2024,87187
36087,NY,Rockland County,2024,60925
36089,NY,St. Lawrence County,2024,18585
36091,NY,Saratoga County,2024,42063
36093,NY,Schenectady County,2024,28396
36095,NY,Schoharie County,2024,5276
36097,NY,Schuyler County,2024,2996
36099,NY,Seneca County,2024,5714
36101,NY,Steuben County,2024,16103
36103,NY,Suffolk County,2024,268784
36105,NY,Sullivan County,2024,14079
36107,NY,Tioga County,2024,8325
36109,NY,Tompkins County,2024,18480
36111,NY,Ulster County,2024,32021
36113,NY,Warren County,2024,11425
36115,NY,Washington County,2024,10472
36117,NY,Wayne County,2024,15882
36119,NY,Westchester County,2024,176128
36121,NY,Wyoming County,2024,6928
36123,NY,Yates County,2024,4268
37001,NC,Alamance County,2024,32032
37003,NC,Alexander County,2024,6421
37005,NC,Alleghany County,2024,1991
37007,NC,Anson County,2024,3926
37009,NC,Ashe County,2024,4772
37011,NC,Avery County,2024,3117
37013,NC,Beaufort County,2024,7801
37015,NC,Bertie County,2024,2964
37017,NC,Bladen County,2024,5211
37019,NC,Brunswick County,2024,29245
37021,NC,Buncombe County,2024,48862
37023,NC,Burke County,2024,15495
37025,NC,Cabarrus County,2024,42862
37027,NC,Caldwell County,2024,14129
37029,NC,Camden County,2024,1957
37031,NC,Carteret County,2024,12295
37033,NC,Caswell County,2024,3914
37035,NC,Catawba County,2024,29234
37037,NC,Chatham County,2024,14678
37039,NC,Cherokee County,2024,5315
37041,NC,Chowan County,2024,2431
37043,NC,Clay County,2024,2107
37045,NC,Cleveland County,2024,17884
37047,NC,Columbus County,2024,8759
37049,NC,Craven County,2024,18229
37051,NC,Cumberland County,2024,59225
37053,NC,Currituck County,2024,5649
37055,NC,Dare County,2024,6682
37057,NC,Davidson County,2024,31117
37059,NC,Davie County,2024,7942
37061,NC,Duplin County,2024,8844
37063,NC,Durham County,2024,60135
37065,NC,Edgecombe County,2024,8597
37067,NC,Forsyth County,2024,69675
37069,NC,Franklin County,2024,13960
37071,NC,Gaston County,2024,42352
37073,NC,Gates County,2024,1802
37075,NC,Graham County,2024,1431
37077,NC,Granville County,2024,10770
37079,NC,Greene County,2024,3617
37081,NC,Guilford County,2024,97793
37083,NC,Halifax County,2024,8224
37085,NC,Harnett County,2024,25567
37087,NC,Haywood County,2024,11033
37089,NC,Henderson County,2024,21135
37091,NC,Hertford County,2024,3355
37093,NC,Hoke County,2024,9692
37095,NC,Hyde County,2024,802
37097,NC,Iredell County,2024,36113
37099,NC,Jackson County,2024,7924
37101,NC,Johnston County,2024,43714
37103,NC,Jones County,2024,1656
37105,NC,Lee County,2024,11994
37107,NC,Lenoir County,2024,9683
37109,NC,Lincoln County,2024,17082
37111,NC,McDowell County,2024,7922
37113,NC,Macon County,2024,6775
37115,NC,Madison County,2024,3912
37117,NC,Martin County,2024,3767
37119,NC,Mecklenburg County,2024,211100
37121,NC,Mitchell County,2024,2630
37123,NC,Montgomery County,2024,4614
37125,NC,Moore County,2024,18973
37127,NC,Nash County,2024,17148
37129,NC,New Hanover County,2024,42583
37131,NC,Northampton County,2024,2902
37133,NC,Onslow County,2024,37267
37135,NC,Orange County,2024,26753
37137,NC,Pamlico County,2024,2196
37139,NC,Pasquotank County,2024,7248
37141,NC,Pender County,2024,12263
37143,NC,Perquimans County,2024,2356
37145,NC,Person County,2024,7025
37147,NC,Pitt County,2024,31637
37149,NC,Polk County,2024,3556
37151,NC,Randolph County,2024,25968
37153,NC,Richmond County,2024,7348
37155,NC,Robeson County,2024,20759
37157,NC,Rockingham County,2024,16365
37159,NC,Rowan County,2024,26842
37161,NC,Rutherford County,2024,11478
37163,NC,Sampson County,2024,10571
37165,NC,Scotland County,2024,5932
37167,NC,Stanly County,2024,11782
37169,NC,Stokes County,2024,8025
37171,NC,Surry County,2024,12521
37173,NC,Swain County,2024,2440
37175,NC,Transylvania County,2024,5968
37177,NC,Tyrrell County,2024,615
37179,NC,Union County,2024,46093
37181,NC,Vance County,2024,7409
37183,NC,Wake County,2024,215678
37185,NC,Warren County,2024,3339
37187,NC,Washington County,2024,1864
37189,NC,Watauga County,2024,9624
37191,NC,Wayne County,2024,21059
37193,NC,Wilkes County,2024,11583
37195,NC,Wilson County,2024,13993
37197,NC,Yadkin County,2024,6649
37199,NC,Yancey County,2024,3324
38001,ND,Adams County,2024,353
38003,ND,Barnes County,2024,1782
38005,ND,Benson County,2024,950
38007,ND,Billings County,2024,175
38009,ND,Bottineau County,2024,1055
38011,ND,Bowman County,2024,476
38013,ND,Burke County,2024,355
38015,ND,Burleigh County,2024,17013
38017,ND,Cass County,2024,33156
38019,ND,Cavalier County,2024,589
38021,ND,Dickey County,2024,813
38023,ND,Divide County,2024,350
38025,ND,Dunn County,2024,665
38027,ND,Eddy County,2024,381
38029,ND,Emmons County,2024,529
38031,ND,Foster County,2024,548
38033,ND,Golden Valley County,2024,296
38035,ND,Grand Forks County,2024,12172
38037,ND,Grant County,2024,371
38039,ND,Griggs County,2024,367
38041,ND,Hettinger County,2024,399
38043,ND,Kidder County,2024,391
38045,ND,LaMoure County,2024,668
38047,ND,Logan County,2024,310
38049,ND,McHenry County,2024,847
38051,ND,McIntosh County,2024,406
38053,ND,McKenzie County,2024,2439
38055,ND,McLean County,2024,1624
38057,ND,Mercer County,2024,1377
38059,ND,Morton County,2024,5642
38061,ND,Mountrail County,2024,1563
38063,ND,Nelson County,2024,496
38065,ND,Oliver County,2024,311
38067,ND,Pembina County,2024,1087
38069,ND,Pierce County,2024,636
38071,ND,Ramsey County,2024,1899
38073,ND,Ransom County,2024,922
38075,ND,Renville County,2024,392
38077,ND,Richland County,2024,2749
38079,ND,Rolette County,2024,1929
38081,ND,Sargent County,2024,612
38083,ND,Sheridan County,2024,209
38085,ND,Sioux County,2024,613
38087,ND,Slope County,2024,109
38089,ND,Stark County,2024,5572
38091,ND,Steele County,2024,292
38093,ND,Stutsman County,2024,3555
38095,ND,Towner County,2024,338
38097,ND,Traill County,2024,1318
38099,ND,Walsh County,2024,1685
38101,ND,Ward County,2024,11290
38103,ND,Wells County,2024,627
38105,ND,Williams County,2024,6726
39001,OH,Adams County,2024,4981
39003,OH,Allen County,2024,18156
39005,OH,Ashland County,2024,9436
39007,OH,Ashtabula County,2024,17443
39009,OH,Athens County,2024,11379
39011,OH,Auglaize County,2024,8266
39013,OH,Belmont County,2024,11645
39015,OH,Brown County,2024,7973
39017,OH,Butler County,2024,71918
39019,OH,Carroll County,2024,4763
39021,OH,Champaign County,2024,7003
39023,OH,Clark County,2024,24297
39025,OH,Clermont County,2024,38542
39027,OH,Clinton County,2024,7563
39029,OH,Columbiana County,2024,17968
39031,OH,Coshocton County,2024,6661
39033,OH,Crawford County,2024,7493
39035,OH,Cuyahoga County,2024,223307
39037,OH,Darke County,2024,9263
39039,OH,Defiance County,2024,6956
39041,OH,Delaware County,2024,42834
39043,OH,Erie County,2024,13291
39045,OH,Fairfield County,2024,30197
39047,OH,Fayette County,2024,5181
39049,OH,Franklin County,2024,244135
39051,OH,Fulton County,2024,7565
39053,OH,Gallia County,2024,5199
39055,OH,Geauga County,2024,17165
39057,OH,Greene County,2024,31022
39059,OH,Guernsey County,2024,6879
39061,OH,Hamilton County,2024,150725
39063,OH,Hancock County,2024,13503
39065,OH,Hardin County,2024,5472
39067,OH,Harrison County,2024,2528
39069,OH,Henry County,2024,4956
39071,OH,Highland County,2024,7881
39073,OH,Hocking County,2024,4937
39075,OH,Holmes County,2024,8040
39077,OH,Huron County,2024,10470
39079,OH,Jackson County,2024,5890
39081,OH,Jefferson County,2024,11502
39083,OH,Knox County,2024,11493
39085,OH,Lake County,2024,41825
39087,OH,Lawrence County,2024,10049
39089,OH,Licking County,2024,33282
39091,OH,Logan County,2024,8295
39093,OH,Lorain County,2024,57965
39095,OH,Lucas County,2024,76732
39097,OH,Madison County,2024,8196
39099,OH,Mahoning County,2024,40641
39101,OH,Marion County,2024,11696
39103,OH,Medina County,2024,33232
39105,OH,Meigs County,2024,3868
39107,OH,Mercer County,2024,7677
39109,OH,Miami County,2024,20151
39111,OH,Monroe County,2024,2349
39113,OH,Montgomery County,2024,96740
39115,OH,Morgan County,2024,2436
39117,OH,Morrow County,2024,6467
39119,OH,Muskingum County,2024,15585
39121,OH,Noble County,2024,2568
39123,OH,Ottawa County,2024,7145
39125,OH,Paulding County,2024,3376
39127,OH,Perry County,2024,6423
39129,OH,Pickaway County,2024,11188
39131,OH,Pike County,2024,4872
39133,OH,Portage County,2024,29491
39135,OH,Preble County,2024,7344
39137,OH,Putnam County,2024,6157
39139,OH,Richland County,2024,22474
39141,OH,Ross County,2024,13688
39143,OH,Sandusky County,2024,10596
39145,OH,Scioto County,2024,12924
39147,OH,Seneca County,2024,9851
39149,OH,Shelby County,2024,8631
39151,OH,Stark County,2024,67336
39153,OH,Summit County,2024,96907
39155,OH,Trumbull County,2024,36054
39157,OH,Tuscarawas County,2024,16569
39159,OH,Union County,2024,12910
39161,OH,Van Wert County,2024,5200
39163,OH,Vinton County,2024,2258
39165,OH,Warren County,2024,46091
39167,OH,Washington County,2024,10500
39169,OH,Wayne County,2024,20994
39171,OH,Williams County,2024,6580
39173,OH,Wood County,2024,23954
39175,OH,Wyandot County,2024,3851
40001,OK,Adair County,2024,3270
40003,OK,Alfalfa County,2024,942
40005,OK,Atoka County,2024,2409
40007,OK,Beaver County,2024,829
40009,OK,Beckham County,2024,3671
40011,OK,Blaine County,2024,1415
40013,OK,Bryan County,2024,8300
40015,OK,Caddo County,2024,4346
40017,OK,Canadian County,2024,29990
40019,OK,Carter County,2024,8107
40021,OK,Cherokee County,2024,8040
40023,OK,Choctaw County,2024,2339
40025,OK,Cimarron County,2024,352
40027,OK,Cleveland County,2024,50152
40029,OK,Coal County,2024,893
40031,OK,Comanche County,2024,20030
40033,OK,Cotton County,2024,908
40035,OK,Craig County,2024,2393
40037,OK,Creek County,2024,12205
40039,OK,Custer County,2024,4664
40041,OK,Delaware County,2024,6892
40043,OK,Dewey County,2024,704
40045,OK,Ellis County,2024,594
40047,OK,Garfield County,2024,10231
40049,OK,Garvin County,2024,4315
40051,OK,Grady County,2024,9628
40053,OK,Grant County,2024,680
40055,OK,Greer County,2024,896
40057,OK,Harmon County,2024,382
40059,OK,Harper County,2024,529
40061,OK,Haskell County,2024,1949
40063,OK,Hughes County,2024,2206
40065,OK,Jackson County,2024,4049
40067,OK,Jefferson County,2024,887
40069,OK,Johnston County,2024,1698
40071,OK,Kay County,2024,7167
40073,OK,Kingfisher County,2024,2610
40075,OK,Kiowa County,2024,1362
40077,OK,Latimer County,2024,1569
40079,OK,Le Flore County,2024,8226
40081,OK,Lincoln County,2024,5770
40083,OK,Logan County,2024,8887
40085,OK,Love County,2024,1720
40087,OK,McClain County,2024,7992
40089,OK,McCurtain County,2024,5083
40091,OK,McIntosh County,2024,3252
40093,OK,Major County,2024,1249
40095,OK,Marshall County,2024,2664
40097,OK,Mayes County,2024,6624
40099,OK,Murray County,2024,2269
40101,OK,Muskogee County,2024,11014
40103,OK,Noble County,2024,1798
40105,OK,Nowata County,2024,1578
40107,OK,Okfuskee County,2024,1875
40109,OK,Oklahoma County,2024,134721
40111,OK,Okmulgee County,2024,6119
40113,OK,Osage County,2024,7672
40115,OK,Ottawa County,2024,5017
40117,OK,Pawnee County,2024,2658
40119,OK,Payne County,2024,13893
40121,OK,Pittsburg County,2024,7160
40123,OK,Pontotoc County,2024,6321
40125,OK,Pottawatomie County,2024,12284
40127,OK,Pushmataha County,2024,1782
40129,OK,Roger Mills County,2024,545
40131,OK,Rogers County,2024,16726
40133,OK,Seminole County,2024,3853
40135,OK,Sequoyah County,2024,6692
40137,OK,Stephens County,2024,7272
40139,OK,Texas County,2024,3395
40141,OK,Tillman County,2024,1111
40143,OK,Tulsa County,2024,114430
40145,OK,Wagoner County,2024,15057
40147,OK,Washington County,2024,8920
40149,OK,Washita County,2024,1788
40151,OK,Woods County,2024,1416
40153,OK,Woodward County,2024,3299
41001,OR,Baker County,2024,3099
41003,OR,Benton County,2024,18296
41005,OR,Clackamas County,2024,78784
41007,OR,Clatsop County,2024,7593
41009,OR,Columbia County,2024,10002
41011,OR,Coos County,2024,11900
41013,OR,Crook County,2024,5057
41015,OR,Curry County,2024,4213
41017,OR,Deschutes County,2024,39134
41019,OR,Douglas County,2024,20767
41021,OR,Gilliam County,2024,365
41023,OR,Grant County,2024,1312
41025,OR,Harney County,2024,1369
41027,OR,Hood River County,2024,4396
41029,OR,Jackson County,2024,40946
41031,OR,Jefferson County,2024,4724
41033,OR,Josephine County,2024,16331
41035,OR,Klamath County,2024,13031
41037,OR,Lake County,2024,1516
41039,OR,Lane County,2024,70743
41041,OR,Lincoln County,2024,9474
41043,OR,Linn County,2024,24508
41045,OR,Malheur County,2024,5978
41047,OR,Marion County,2024,65280
41049,OR,Morrow County,2024,2287
41051,OR,Multnomah County,2024,147241
41053,OR,Polk County,2024,16752
41055,OR,Sherman County,2024,370
41057,OR,Tillamook County,2024,5044
41059,OR,Umatilla County,2024,14891
41061,OR,Union County,2024,4821
41063,OR,Wallowa County,2024,1392
41065,OR,Wasco County,2024,4904
41067,OR,Washington County,2024,113085
41069,OR,Wheeler County,2024,269
41071,OR,Yamhill County,2024,20514
42001,PA,Adams County,2024,21043
42003,PA,Allegheny County,2024,240204
42005,PA,Armstrong County,2024,12417
42007,PA,Beaver County,2024,32280
42009,PA,Bedford County,2024,9290
42011,PA,Berks County,2024,85628
42013,PA,Blair County,2024,23452
42015,PA,Bradford County,2024,11641
42017,PA,Bucks County,2024,126776
42019,PA,Butler County,2024,38871
42021,PA,Cambria County,2024,25371
42023,PA,Cameron County,2024,848
42025,PA,Carbon County,2024,12820
42027,PA,Centre County,2024,31162
42029,PA,Chester County,2024,109345
42031,PA,Clarion County,2024,7187
42033,PA,Clearfield County,2024,15236
42035,PA,Clinton County,2024,7384
42037,PA,Columbia County,2024,12872
42039,PA,Crawford County,2024,16007
42041,PA,Cumberland County,2024,53726
42043,PA,Dauphin County,2024,57141
42045,PA,Delaware County,2024,114052
42047,PA,Elk County,2024,5874
42049,PA,Erie County,2024,52211
42051,PA,Fayette County,2024,24168
42053,PA,Forest County,2024,1287
42055,PA,Franklin County,2024,31061
42057,PA,Fulton County,2024,2818
42059,PA,Greene County,2024,6622
42061,PA,Huntingdon County,2024,8455
42063,PA,Indiana County,2024,16176
42065,PA,Jefferson County,2024,8457
42067,PA,Juniata County,2024,4562
42069,PA,Lackawanna County,2024,42288
42071,PA,Lancaster County,2024,109842
42073,PA,Lawrence County,2024,16425
42075,PA,Lebanon County,2024,28337
42077,PA,Lehigh County,2024,75203
42079,PA,Luzerne County,2024,64619
42081,PA,Lycoming County,2024,22081
42083,PA,McKean County,2024,7698
42085,PA,Mercer County,2024,21087
42087,PA,Mifflin County,2024,8957
42089,PA,Monroe County,2024,32472
42091,PA,Montgomery County,2024,171442
42093,PA,Montour County,2024,3532
42095,PA,Northampton County,2024,62983
42097,PA,Northumberland County,2024,17555
42099,PA,Perry County,2024,9129
42101,PA,Philadelphia County,2024,306914
42103,PA,Pike County,2024,12163
42105,PA,Potter County,2024,3119
42107,PA,Schuylkill County,2024,28182
42109,PA,Snyder County,2024,7727
42111,PA,Somerset County,2024,14066
42113,PA,Sullivan County,2024,1156
42115,PA,Susquehanna County,2024,7430
42117,PA,Tioga County,2024,7936
42119,PA,Union County,2024,8221
42121,PA,Venango County,2024,9648
42123,PA,Warren County,2024,7288
42125,PA,Washington County,2024,41035
42127,PA,Wayne County,2024,10027
42129,PA,Westmoreland County,2024,68432
42131,PA,Wyoming County,2024,5025
42133,PA,York County,2024,91892
44001,RI,Bristol County,2024,9026
44003,RI,Kent County,2024,31041
44005,RI,Newport County,2024,15024
44007,RI,Providence County,2024,121664
44009,RI,Washington County,2024,23460
45001,SC,Abbeville County,2024,4552
45003,SC,Aiken County,2024,33160
45005,SC,Allendale County,2024,1397
45007,SC,Anderson County,2024,40179
45009,SC,Bamberg County,2024,2381
45011,SC,Barnwell County,2024,3792
45013,SC,Beaufort County,2024,37328
45015,SC,Berkeley County,2024,48891
45017,SC,Calhoun County,2024,2636
45019,SC,Charleston County,2024,79735
45021,SC,Cherokee County,2024,10687
45023,SC,Chester County,2024,5980
45025,SC,Chesterfield County,2024,8230
45027,SC,Clarendon County,2024,5741
45029,SC,Colleton County,2024,7263
45031,SC,Darlington County,2024,11549
45033,SC,Dillon County,2024,5102
45035,SC,Dorchester County,2024,32313
45037,SC,Edgefield County,2024,5449
45039,SC,Fairfield County,2024,3768
45041,SC,Florence County,2024,25539
45043,SC,Georgetown County,2024,12216
45045,SC,Greenville County,2024,105588
45047,SC,Greenwood County,2024,12958
45049,SC,Hampton County,2024,3362
45051,SC,Horry County,2024,76477
45053,SC,Jasper County,2024,6589
45055,SC,Kershaw County,2024,13264
45057,SC,Lancaster County,2024,20656
45059,SC,Laurens County,2024,13051
45061,SC,Lee County,2024,2952
45063,SC,Lexington County,2024,58048
45065,SC,McCormick County,2024,1847
45067,SC,Marion County,2024,5248
45069,SC,Marlboro County,2024,4717
45071,SC,Newberry County,2024,7253
45073,SC,Oconee County,2024,15258
45075,SC,Orangeburg County,2024,15379
45077,SC,Pickens County,2024,25568
45079,SC,Richland County,2024,79670
45081,SC,Saluda County,2024,3599
45083,SC,Spartanburg County,2024,68312
45085,SC,Sumter County,2024,19384
45087,SC,Union County,2024,4935
45089,SC,Williamsburg County,2024,5525
45091,SC,York County,2024,56055
46003,SD,Aurora County,2024,482
46005,SD,Beadle County,2024,3405
46007,SD,Bennett County,2024,576
46009,SD,Bon Homme County,2024,1237
46011,SD,Brookings County,2024,6363
46013,SD,Brown County,2024,6562
46015,SD,Brule County,2024,921
46017,SD,Buffalo County,2024,319
46019,SD,Butte County,2024,1906
46021,SD,Campbell County,2024,235
46023,SD,Charles Mix County,2024,1635
46025,SD,Clark County,2024,695
46027,SD,Clay County,2024,2668
46029,SD,Codington County,2024,5124
46031,SD,Corson County,2024,656
46033,SD,Custer County,2024,1633
46035,SD,Davison County,2024,3484
46037,SD,Day County,2024,946
46039,SD,Deuel County,2024,759
46041,SD,Dewey County,2024,931
46043,SD,Douglas County,2024,499
46045,SD,Edmunds County,2024,705
46047,SD,Fall River County,2024,1288
46049,SD,Faulk County,2024,374
46051,SD,Grant County,2024,1333
46053,SD,Gregory County,2024,719
46055,SD,Haakon County,2024,321
46057,SD,Hamlin County,2024,1154
46059,SD,Hand County,2024,542
46061,SD,Hanson County,2024,608
46063,SD,Harding County,2024,232
46065,SD,Hughes County,2024,3067
46067,SD,Hutchinson County,2024,1298
46069,SD,Hyde County,2024,213
46071,SD,Jackson County,2024,479
46073,SD,Jerauld County,2024,296
46075,SD,Jones County,2024,153
46077,SD,Kingsbury County,2024,921
46079,SD,Lake County,2024,1926
46081,SD,Lawrence County,2024,5042
46083,SD,Lincoln County,2024,13168
46085,SD,Lyman County,2024,651
46087,SD,McCook County,2024,1010
46089,SD,McPherson County,2024,404
46091,SD,Marshall County,2024,769
46093,SD,Meade County,2024,5411
46095,SD,Mellette County,2024,321
46097,SD,Miner County,2024,403
46099,SD,Minnehaha County,2024,36512
46101,SD,Moody County,2024,1143
46102,SD,Oglala Lakota County,2024,2338
46103,SD,Pennington County,2024,20296
46105,SD,Perkins County,2024,496
46107,SD,Potter County,2024,420
46109,SD,Roberts County,2024,1800
46111,SD,Sanborn County,2024,419
46115,SD,Spink County,2024,1069
46117,SD,Stanley County,2024,528
46119,SD,Sully County,2024,257
46121,SD,Todd County,2024,1605
46123,SD,Tripp County,2024,1000
46125,SD,Turner County,2024,1590
46127,SD,Union County,2024,3045
46129,SD,Walworth County,2024,922
46135,SD,Yankton County,2024,4114
46137,SD,Ziebach County,2024,423
47001,TN,Anderson County,2024,13846
47003,TN,Bedford County,2024,9219
47005,TN,Benton County,2024,2749
47007,TN,Bledsoe County,2024,2650
47009,TN,Blount County,2024,24176
47011,TN,Bradley County,2024,19343
47013,TN,Campbell County,2024,6840
47015,TN,Cannon County,2024,2574
47017,TN,Carroll County,2024,4948
47019,TN,Carter County,2024,9764
47021,TN,Cheatham County,2024,7243
47023,TN,Chester County,2024,3039
47025,TN,Claiborne County,2024,5622
47027,TN,Clay County,2024,1336
47029,TN,Cocke County,2024,6391
47031,TN,Coffee County,2024,10418
47033,TN,Crockett County,2024,2375
47035,TN,Cumberland County,2024,11155
47037,TN,Davidson County,2024,124016
47039,TN,Decatur County,2024,2006
47041,TN,DeKalb County,2024,3697
47043,TN,Dickson County,2024,9799
47045,TN,Dyer County,2024,6189
47047,TN,Fayette County,2024,7561
47049,TN,Fentress County,2024,3422
47051,TN,Franklin County,2024,7673
47053,TN,Gibson County,2024,8742
47055,TN,Giles County,2024,5265
47057,TN,Grainger County,2024,4262
47059,TN,Greene County,2024,12478
47061,TN,Grundy County,2024,2405
47063,TN,Hamblen County,2024,11512
47065,TN,Hamilton County,2024,65664
47067,TN,Hancock County,2024,1196
47069,TN,Hardeman County,2024,4324
47071,TN,Hardin County,2024,4695
47073,TN,Hawkins County,2024,10093
47075,TN,Haywood County,2024,2906
47077,TN,Henderson County,2024,4791
47079,TN,Henry County,2024,5590
47081,TN,Hickman County,2024,4396
47083,TN,Houston County,2024,1451
47085,TN,Humphreys County,2024,3324
47087,TN,Jackson County,2024,2104
47089,TN,Jefferson County,2024,10067
47091,TN,Johnson County,2024,3146
47093,TN,Knox County,2024,86147
47095,TN,Lake County,2024,1092
47097,TN,Lauderdale County,2024,4187
47099,TN,Lawrence County,2024,7899
47101,TN,Lewis County,2024,2281
47103,TN,Lincoln County,2024,6248
47105,TN,Loudon County,2024,10562
47107,TN,McMinn County,2024,9648
47109,TN,McNairy County,2024,4438
47111,TN,Macon County,2024,4622
47113,TN,Madison County,2024,17070
47115,TN,Marion County,2024,5070
47117,TN,Marshall County,2024,6434
47119,TN,Maury County,2024,19280
47121,TN,Meigs County,2024,2369
47123,TN,Monroe County,2024,8356
47125,TN,Montgomery County,2024,41824
47127,TN,Moore County,2024,1151
47129,TN,Morgan County,2024,3732
47131,TN,Obion County,2024,5144
47133,TN,Overton County,2024,4004
47135,TN,Perry County,2024,1528
47137,TN,Pickett County,2024,868
47139,TN,Polk County,2024,3117
47141,TN,Putnam County,2024,14432
47143,TN,Rhea County,2024,5909
47145,TN,Roane County,2024,9646
47147,TN,Robertson County,2024,13338
47149,TN,Rutherford County,2024,64089
47151,TN,Scott County,2024,3828
47153,TN,Sequatchie County,2024,2995
47155,TN,Sevier County,2024,17031
47157,TN,Shelby County,2024,154790
47159,TN,Smith County,2024,3533
47161,TN,Stewart County,2024,2442
47163,TN,Sullivan County,2024,27660
47165,TN,Sumner County,2024,35993
47167,TN,Tipton County,2024,10572
47169,TN,Trousdale County,2024,2067
47171,TN,Unicoi County,2024,3038
47173,TN,Union County,2024,3581
47175,TN,Van Buren County,2024,1137
47177,TN,Warren County,2024,7415
47179,TN,Washington County,2024,23739
47181,TN,Wayne County,2024,2716
47183,TN,Weakley County,2024,5638
47185,TN,White County,2024,4948
47187,TN,Williamson County,2024,45753
47189,TN,Wilson County,2024,28891
48001,TX,Anderson County,2024,8629
48003,TX,Andrews County,2024,2744
48005,TX,Angelina County,2024,12774
48007,TX,Aransas County,2024,3711
48009,TX,Archer County,2024,1327
48011,TX,Armstrong County,2024,262
48013,TX,Atascosa County,2024,7654
48015,TX,Austin County,2024,4719
48017,TX,Bailey County,2024,1019
48019,TX,Bandera County,2024,3310
48021,TX,Bastrop County,2024,16665
48023,TX,Baylor County,2024,512
48025,TX,Bee County,2024,4528
48027,TX,Bell County,2024,57939
48029,TX,Bexar County,2024,308522
48031,TX,Blanco County,2024,1937
48033,TX,Borden County,2024,81
48035,TX,Bosque County,2024,2757
48037,TX,Bowie County,2024,13339
48039,TX,Brazoria County,2024,59917
48041,TX,Brazos County,2024,36195
48043,TX,Brewster County,2024,1379
48045,TX,Briscoe County,2024,217
48047,TX,Brooks County,2024,977
48049,TX,Brown County,2024,5601
48051,TX,Burleson County,2024,2926
48053,TX,Burnet County,2024,8080
48055,TX,Caldwell County,2024,7602
48057,TX,Calhoun County,2024,2892
48059,TX,Callahan County,2024,2119
48061,TX,Cameron County,2024,62622
48063,TX,Camp County,2024,1909
48065,TX,Carson County,2024,844
48067,TX,Cass County,2024,4150
48069,TX,Castro County,2024,1070
48071,TX,Chambers County,2024,8146
48073,TX,Cherokee County,2024,7717
48075,TX,Childress County,2024,968
48077,TX,Clay County,2024,1556
48079,TX,Cochran County,2024,375
48081,TX,Coke County,2024,492
48083,TX,Coleman County,2024,1159
48085,TX,Collin County,2024,181925
48087,TX,Collingsworth County,2024,379
48089,TX,Colorado County,2024,3114
48091,TX,Comal County,2024,29236
48093,TX,Comanche County,2024,2082
48095,TX,Concho County,2024,482
48097,TX,Cooke County,2024,6417
48099,TX,Coryell County,2024,12524
48101,TX,Cottle County,2024,183
48103,TX,Crane County,2024,666
48105,TX,Crockett County,2024,406
48107,TX,Crosby County,2024,729
48109,TX,Culberson County,2024,327
48111,TX,Dallam County,2024,1091
48113,TX,Dallas County,2024,385124
48115,TX,Dawson County,2024,1705
48117,TX,Deaf Smith County,2024,2682
48119,TX,Delta County,2024,819
48121,TX,Denton County,2024,151542
48123,TX,DeWitt County,2024,2937
48125,TX,Dickens County,2024,250
48127,TX,Dimmit County,2024,1186
48129,TX,Donley County,2024,463
48131,TX,Duval County,2024,1390
48133,TX,Eastland County,2024,2652
48135,TX,Ector County,2024,24653
48137,TX,Edwards County,2024,201
48139,TX,Ellis County,2024,33696
48141,TX,El Paso County,2024,126989
48143,TX,Erath County,2024,6452
48145,TX,Falls County,2024,2574
48147,TX,Fannin County,2024,5604
48149,TX,Fayette County,2024,3696
48151,TX,Fisher County,2024,531
48153,TX,Floyd County,2024,731
48155,TX,Foard County,2024,153
48157,TX,Fort Bend County,2024,138973
48159,TX,Franklin County,2024,1582
48161,TX,Freestone County,2024,2994
48163,TX,Frio County,2024,2830
48165,TX,Gaines County,2024,3319
48167,TX,Galveston County,2024,53274
48169,TX,Garza County,2024,674
48171,TX,Gillespie County,2024,4083
48173,TX,Glasscock County,2024,167
48175,TX,Goliad County,2024,1047
48177,TX,Gonzales County,2024,2906
48179,TX,Gray County,2024,3029
48181,TX,Grayson County,2024,21827
48183,TX,Gregg County,2024,18368
48185,TX,Grimes County,2024,4850
48187,TX,Guadalupe County,2024,28299
48189,TX,Hale County,2024,4633
48191,TX,Hall County,2024,410
48193,TX,Hamilton County,2024,1253
48195,TX,Hansford County,2024,726
48197,TX,Hardeman County,2024,495
48199,TX,Hardin County,2024,8507
48201,TX,Harris County,2024,526472
48203,TX,Harrison County,2024,10349
48205,TX,Hartley County,2024,724
48207,TX,Haskell County,2024,788
48209,TX,Hays County,2024,42344
48211,TX,Hemphill County,2024,454
48213,TX,Henderson County,2024,12683
48215,TX,Hidalgo County,2024,132649
48217,TX,Hill County,2024,5622
48219,TX,Hockley County,2024,3118
48221,TX,Hood County,2024,10023
48223,TX,Hopkins County,2024,5624
48225,TX,Houston County,2024,3219
48227,TX,Howard County,2024,4471
48229,TX,Hudspeth County,2024,523
48231,TX,Hunt County,2024,17216
48233,TX,Hutchinson County,2024,2860
48235,TX,Irion County,2024,221
48237,TX,Jack County,2024,1363
48239,TX,Jackson County,2024,2216
48241,TX,Jasper County,2024,4772
48243,TX,Jeff Davis County,2024,258
48245,TX,Jefferson County,2024,36822
48247,TX,Jim Hogg County,2024,665
48249,TX,Jim Wells County,2024,5638
48251,TX,Johnson County,2024,30529
48253,TX,Jones County,2024,3023
48255,TX,Karnes County,2024,2195
48257,TX,Kaufman County,2024,28685
48259,TX,Kendall County,2024,7515
48261,TX,Kenedy County,2024,48
48263,TX,Kent County,2024,102
48265,TX,Kerr County,2024,7815
48267,TX,Kimble County,2024,638
48269,TX,King County,2024,31
48271,TX,Kinney County,2024,463
48273,TX,Kleberg County,2024,4414
48275,TX,Knox County,2024,472
48277,TX,Lamar County,2024,7431
48279,TX,Lamb County,2024,1840
48281,TX,Lampasas County,2024,3413
48283,TX,La Salle County,2024,968
48285,TX,Lavaca County,2024,2988
48287,TX,Lee County,2024,2675
48289,TX,Leon County,2024,2421
48291,TX,Liberty County,2024,16681
48293,TX,Limestone County,2024,3273
48295,TX,Lipscomb County,2024,418
48297,TX,Live Oak County,2024,1735
48299,TX,Llano County,2024,3359
48301,TX,Loving County,2024,7
48303,TX,Lubbock County,2024,47472
48305,TX,Lynn County,2024,863
48307,TX,McCulloch County,2024,1080
48309,TX,McLennan County,2024,39202
48311,TX,McMullen County,2024,82
48313,TX,Madison County,2024,2012
48315,TX,Marion County,2024,1407
48317,TX,Martin County,2024,751
48319,TX,Mason County,2024,578
48321,TX,Matagorda County,2024,5277
48323,TX,Maverick County,2024,8530
48325,TX,Medina County,2024,8065
48327,TX,Menard County,2024,277
48329,TX,Midland County,2024,26620
48331,TX,Milam County,2024,3793
48333,TX,Mills County,2024,662
48335,TX,Mitchell County,2024,1300
48337,TX,Montague County,2024,3174
48339,TX,Montgomery County,2024,108694
48341,TX,Moore County,2024,3171
48343,TX,Morris County,2024,1767
48345,TX,Motley County,2024,147
48347,TX,Nacogdoches County,2024,9531
48349,TX,Navarro County,2024,8197
48351,TX,Newton County,2024,1727
48353,TX,Nolan County,2024,2056
48355,TX,Nueces County,2024,51203
48357,TX,Ochiltree County,2024,1409
48359,TX,Oldham County,2024,264
48361,TX,Orange County,2024,12487
48363,TX,Palo Pinto County,2024,4383
48365,TX,Panola County,2024,3338
48367,TX,Parker County,2024,26058
48369,TX,Parmer County,2024,1402
48371,TX,Pecos County,2024,2133
48373,TX,Polk County,2024,7867
48375,TX,Potter County,2024,16624
48377,TX,Presidio County,2024,824
48379,TX,Rains County,2024,1929
48381,TX,Randall County,2024,21829
48383,TX,Reagan County,2024,455
48385,TX,Real County,2024,402
48387,TX,Red River County,2024,1696
48389,TX,Reeves County,2024,1734
48391,TX,Refugio County,2024,977
48393,TX,Roberts County,2024,121
48395,TX,Robertson County,2024,2561
48397,TX,Rockwall County,2024,19871
48399,TX,Runnels County,2024,1414
48401,TX,Rusk County,2024,7742
48403,TX,Sabine County,2024,1458
48405,TX,San Augustine County,2024,1126
48407,TX,San Jacinto County,2024,4252
48409,TX,San Patricio County,2024,10363
48411,TX,San Saba County,2024,799
48413,TX,Schleicher County,2024,334
48415,TX,Scurry County,2024,2351
48417,TX,Shackelford County,2024,460
48419,TX,Shelby County,2024,3508
48421,TX,Sherman County,2024,402
48423,TX,Smith County,2024,36118
48425,TX,Somervell County,2024,1464
48427,TX,Starr County,2024,9655
48429,TX,Stephens County,2024,1374
48431,TX,Sterling County,2024,201
48433,TX,Stonewall County,2024,179
48435,TX,Sutton County,2024,474
48437,TX,Swisher County,2024,997
48439,TX,Tarrant County,2024,323453
48441,TX,Taylor County,2024,21578
48443,TX,Terrell County,2024,104
48445,TX,Terry County,2024,1682
48447,TX,Throckmorton County,2024,222
48449,TX,Titus County,2024,4574
48451,TX,Tom Green County,2024,17415
48453,TX,Travis County,2024,197746
48455,TX,Trinity County,2024,2101
48457,TX,Tyler County,2024,2981
48459,TX,Upshur County,2024,6387
48461,TX,Upton County,2024,454
48463,TX,Uvalde County,2024,3645
48465,TX,Val Verde County,2024,6960
48467,TX,Van Zandt County,2024,9469
48469,TX,Victoria County,2024,13333
48471,TX,Walker County,2024,12140
48473,TX,Waller County,2024,9441
48475,TX,Ward County,2024,1601
48477,TX,Washington County,2024,5482
48479,TX,Webb County,2024,39559
48481,TX,Wharton County,2024,6095
48483,TX,Wheeler County,2024,699
48485,TX,Wichita County,2024,18848
48487,TX,Wilbarger County,2024,1806
48489,TX,Willacy County,2024,2904
48491,TX,Williamson County,2024,105485
48493,TX,Wilson County,2024,8035
48495,TX,Winkler County,2024,1070
48497,TX,Wise County,2024,11785
48499,TX,Wood County,2024,7068
48501,TX,Yoakum County,2024,1099
48503,TX,Young County,2024,2644
48505,TX,Zapata County,2024,2004
48507,TX,Zavala County,2024,1335
49001,UT,Beaver County,2024,854
49003,UT,Box Elder County,2024,7374
49005,UT,Cache County,2024,16731
49007,UT,Carbon County,2024,2370
49009,UT,Daggett County,2024,110
49011,UT,Davis County,2024,43524
49013,UT,Duchesne County,2024,2392
49015,UT,Emery County,2024,1169
49017,UT,Garfield County,2024,608
49019,UT,Grand County,2024,1126
49021,UT,Iron County,2024,7583
49023,UT,Juab County,2024,1529
49025,UT,Kane County,2024,980
49027,UT,Millard County,2024,1561
49029,UT,Morgan County,2024,1506
49031,UT,Piute County,2024,176
49033,UT,Rich County,2024,316
49035,UT,Salt Lake County,2024,139872
49037,UT,San Juan County,2024,1679
49039,UT,Sanpete County,2024,3534
49041,UT,Sevier County,2024,2590
49043,UT,Summit County,2024,4958
49045,UT,Tooele County,2024,9716
49047,UT,Uintah County,2024,4405
49049,UT,Utah County,2024,85932
49051,UT,Wasatch County,2024,4354
49053,UT,Washington County,2024,23913
49055,UT,Wayne County,2024,300
49057,UT,Weber County,2024,31754
50001,VT,Addison County,2024,7800
50003,VT,Bennington County,2024,7593
50005,VT,Caledonia County,2024,6260
50007,VT,Chittenden County,2024,35024
50009,VT,Essex County,2024,1238
50011,VT,Franklin County,2024,10469
50013,VT,Grand Isle County,2024,1543
50015,VT,Lamoille County,2024,5381
50017,VT,Orange County,2024,6160
50019,VT,Orleans County,2024,5684
50021,VT,Rutland County,2024,12341
50023,VT,Washington County,2024,12268
50025,VT,Windham County,2024,9354
50027,VT,Windsor County,2024,11828
51001,VA,Accomack County,2024,5346
51003,VA,Albemarle County,2024,18770
51005,VA,Alleghany County,2024,2341
51007,VA,Amelia County,2024,2195
51009,VA,Amherst County,2024,5064
51011,VA,Appomattox County,2024,2713
51013,VA,Arlington County,2024,38369
51015,VA,Augusta County,2024,12580
51017,VA,Bath County,2024,651
51019,VA,Bedford County,2024,13149
51021,VA,Bland County,2024,990
51023,VA,Botetourt County,2024,5461
51025,VA,Brunswick County,2024,2520
51027,VA,Buchanan County,2024,2981
51029,VA,Buckingham County,2024,2738
51031,VA,Campbell County,2024,8855
51033,VA,Caroline County,2024,5356
51035,VA,Carroll County,2024,4679
51036,VA,Charles City County,2024,1050
51037,VA,Charlotte County,2024,1801
51041,VA,Chesterfield County,2024,62367
51043,VA,Clarke County,2024,2496
51045,VA,Craig County,2024,773
51047,VA,Culpeper County,2024,8980
51049,VA,Cumberland County,2024,1610
51051,VA,Dickenson County,2024,2146
51053,VA,Dinwiddie County,2024,4572
51057,VA,Essex County,2024,1709
51059,VA,Fairfax County,2024,185748
51061,VA,Fauquier County,2024,12138
51063,VA,Floyd County,2024,2505
51065,VA,Fluvanna County,2024,4599
51067,VA,Franklin County,2024,8902
51069,VA,Frederick County,2024,15697
51071,VA,Giles County,2024,2645
51073,VA,Gloucester County,2024,6425
51075,VA,Goochland County,2024,4516
51077,VA,Grayson County,2024,2442
51079,VA,Greene County,2024,3479
51081,VA,Greensville County,2024,1784
51083,VA,Halifax County,2024,5352
51085,VA,Hanover County,2024,18449
51087,VA,Henrico County,2024,54191
51089,VA,Henry County,2024,7902
51091,VA,Highland County,2024,376
51093,VA,Isle of Wight County,2024,6551
51095,VA,James City County,2024,13248
51097,VA,King and Queen County,2024,1080
51099,VA,King George County,2024,4611
51101,VA,King William County,2024,3077
51103,VA,Lancaster County,2024,1770
51105,VA,Lee County,2024,3485
51107,VA,Loudoun County,2024,70941
51109,VA,Louisa County,2024,6737
51111,VA,Lunenburg County,2024,1930
51113,VA,Madison County,2024,2280
51115,VA,Mathews County,2024,1376
51117,VA,Mecklenburg County,2024,4932
51119,VA,Middlesex County,2024,1752
51121,VA,Montgomery County,2024,15840
51125,VA,Nelson County,2024,2363
51127,VA,New Kent County,2024,4355
51131,VA,Northampton County,2024,1921
51133,VA,Northumberland County,2024,1984
51135,VA,Nottoway County,2024,2501
51137,VA,Orange County,2024,6238
51139,VA,Page County,2024,3790
51141,VA,Patrick County,2024,2769
51143,VA,Pittsylvania County,2024,9506
51145,VA,Powhatan County,2024,5183
51147,VA,Prince Edward County,2024,3564
51149,VA,Prince George County,2024,6974
51153,VA,Prince William County,2024,79520
51155,VA,Pulaski County,2024,5373
51157,VA,Rappahannock County,2024,1197
51159,VA,Richmond County,2024,1474
51161,VA,Roanoke County,2024,15573
51163,VA,Rockbridge County,2024,3579
51165,VA,Rockingham County,2024,14028
51167,VA,Russell County,2024,4067
51169,VA,Scott County,2024,3422
51171,VA,Shenandoah County,2024,7271
51173,VA,Smyth County,2024,4662
51175,VA,Southampton County,2024,2871
51177,VA,Spotsylvania County,2024,24323
51179,VA,Stafford County,2024,27027
51181,VA,Surry County,2024,1053
51183,VA,Sussex County,2024,1720
51185,VA,Tazewell County,2024,6220
51187,VA,Warren County,2024,6794
51191,VA,Washington County,2024,8656
51193,VA,Westmoreland County,2024,3078
51195,VA,Wise County,2024,5596
51197,VA,Wythe County,2024,4496
51199,VA,York County,2024,11426
51510,VA,Alexandria city,2024,25456
51520,VA,Bristol city,2024,2611
51530,VA,Buena Vista city,2024,1053
51540,VA,Charlottesville city,2024,7163
51550,VA,Chesapeake city,2024,40800
51570,VA,Colonial Heights city,2024,2988
51580,VA,Covington city,2024,906
51590,VA,Danville city,2024,6719
51595,VA,Emporia city,2024,864
51600,VA,Fairfax city,2024,4214
51610,VA,Falls Church city,2024,2405
51620,VA,Franklin city,2024,1340
51630,VA,Fredericksburg city,2024,4799
51640,VA,Galax city,2024,1078
51650,VA,Hampton city,2024,22015
51660,VA,Harrisonburg city,2024,8186
51670,VA,Hopewell city,2024,3675
51678,VA,Lexington city,2024,1248
51680,VA,Lynchburg city,2024,12848
51683,VA,Manassas city,2024,6979
51685,VA,Manassas Park city,2024,2658
51690,VA,Martinsville city,2024,2213
51700,VA,Newport News city,2024,29289
51710,VA,Norfolk city,2024,36977
51720,VA,Norton city,2024,556
51730,VA,Petersburg city,2024,5449
51735,VA,Poquoson city,2024,2057
51740,VA,Portsmouth city,2024,15437
51750,VA,Radford city,2024,2764
51760,VA,Richmond city,2024,37385
51770,VA,Roanoke city,2024,15666
51775,VA,Salem city,2024,4145
51790,VA,Staunton city,2024,4218
51800,VA,Suffolk city,2024,16497
51810,VA,Virginia Beach city,2024,72769
51820,VA,Waynesboro city,2024,3760
51830,VA,Williamsburg city,2024,2565
51840,VA,Winchester city,2024,4448
53001,WA,Adams County,2024,3471
53003,WA,Asotin County,2024,3716
53005,WA,Benton County,2024,36001
53007,WA,Chelan County,2024,13403
53009,WA,Clallam County,2024,12863
53011,WA,Clark County,2024,86999
53013,WA,Columbia County,2024,664
53015,WA,Cowlitz County,2024,18807
53017,WA,Douglas County,2024,7556
53019,WA,Ferry County,2024,1245
53021,WA,Franklin County,2024,16704
53023,WA,Garfield County,2024,397
53025,WA,Grant County,2024,17278
53027,WA,Grays Harbor County,2024,12852
53029,WA,Island County,2024,14269
53031,WA,Jefferson County,2024,5601
53033,WA,King County,2024,386135
53035,WA,Kitsap County,2024,46434
53037,WA,Kittitas County,2024,7948
53039,WA,Klickitat County,2024,3980
53041,WA,Lewis County,2024,14363
53043,WA,Lincoln County,2024,1957
53045,WA,Mason County,2024,11489
53047,WA,Okanogan County,2024,7415
53049,WA,Pacific County,2024,4000
53051,WA,Pend Oreille County,2024,2365
53053,WA,Pierce County,2024,155293
53055,WA,San Juan County,2024,3080
53057,WA,Skagit County,2024,21901
53059,WA,Skamania County,2024,2089
53061,WA,Snohomish County,2024,142579
53063,WA,Spokane County,2024,91731
53065,WA,Stevens County,2024,8087
53067,WA,Thurston County,2024,49980
53069,WA,Wahkiakum County,2024,792
53071,WA,Walla Walla County,2024,10241
53073,WA,Whatcom County,2024,38767
53075,WA,Whitman County,2024,7986
53077,WA,Yakima County,2024,42656
54001,WV,Barbour County,2024,3151
54003,WV,Berkeley County,2024,27939
54005,WV,Boone County,2024,4202
54007,WV,Braxton County,2024,2470
54009,WV,Brooke County,2024,4363
54011,WV,Cabell County,2024,18755
54013,WV,Calhoun County,2024,1204
54015,WV,Clay County,2024,1576
54017,WV,Doddridge County,2024,1561
54019,WV,Fayette County,2024,7913
54021,WV,Gilmer County,2024,1459
54023,WV,Grant County,2024,2249
54025,WV,Greenbrier County,2024,6529
54027,WV,Hampshire County,2024,4878
54029,WV,Hancock County,2024,5751
54031,WV,Hardy County,2024,2939
54033,WV,Harrison County,2024,13217
54035,WV,Jackson County,2024,5682
54037,WV,Jefferson County,2024,12559
54039,WV,Kanawha County,2024,35651
54041,WV,Lewis County,2024,3378
54043,WV,Lincoln County,2024,3972
54045,WV,Logan County,2024,6265
54047,WV,McDowell County,2024,3515
54049,WV,Marion County,2024,11408
54051,WV,Marshall County,2024,6018
54053,WV,Mason County,2024,5078
54055,WV,Mercer County,2024,11792
54057,WV,Mineral County,2024,5489
54059,WV,Mingo County,2024,4451
54061,WV,Monongalia County,2024,22283
54063,WV,Monroe County,2024,2555
54065,WV,Morgan County,2024,3645
54067,WV,Nicholas County,2024,4923
54069,WV,Ohio County,2024,8423
54071,WV,Pendleton County,2024,1219
54073,WV,Pleasants County,2024,1508
54075,WV,Pocahontas County,2024,1569
54077,WV,Preston County,2024,6981
54079,WV,Putnam County,2024,11699
54081,WV,Raleigh County,2024,14838
54083,WV,Randolph County,2024,5574
54085,WV,Ritchie County,2024,1675
54087,WV,Roane County,2024,2776
54089,WV,Summers County,2024,2367
54091,WV,Taylor County,2024,3370
54093,WV,Tucker County,2024,1347
54095,WV,Tyler County,2024,1608
54097,WV,Upshur County,2024,4848
54099,WV,Wayne County,2024,7706
54101,WV,Webster County,2024,1629
54103,WV,Wetzel County,2024,2822
54105,WV,Wirt County,2024,1009
54107,WV,Wood County,2024,16965
54109,WV,Wyoming County,2024,4093
55001,WI,Adams County,2024,3843
55003,WI,Ashland County,2024,2915
55005,WI,Barron County,2024,8426
55007,WI,Bayfield County,2024,3031
55009,WI,Brown County,2024,49304
55011,WI,Buffalo County,2024,2424
55013,WI,Burnett County,2024,3094
55015,WI,Calumet County,2024,9648
55017,WI,Chippewa County,2024,12118
55019,WI,Clark County,2024,6264
55021,WI,Columbia County,2024,10460
55023,WI,Crawford County,2024,2881
55025,WI,Dane County,2024,105902
55027,WI,Dodge County,2024,15954
55029,WI,Door County,2024,5492
55031,WI,Douglas County,2024,7970
55033,WI,Dunn County,2024,8304
55035,WI,Eau Claire County,2024,19589
55037,WI,Florence County,2024,841
55039,WI,Fond du Lac County,2024,18768
55041,WI,Forest County,2024,1711
55043,WI,Grant County,2024,9419
55045,WI,Green County,2024,6693
55047,WI,Green Lake County,2024,3487
55049,WI,Iowa County,2024,4313
55051,WI,Iron County,2024,1122
55053,WI,Jackson County,2024,3785
55055,WI,Jefferson County,2024,15524
55057,WI,Juneau County,2024,4786
55059,WI,Kenosha County,2024,30376
55061,WI,Kewaunee County,2024,3735
55063,WI,La Crosse County,2024,21791
55065,WI,Lafayette County,2024,3115
55067,WI,Langlade County,2024,3516
55069,WI,Lincoln County,2024,5123
55071,WI,Manitowoc County,2024,14672
55073,WI,Marathon County,2024,25036
55075,WI,Marinette County,2024,7622
55077,WI,Marquette County,2024,2834
55078,WI,Menominee County,2024,771
55079,WI,Milwaukee County,2024,166453
55081,WI,Monroe County,2024,8347
55083,WI,Oconto County,2024,7207
55085,WI,Oneida County,2024,6872
55087,WI,Outagamie County,2024,35170
55089,WI,Ozaukee County,2024,16912
55091,WI,Pepin County,2024,1360
55093,WI,Pierce County,2024,7808
55095,WI,Polk County,2024,8250
55097,WI,Portage County,2024,12967
55099,WI,Price County,2024,2536
55101,WI,Racine County,2024,35757
55103,WI,Richland County,2024,3082
55105,WI,Rock County,2024,29783
55107,WI,Rusk County,2024,2550
55109,WI,St. Croix County,2024,17632
55111,WI,Sauk County,2024,11967
55113,WI,Sawyer County,2024,3390
55115,WI,Shawano County,2024,7434
55117,WI,Sheboygan County,2024,21300
55119,WI,Taylor County,2024,3630
55121,WI,Trempealeau County,2024,5544
55123,WI,Vernon County,2024,5643
55125,WI,Vilas County,2024,4311
55127,WI,Walworth County,2024,19085
55129,WI,Washburn County,2024,3057
55131,WI,Washington County,2024,24971
55133,WI,Waukesha County,2024,75065
55135,WI,Waupaca County,2024,9211
55137,WI,Waushara County,2024,4514
55139,WI,Winnebago County,2024,31195
55141,WI,Wood County,2024,13310
56001,WY,Albany County,2024,6679
56003,WY,Big Horn County,2024,2054
56005,WY,Campbell County,2024,8151
56007,WY,Carbon County,2024,2422
56009,WY,Converse County,2024,2340
56011,WY,Crook County,2024,1322
56013,WY,Fremont County,2024,6753
56015,WY,Goshen County,2024,2148
56017,WY,Hot Springs County,2024,786
56019,WY,Johnson County,2024,1497
56021,WY,Laramie County,2024,17303
56023,WY,Lincoln County,2024,3570
56025,WY,Natrona County,2024,13670
56027,WY,Niobrara County,2024,391
56029,WY,Park County,2024,5284
56031,WY,Platte County,2024,1447
56033,WY,Sheridan County,2024,5606
56035,WY,Sublette County,2024,1524
56037,WY,Sweetwater County,2024,7016
56039,WY,Teton County,2024,3956
56041,WY,Uinta County,2024,3506
56043,WY,Washakie County,2024,1303
56045,WY,Weston County,2024,1167
