county_fips,state_abbr,county_name,county_name_norm,facility_count,certified_beds,avg_residents,avg_overall_rating,beds_per_facility_avg
01001,AL,Autauga County,AUTAUGA,1,162,158.0,1.0,162.0
01003,AL,Baldwin County,BALDWIN,7,772,550.8,2.86,110.29
01005,AL,Barbour County,BARBOUR,1,180,155.8,3.0,180.0
01007,AL,Bibb County,BIBB,1,131,107.5,1.0,131.0
01009,AL,Blount County,BLOUNT,2,223,207.4,2.0,111.5
01011,AL,Bullock County,BULLOCK,1,123,93.9,5.0,123.0
01013,AL,Butler County,BUTLER,2,209,173.1,4.0,104.5
01015,AL,Calhoun County,CALHOUN,5,667,554.0,3.2,133.4
01017,AL,Chambers County,CHAMBERS,4,320,281.6,3.0,80.0
01019,AL,Cherokee County,CHEROKEE,1,185,161.2,2.0,185.0
01021,AL,Chilton County,CHILTON,1,201,90.6,4.0,201.0
01023,AL,Choctaw County,CHOCTAW,1,120,67.8,5.0,120.0
01025,AL,Clarke County,CLARKE,2,171,155.3,4.5,85.5
01027,AL,Clay County,CLAY,2,184,163.9,4.5,92.0
01029,AL,Cleburne County,CLEBURNE,1,82,74.4,5.0,82.0
01031,AL,Coffee County,COFFEE,2,368,245.6,1.5,184.0
01033,AL,Colbert County,COLBERT,3,302,236.1,5.0,100.67
01035,AL,Conecuh County,CONECUH,1,61,52.9,4.0,61.0
01037,AL,Coosa County,COOSA,1,72,62.0,5.0,72.0
01039,AL,Covington County,COVINGTON,3,436,333.5,3.33,145.33
01041,AL,Crenshaw County,CRENSHAW,1,151,138.5,4.0,151.0
01043,AL,Cullman County,CULLMAN,4,554,508.5,3.0,138.5
01045,AL,Dale County,DALE,2,287,239.4,3.5,143.5
01047,AL,Dallas County,DALLAS,3,343,273.8,2.67,114.33
01051,AL,Elmore County,ELMORE,4,421,373.2,2.25,105.25
01053,AL,Escambia County,ESCAMBIA,2,225,177.8,5.0,112.5
01055,AL,Etowah County,ETOWAH,6,848,618.0,3.33,141.33
01057,AL,Fayette County,FAYETTE,1,122,103.9,5.0,122.0
01059,AL,Franklin County,FRANKLIN,4,260,208.0,2.5,65.0
01061,AL,Geneva County,GENEVA,2,182,146.0,4.5,91.0
01063,AL,Greene County,GREENE,1,72,37.5,1.0,72.0
01065,AL,Hale County,HALE,2,165,143.5,4.5,82.5
01067,AL,Henry County,HENRY,1,142,81.6,4.0,142.0
01069,AL,Houston County,HOUSTON,3,501,470.3,2.33,167.0
01071,AL,Jackson County,JACKSON,3,291,251.8,3.67,97.0
01073,AL,Jefferson County,JEFFERSON,34,3963,3338.9,2.12,116.56
01075,AL,Lamar County,LAMAR,1,158,120.7,1.0,158.0
01077,AL,Lauderdale County,LAUDERDALE,5,612,541.0,3.0,122.4
01079,AL,Lawrence County,LAWRENCE,1,136,109.3,5.0,136.0
01081,AL,Lee County,LEE,2,312,210.4,2.5,156.0
01083,AL,Limestone County,LIMESTONE,2,319,278.1,4.0,159.5
01085,AL,Lowndes County,LOWNDES,1,72,58.0,4.0,72.0
01087,AL,Macon County,MACON,1,111,87.6,3.0,111.0
01089,AL,Madison County,MADISON,12,1267,1102.9,2.75,105.58
01091,AL,Marengo County,MARENGO,2,153,132.2,5.0,76.5
01093,AL,Marion County,MARION,3,273,223.9,3.67,91.0
01095,AL,Marshall County,MARSHALL,5,550,524.5,3.6,110.0
01097,AL,Mobile County,MOBILE,17,1975,1587.3,3.44,116.18
01099,AL,Monroe County,MONROE,2,171,141.0,4.0,85.5
01101,AL,Montgomery County,MONTGOMERY,8,1081,883.7,2.38,135.12
01103,AL,Morgan County,MORGAN,4,634,501.2,1.25,158.5
01105,AL,Perry County,PERRY,2,162,129.8,4.5,81.0
01107,AL,Pickens County,PICKENS,2,185,140.5,5.0,92.5
01109,AL,Pike County,PIKE,1,220,122.1,1.0,220.0
01111,AL,Randolph County,RANDOLPH,2,188,124.3,3.0,94.0
01113,AL,Russell County,RUSSELL,3,297,283.4,3.33,99.0
01115,AL,St. Clair County,ST. CLAIR,4,374,317.0,2.25,93.5
01117,AL,Shelby County,SHELBY,3,392,377.4,3.0,130.67
01119,AL,Sumter County,SUMTER,1,125,102.3,3.0,125.0
01121,AL,Talladega County,TALLADEGA,3,468,432.8,4.33,156.0
01123,AL,Tallapoosa County,TALLAPOOSA,4,488,380.6,4.0,122.0
01125,AL,Tuscaloosa County,TUSCALOOSA,6,903,747.9,2.83,150.5
01127,AL,Walker County,WALKER,5,526,475.7,1.6,105.2
01129,AL,Washington County,WASHINGTON,1,88,77.5,5.0,88.0
01131,AL,Wilcox County,WILCOX,1,95,61.1,5.0,95.0
01133,AL,Winston County,WINSTON,2,207,170.0,3.0,103.5
02050,AK,Bethel Census Area,BETHEL,1,20,15.1,2.0,20.0
02063,AK,Chugach Census Area,CHUGACH,2,40,16.5,3.5,20.0
02090,AK,Fairbanks North Star Borough,FAIRBANKS NORTH STAR,1,71,72.3,3.0,71.0
02110,AK,Juneau City and Borough,JUNEAU,1,57,53.0,3.0,57.0
02122,AK,Kenai Peninsula Borough,KENAI PENINSULA,3,128,109.0,4.0,42.67
02130,AK,Ketchikan Gateway Borough,KETCHIKAN GATEWAY,1,29,25.4,1.0,29.0
02150,AK,Kodiak Island Borough,KODIAK ISLAND,1,22,21.4,2.0,22.0
02170,AK,Matanuska-Susitna Borough,MATANUSKA-SUSITNA,2,134,123.8,3.0,67.0
02180,AK,Nome Census Area,NOME,1,20,17.9,5.0,20.0
02188,AK,Northwest Arctic Borough,NORTHWEST ARCTIC,1,20,14.8,5.0,20.0
02195,AK,Petersburg Borough,PETERSBURG,1,20,13.1,4.0,20.0
02220,AK,Sitka City and Borough,SITKA,1,20,16.8,5.0,20.0
02275,AK,Wrangell City and Borough,WRANGELL,1,20,15.1,5.0,20.0
04001,AZ,Apache County,APACHE,1,80,53.7,1.0,80.0
04003,AZ,Cochise County,COCHISE,4,372,266.8,3.25,93.0
04005,AZ,Coconino County,COCONINO,4,303,243.4,2.5,75.75
04007,AZ,Gila County,GILA,4,472,256.9,2.5,118.0
04009,AZ,Graham County,GRAHAM,1,106,73.8,2.0,106.0
04013,AZ,Maricopa County,MARICOPA,77,9100,6951.1,3.87,118.18
04015,AZ,Mohave County,MOHAVE,6,608,398.6,3.17,101.33
04017,AZ,Navajo County,NAVAJO,3,289,244.9,1.67,96.33
04019,AZ,Pima County,PIMA,24,3035,2251.8,2.96,126.46
04021,AZ,Pinal County,PINAL,3,424,362.3,3.67,141.33
04025,AZ,Yavapai County,YAVAPAI,7,556,427.7,2.29,79.43
04027,AZ,Yuma County,YUMA,6,632,494.6,2.83,105.33
05001,AR,Arkansas County,ARKANSAS,3,230,114.7,2.33,76.67
05003,AR,Ashley County,ASHLEY,2,131,114.5,3.5,65.5
05005,AR,Baxter County,BAXTER,4,419,221.2,4.5,104.75
05007,AR,Benton County,BENTON,13,1421,983.2,3.08,109.31
05009,AR,Boone County,BOONE,3,347,243.8,4.33,115.67
05011,AR,Bradley County,BRADLEY,1,140,67.5,2.0,140.0
05015,AR,Carroll County,CARROLL,2,214,111.6,3.5,107.0
05017,AR,Chicot County,CHICOT,2,152,110.3,2.0,76.0
05019,AR,Clark County,CLARK,2,212,143.4,4.5,106.0
05021,AR,Clay County,CLAY,3,259,111.9,3.67,86.33
05023,AR,Cleburne County,CLEBURNE,2,262,174.0,4.0,131.0
05025,AR,Cleveland County,CLEVELAND,1,106,80.0,3.0,106.0
05027,AR,Columbia County,COLUMBIA,3,336,236.2,5.0,112.0
05029,AR,Conway County,CONWAY,1,134,108.4,4.0,134.0
05031,AR,Craighead County,CRAIGHEAD,6,673,572.5,2.6,112.17
05033,AR,Crawford County,CRAWFORD,4,479,376.0,2.5,119.75
05035,AR,Crittenden County,CRITTENDEN,3,344,271.9,2.33,114.67
05037,AR,Cross County,CROSS,2,200,106.2,2.5,100.0
05039,AR,Dallas County,DALLAS,1,100,61.1,4.0,100.0
05043,AR,Drew County,DREW,2,202,153.8,3.0,101.0
05045,AR,Faulkner County,FAULKNER,6,660,531.9,3.67,110.0
05047,AR,Franklin County,FRANKLIN,2,248,172.8,5.0,124.0
05049,AR,Fulton County,FULTON,1,84,65.3,5.0,84.0
05051,AR,Garland County,GARLAND,9,951,694.3,3.0,105.67
05053,AR,Grant County,GRANT,1,121,61.5,3.0,121.0
05055,AR,Greene County,GREENE,2,310,220.9,3.5,155.0
05057,AR,Hempstead County,HEMPSTEAD,1,128,76.4,4.0,128.0
05059,AR,Hot Spring County,HOT SPRING,2,202,154.7,2.5,101.0
05061,AR,Howard County,HOWARD,3,218,206.9,3.67,72.67
05063,AR,Independence County,INDEPENDENCE,3,400,277.6,4.0,133.33
05065,AR,Izard County,IZARD,2,156,112.9,4.0,78.0
05067,AR,Jackson County,JACKSON,2,250,149.6,1.5,125.0
05069,AR,Jefferson County,JEFFERSON,4,494,329.6,2.0,123.5
05071,AR,Johnson County,JOHNSON,1,140,117.3,4.0,140.0
05073,AR,Lafayette County,LAFAYETTE,1,94,58.8,5.0,94.0
05075,AR,Lawrence County,LAWRENCE,2,229,167.8,4.0,114.5
05077,AR,Lee County,LEE,1,80,55.1,3.0,80.0
05079,AR,Lincoln County,LINCOLN,1,95,82.1,3.0,95.0
05081,AR,Little River County,LITTLE RIVER,2,173,143.1,4.5,86.5
05083,AR,Logan County,LOGAN,2,260,166.9,4.0,130.0
05085,AR,Lonoke County,LONOKE,7,659,465.7,3.71,94.14
05087,AR,Madison County,MADISON,1,105,59.0,2.0,105.0
05089,AR,Marion County,MARION,2,176,123.6,3.0,88.0
05091,AR,Miller County,MILLER,3,387,282.3,2.67,129.0
05093,AR,Mississippi County,MISSISSIPPI,4,331,265.6,3.5,82.75
05095,AR,Monroe County,MONROE,1,116,47.9,1.0,116.0
05097,AR,Montgomery County,MONTGOMERY,1,112,68.7,5.0,112.0
05099,AR,Nevada County,NEVADA,2,201,130.3,4.5,100.5
05101,AR,Newton County,NEWTON,1,70,43.2,2.0,70.0
05103,AR,Ouachita County,OUACHITA,3,325,239.8,3.33,108.33
05105,AR,Perry County,PERRY,1,95,67.1,3.0,95.0
05107,AR,Phillips County,PHILLIPS,1,100,31.7,5.0,100.0
05109,AR,Pike County,PIKE,2,146,71.4,3.5,73.0
05111,AR,Poinsett County,POINSETT,3,284,190.2,3.0,94.67
05113,AR,Polk County,POLK,1,138,89.2,5.0,138.0
05115,AR,Pope County,POPE,4,436,287.3,4.25,109.0
05117,AR,Prairie County,PRAIRIE,2,168,81.8,1.5,84.0
05119,AR,Pulaski County,PULASKI,23,2631,1960.3,3.22,114.39
05121,AR,Randolph County,RANDOLPH,2,237,178.4,3.5,118.5
05123,AR,St. Francis County,ST. FRANCIS,1,100,41.0,2.0,100.0
05125,AR,Saline County,SALINE,6,883,594.8,4.33,147.17
05127,AR,Scott County,SCOTT,1,105,65.6,4.0,105.0
05129,AR,Searcy County,SEARCY,1,78,55.3,5.0,78.0
05131,AR,Sebastian County,SEBASTIAN,9,1063,916.2,2.88,118.11
05133,AR,Sevier County,SEVIER,1,131,47.4,5.0,131.0
05135,AR,Sharp County,SHARP,3,295,202.0,5.0,98.33
05137,AR,Stone County,STONE,1,97,76.9,4.0,97.0
05139,AR,Union County,UNION,5,592,385.4,3.8,118.4
05141,AR,Van Buren County,VAN BUREN,2,173,126.4,4.5,86.5
05143,AR,Washington County,WASHINGTON,12,1273,989.1,3.5,106.08
05145,AR,White County,WHITE,4,642,425.1,3.5,160.5
05147,AR,Woodruff County,WOODRUFF,1,120,84.8,3.0,120.0
05149,AR,Yell County,YELL,2,215,160.2,4.5,107.5
06001,CA,Alameda County,ALAMEDA,69,5528,4866.4,3.71,80.12
06005,CA,Amador County,AMADOR,1,199,71.8,1.0,199.0
06007,CA,Butte County,BUTTE,9,910,789.4,2.22,101.11
06009,CA,Calaveras County,CALAVERAS,1,99,84.3,1.0,99.0
06011,CA,Colusa County,COLUSA,2,119,101.8,4.0,59.5
06013,CA,Contra Costa County,CONTRA COSTA,30,2916,2610.0,3.93,97.2
06015,CA,Del Norte County,DEL NORTE,1,99,80.8,1.0,99.0
06017,CA,El Dorado County,EL DORADO,4,314,291.2,3.75,78.5
06019,CA,Fresno County,FRESNO,30,2778,2491.8,3.0,92.6
06021,CA,Glenn County,GLENN,1,79,70.8,3.0,79.0
06023,CA,Humboldt County,HUMBOLDT,5,409,302.6,2.0,81.8
06025,CA,Imperial County,IMPERIAL,3,253,216.5,3.0,84.33
06027,CA,Inyo County,INYO,2,132,122.6,3.5,66.0
06029,CA,Kern County,KERN,17,1755,1523.3,1.71,103.24
06031,CA,Kings County,KINGS,3,327,259.6,4.0,109.0
06033,CA,Lake County,LAKE,3,270,232.6,2.67,90.0
06035,CA,Lassen County,LASSEN,1,96,81.0,2.0,96.0
06037,CA,Los Angeles County,LOS ANGELES,369,37383,32804.5,2.47,101.31
06039,CA,Madera County,MADERA,5,400,370.9,3.0,80.0
06041,CA,Marin County,MARIN,11,948,800.7,3.0,86.18
06043,CA,Mariposa County,MARIPOSA,1,20,15.4,2.0,20.0
06045,CA,Mendocino County,MENDOCINO,4,274,180.3,3.5,68.5
06047,CA,Merced County,MERCED,10,781,693.6,3.6,78.1
06049,CA,Modoc County,MODOC,2,106,69.8,4.5,53.0
06053,CA,Monterey County,MONTEREY,14,994,923.6,3.93,71.0
06055,CA,Napa County,NAPA,6,678,498.0,3.17,113.0
06057,CA,Nevada County,NEVADA,5,429,391.9,3.8,85.8
06059,CA,Orange County,ORANGE,72,7730,6832.8,3.25,107.36
06061,CA,Placer County,PLACER,10,1125,990.3,3.9,112.5
06063,CA,Plumas County,PLUMAS,3,122,109.8,2.5,40.67
06065,CA,Riverside County,RIVERSIDE,54,5123,4615.1,3.26,94.87
06067,CA,Sacramento County,SACRAMENTO,37,3915,3650.0,3.39,105.81
06069,CA,San Benito County,SAN BENITO,1,119,87.5,4.0,119.0
06071,CA,San Bernardino County,SAN BERNARDINO,54,5001,4526.3,3.98,92.61
06073,CA,San Diego County,SAN DIEGO,81,8793,7872.4,3.9,108.56
06075,CA,San Francisco County,SAN FRANCISCO,18,1801,1643.9,4.5,100.06
06077,CA,San Joaquin County,SAN JOAQUIN,24,2629,2298.5,2.71,109.54
06079,CA,San Luis Obispo County,SAN LUIS OBISPO,7,755,490.8,5.0,107.86
06081,CA,San Mateo County,SAN MATEO,14,1617,1449.2,3.71,115.5
06083,CA,Santa Barbara County,SANTA BARBARA,14,1277,1110.3,4.0,91.21
06085,CA,Santa Clara County,SANTA CLARA,50,5114,4633.3,3.62,102.28
06087,CA,Santa Cruz County,SANTA CRUZ,7,725,668.3,3.71,103.57
06089,CA,Shasta County,SHASTA,10,1055,892.1,3.5,105.5
06093,CA,Siskiyou County,SISKIYOU,1,59,32.2,3.0,59.0
06095,CA,Solano County,SOLANO,8,747,604.8,4.29,93.38
06097,CA,Sonoma County,SONOMA,18,1509,1333.9,3.56,83.83
06099,CA,Stanislaus County,STANISLAUS,17,1795,1590.8,3.12,105.59
06101,CA,Sutter County,SUTTER,4,433,396.9,4.0,108.25
06103,CA,Tehama County,TEHAMA,2,113,101.9,3.0,56.5
06105,CA,Trinity County,TRINITY,1,20,12.6,3.0,20.0
06107,CA,Tulare County,TULARE,16,1552,1408.1,3.0,97.0
06109,CA,Tuolumne County,TUOLUMNE,2,278,242.8,3.0,139.0
06111,CA,Ventura County,VENTURA,19,1862,1682.2,4.37,98.0
06113,CA,Yolo County,YOLO,6,577,528.9,3.0,96.17
06115,CA,Yuba County,YUBA,1,86,83.1,5.0,86.0
08001,CO,Adams County,ADAMS,14,1764,1443.9,2.5,126.0
08003,CO,Alamosa County,ALAMOSA,2,130,99.9,4.0,65.0
08005,CO,Arapahoe County,ARAPAHOE,19,2067,1770.1,3.63,108.79
08007,CO,Archuleta County,ARCHULETA,1,60,48.9,4.0,60.0
08009,CO,Baca County,BACA,2,86,60.8,3.5,43.0
08011,CO,Bent County,BENT,1,56,46.9,4.0,56.0
08013,CO,Boulder County,BOULDER,10,1025,771.1,3.4,102.5
08014,CO,Broomfield County,BROOMFIELD,1,210,183.4,2.0,210.0
08015,CO,Chaffee County,CHAFFEE,1,112,52.2,4.0,112.0
08017,CO,Cheyenne County,CHEYENNE,1,39,19.5,5.0,39.0
08021,CO,Conejos County,CONEJOS,1,60,51.7,1.0,60.0
08025,CO,Crowley County,CROWLEY,1,44,38.3,4.0,44.0
08029,CO,Delta County,DELTA,3,185,138.1,2.0,61.67
08031,CO,Denver County,DENVER,23,2350,1915.0,3.27,102.17
08035,CO,Douglas County,DOUGLAS,7,655,467.6,3.57,93.57
08037,CO,Eagle County,EAGLE,1,44,39.6,5.0,44.0
08041,CO,El Paso County,EL PASO,20,1821,1583.4,2.95,91.05
08043,CO,Fremont County,FREMONT,6,453,364.3,2.83,75.5
08045,CO,Garfield County,GARFIELD,4,290,189.4,2.25,72.5
08051,CO,Gunnison County,GUNNISON,1,50,29.1,5.0,50.0
08055,CO,Huerfano County,HUERFANO,1,120,75.5,3.0,120.0
08059,CO,Jefferson County,JEFFERSON,23,2304,1695.3,3.04,100.17
08063,CO,Kit Carson County,KIT CARSON,1,31,26.6,4.0,31.0
08067,CO,La Plata County,LA PLATA,2,173,117.7,3.5,86.5
08069,CO,Larimer County,LARIMER,13,1243,1077.6,3.38,95.62
08071,CO,Las Animas County,LAS ANIMAS,1,119,87.1,1.0,119.0
08075,CO,Logan County,LOGAN,2,147,130.2,2.0,73.5
08077,CO,Mesa County,MESA,7,615,530.7,2.29,87.86
08081,CO,Moffat County,MOFFAT,1,58,35.2,1.0,58.0
08083,CO,Montezuma County,MONTEZUMA,2,211,119.7,2.5,105.5
08085,CO,Montrose County,MONTROSE,3,257,174.0,2.67,85.67
08087,CO,Morgan County,MORGAN,3,323,168.0,2.67,107.67
08089,CO,Otero County,OTERO,3,202,135.1,4.5,67.33
08095,CO,Phillips County,PHILLIPS,1,51,44.2,4.0,51.0
08099,CO,Prowers County,PROWERS,2,105,53.4,3.0,52.5
08101,CO,Pueblo County,PUEBLO,9,1119,766.1,3.44,124.33
08103,CO,Rio Blanco County,RIO BLANCO,1,30,29.0,3.0,30.0
08105,CO,Rio Grande County,RIO GRANDE,3,180,120.9,3.0,60.0
08107,CO,Routt County,ROUTT,1,66,47.3,4.0,66.0
08115,CO,Sedgwick County,SEDGWICK,1,32,19.4,1.0,32.0
08119,CO,Teller County,TELLER,1,80,78.3,4.0,80.0
08121,CO,Washington County,WASHINGTON,1,40,38.3,5.0,40.0
08123,CO,Weld County,WELD,8,718,583.3,3.88,89.75
08125,CO,Yuma County,YUMA,1,45,40.0,5.0,45.0
10001,DE,Kent County,KENT,7,806,616.4,3.29,115.14
10003,DE,New Castle County,NEW CASTLE,25,2520,2228.9,3.36,100.8
10005,DE,Sussex County,SUSSEX,12,1412,1105.4,3.18,117.67
12001,FL,Alachua County,ALACHUA,9,1272,1172.4,3.78,141.33
12003,FL,Baker County,BAKER,2,189,160.6,3.5,94.5
12005,FL,Bay County,BAY,5,538,492.7,4.2,107.6
12007,FL,Bradford County,BRADFORD,2,240,215.8,2.5,120.0
12009,FL,Brevard County,BREVARD,21,2803,2556.3,2.81,133.48
12011,FL,Broward County,BROWARD,33,4314,3872.3,3.33,130.73
12013,FL,Calhoun County,CALHOUN,2,246,212.4,5.0,123.0
12015,FL,Charlotte County,CHARLOTTE,8,1124,1023.6,2.75,140.5
12017,FL,Citrus County,CITRUS,9,1103,1014.6,4.0,122.56
12019,FL,Clay County,CLAY,12,1332,1203.9,4.33,111.0
12021,FL,Collier County,COLLIER,11,876,731.4,2.82,79.64
12023,FL,Columbia County,COLUMBIA,4,418,386.2,2.75,104.5
12029,FL,Dixie County,DIXIE,1,60,45.8,5.0,60.0
12031,FL,Duval County,DUVAL,34,4400,3869.0,3.74,129.41
12033,FL,Escambia County,ESCAMBIA,16,1965,1717.9,4.19,122.81
12035,FL,Flagler County,FLAGLER,2,240,207.6,2.5,120.0
12037,FL,Franklin County,FRANKLIN,1,74,77.4,5.0,74.0
12039,FL,Gadsden County,GADSDEN,1,120,110.1,5.0,120.0
12041,FL,Gilchrist County,GILCHRIST,2,201,179.4,4.0,100.5
12045,FL,Gulf County,GULF,1,120,97.1,1.0,120.0
12047,FL,Hamilton County,HAMILTON,1,60,56.1,4.0,60.0
12049,FL,Hardee County,HARDEE,1,79,60.9,2.0,79.0
12051,FL,Hendry County,HENDRY,2,248,191.1,4.0,124.0
12053,FL,Hernando County,HERNANDO,6,769,690.3,2.67,128.17
12055,FL,Highlands County,HIGHLANDS,5,598,490.7,2.4,119.6
12057,FL,Hillsborough County,HILLSBOROUGH,30,3943,3553.2,2.67,131.43
12059,FL,Holmes County,HOLMES,1,180,143.5,4.0,180.0
12061,FL,Indian River County,INDIAN RIVER,6,574,524.5,3.33,95.67
12063,FL,Jackson County,JACKSON,4,507,439.5,4.0,126.75
12065,FL,Jefferson County,JEFFERSON,1,97,86.1,5.0,97.0
12067,FL,Lafayette County,LAFAYETTE,1,60,47.2,5.0,60.0
12069,FL,Lake County,LAKE,17,1779,1626.0,3.35,104.65
12071,FL,Lee County,LEE,20,2179,1951.8,3.32,108.95
12073,FL,Leon County,LEON,8,1039,876.9,3.5,129.88
12075,FL,Levy County,LEVY,1,120,111.3,2.0,120.0
12079,FL,Madison County,MADISON,3,231,194.9,4.0,77.0
12081,FL,Manatee County,MANATEE,12,1536,1309.7,2.75,128.0
12083,FL,Marion County,MARION,11,1552,1429.9,3.36,141.09
12085,FL,Martin County,MARTIN,6,693,627.2,4.0,115.5
12086,FL,Miami-Dade County,MIAMI-DADE,54,8193,7453.0,4.04,151.72
12087,FL,Monroe County,MONROE,2,240,198.7,1.5,120.0
12089,FL,Nassau County,NASSAU,2,240,223.1,3.0,120.0
12091,FL,Okaloosa County,OKALOOSA,8,899,737.5,4.75,112.38
12093,FL,Okeechobee County,OKEECHOBEE,1,210,194.8,5.0,210.0
12095,FL,Orange County,ORANGE,36,4483,3889.7,3.06,124.53
12097,FL,Osceola County,OSCEOLA,10,1191,1109.3,3.0,119.1
12099,FL,Palm Beach County,PALM BEACH,54,6163,5270.8,3.24,114.13
12101,FL,Pasco County,PASCO,18,2194,2006.5,2.94,121.89
12103,FL,Pinellas County,PINELLAS,65,7485,6381.3,2.31,115.15
12105,FL,Polk County,POLK,25,3174,2913.7,2.46,126.96
12107,FL,Putnam County,PUTNAM,3,337,290.5,3.67,112.33
12109,FL,St. Johns County,ST. JOHNS,8,720,666.8,4.12,90.0
12111,FL,St. Lucie County,ST. LUCIE,9,1140,1006.6,3.22,126.67
12113,FL,Santa Rosa County,SANTA ROSA,4,410,380.7,4.0,102.5
12115,FL,Sarasota County,SARASOTA,30,3086,2513.0,2.8,102.87
12117,FL,Seminole County,SEMINOLE,10,1246,1152.9,3.0,124.6
12119,FL,Sumter County,SUMTER,4,428,397.4,3.25,107.0
12121,FL,Suwannee County,SUWANNEE,3,401,339.5,3.33,133.67
12123,FL,Taylor County,TAYLOR,1,120,76.5,1.0,120.0
12127,FL,Volusia County,VOLUSIA,29,3427,2898.4,3.79,118.17
12129,FL,Wakulla County,WAKULLA,1,120,106.4,5.0,120.0
12131,FL,Walton County,WALTON,2,277,206.0,5.0,138.5
12133,FL,Washington County,WASHINGTON,2,214,186.2,5.0,107.0
13001,GA,Appling County,APPLING,1,101,85.8,1.0,101.0
13005,GA,Bacon County,BACON,1,88,75.7,5.0,88.0
13009,GA,Baldwin County,BALDWIN,4,498,431.2,3.5,124.5
13013,GA,Barrow County,BARROW,1,163,144.4,1.0,163.0
13015,GA,Bartow County,BARTOW,3,316,303.8,2.67,105.33
13017,GA,Ben Hill County,BEN HILL,2,245,158.1,2.5,122.5
13019,GA,Berrien County,BERRIEN,1,108,93.4,1.0,108.0
13021,GA,Bibb County,BIBB,11,1163,915.1,2.64,105.73
13023,GA,Bleckley County,BLECKLEY,1,75,69.0,2.0,75.0
13025,GA,Brantley County,BRANTLEY,1,63,56.2,3.0,63.0
13027,GA,Brooks County,BROOKS,1,188,133.3,2.0,188.0
13029,GA,Bryan County,BRYAN,2,160,146.9,2.0,80.0
13031,GA,Bulloch County,BULLOCH,3,254,170.0,3.33,84.67
13033,GA,Burke County,BURKE,3,310,238.9,2.67,103.33
13035,GA,Butts County,BUTTS,1,196,185.4,3.0,196.0
13037,GA,Calhoun County,CALHOUN,1,60,57.0,5.0,60.0
13039,GA,Camden County,CAMDEN,1,78,63.4,3.0,78.0
13043,GA,Candler County,CANDLER,3,298,233.9,1.67,99.33
13045,GA,Carroll County,CARROLL,4,423,322.6,2.25,105.75
13047,GA,Catoosa County,CATOOSA,3,380,344.7,3.67,126.67
13049,GA,Charlton County,CHARLTON,1,92,62.7,1.0,92.0
13051,GA,Chatham County,CHATHAM,11,1154,878.8,2.27,104.91
13055,GA,Chattooga County,CHATTOOGA,1,151,144.7,4.0,151.0
13057,GA,Cherokee County,CHEROKEE,3,371,308.2,1.33,123.67
13059,GA,Clarke County,CLARKE,4,446,369.9,2.75,111.5
13061,GA,Clay County,CLAY,1,60,54.5,2.0,60.0
13063,GA,Clayton County,CLAYTON,4,638,533.6,1.5,159.5
13065,GA,Clinch County,CLINCH,1,92,71.8,1.0,92.0
13067,GA,Cobb County,COBB,13,1733,1492.9,2.54,133.31
13069,GA,Coffee County,COFFEE,1,168,127.1,5.0,168.0
13071,GA,Colquitt County,COLQUITT,4,287,263.5,3.5,71.75
13073,GA,Columbia County,COLUMBIA,3,314,277.9,3.0,104.67
13075,GA,Cook County,COOK,1,95,84.2,5.0,95.0
13077,GA,Coweta County,COWETA,3,260,226.4,3.33,86.67
13079,GA,Crawford County,CRAWFORD,1,100,54.1,4.0,100.0
13081,GA,Crisp County,CRISP,2,243,145.6,2.0,121.5
13083,GA,Dade County,DADE,1,71,32.7,4.0,71.0
13087,GA,Decatur County,DECATUR,2,207,119.3,2.5,103.5
13091,GA,Dodge County,DODGE,2,200,154.1,2.5,100.0
13095,GA,Dougherty County,DOUGHERTY,2,436,362.6,2.0,218.0
13097,GA,Douglas County,DOUGLAS,1,246,207.6,1.0,246.0
13099,GA,Early County,EARLY,1,127,94.4,1.0,127.0
13103,GA,Effingham County,EFFINGHAM,1,105,87.0,4.0,105.0
13105,GA,Elbert County,ELBERT,3,187,162.6,2.33,62.33
13107,GA,Emanuel County,EMANUEL,3,262,205.1,3.0,87.33
13109,GA,Evans County,EVANS,1,70,55.7,3.0,70.0
13111,GA,Fannin County,FANNIN,1,101,84.9,5.0,101.0
13113,GA,Fayette County,FAYETTE,2,317,295.8,2.0,158.5
13115,GA,Floyd County,FLOYD,8,714,609.9,2.38,89.25
13117,GA,Forsyth County,FORSYTH,2,249,218.8,2.0,124.5
13119,GA,Franklin County,FRANKLIN,1,144,93.2,4.0,144.0
13121,GA,Fulton County,FULTON,19,2902,2541.2,1.88,152.74
13123,GA,Gilmer County,GILMER,2,154,131.1,3.0,77.0
13125,GA,Glascock County,GLASCOCK,1,104,64.1,4.0,104.0
13127,GA,Glynn County,GLYNN,5,505,297.3,3.0,101.0
13129,GA,Gordon County,GORDON,2,217,198.9,3.0,108.5
13131,GA,Grady County,GRADY,2,217,142.6,1.5,108.5
13133,GA,Greene County,GREENE,1,64,62.1,3.0,64.0
13135,GA,Gwinnett County,GWINNETT,11,1191,935.3,2.82,108.27
13137,GA,Habersham County,HABERSHAM,2,232,172.1,3.0,116.0
13139,GA,Hall County,HALL,5,498,473.9,3.0,99.6
13141,GA,Hancock County,HANCOCK,2,152,92.1,3.0,76.0
13143,GA,Haralson County,HARALSON,3,242,195.7,1.67,80.67
13145,GA,Harris County,HARRIS,1,100,87.5,4.0,100.0
13147,GA,Hart County,HART,2,209,145.8,4.0,104.5
13149,GA,Heard County,HEARD,1,78,61.0,5.0,78.0
13151,GA,Henry County,HENRY,2,299,227.1,3.0,149.5
13153,GA,Houston County,HOUSTON,5,533,442.5,3.4,106.6
13155,GA,Irwin County,IRWIN,2,113,88.7,3.5,56.5
13157,GA,Jackson County,JACKSON,2,237,147.3,2.5,118.5
13159,GA,Jasper County,JASPER,1,55,50.5,3.0,55.0
13161,GA,Jeff Davis County,JEFF DAVIS,1,73,50.3,1.0,73.0
13163,GA,Jefferson County,JEFFERSON,1,98,73.4,2.0,98.0
13165,GA,Jenkins County,JENKINS,1,100,76.9,2.0,100.0
13167,GA,Johnson County,JOHNSON,2,153,130.3,3.0,76.5
13169,GA,Jones County,JONES,2,189,149.9,4.0,94.5
13171,GA,Lamar County,LAMAR,1,117,110.4,3.0,117.0
13173,GA,Lanier County,LANIER,1,62,57.4,4.0,62.0
13175,GA,Laurens County,LAURENS,3,380,255.2,2.33,126.67
13177,GA,Lee County,LEE,1,60,58.3,3.0,60.0
13179,GA,Liberty County,LIBERTY,1,169,77.3,2.0,169.0
13183,GA,Long County,LONG,1,108,84.6,1.0,108.0
13185,GA,Lowndes County,LOWNDES,4,367,324.9,2.0,91.75
13187,GA,Lumpkin County,LUMPKIN,2,162,133.0,3.0,81.0
13193,GA,Macon County,MACON,3,248,200.3,4.0,82.67
13195,GA,Madison County,MADISON,1,116,68.6,3.0,116.0
13197,GA,Marion County,MARION,1,70,66.6,5.0,70.0
13199,GA,Meriwether County,MERIWETHER,2,192,155.0,3.5,96.0
13201,GA,Miller County,MILLER,1,157,151.8,5.0,157.0
13205,GA,Mitchell County,MITCHELL,1,156,137.6,1.0,156.0
13207,GA,Monroe County,MONROE,3,276,197.8,2.67,92.0
13211,GA,Morgan County,MORGAN,1,67,66.4,3.0,67.0
13213,GA,Murray County,MURRAY,1,120,112.4,1.0,120.0
13215,GA,Muscogee County,MUSCOGEE,7,1106,615.8,3.0,158.0
13217,GA,Newton County,NEWTON,2,230,221.5,2.5,115.0
13219,GA,Oconee County,OCONEE,2,140,118.9,3.5,70.0
13221,GA,Oglethorpe County,OGLETHORPE,1,61,59.2,3.0,61.0
13223,GA,Paulding County,PAULDING,1,182,162.6,3.0,182.0
13225,GA,Peach County,PEACH,1,75,46.8,2.0,75.0
13227,GA,Pickens County,PICKENS,2,120,110.4,3.0,60.0
13233,GA,Polk County,POLK,3,289,235.4,4.33,96.33
13235,GA,Pulaski County,PULASKI,1,102,51.7,2.0,102.0
13237,GA,Putnam County,PUTNAM,1,104,76.7,2.0,104.0
13241,GA,Rabun County,RABUN,1,117,79.5,1.0,117.0
13243,GA,Randolph County,RANDOLPH,1,80,75.6,4.0,80.0
13245,GA,Richmond County,RICHMOND,11,1094,800.8,2.55,99.45
13247,GA,Rockdale County,ROCKDALE,2,276,256.4,2.5,138.0
13251,GA,Screven County,SCREVEN,1,128,102.5,1.0,128.0
13253,GA,Seminole County,SEMINOLE,1,75,62.0,2.0,75.0
13255,GA,Spalding County,SPALDING,3,350,310.7,1.33,116.67
13257,GA,Stephens County,STEPHENS,1,181,113.9,1.0,181.0
13259,GA,Stewart County,STEWART,1,85,70.6,5.0,85.0
13261,GA,Sumter County,SUMTER,2,338,211.4,2.5,169.0
13267,GA,Tattnall County,TATTNALL,2,252,181.8,1.0,126.0
13269,GA,Taylor County,TAYLOR,1,78,68.7,3.0,78.0
13271,GA,Telfair County,TELFAIR,2,219,151.5,1.5,109.5
13273,GA,Terrell County,TERRELL,1,60,53.1,1.0,60.0
13275,GA,Thomas County,THOMAS,4,267,236.9,2.0,66.75
13277,GA,Tift County,TIFT,2,278,211.6,1.5,139.0
13279,GA,Toombs County,TOOMBS,3,387,261.0,3.33,129.0
13281,GA,Towns County,TOWNS,1,112,90.3,1.0,112.0
13283,GA,Treutlen County,TREUTLEN,1,50,49.2,5.0,50.0
13285,GA,Troup County,TROUP,3,404,336.2,3.33,134.67
13287,GA,Turner County,TURNER,1,76,65.0,4.0,76.0
13289,GA,Twiggs County,TWIGGS,1,131,95.5,3.0,131.0
13291,GA,Union County,UNION,1,150,107.2,4.0,150.0
13293,GA,Upson County,UPSON,3,302,248.4,3.0,100.67
13295,GA,Walker County,WALKER,3,324,257.8,3.33,108.0
13297,GA,Walton County,WALTON,2,240,216.2,3.5,120.0
13299,GA,Ware County,WARE,3,520,399.7,3.33,173.33
13301,GA,Warren County,WARREN,1,110,46.0,1.0,110.0
13303,GA,Washington County,WASHINGTON,3,176,161.8,3.0,58.67
13305,GA,Wayne County,WAYNE,3,224,189.4,2.33,74.67
13309,GA,Wheeler County,WHEELER,1,62,45.1,1.0,62.0
13311,GA,White County,WHITE,2,149,123.0,4.0,74.5
13313,GA,Whitfield County,WHITFIELD,3,322,258.0,4.0,107.33
13315,GA,Wilcox County,WILCOX,2,203,127.1,2.0,101.5
13317,GA,Wilkes County,WILKES,1,47,42.7,3.0,47.0
13319,GA,Wilkinson County,WILKINSON,1,62,54.4,5.0,62.0
13321,GA,Worth County,WORTH,1,117,104.8,5.0,117.0
15001,HI,Hawaii County,HAWAII,7,779,627.6,3.57,111.29
15003,HI,Honolulu County,HONOLULU,26,2679,2182.8,3.62,103.04
15007,HI,Kauai County,KAUAI,5,333,231.7,3.4,66.6
15009,HI,Maui County,MAUI,4,467,384.6,4.67,116.75
16001,ID,Ada County,ADA,14,1381,1056.1,2.79,98.64
16005,ID,Bannock County,BANNOCK,4,308,231.5,4.0,77.0
16007,ID,Bear Lake County,BEAR LAKE,1,36,29.1,3.0,36.0
16009,ID,Benewah County,BENEWAH,1,74,51.2,1.0,74.0
16011,ID,Bingham County,BINGHAM,2,69,50.8,3.5,34.5
16013,ID,Blaine County,BLAINE,1,32,30.9,4.0,32.0
16017,ID,Bonner County,BONNER,2,197,134.5,2.0,98.5
16019,ID,Bonneville County,BONNEVILLE,4,360,265.2,2.5,90.0
16021,ID,Boundary County,BOUNDARY,1,20,17.9,5.0,20.0
16027,ID,Canyon County,CANYON,7,622,522.8,2.29,88.86
16031,ID,Cassia County,CASSIA,2,154,129.9,3.5,77.0
16035,ID,Clearwater County,CLEARWATER,1,60,40.7,4.0,60.0
16039,ID,Elmore County,ELMORE,1,38,15.8,5.0,38.0
16041,ID,Franklin County,FRANKLIN,1,35,30.1,5.0,35.0
16043,ID,Fremont County,FREMONT,1,38,27.2,5.0,38.0
16045,ID,Gem County,GEM,2,114,95.3,2.5,57.0
16047,ID,Gooding County,GOODING,1,80,49.5,3.0,80.0
16049,ID,Idaho County,IDAHO,1,60,40.3,4.0,60.0
16055,ID,Kootenai County,KOOTENAI,7,635,466.7,2.14,90.71
16057,ID,Latah County,LATAH,2,133,101.9,3.5,66.5
16059,ID,Lemhi County,LEMHI,1,45,30.5,3.0,45.0
16063,ID,Lincoln County,LINCOLN,1,36,27.2,3.0,36.0
16065,ID,Madison County,MADISON,2,154,87.5,3.5,77.0
16067,ID,Minidoka County,MINIDOKA,1,36,25.4,3.0,36.0
16069,ID,Nez Perce County,NEZ PERCE,6,520,349.5,3.67,86.67
16071,ID,Oneida County,ONEIDA,1,33,21.6,5.0,33.0
16073,ID,Owyhee County,OWYHEE,1,58,51.5,5.0,58.0
16075,ID,Payette County,PAYETTE,1,80,48.7,4.0,80.0
16077,ID,Power County,POWER,1,21,20.9,1.0,21.0
16079,ID,Shoshone County,SHOSHONE,2,123,108.0,5.0,61.5
16083,ID,Twin Falls County,TWIN FALLS,5,406,244.6,3.0,81.2
16085,ID,Valley County,VALLEY,1,65,37.3,5.0,65.0
16087,ID,Washington County,WASHINGTON,1,76,46.5,3.0,76.0
17001,IL,Adams County,ADAMS,6,600,383.4,2.83,100.0
17005,IL,Bond County,BOND,1,90,57.4,2.0,90.0
17007,IL,Boone County,BOONE,3,279,205.8,2.0,93.0
17009,IL,Brown County,BROWN,1,80,66.5,2.0,80.0
17011,IL,Bureau County,BUREAU,4,377,288.8,3.75,94.25
17013,IL,Calhoun County,CALHOUN,1,80,64.8,3.0,80.0
17015,IL,Carroll County,CARROLL,2,155,120.5,3.5,77.5
17017,IL,Cass County,CASS,2,150,97.0,3.0,75.0
17019,IL,Champaign County,CHAMPAIGN,4,387,335.6,1.5,96.75
17021,IL,Christian County,CHRISTIAN,4,427,331.4,2.5,106.75
17023,IL,Clark County,CLARK,3,225,147.2,2.0,75.0
17025,IL,Clay County,CLAY,2,196,117.5,2.0,98.0
17027,IL,Clinton County,CLINTON,4,355,248.2,2.5,88.75
17029,IL,Coles County,COLES,5,735,415.7,1.2,147.0
17031,IL,Cook County,COOK,202,33559,25914.1,2.65,166.13
17033,IL,Crawford County,CRAWFORD,2,122,116.3,3.0,61.0
17035,IL,Cumberland County,CUMBERLAND,2,125,99.1,2.0,62.5
17039,IL,De Witt County,DE WITT,2,190,149.0,1.0,95.0
17041,IL,Douglas County,DOUGLAS,3,231,158.9,1.33,77.0
17045,IL,Edgar County,EDGAR,3,293,199.2,1.33,97.67
17049,IL,Effingham County,EFFINGHAM,4,432,231.9,3.5,108.0
17051,IL,Fayette County,FAYETTE,3,239,104.9,2.33,79.67
17053,IL,Ford County,FORD,4,261,211.6,3.0,65.25
17055,IL,Franklin County,FRANKLIN,4,326,193.0,2.25,81.5
17057,IL,Fulton County,FULTON,6,501,340.7,3.5,83.5
17059,IL,Gallatin County,GALLATIN,1,71,38.3,3.0,71.0
17061,IL,Greene County,GREENE,1,119,98.8,2.0,119.0
17063,IL,Grundy County,GRUNDY,2,265,195.5,1.5,132.5
17065,IL,Hamilton County,HAMILTON,2,103,89.8,3.5,51.5
17069,IL,Hardin County,HARDIN,1,62,33.0,1.0,62.0
17071,IL,Henderson County,HENDERSON,1,58,37.3,5.0,58.0
17073,IL,Henry County,HENRY,5,493,333.5,2.8,98.6
17075,IL,Iroquois County,IROQUOIS,5,446,308.0,3.0,89.2
17077,IL,Jackson County,JACKSON,2,251,106.6,1.0,125.5
17079,IL,Jasper County,JASPER,1,57,33.8,3.0,57.0
17081,IL,Jefferson County,JEFFERSON,4,336,252.9,1.75,84.0
17083,IL,Jersey County,JERSEY,3,364,254.9,1.33,121.33
17085,IL,Jo Daviess County,JO DAVIESS,2,106,61.9,3.5,53.0
17087,IL,Johnson County,JOHNSON,1,50,42.3,3.0,50.0
17089,IL,Kane County,KANE,25,2657,2117.9,3.08,106.28
17091,IL,Kankakee County,KANKAKEE,6,685,475.3,2.5,114.17
17093,IL,Kendall County,KENDALL,2,184,113.1,3.0,92.0
17095,IL,Knox County,KNOX,6,834,491.8,2.67,139.0
17097,IL,Lake County,LAKE,23,3719,2658.4,3.26,161.7
17101,IL,Lawrence County,LAWRENCE,1,99,63.6,2.0,99.0
17103,IL,Lee County,LEE,3,256,169.0,3.67,85.33
17105,IL,Livingston County,LIVINGSTON,6,422,354.6,3.5,70.33
17107,IL,Logan County,LOGAN,3,315,223.7,2.33,105.0
17115,IL,Macon County,MACON,7,787,541.6,1.0,112.43
17117,IL,Macoupin County,MACOUPIN,6,531,373.6,1.83,88.5
17119,IL,Madison County,MADISON,17,1799,1362.4,2.06,105.82
17121,IL,Marion County,MARION,5,509,272.5,1.8,101.8
17123,IL,Marshall County,MARSHALL,3,278,173.5,2.67,92.67
17125,IL,Mason County,MASON,2,195,115.8,1.5,97.5
17127,IL,Massac County,MASSAC,2,241,161.1,1.5,120.5
17129,IL,Menard County,MENARD,1,99,74.4,1.0,99.0
17131,IL,Mercer County,MERCER,2,172,101.3,3.0,86.0
17133,IL,Monroe County,MONROE,2,263,240.4,2.5,131.5
17135,IL,Montgomery County,MONTGOMERY,5,480,365.1,2.8,96.0
17137,IL,Morgan County,MORGAN,4,502,328.6,2.0,125.5
17139,IL,Moultrie County,MOULTRIE,2,186,118.9,1.0,93.0
17141,IL,Ogle County,OGLE,6,607,459.0,2.0,101.17
17143,IL,Peoria County,PEORIA,11,1217,911.6,2.5,110.64
17145,IL,Perry County,PERRY,3,208,148.8,3.0,69.33
17147,IL,Piatt County,PIATT,2,160,126.1,2.0,80.0
17149,IL,Pike County,PIKE,3,257,176.1,2.0,85.67
17157,IL,Randolph County,RANDOLPH,3,258,184.9,2.33,86.0
17159,IL,Richland County,RICHLAND,2,275,143.4,3.0,137.5
17161,IL,Rock Island County,ROCK ISLAND,9,1218,831.9,1.78,135.33
17163,IL,St. Clair County,ST. CLAIR,15,1768,1283.0,1.47,117.87
17165,IL,Saline County,SALINE,4,408,291.9,2.25,102.0
17167,IL,Sangamon County,SANGAMON,8,902,664.1,2.0,112.75
17169,IL,Schuyler County,SCHUYLER,1,96,72.8,3.0,96.0
17171,IL,Scott County,SCOTT,1,49,46.0,5.0,49.0
17173,IL,Shelby County,SHELBY,3,259,192.7,1.33,86.33
17175,IL,Stark County,STARK,1,136,74.5,1.0,136.0
17177,IL,Stephenson County,STEPHENSON,5,590,366.1,2.0,118.0
17179,IL,Tazewell County,TAZEWELL,8,911,628.1,2.5,113.88
17181,IL,Union County,UNION,2,144,134.1,2.5,72.0
17183,IL,Vermilion County,VERMILION,5,553,456.5,2.0,110.6
17185,IL,Wabash County,WABASH,1,90,67.8,3.0,90.0
17187,IL,Warren County,WARREN,2,157,76.1,1.0,78.5
17189,IL,Washington County,WASHINGTON,1,120,57.3,1.0,120.0
17191,IL,Wayne County,WAYNE,3,169,91.9,2.67,56.33
17193,IL,White County,WHITE,3,296,198.2,2.33,98.67
17195,IL,Whiteside County,WHITESIDE,7,623,446.3,1.71,89.0
17197,IL,Will County,WILL,16,2294,1854.6,2.75,143.38
17199,IL,Williamson County,WILLIAMSON,5,562,423.9,2.0,112.4
17201,IL,Winnebago County,WINNEBAGO,15,2000,1397.1,2.33,133.33
17203,IL,Woodford County,WOODFORD,6,524,420.8,3.6,87.33
18001,IN,Adams County,ADAMS,3,351,222.2,5.0,117.0
18003,IN,Allen County,ALLEN,29,3011,2272.4,3.66,103.83
18005,IN,Bartholomew County,BARTHOLOMEW,6,513,367.0,3.67,85.5
18009,IN,Blackford County,BLACKFORD,2,143,72.4,4.0,71.5
18011,IN,Boone County,BOONE,5,477,331.5,3.4,95.4
18013,IN,Brown County,BROWN,1,117,110.1,5.0,117.0
18015,IN,Carroll County,CARROLL,1,64,53.9,4.0,64.0
18017,IN,Cass County,CASS,4,388,318.9,4.5,97.0
18019,IN,Clark County,CLARK,7,747,590.7,3.29,106.71
18021,IN,Clay County,CLAY,2,188,146.5,2.5,94.0
18023,IN,Clinton County,CLINTON,4,423,337.0,4.25,105.75
18025,IN,Crawford County,CRAWFORD,1,62,58.0,5.0,62.0
18027,IN,Daviess County,DAVIESS,5,317,250.9,3.2,63.4
18029,IN,Dearborn County,DEARBORN,4,388,269.9,2.0,97.0
18031,IN,Decatur County,DECATUR,5,347,269.2,3.6,69.4
18035,IN,Delaware County,DELAWARE,13,1177,910.2,3.0,90.54
18037,IN,Dubois County,DUBOIS,7,544,417.4,3.43,77.71
18039,IN,Elkhart County,ELKHART,13,1467,1077.6,2.85,112.85
18041,IN,Fayette County,FAYETTE,4,297,244.9,4.0,74.25
18043,IN,Floyd County,FLOYD,7,785,670.8,2.71,112.14
18045,IN,Fountain County,FOUNTAIN,1,119,78.7,1.0,119.0
18047,IN,Franklin County,FRANKLIN,1,100,48.9,2.0,100.0
18049,IN,Fulton County,FULTON,2,144,71.7,3.0,72.0
18051,IN,Gibson County,GIBSON,4,334,245.2,2.25,83.5
18053,IN,Grant County,GRANT,6,662,437.0,2.83,110.33
18055,IN,Greene County,GREENE,2,193,122.5,4.0,96.5
18057,IN,Hamilton County,HAMILTON,17,1613,1323.8,3.82,94.88
18059,IN,Hancock County,HANCOCK,5,473,340.4,3.0,94.6
18061,IN,Harrison County,HARRISON,3,285,244.3,3.67,95.0
18063,IN,Hendricks County,HENDRICKS,9,1252,962.6,2.89,139.11
18065,IN,Henry County,HENRY,7,487,307.7,3.43,69.57
18067,IN,Howard County,HOWARD,7,707,527.8,3.43,101.0
18069,IN,Huntington County,HUNTINGTON,5,373,306.5,3.4,74.6
18071,IN,Jackson County,JACKSON,4,385,298.9,4.0,96.25
18073,IN,Jasper County,JASPER,2,193,143.1,1.5,96.5
18075,IN,Jay County,JAY,2,146,124.2,2.5,73.0
18077,IN,Jefferson County,JEFFERSON,5,411,285.3,3.0,82.2
18079,IN,Jennings County,JENNINGS,1,120,98.3,2.0,120.0
18081,IN,Johnson County,JOHNSON,10,1350,1116.6,4.3,135.0
18083,IN,Knox County,KNOX,6,475,330.5,3.0,79.17
18085,IN,Kosciusko County,KOSCIUSKO,6,519,385.5,3.17,86.5
18087,IN,LaGrange County,LAGRANGE,2,187,128.3,3.0,93.5
18089,IN,Lake County,LAKE,20,2375,1872.8,1.65,118.75
18093,IN,Lawrence County,LAWRENCE,6,536,384.6,4.0,89.33
18095,IN,Madison County,MADISON,11,1014,751.3,3.55,92.18
18097,IN,Marion County,MARION,46,5015,3592.4,2.83,109.02
18099,IN,Marshall County,MARSHALL,4,348,245.4,2.75,87.0
18101,IN,Martin County,MARTIN,2,118,66.1,1.0,59.0
18103,IN,Miami County,MIAMI,4,313,198.7,3.75,78.25
18105,IN,Monroe County,MONROE,7,647,512.2,3.29,92.43
18107,IN,Montgomery County,MONTGOMERY,4,276,240.7,3.5,69.0
18109,IN,Morgan County,MORGAN,6,547,411.5,3.67,91.17
18111,IN,Newton County,NEWTON,2,163,143.2,2.0,81.5
18113,IN,Noble County,NOBLE,5,417,314.6,4.4,83.4
18115,IN,Ohio County,OHIO,1,58,46.2,3.0,58.0
18117,IN,Orange County,ORANGE,2,183,146.7,3.0,91.5
18119,IN,Owen County,OWEN,2,200,141.2,4.5,100.0
18123,IN,Perry County,PERRY,2,184,139.0,3.5,92.0
18125,IN,Pike County,PIKE,2,127,97.8,4.5,63.5
18127,IN,Porter County,PORTER,10,1034,857.7,2.5,103.4
18129,IN,Posey County,POSEY,2,162,88.2,3.0,81.0
18131,IN,Pulaski County,PULASKI,3,136,112.6,2.67,45.33
18133,IN,Putnam County,PUTNAM,5,327,249.8,4.2,65.4
18135,IN,Randolph County,RANDOLPH,2,147,107.6,4.5,73.5
18137,IN,Ripley County,RIPLEY,5,352,272.6,2.6,70.4
18139,IN,Rush County,RUSH,2,161,77.8,2.5,80.5
18141,IN,St. Joseph County,ST. JOSEPH,18,1922,1202.2,3.11,106.78
18143,IN,Scott County,SCOTT,4,274,230.8,4.0,68.5
18145,IN,Shelby County,SHELBY,5,509,402.3,2.8,101.8
18147,IN,Spencer County,SPENCER,3,162,113.1,3.0,54.0
18149,IN,Starke County,STARKE,1,57,49.1,5.0,57.0
18151,IN,Steuben County,STEUBEN,2,174,151.4,3.0,87.0
18153,IN,Sullivan County,SULLIVAN,2,170,84.3,1.5,85.0
18155,IN,Switzerland County,SWITZERLAND,1,72,44.6,4.0,72.0
18157,IN,Tippecanoe County,TIPPECANOE,11,1115,787.5,3.36,101.36
18159,IN,Tipton County,TIPTON,1,150,94.5,1.0,150.0
18161,IN,Union County,UNION,1,60,26.8,1.0,60.0
18163,IN,Vanderburgh County,VANDERBURGH,17,1655,1192.8,2.59,97.35
18165,IN,Vermillion County,VERMILLION,2,200,153.8,3.5,100.0
18167,IN,Vigo County,VIGO,10,932,731.4,2.22,93.2
18169,IN,Wabash County,WABASH,8,716,541.8,3.5,89.5
18171,IN,Warren County,WARREN,1,80,64.9,2.0,80.0
18173,IN,Warrick County,WARRICK,8,761,587.7,2.12,95.12
18175,IN,Washington County,WASHINGTON,2,190,158.5,5.0,95.0
18177,IN,Wayne County,WAYNE,8,832,595.7,2.5,104.0
18179,IN,Wells County,WELLS,4,339,259.2,5.0,84.75
18181,IN,White County,WHITE,2,163,132.3,4.0,81.5
18183,IN,Whitley County,WHITLEY,2,166,88.3,3.5,83.0
19001,IA,Adair County,ADAIR,2,111,95.3,4.0,55.5
19003,IA,Adams County,ADAMS,1,40,23.3,4.0,40.0
19005,IA,Allamakee County,ALLAMAKEE,3,150,114.7,2.67,50.0
19007,IA,Appanoose County,APPANOOSE,3,112,94.1,3.33,37.33
19009,IA,Audubon County,AUDUBON,2,106,81.1,4.0,53.0
19011,IA,Benton County,BENTON,4,202,157.2,4.0,50.5
19013,IA,Black Hawk County,BLACK HAWK,12,1059,907.4,3.25,88.25
19015,IA,Boone County,BOONE,4,286,228.6,3.25,71.5
19017,IA,Bremer County,BREMER,4,220,186.2,4.0,55.0
19019,IA,Buchanan County,BUCHANAN,2,109,85.2,4.0,54.5
19021,IA,Buena Vista County,BUENA VISTA,1,93,88.2,3.0,93.0
19023,IA,Butler County,BUTLER,5,204,176.0,2.4,40.8
19025,IA,Calhoun County,CALHOUN,3,118,104.5,2.33,39.33
19027,IA,Carroll County,CARROLL,4,247,195.6,2.5,61.75
19029,IA,Cass County,CASS,3,192,149.6,2.67,64.0
19031,IA,Cedar County,CEDAR,4,204,177.2,3.75,51.0
19033,IA,Cerro Gordo County,CERRO GORDO,5,449,367.1,3.0,89.8
19035,IA,Cherokee County,CHEROKEE,5,229,169.8,3.2,45.8
19037,IA,Chickasaw County,CHICKASAW,2,98,60.5,3.0,49.0
19039,IA,Clarke County,CLARKE,1,90,84.2,3.0,90.0
19041,IA,Clay County,CLAY,2,161,127.5,1.5,80.5
19043,IA,Clayton County,CLAYTON,5,201,146.2,4.6,40.2
19045,IA,Clinton County,CLINTON,4,301,255.9,3.75,75.25
19047,IA,Crawford County,CRAWFORD,2,130,101.5,4.5,65.0
19049,IA,Dallas County,DALLAS,9,501,402.4,2.89,55.67
19051,IA,Davis County,DAVIS,1,91,40.7,4.0,91.0
19053,IA,Decatur County,DECATUR,2,89,70.1,4.5,44.5
19055,IA,Delaware County,DELAWARE,1,112,95.5,3.0,112.0
19057,IA,Des Moines County,DES MOINES,3,282,251.6,2.33,94.0
19059,IA,Dickinson County,DICKINSON,2,126,109.7,3.5,63.0
19061,IA,Dubuque County,DUBUQUE,12,933,784.1,3.5,77.75
19063,IA,Emmet County,EMMET,3,148,121.3,2.67,49.33
19065,IA,Fayette County,FAYETTE,4,231,189.4,4.0,57.75
19067,IA,Floyd County,FLOYD,3,160,122.8,4.67,53.33
19069,IA,Franklin County,FRANKLIN,3,149,113.9,3.33,49.67
19071,IA,Fremont County,FREMONT,2,92,80.5,2.5,46.0
19073,IA,Greene County,GREENE,1,46,44.9,3.0,46.0
19075,IA,Grundy County,GRUNDY,4,169,130.2,2.75,42.25
19077,IA,Guthrie County,GUTHRIE,2,104,84.6,3.0,52.0
19079,IA,Hamilton County,HAMILTON,3,188,147.3,1.67,62.67
19081,IA,Hancock County,HANCOCK,3,139,112.3,4.67,46.33
19083,IA,Hardin County,HARDIN,4,221,172.2,4.0,55.25
19085,IA,Harrison County,HARRISON,3,222,177.3,1.33,74.0
19087,IA,Henry County,HENRY,6,284,231.4,4.33,47.33
19089,IA,Howard County,HOWARD,3,129,94.2,3.33,43.0
19091,IA,Humboldt County,HUMBOLDT,1,28,25.2,5.0,28.0
19093,IA,Ida County,IDA,2,100,80.5,3.5,50.0
19095,IA,Iowa County,IOWA,4,211,173.5,4.25,52.75
19097,IA,Jackson County,JACKSON,3,167,131.7,4.0,55.67
19099,IA,Jasper County,JASPER,5,260,232.5,3.2,52.0
19101,IA,Jefferson County,JEFFERSON,2,143,99.7,1.0,71.5
19103,IA,Johnson County,JOHNSON,7,571,463.2,3.29,81.57
19105,IA,Jones County,JONES,2,139,100.7,4.5,69.5
19107,IA,Keokuk County,KEOKUK,3,131,103.3,1.33,43.67
19109,IA,Kossuth County,KOSSUTH,4,169,132.6,4.0,42.25
19111,IA,Lee County,LEE,6,392,304.2,3.33,65.33
19113,IA,Linn County,LINN,18,1312,1065.0,3.06,72.89
19115,IA,Louisa County,LOUISA,2,88,70.6,4.5,44.0
19117,IA,Lucas County,LUCAS,1,60,38.9,2.0,60.0
19119,IA,Lyon County,LYON,3,121,107.8,3.67,40.33
19121,IA,Madison County,MADISON,1,65,52.1,2.0,65.0
19123,IA,Mahaska County,MAHASKA,3,234,224.1,1.33,78.0
19125,IA,Marion County,MARION,4,284,237.9,2.25,71.0
19127,IA,Marshall County,MARSHALL,5,582,513.9,2.6,116.4
19129,IA,Mills County,MILLS,1,69,63.4,2.0,69.0
19131,IA,Mitchell County,MITCHELL,5,206,149.0,3.6,41.2
19133,IA,Monona County,MONONA,3,174,131.2,2.67,58.0
19135,IA,Monroe County,MONROE,1,54,50.2,4.0,54.0
19137,IA,Montgomery County,MONTGOMERY,4,203,144.5,1.75,50.75
19139,IA,Muscatine County,MUSCATINE,5,444,277.5,3.0,88.8
19143,IA,Osceola County,OSCEOLA,2,92,71.0,5.0,46.0
19145,IA,Page County,PAGE,3,162,134.3,1.5,54.0
19147,IA,Palo Alto County,PALO ALTO,5,214,187.7,3.0,42.8
19149,IA,Plymouth County,PLYMOUTH,5,260,228.8,3.4,52.0
19151,IA,Pocahontas County,POCAHONTAS,2,84,69.5,4.5,42.0
19153,IA,Polk County,POLK,30,2271,1971.6,3.07,75.7
19155,IA,Pottawattamie County,POTTAWATTAMIE,7,549,347.2,1.57,78.43
19157,IA,Poweshiek County,POWESHIEK,4,209,164.5,4.75,52.25
19159,IA,Ringgold County,RINGGOLD,2,128,96.9,4.0,64.0
19161,IA,Sac County,SAC,3,154,96.5,3.33,51.33
19163,IA,Scott County,SCOTT,11,1015,758.4,2.09,92.27
19165,IA,Shelby County,SHELBY,2,114,102.1,2.5,57.0
19167,IA,Sioux County,SIOUX,5,364,308.2,3.2,72.8
19169,IA,Story County,STORY,7,453,398.1,3.86,64.71
19171,IA,Tama County,TAMA,4,242,196.7,2.5,60.5
19173,IA,Taylor County,TAYLOR,2,75,54.3,3.0,37.5
19175,IA,Union County,UNION,2,105,78.2,2.5,52.5
19177,IA,Van Buren County,VAN BUREN,1,60,50.8,1.0,60.0
19179,IA,Wapello County,WAPELLO,3,246,215.0,3.67,82.0
19181,IA,Warren County,WARREN,6,456,377.4,2.5,76.0
19183,IA,Washington County,WASHINGTON,4,245,205.7,3.75,61.25
19185,IA,Wayne County,WAYNE,1,71,57.5,3.0,71.0
19187,IA,Webster County,WEBSTER,4,350,284.4,3.0,87.5
19189,IA,Winnebago County,WINNEBAGO,3,146,113.8,4.33,48.67
19191,IA,Winneshiek County,WINNESHIEK,3,188,158.2,2.67,62.67
19193,IA,Woodbury County,WOODBURY,9,539,438.5,2.44,59.89
19195,IA,Worth County,WORTH,2,85,72.5,3.0,42.5
19197,IA,Wright County,WRIGHT,3,166,130.5,2.0,55.33
20001,KS,Allen County,ALLEN,2,90,78.9,2.0,45.0
20003,KS,Anderson County,ANDERSON,2,81,72.3,4.5,40.5
20005,KS,Atchison County,ATCHISON,3,149,114.8,3.67,49.67
20007,KS,Barber County,BARBER,1,29,20.5,5.0,29.0
20009,KS,Barton County,BARTON,2,136,103.6,2.0,68.0
20011,KS,Bourbon County,BOURBON,1,45,33.2,4.0,45.0
20013,KS,Brown County,BROWN,1,53,50.0,3.0,53.0
20015,KS,Butler County,BUTLER,6,482,329.6,1.5,80.33
20017,KS,Chase County,CHASE,1,45,29.9,4.0,45.0
20019,KS,Chautauqua County,CHAUTAUQUA,1,45,31.4,4.0,45.0
20021,KS,Cherokee County,CHEROKEE,3,143,114.1,2.67,47.67
20023,KS,Cheyenne County,CHEYENNE,1,30,25.3,2.0,30.0
20025,KS,Clark County,CLARK,1,26,13.7,1.0,26.0
20027,KS,Clay County,CLAY,2,75,71.6,4.5,37.5
20029,KS,Cloud County,CLOUD,3,111,102.3,2.0,37.0
20031,KS,Coffey County,COFFEY,1,77,72.8,4.0,77.0
20033,KS,Comanche County,COMANCHE,2,70,61.6,3.5,35.0
20035,KS,Cowley County,COWLEY,6,340,288.8,3.67,56.67
20037,KS,Crawford County,CRAWFORD,4,282,225.8,2.5,70.5
20039,KS,Decatur County,DECATUR,1,45,17.2,2.0,45.0
20041,KS,Dickinson County,DICKINSON,4,195,144.4,2.5,48.75
20043,KS,Doniphan County,DONIPHAN,1,60,34.0,3.0,60.0
20045,KS,Douglas County,DOUGLAS,5,261,198.8,3.0,52.2
20047,KS,Edwards County,EDWARDS,1,42,20.6,2.0,42.0
20051,KS,Ellis County,ELLIS,3,183,167.8,3.33,61.0
20053,KS,Ellsworth County,ELLSWORTH,2,83,74.6,3.0,41.5
20055,KS,Finney County,FINNEY,2,122,85.7,5.0,61.0
20057,KS,Ford County,FORD,6,254,191.5,3.67,42.33
20059,KS,Franklin County,FRANKLIN,3,186,174.3,2.33,62.0
20061,KS,Geary County,GEARY,1,100,63.7,1.0,100.0
20065,KS,Graham County,GRAHAM,1,36,35.7,2.0,36.0
20067,KS,Grant County,GRANT,1,60,33.3,4.0,60.0
20069,KS,Gray County,GRAY,2,84,79.3,3.5,42.0
20071,KS,Greeley County,GREELEY,1,20,15.3,5.0,20.0
20073,KS,Greenwood County,GREENWOOD,1,65,44.9,2.0,65.0
20077,KS,Harper County,HARPER,2,78,71.7,4.0,39.0
20079,KS,Harvey County,HARVEY,7,507,433.1,3.57,72.43
20085,KS,Jackson County,JACKSON,1,45,32.5,1.0,45.0
20087,KS,Jefferson County,JEFFERSON,4,183,159.4,2.75,45.75
20091,KS,Johnson County,JOHNSON,35,3056,2533.4,3.11,87.31
20093,KS,Kearny County,KEARNY,1,40,19.8,1.0,40.0
20095,KS,Kingman County,KINGMAN,2,99,82.6,4.0,49.5
20097,KS,Kiowa County,KIOWA,1,45,44.4,5.0,45.0
20099,KS,Labette County,LABETTE,4,173,120.4,3.5,43.25
20103,KS,Leavenworth County,LEAVENWORTH,5,308,241.2,2.2,61.6
20105,KS,Lincoln County,LINCOLN,1,36,31.1,3.0,36.0
20109,KS,Logan County,LOGAN,1,30,26.3,2.0,30.0
20111,KS,Lyon County,LYON,2,110,98.8,3.5,55.0
20113,KS,McPherson County,MCPHERSON,7,494,399.5,2.71,70.57
20115,KS,Marion County,MARION,6,274,220.4,3.8,45.67
20117,KS,Marshall County,MARSHALL,2,131,100.6,2.0,65.5
20119,KS,Meade County,MEADE,2,65,49.3,4.5,32.5
20121,KS,Miami County,MIAMI,3,183,164.2,3.0,61.0
20123,KS,Mitchell County,MITCHELL,2,126,99.3,3.0,63.0
20125,KS,Montgomery County,MONTGOMERY,4,233,176.4,3.5,58.25
20127,KS,Morris County,MORRIS,1,60,47.9,1.0,60.0
20131,KS,Nemaha County,NEMAHA,5,238,171.5,3.4,47.6
20133,KS,Neosho County,NEOSHO,3,198,135.4,3.0,66.0
20135,KS,Ness County,NESS,1,30,23.2,2.0,30.0
20137,KS,Norton County,NORTON,1,50,34.2,1.0,50.0
20139,KS,Osage County,OSAGE,2,113,94.0,3.0,56.5
20141,KS,Osborne County,OSBORNE,2,103,87.6,3.0,51.5
20143,KS,Ottawa County,OTTAWA,1,45,41.7,5.0,45.0
20145,KS,Pawnee County,PAWNEE,1,80,46.0,5.0,80.0
20147,KS,Phillips County,PHILLIPS,2,76,61.8,1.5,38.0
20149,KS,Pottawatomie County,POTTAWATOMIE,4,156,123.0,3.0,39.0
20151,KS,Pratt County,PRATT,2,105,89.1,3.0,52.5
20153,KS,Rawlins County,RAWLINS,1,35,25.9,2.0,35.0
20155,KS,Reno County,RENO,7,433,367.2,3.86,61.86
20157,KS,Republic County,REPUBLIC,1,62,46.6,1.0,62.0
20159,KS,Rice County,RICE,2,81,58.7,2.0,40.5
20161,KS,Riley County,RILEY,4,342,297.9,4.0,85.5
20163,KS,Rooks County,ROOKS,2,64,60.0,3.0,32.0
20165,KS,Rush County,RUSH,1,38,32.9,2.0,38.0
20167,KS,Russell County,RUSSELL,2,68,59.7,3.0,34.0
20169,KS,Saline County,SALINE,6,397,323.2,2.17,66.17
20171,KS,Scott County,SCOTT,1,54,38.7,4.0,54.0
20173,KS,Sedgwick County,SEDGWICK,29,2202,1872.7,3.03,75.93
20175,KS,Seward County,SEWARD,3,116,83.8,1.67,38.67
20177,KS,Shawnee County,SHAWNEE,15,1255,1095.9,2.6,83.67
20179,KS,Sheridan County,SHERIDAN,1,32,28.1,4.0,32.0
20181,KS,Sherman County,SHERMAN,1,45,41.5,1.0,45.0
20183,KS,Smith County,SMITH,2,67,59.5,4.5,33.5
20185,KS,Stafford County,STAFFORD,1,37,35.0,2.0,37.0
20187,KS,Stanton County,STANTON,1,25,21.6,4.0,25.0
20189,KS,Stevens County,STEVENS,1,77,72.2,1.0,77.0
20191,KS,Sumner County,SUMNER,4,198,176.3,4.5,49.5
20193,KS,Thomas County,THOMAS,2,100,75.5,3.5,50.0
20195,KS,Trego County,TREGO,1,37,31.0,4.0,37.0
20197,KS,Wabaunsee County,WABAUNSEE,1,60,57.7,2.0,60.0
20201,KS,Washington County,WASHINGTON,1,42,38.7,3.0,42.0
20203,KS,Wichita County,WICHITA,1,20,5.0,4.0,20.0
20205,KS,Wilson County,WILSON,1,45,42.3,4.0,45.0
20209,KS,Wyandotte County,WYANDOTTE,10,706,617.8,2.22,70.6
21001,KY,Adair County,ADAIR,1,104,83.6,4.0,104.0
21003,KY,Allen County,ALLEN,1,110,99.7,3.0,110.0
21005,KY,Anderson County,ANDERSON,1,94,84.6,1.0,94.0
21007,KY,Ballard County,BALLARD,1,70,60.1,5.0,70.0
21009,KY,Barren County,BARREN,5,516,417.8,2.8,103.2
21011,KY,Bath County,BATH,1,99,92.3,1.0,99.0
21013,KY,Bell County,BELL,2,210,145.8,4.5,105.0
21015,KY,Boone County,BOONE,3,444,383.0,2.0,148.0
21017,KY,Bourbon County,BOURBON,1,99,84.0,1.0,99.0
21019,KY,Boyd County,BOYD,3,307,290.2,2.33,102.33
21021,KY,Boyle County,BOYLE,2,196,166.7,1.5,98.0
21023,KY,Bracken County,BRACKEN,1,32,27.4,2.0,32.0
21025,KY,Breathitt County,BREATHITT,1,120,73.7,2.0,120.0
21027,KY,Breckinridge County,BRECKINRIDGE,2,83,75.4,4.0,41.5
21029,KY,Bullitt County,BULLITT,2,178,152.3,3.5,89.0
21031,KY,Butler County,BUTLER,1,122,116.4,4.0,122.0
21033,KY,Caldwell County,CALDWELL,1,104,97.8,4.0,104.0
21035,KY,Calloway County,CALLOWAY,1,226,126.2,1.0,226.0
21037,KY,Campbell County,CAMPBELL,5,515,462.6,2.8,103.0
21039,KY,Carlisle County,CARLISLE,1,53,50.8,3.0,53.0
21041,KY,Carroll County,CARROLL,1,78,64.5,4.0,78.0
21043,KY,Carter County,CARTER,1,120,111.2,1.0,120.0
21045,KY,Casey County,CASEY,1,97,81.6,1.0,97.0
21047,KY,Christian County,CHRISTIAN,4,418,305.4,3.0,104.5
21049,KY,Clark County,CLARK,1,147,132.2,2.0,147.0
21051,KY,Clay County,CLAY,1,106,93.4,3.0,106.0
21053,KY,Clinton County,CLINTON,1,52,46.8,4.0,52.0
21055,KY,Crittenden County,CRITTENDEN,1,101,59.5,2.0,101.0
21057,KY,Cumberland County,CUMBERLAND,1,84,80.2,2.0,84.0
21059,KY,Daviess County,DAVIESS,7,655,528.1,3.86,93.57
21061,KY,Edmonson County,EDMONSON,1,74,70.2,5.0,74.0
21063,KY,Elliott County,ELLIOTT,1,75,70.3,3.0,75.0
21065,KY,Estill County,ESTILL,1,86,79.9,3.0,86.0
21067,KY,Fayette County,FAYETTE,13,1377,1221.0,2.69,105.92
21069,KY,Fleming County,FLEMING,1,92,79.1,1.0,92.0
21071,KY,Floyd County,FLOYD,2,177,156.0,5.0,88.5
21073,KY,Franklin County,FRANKLIN,2,200,182.5,2.0,100.0
21075,KY,Fulton County,FULTON,1,60,53.6,2.0,60.0
21077,KY,Gallatin County,GALLATIN,1,120,106.3,4.0,120.0
21079,KY,Garrard County,GARRARD,1,96,90.9,2.0,96.0
21081,KY,Grant County,GRANT,1,95,90.3,4.0,95.0
21083,KY,Graves County,GRAVES,2,164,158.2,2.5,82.0
21085,KY,Grayson County,GRAYSON,2,143,138.2,3.0,71.5
21087,KY,Green County,GREEN,1,118,105.6,4.0,118.0
21089,KY,Greenup County,GREENUP,3,271,248.0,2.67,90.33
21091,KY,Hancock County,HANCOCK,1,45,41.7,4.0,45.0
21093,KY,Hardin County,HARDIN,7,607,495.7,2.86,86.71
21095,KY,Harlan County,HARLAN,2,228,181.2,1.5,114.0
21097,KY,Harrison County,HARRISON,3,175,166.7,2.33,58.33
21099,KY,Hart County,HART,1,104,96.1,4.0,104.0
21101,KY,Henderson County,HENDERSON,2,312,216.5,2.5,156.0
21103,KY,Henry County,HENRY,1,60,50.2,5.0,60.0
21105,KY,Hickman County,HICKMAN,2,137,121.1,3.0,68.5
21107,KY,Hopkins County,HOPKINS,7,590,435.2,3.0,84.29
21109,KY,Jackson County,JACKSON,1,51,47.9,3.0,51.0
21111,KY,Jefferson County,JEFFERSON,39,4018,3515.4,3.08,103.03
21113,KY,Jessamine County,JESSAMINE,2,358,209.0,3.0,179.0
21115,KY,Johnson County,JOHNSON,1,126,112.7,1.0,126.0
21117,KY,Kenton County,KENTON,8,769,684.9,2.88,96.12
21119,KY,Knott County,KNOTT,1,92,85.9,3.0,92.0
21121,KY,Knox County,KNOX,1,135,111.7,1.0,135.0
21123,KY,Larue County,LARUE,1,137,127.2,1.0,137.0
21125,KY,Laurel County,LAUREL,1,160,155.1,5.0,160.0
21127,KY,Lawrence County,LAWRENCE,1,104,88.9,1.0,104.0
21129,KY,Lee County,LEE,1,109,101.9,5.0,109.0
21131,KY,Leslie County,LESLIE,1,94,84.9,5.0,94.0
21133,KY,Letcher County,LETCHER,1,142,115.8,3.0,142.0
21135,KY,Lewis County,LEWIS,1,94,87.5,3.0,94.0
21137,KY,Lincoln County,LINCOLN,1,128,119.7,1.0,128.0
21139,KY,Livingston County,LIVINGSTON,1,75,53.2,3.0,75.0
21141,KY,Logan County,LOGAN,2,170,148.2,2.5,85.0
21143,KY,Lyon County,LYON,2,105,91.4,3.0,52.5
21151,KY,Madison County,MADISON,5,397,371.4,3.4,79.4
21153,KY,Magoffin County,MAGOFFIN,1,142,105.3,1.0,142.0
21155,KY,Marion County,MARION,2,109,99.2,3.5,54.5
21157,KY,Marshall County,MARSHALL,3,291,254.0,3.67,97.0
21159,KY,Martin County,MARTIN,1,65,61.7,4.0,65.0
21161,KY,Mason County,MASON,1,130,115.7,5.0,130.0
21163,KY,Meade County,MEADE,1,57,53.8,4.0,57.0
21165,KY,Menifee County,MENIFEE,1,60,52.9,2.0,60.0
21167,KY,Mercer County,MERCER,2,148,129.6,3.0,74.0
21169,KY,Metcalfe County,METCALFE,1,71,68.2,2.0,71.0
21171,KY,Monroe County,MONROE,1,104,70.5,5.0,104.0
21173,KY,Montgomery County,MONTGOMERY,1,144,122.0,1.0,144.0
21175,KY,Morgan County,MORGAN,1,48,45.5,3.0,48.0
21177,KY,Muhlenberg County,MUHLENBERG,3,202,181.9,4.33,67.33
21179,KY,Nelson County,NELSON,2,165,101.1,1.5,82.5
21181,KY,Nicholas County,NICHOLAS,1,71,33.8,,71.0
21183,KY,Ohio County,OHIO,3,235,201.5,3.33,78.33
21185,KY,Oldham County,OLDHAM,2,170,150.8,3.5,85.0
21187,KY,Owen County,OWEN,1,100,82.9,3.0,100.0
21189,KY,Owsley County,OWSLEY,1,91,79.5,4.0,91.0
21191,KY,Pendleton County,PENDLETON,1,60,58.0,5.0,60.0
21193,KY,Perry County,PERRY,2,320,281.8,3.0,160.0
21195,KY,Pike County,PIKE,4,364,300.6,3.0,91.0
21197,KY,Powell County,POWELL,1,81,75.8,3.0,81.0
21199,KY,Pulaski County,PULASKI,4,402,322.7,2.75,100.5
21201,KY,Robertson County,ROBERTSON,1,60,54.8,4.0,60.0
21203,KY,Rockcastle County,ROCKCASTLE,2,247,208.7,3.5,123.5
21205,KY,Rowan County,ROWAN,1,97,86.7,1.0,97.0
21207,KY,Russell County,RUSSELL,1,114,97.7,4.0,114.0
21209,KY,Scott County,SCOTT,2,150,142.0,1.5,75.0
21211,KY,Shelby County,SHELBY,2,148,125.7,4.0,74.0
21213,KY,Simpson County,SIMPSON,1,98,77.2,2.0,98.0
21215,KY,Spencer County,SPENCER,1,120,90.2,2.0,120.0
21217,KY,Taylor County,TAYLOR,2,148,136.5,4.0,74.0
21219,KY,Todd County,TODD,1,60,54.9,1.0,60.0
21221,KY,Trigg County,TRIGG,1,50,43.2,5.0,50.0
21223,KY,Trimble County,TRIMBLE,1,60,50.4,5.0,60.0
21225,KY,Union County,UNION,2,84,72.5,5.0,42.0
21227,KY,Warren County,WARREN,7,573,503.5,3.57,81.86
21229,KY,Washington County,WASHINGTON,2,118,102.2,4.5,59.0
21231,KY,Wayne County,WAYNE,1,59,56.7,1.0,59.0
21233,KY,Webster County,WEBSTER,1,87,80.0,5.0,87.0
21235,KY,Whitley County,WHITLEY,5,534,454.0,2.8,106.8
21237,KY,Wolfe County,WOLFE,1,100,86.5,4.0,100.0
21239,KY,Woodford County,WOODFORD,1,28,25.6,3.0,28.0
22001,LA,Acadia Parish,ACADIA,5,569,516.8,2.2,113.8
22003,LA,Allen Parish,ALLEN,3,291,227.4,1.67,97.0
22005,LA,Ascension Parish,ASCENSION,3,363,270.8,3.0,121.0
22007,LA,Assumption Parish,ASSUMPTION,1,120,96.6,1.0,120.0
22009,LA,Avoyelles Parish,AVOYELLES,8,790,577.0,2.5,98.75
22011,LA,Beauregard Parish,BEAUREGARD,2,222,151.9,3.0,111.0
22013,LA,Bienville Parish,BIENVILLE,3,382,288.8,4.0,127.33
22015,LA,Bossier Parish,BOSSIER,9,822,634.0,2.56,91.33
22017,LA,Caddo Parish,CADDO,22,2717,2079.9,2.59,123.5
22019,LA,Calcasieu Parish,CALCASIEU,10,1294,884.1,2.7,129.4
22021,LA,Caldwell Parish,CALDWELL,1,99,76.7,3.0,99.0
22025,LA,Catahoula Parish,CATAHOULA,1,140,87.6,3.0,140.0
22027,LA,Claiborne Parish,CLAIBORNE,3,231,130.2,3.0,77.0
22029,LA,Concordia Parish,CONCORDIA,1,91,64.4,1.0,91.0
22031,LA,De Soto Parish,DE SOTO,2,235,129.5,3.0,117.5
22035,LA,East Carroll Parish,EAST CARROLL,1,108,70.2,1.0,108.0
22037,LA,East Feliciana Parish,EAST FELICIANA,3,447,296.6,2.67,149.0
22039,LA,Evangeline Parish,EVANGELINE,4,421,330.1,3.25,105.25
22041,LA,Franklin Parish,FRANKLIN,4,442,303.4,2.75,110.5
22043,LA,Grant Parish,GRANT,2,243,160.3,1.5,121.5
22045,LA,Iberia Parish,IBERIA,5,586,402.8,1.8,117.2
22047,LA,Iberville Parish,IBERVILLE,2,259,180.3,2.5,129.5
22049,LA,Jackson Parish,JACKSON,2,201,180.1,3.5,100.5
22051,LA,Jefferson Parish,JEFFERSON,12,1807,1222.0,2.5,150.58
22055,LA,Lafayette Parish,LAFAYETTE,10,1343,951.7,1.8,134.3
22057,LA,Lafourche Parish,LAFOURCHE,4,448,363.3,3.0,112.0
22059,LA,LaSalle Parish,LASALLE,2,241,127.4,3.0,120.5
22061,LA,Lincoln Parish,LINCOLN,3,424,308.9,2.33,141.33
22063,LA,Livingston Parish,LIVINGSTON,2,346,336.8,1.5,173.0
22065,LA,Madison Parish,MADISON,1,156,83.9,2.0,156.0
22067,LA,Morehouse Parish,MOREHOUSE,4,466,277.3,2.75,116.5
22069,LA,Natchitoches Parish,NATCHITOCHES,3,330,260.2,1.67,110.0
22071,LA,Orleans Parish,ORLEANS,11,1485,1171.8,2.45,135.0
22073,LA,Ouachita Parish,OUACHITA,10,1112,823.4,2.1,111.2
22075,LA,Plaquemines Parish,PLAQUEMINES,1,120,96.9,3.0,120.0
22077,LA,Pointe Coupee Parish,POINTE COUPEE,2,242,191.2,2.0,121.0
22079,LA,Rapides Parish,RAPIDES,9,1141,849.5,2.0,126.78
22081,LA,Red River Parish,RED RIVER,1,157,80.8,2.0,157.0
22083,LA,Richland Parish,RICHLAND,3,357,175.9,2.0,119.0
22085,LA,Sabine Parish,SABINE,2,278,185.0,3.0,139.0
22089,LA,St. Charles Parish,ST. CHARLES,2,263,153.5,4.0,131.5
22091,LA,St. Helena Parish,ST. HELENA,1,72,57.4,1.0,72.0
22093,LA,St. James Parish,ST. JAMES,1,116,70.2,3.0,116.0
22097,LA,St. Landry Parish,ST. LANDRY,7,944,681.1,3.14,134.86
22099,LA,St. Martin Parish,ST. MARTIN,2,252,217.5,3.5,126.0
22101,LA,St. Mary Parish,ST. MARY,3,361,291.4,1.0,120.33
22103,LA,St. Tammany Parish,ST. TAMMANY,9,1147,917.0,3.11,127.44
22105,LA,Tangipahoa Parish,TANGIPAHOA,6,758,634.4,2.67,126.33
22109,LA,Terrebonne Parish,TERREBONNE,4,457,376.1,4.25,114.25
22111,LA,Union Parish,UNION,3,393,239.7,1.67,131.0
22113,LA,Vermilion Parish,VERMILION,6,597,487.5,3.33,99.5
22115,LA,Vernon Parish,VERNON,2,260,224.2,2.5,130.0
22117,LA,Washington Parish,WASHINGTON,3,350,226.5,1.33,116.67
22119,LA,Webster Parish,WEBSTER,3,459,264.2,1.67,153.0
22123,LA,West Carroll Parish,WEST CARROLL,2,200,144.3,1.5,100.0
22125,LA,West Feliciana Parish,WEST FELICIANA,1,128,104.3,1.0,128.0
22127,LA,Winn Parish,WINN,2,248,174.2,2.0,124.0
23001,ME,Androscoggin County,ANDROSCOGGIN,6,540,457.9,1.83,90.0
23003,ME,Aroostook County,AROOSTOOK,7,400,343.2,3.0,57.14
23005,ME,Cumberland County,CUMBERLAND,17,1514,1258.2,3.41,89.06
23007,ME,Franklin County,FRANKLIN,3,153,131.8,2.0,51.0
23011,ME,Kennebec County,KENNEBEC,7,688,630.0,3.14,98.29
23013,ME,Knox County,KNOX,2,169,155.2,1.0,84.5
23015,ME,Lincoln County,LINCOLN,2,118,76.4,2.5,59.0
23017,ME,Oxford County,OXFORD,5,259,228.2,3.0,51.8
23019,ME,Penobscot County,PENOBSCOT,11,794,721.8,3.09,72.18
23021,ME,Piscataquis County,PISCATAQUIS,1,93,85.8,2.0,93.0
23023,ME,Sagadahoc County,SAGADAHOC,1,72,65.8,3.0,72.0
23025,ME,Somerset County,SOMERSET,4,202,171.4,2.5,50.5
23027,ME,Waldo County,WALDO,1,40,36.7,3.0,40.0
23029,ME,Washington County,WASHINGTON,2,90,79.8,2.0,45.0
23031,ME,York County,YORK,9,698,609.2,3.56,77.56
24001,MD,Allegany County,ALLEGANY,8,914,716.9,2.62,114.25
24003,MD,Anne Arundel County,ANNE ARUNDEL,13,1596,1350.5,3.46,122.77
24005,MD,Baltimore County,BALTIMORE,70,8649,7420.7,3.16,123.56
24009,MD,Calvert County,CALVERT,3,292,220.7,3.0,97.33
24011,MD,Caroline County,CAROLINE,2,187,165.0,1.5,93.5
24013,MD,Carroll County,CARROLL,10,903,720.5,3.2,90.3
24015,MD,Cecil County,CECIL,3,436,396.9,2.0,145.33
24017,MD,Charles County,CHARLES,4,507,455.6,3.0,126.75
24019,MD,Dorchester County,DORCHESTER,2,258,210.7,2.5,129.0
24021,MD,Frederick County,FREDERICK,8,967,778.6,3.25,120.88
24023,MD,Garrett County,GARRETT,4,326,242.6,2.75,81.5
24025,MD,Harford County,HARFORD,6,822,663.8,4.5,137.0
24027,MD,Howard County,HOWARD,6,612,515.2,3.33,102.0
24029,MD,Kent County,KENT,3,228,187.4,3.33,76.0
24031,MD,Montgomery County,MONTGOMERY,34,4380,3796.3,3.53,128.82
24039,MD,Somerset County,SOMERSET,2,211,168.6,3.0,105.5
24041,MD,Talbot County,TALBOT,2,294,168.0,1.5,147.0
24043,MD,Washington County,WASHINGTON,10,998,848.1,2.1,99.8
24045,MD,Wicomico County,WICOMICO,4,613,419.3,2.0,153.25
24047,MD,Worcester County,WORCESTER,3,307,216.0,1.67,102.33
24510,MD,Baltimore city,BALTIMORE,70,8649,7420.7,3.16,123.56
25001,MA,Barnstable County,BARNSTABLE,15,1664,1383.6,2.67,110.93
25003,MA,Berkshire County,BERKSHIRE,13,1447,1194.5,3.31,111.31
25005,MA,Bristol County,BRISTOL,28,3826,3120.7,2.61,136.64
25007,MA,Dukes County,DUKES,1,106,33.8,4.0,106.0
25009,MA,Essex County,ESSEX,45,5285,4092.9,3.13,117.44
25011,MA,Franklin County,FRANKLIN,3,306,276.1,2.67,102.0
25013,MA,Hampden County,HAMPDEN,26,3044,2538.4,3.2,117.08
25015,MA,Hampshire County,HAMPSHIRE,5,668,547.9,1.8,133.6
25017,MA,Middlesex County,MIDDLESEX,72,8686,6924.6,2.99,120.64
25019,MA,Nantucket County,NANTUCKET,1,45,37.7,5.0,45.0
25021,MA,Norfolk County,NORFOLK,33,3752,3062.7,3.03,113.7
25023,MA,Plymouth County,PLYMOUTH,27,3300,2785.8,3.41,122.22
25025,MA,Suffolk County,SUFFOLK,22,2737,2327.5,3.18,124.41
25027,MA,Worcester County,WORCESTER,50,6068,5073.1,3.26,121.36
26001,MI,Alcona County,ALCONA,2,78,48.8,4.0,39.0
26003,MI,Alger County,ALGER,1,90,76.3,1.0,90.0
26005,MI,Allegan County,ALLEGAN,6,554,459.0,2.33,92.33
26007,MI,Alpena County,ALPENA,2,171,152.9,5.0,85.5
26009,MI,Antrim County,ANTRIM,1,133,102.1,1.0,133.0
26011,MI,Arenac County,ARENAC,2,68,60.2,5.0,34.0
26013,MI,Baraga County,BARAGA,1,59,52.8,1.0,59.0
26015,MI,Barry County,BARRY,2,259,235.4,3.0,129.5
26017,MI,Bay County,BAY,6,578,470.4,3.0,96.33
26019,MI,Benzie County,BENZIE,2,115,103.0,5.0,57.5
26021,MI,Berrien County,BERRIEN,7,663,560.9,1.71,94.71
26023,MI,Branch County,BRANCH,2,283,243.1,4.0,141.5
26025,MI,Calhoun County,CALHOUN,8,716,625.5,2.62,89.5
26027,MI,Cass County,CASS,2,188,171.8,4.0,94.0
26029,MI,Charlevoix County,CHARLEVOIX,2,185,148.5,2.0,92.5
26031,MI,Cheboygan County,CHEBOYGAN,1,85,72.5,3.0,85.0
26033,MI,Chippewa County,CHIPPEWA,2,157,113.8,1.0,78.5
26035,MI,Clare County,CLARE,2,163,135.4,5.0,81.5
26037,MI,Clinton County,CLINTON,3,309,220.7,3.67,103.0
26039,MI,Crawford County,CRAWFORD,2,111,81.4,4.5,55.5
26041,MI,Delta County,DELTA,3,239,197.1,3.67,79.67
26043,MI,Dickinson County,DICKINSON,2,146,120.6,3.5,73.0
26045,MI,Eaton County,EATON,4,497,460.9,4.0,124.25
26047,MI,Emmet County,EMMET,2,230,146.6,3.0,115.0
26049,MI,Genesee County,GENESEE,15,1773,1473.4,2.87,118.2
26051,MI,Gladwin County,GLADWIN,2,144,112.9,3.0,72.0
26053,MI,Gogebic County,GOGEBIC,2,165,138.4,3.0,82.5
26055,MI,Grand Traverse County,GRAND TRAVERSE,4,545,437.2,3.25,136.25
26057,MI,Gratiot County,GRATIOT,5,453,308.5,3.4,90.6
26059,MI,Hillsdale County,HILLSDALE,2,208,168.0,4.0,104.0
26061,MI,Houghton County,HOUGHTON,4,351,277.5,2.0,87.75
26063,MI,Huron County,HURON,3,267,178.9,4.0,89.0
26065,MI,Ingham County,INGHAM,9,1069,823.4,2.89,118.78
26067,MI,Ionia County,IONIA,2,235,172.3,3.5,117.5
26069,MI,Iosco County,IOSCO,3,223,180.7,2.33,74.33
26071,MI,Iron County,IRON,2,269,172.9,2.5,134.5
26073,MI,Isabella County,ISABELLA,3,304,248.4,4.33,101.33
26075,MI,Jackson County,JACKSON,7,697,597.3,2.86,99.57
26077,MI,Kalamazoo County,KALAMAZOO,9,730,648.7,2.22,81.11
26079,MI,Kalkaska County,KALKASKA,1,104,77.2,3.0,104.0
26081,MI,Kent County,KENT,27,2350,1973.0,3.56,87.04
26085,MI,Lake County,LAKE,1,79,60.1,3.0,79.0
26087,MI,Lapeer County,LAPEER,4,389,322.6,3.5,97.25
26089,MI,Leelanau County,LEELANAU,3,119,101.2,2.67,39.67
26091,MI,Lenawee County,LENAWEE,4,428,354.4,3.5,107.0
26093,MI,Livingston County,LIVINGSTON,6,635,560.8,3.0,105.83
26095,MI,Luce County,LUCE,1,39,27.7,2.0,39.0
26097,MI,Mackinac County,MACKINAC,1,48,47.5,5.0,48.0
26099,MI,Macomb County,MACOMB,30,4246,3643.4,3.48,141.53
26101,MI,Manistee County,MANISTEE,1,78,35.6,5.0,78.0
26103,MI,Marquette County,MARQUETTE,4,420,359.6,4.0,105.0
26105,MI,Mason County,MASON,2,189,153.8,3.5,94.5
26107,MI,Mecosta County,MECOSTA,2,178,140.4,4.0,89.0
26109,MI,Menominee County,MENOMINEE,3,198,142.3,3.67,66.0
26111,MI,Midland County,MIDLAND,3,345,278.7,3.33,115.0
26113,MI,Missaukee County,MISSAUKEE,1,95,90.1,1.0,95.0
26115,MI,Monroe County,MONROE,7,710,584.7,4.86,101.43
26117,MI,Montcalm County,MONTCALM,3,221,205.7,3.33,73.67
26119,MI,Montmorency County,MONTMORENCY,1,39,36.4,3.0,39.0
26121,MI,Muskegon County,MUSKEGON,7,507,383.2,2.71,72.43
26123,MI,Newaygo County,NEWAYGO,2,245,147.7,3.0,122.5
26125,MI,Oakland County,OAKLAND,44,4868,3736.0,2.47,110.64
26127,MI,Oceana County,OCEANA,1,115,95.2,5.0,115.0
26129,MI,Ogemaw County,OGEMAW,2,172,122.5,3.5,86.0
26133,MI,Osceola County,OSCEOLA,1,39,36.8,5.0,39.0
26135,MI,Oscoda County,OSCODA,1,39,36.0,5.0,39.0
26137,MI,Otsego County,OTSEGO,2,130,106.0,3.5,65.0
26139,MI,Ottawa County,OTTAWA,11,802,692.0,3.0,72.91
26141,MI,Presque Isle County,PRESQUE ISLE,1,90,82.6,5.0,90.0
26143,MI,Roscommon County,ROSCOMMON,2,100,76.0,4.5,50.0
26145,MI,Saginaw County,SAGINAW,11,1027,817.6,3.0,93.36
26147,MI,St. Clair County,ST. CLAIR,5,763,645.0,4.4,152.6
26149,MI,St. Joseph County,ST. JOSEPH,4,316,268.3,2.25,79.0
26151,MI,Sanilac County,SANILAC,3,227,190.4,3.67,75.67
26153,MI,Schoolcraft County,SCHOOLCRAFT,1,85,69.8,2.0,85.0
26155,MI,Shiawassee County,SHIAWASSEE,3,316,266.3,4.33,105.33
26157,MI,Tuscola County,TUSCOLA,3,292,252.9,5.0,97.33
26159,MI,Van Buren County,VAN BUREN,2,170,155.5,2.5,85.0
26161,MI,Washtenaw County,WASHTENAW,9,985,784.7,3.0,109.44
26163,MI,Wayne County,WAYNE,63,8210,6775.5,3.17,130.32
26165,MI,Wexford County,WEXFORD,1,133,67.3,5.0,133.0
27001,MN,Aitkin County,AITKIN,2,98,85.9,2.5,49.0
27003,MN,Anoka County,ANOKA,6,535,459.3,2.67,89.17
27005,MN,Becker County,BECKER,4,223,180.7,4.5,55.75
27007,MN,Beltrami County,BELTRAMI,4,220,181.5,2.75,55.0
27009,MN,Benton County,BENTON,2,224,192.0,4.0,112.0
27011,MN,Big Stone County,BIG STONE,2,81,64.9,3.0,40.5
27013,MN,Blue Earth County,BLUE EARTH,5,343,286.6,2.6,68.6
27015,MN,Brown County,BROWN,4,270,216.2,3.5,67.5
27017,MN,Carlton County,CARLTON,2,156,126.3,4.0,78.0
27019,MN,Carver County,CARVER,3,172,152.7,1.0,57.33
27021,MN,Cass County,CASS,1,33,27.8,4.0,33.0
27023,MN,Chippewa County,CHIPPEWA,2,103,83.6,1.5,51.5
27025,MN,Chisago County,CHISAGO,4,202,176.4,3.25,50.5
27027,MN,Clay County,CLAY,3,225,184.8,4.67,75.0
27029,MN,Clearwater County,CLEARWATER,1,47,41.9,5.0,47.0
27031,MN,Cook County,COOK,1,37,27.5,4.0,37.0
27033,MN,Cottonwood County,COTTONWOOD,3,143,135.9,3.0,47.67
27035,MN,Crow Wing County,CROW WING,3,173,156.4,5.0,57.67
27037,MN,Dakota County,DAKOTA,9,857,734.5,3.11,95.22
27039,MN,Dodge County,DODGE,2,81,75.6,4.5,40.5
27041,MN,Douglas County,DOUGLAS,4,233,190.2,4.5,58.25
27043,MN,Faribault County,FARIBAULT,2,94,78.0,4.0,47.0
27045,MN,Fillmore County,FILLMORE,6,296,248.0,4.0,49.33
27047,MN,Freeborn County,FREEBORN,3,216,193.7,2.67,72.0
27049,MN,Goodhue County,GOODHUE,4,264,209.0,3.5,66.0
27051,MN,Grant County,GRANT,1,40,35.8,5.0,40.0
27053,MN,Hennepin County,HENNEPIN,54,5496,4859.2,3.17,101.78
27055,MN,Houston County,HOUSTON,3,131,97.6,3.33,43.67
27057,MN,Hubbard County,HUBBARD,1,48,41.6,4.0,48.0
27059,MN,Isanti County,ISANTI,1,110,99.5,4.0,110.0
27061,MN,Itasca County,ITASCA,4,279,148.7,3.0,69.75
27063,MN,Jackson County,JACKSON,2,83,64.0,2.5,41.5
27065,MN,Kanabec County,KANABEC,1,65,46.8,4.0,65.0
27067,MN,Kandiyohi County,KANDIYOHI,3,378,319.4,2.33,126.0
27069,MN,Kittson County,KITTSON,2,86,63.4,4.0,43.0
27071,MN,Koochiching County,KOOCHICHING,2,96,87.7,2.5,48.0
27073,MN,Lac qui Parle County,LAC QUI PARLE,2,107,98.0,3.0,53.5
27075,MN,Lake County,LAKE,2,98,89.8,3.5,49.0
27079,MN,Le Sueur County,LE SUEUR,2,90,49.9,1.5,45.0
27081,MN,Lincoln County,LINCOLN,2,78,72.1,2.0,39.0
27083,MN,Lyon County,LYON,2,121,113.9,2.5,60.5
27087,MN,Mahnomen County,MAHNOMEN,1,32,28.2,1.0,32.0
27089,MN,Marshall County,MARSHALL,1,45,39.5,3.0,45.0
27091,MN,Martin County,MARTIN,2,102,90.0,5.0,51.0
27093,MN,Meeker County,MEEKER,3,169,136.5,3.67,56.33
27095,MN,Mille Lacs County,MILLE LACS,3,213,179.9,4.33,71.0
27097,MN,Morrison County,MORRISON,3,195,174.3,3.67,65.0
27099,MN,Mower County,MOWER,4,175,147.7,2.5,43.75
27101,MN,Murray County,MURRAY,1,46,35.5,3.0,46.0
27103,MN,Nicollet County,NICOLLET,1,79,70.1,3.0,79.0
27105,MN,Nobles County,NOBLES,2,106,83.7,1.0,53.0
27107,MN,Norman County,NORMAN,2,93,84.6,3.0,46.5
27109,MN,Olmsted County,OLMSTED,8,542,364.2,2.62,67.75
27111,MN,Otter Tail County,OTTER TAIL,7,492,429.7,4.71,70.29
27113,MN,Pennington County,PENNINGTON,2,105,98.4,1.0,52.5
27115,MN,Pine County,PINE,1,50,40.2,1.0,50.0
27117,MN,Pipestone County,PIPESTONE,2,136,106.5,2.0,68.0
27119,MN,Polk County,POLK,4,237,201.2,3.5,59.25
27121,MN,Pope County,POPE,2,103,86.9,1.0,51.5
27123,MN,Ramsey County,RAMSEY,28,2471,2116.9,2.89,88.25
27127,MN,Redwood County,REDWOOD,5,202,157.3,1.6,40.4
27129,MN,Renville County,RENVILLE,4,187,151.7,2.75,46.75
27131,MN,Rice County,RICE,2,201,149.9,2.0,100.5
27133,MN,Rock County,ROCK,3,184,144.6,3.67,61.33
27135,MN,Roseau County,ROSEAU,3,129,119.3,3.33,43.0
27137,MN,St. Louis County,ST. LOUIS,17,1159,935.9,2.53,68.18
27139,MN,Scott County,SCOTT,4,294,260.8,3.5,73.5
27141,MN,Sherburne County,SHERBURNE,2,195,169.8,3.0,97.5
27143,MN,Sibley County,SIBLEY,1,44,32.5,1.0,44.0
27145,MN,Stearns County,STEARNS,9,620,525.8,3.22,68.89
27147,MN,Steele County,STEELE,2,118,112.4,3.0,59.0
27149,MN,Stevens County,STEVENS,1,45,42.1,4.0,45.0
27151,MN,Swift County,SWIFT,1,47,31.1,5.0,47.0
27153,MN,Todd County,TODD,3,192,169.2,5.0,64.0
27155,MN,Traverse County,TRAVERSE,2,75,58.5,3.5,37.5
27157,MN,Wabasha County,WABASHA,2,142,112.7,4.0,71.0
27159,MN,Wadena County,WADENA,2,130,99.5,3.5,65.0
27161,MN,Waseca County,WASECA,3,132,105.7,3.67,44.0
27163,MN,Washington County,WASHINGTON,8,656,494.4,3.38,82.0
27165,MN,Watonwan County,WATONWAN,2,82,65.4,3.5,41.0
27167,MN,Wilkin County,WILKIN,1,100,37.5,5.0,100.0
27169,MN,Winona County,WINONA,4,289,227.7,2.75,72.25
27171,MN,Wright County,WRIGHT,7,384,357.5,4.0,54.86
28001,MS,Adams County,ADAMS,3,234,173.1,1.67,78.0
28003,MS,Alcorn County,ALCORN,2,214,169.9,1.0,107.0
28005,MS,Amite County,AMITE,1,80,72.6,2.0,80.0
28007,MS,Attala County,ATTALA,1,120,97.4,2.0,120.0
28009,MS,Benton County,BENTON,1,60,56.2,5.0,60.0
28011,MS,Bolivar County,BOLIVAR,4,230,204.7,2.75,57.5
28013,MS,Calhoun County,CALHOUN,2,155,123.4,2.5,77.5
28015,MS,Carroll County,CARROLL,1,60,58.2,1.0,60.0
28017,MS,Chickasaw County,CHICKASAW,2,133,116.9,2.5,66.5
28019,MS,Choctaw County,CHOCTAW,1,60,49.5,3.0,60.0
28021,MS,Claiborne County,CLAIBORNE,1,65,61.8,4.0,65.0
28023,MS,Clarke County,CLARKE,1,120,95.4,3.0,120.0
28025,MS,Clay County,CLAY,2,160,105.5,1.5,80.0
28027,MS,Coahoma County,COAHOMA,2,120,112.2,2.0,60.0
28029,MS,Copiah County,COPIAH,2,115,101.8,1.5,57.5
28031,MS,Covington County,COVINGTON,2,120,108.7,2.5,60.0
28035,MS,Forrest County,FORREST,8,598,520.0,4.25,74.75
28037,MS,Franklin County,FRANKLIN,1,60,39.4,3.0,60.0
28039,MS,George County,GEORGE,2,104,73.1,4.5,52.0
28041,MS,Greene County,GREENE,2,120,97.2,2.5,60.0
28043,MS,Grenada County,GRENADA,2,185,185.6,2.5,92.5
28045,MS,Hancock County,HANCOCK,2,192,161.4,3.5,96.0
28047,MS,Harrison County,HARRISON,7,869,657.7,1.71,124.14
28049,MS,Hinds County,HINDS,8,813,731.2,2.5,101.62
28051,MS,Holmes County,HOLMES,2,140,131.3,3.0,70.0
28053,MS,Humphreys County,HUMPHREYS,1,60,45.4,2.0,60.0
28057,MS,Itawamba County,ITAWAMBA,2,196,182.2,2.0,98.0
28059,MS,Jackson County,JACKSON,6,562,412.7,2.33,93.67
28061,MS,Jasper County,JASPER,1,110,102.2,2.0,110.0
28063,MS,Jefferson County,JEFFERSON,1,60,46.3,3.0,60.0
28065,MS,Jefferson Davis County,JEFFERSON DAVIS,1,55,45.4,5.0,55.0
28067,MS,Jones County,JONES,4,428,352.5,1.75,107.0
28069,MS,Kemper County,KEMPER,1,60,54.4,5.0,60.0
28071,MS,Lafayette County,LAFAYETTE,1,120,104.3,1.0,120.0
28073,MS,Lamar County,LAMAR,1,120,88.6,1.0,120.0
28075,MS,Lauderdale County,LAUDERDALE,9,753,618.0,2.44,83.67
28077,MS,Lawrence County,LAWRENCE,1,60,56.8,1.0,60.0
28079,MS,Leake County,LEAKE,2,143,135.0,3.5,71.5
28081,MS,Lee County,LEE,11,1475,1306.2,1.64,134.09
28083,MS,Leflore County,LEFLORE,3,286,235.4,2.0,95.33
28085,MS,Lincoln County,LINCOLN,4,259,228.6,3.25,64.75
28087,MS,Lowndes County,LOWNDES,4,375,315.6,1.75,93.75
28089,MS,Madison County,MADISON,5,422,392.1,2.6,84.4
28091,MS,Marion County,MARION,3,303,244.9,2.67,101.0
28093,MS,Marshall County,MARSHALL,2,180,139.3,1.0,90.0
28095,MS,Monroe County,MONROE,3,317,255.1,2.67,105.67
28097,MS,Montgomery County,MONTGOMERY,1,120,94.9,1.0,120.0
28099,MS,Neshoba County,NESHOBA,3,325,293.6,2.33,108.33
28101,MS,Newton County,NEWTON,2,120,111.9,3.0,60.0
28103,MS,Noxubee County,NOXUBEE,1,60,56.5,4.0,60.0
28105,MS,Oktibbeha County,OKTIBBEHA,2,179,168.7,4.0,89.5
28107,MS,Panola County,PANOLA,2,190,162.4,1.5,95.0
28109,MS,Pearl River County,PEARL RIVER,3,350,300.9,2.33,116.67
28111,MS,Perry County,PERRY,1,60,53.9,3.0,60.0
28113,MS,Pike County,PIKE,2,175,131.7,2.5,87.5
28115,MS,Pontotoc County,PONTOTOC,3,164,143.7,4.67,54.67
28117,MS,Prentiss County,PRENTISS,2,144,115.2,3.5,72.0
28119,MS,Quitman County,QUITMAN,1,60,47.1,4.0,60.0
28121,MS,Rankin County,RANKIN,8,530,458.3,4.62,66.25
28123,MS,Scott County,SCOTT,1,120,98.2,2.0,120.0
28125,MS,Sharkey County,SHARKEY,1,54,45.1,3.0,54.0
28127,MS,Simpson County,SIMPSON,2,160,143.5,2.5,80.0
28129,MS,Smith County,SMITH,1,110,92.1,5.0,110.0
28131,MS,Stone County,STONE,2,158,101.3,3.5,79.0
28133,MS,Sunflower County,SUNFLOWER,2,135,121.2,2.5,67.5
28135,MS,Tallahatchie County,TALLAHATCHIE,1,98,93.3,5.0,98.0
28137,MS,Tate County,TATE,1,106,92.8,2.0,106.0
28139,MS,Tippah County,TIPPAH,3,240,196.6,2.67,80.0
28141,MS,Tishomingo County,TISHOMINGO,2,178,166.6,1.0,89.0
28143,MS,Tunica County,TUNICA,1,60,49.3,1.0,60.0
28145,MS,Union County,UNION,2,174,146.1,3.5,87.0
28147,MS,Walthall County,WALTHALL,2,120,90.8,4.0,60.0
28149,MS,Warren County,WARREN,4,367,309.5,3.75,91.75
28151,MS,Washington County,WASHINGTON,5,330,290.8,3.0,66.0
28153,MS,Wayne County,WAYNE,1,90,82.7,2.0,90.0
28155,MS,Webster County,WEBSTER,2,155,142.5,3.5,77.5
28157,MS,Wilkinson County,WILKINSON,1,60,53.1,5.0,60.0
28159,MS,Winston County,WINSTON,2,180,154.4,3.5,90.0
28161,MS,Yalobusha County,YALOBUSHA,1,122,105.5,2.0,122.0
28163,MS,Yazoo County,YAZOO,2,215,177.3,3.0,107.5
29001,MO,Adair County,ADAIR,2,239,119.4,1.0,119.5
29003,MO,Andrew County,ANDREW,2,208,104.0,2.0,104.0
29005,MO,Atchison County,ATCHISON,1,60,52.3,3.0,60.0
29007,MO,Audrain County,AUDRAIN,2,214,149.0,1.0,107.0
29009,MO,Barry County,BARRY,3,229,152.1,2.33,76.33
29011,MO,Barton County,BARTON,1,109,101.1,1.0,109.0
29013,MO,Bates County,BATES,3,241,148.1,3.0,80.33
29015,MO,Benton County,BENTON,3,228,176.6,3.0,76.0
29017,MO,Bollinger County,BOLLINGER,1,98,69.1,4.0,98.0
29019,MO,Boone County,BOONE,9,807,652.1,2.78,89.67
29021,MO,Buchanan County,BUCHANAN,6,675,538.5,1.67,112.5
29023,MO,Butler County,BUTLER,5,483,321.8,2.8,96.6
29025,MO,Caldwell County,CALDWELL,2,173,89.9,2.5,86.5
29027,MO,Callaway County,CALLAWAY,4,248,174.9,2.5,62.0
29029,MO,Camden County,CAMDEN,5,336,228.6,3.2,67.2
29031,MO,Cape Girardeau County,CAPE GIRARDEAU,8,845,563.9,3.62,105.62
29033,MO,Carroll County,CARROLL,2,183,120.3,2.5,91.5
29035,MO,Carter County,CARTER,1,60,43.5,4.0,60.0
29037,MO,Cass County,CASS,8,920,702.5,2.12,115.0
29039,MO,Cedar County,CEDAR,2,210,153.5,4.0,105.0
29041,MO,Chariton County,CHARITON,3,276,192.8,1.67,92.0
29043,MO,Christian County,CHRISTIAN,3,265,228.0,3.0,88.33
29045,MO,Clark County,CLARK,1,99,51.3,2.0,99.0
29047,MO,Clay County,CLAY,9,943,719.0,2.89,104.78
29049,MO,Clinton County,CLINTON,4,332,262.0,2.25,83.0
29051,MO,Cole County,COLE,8,720,445.1,2.75,90.0
29053,MO,Cooper County,COOPER,4,231,197.0,3.25,57.75
29055,MO,Crawford County,CRAWFORD,3,222,144.4,2.33,74.0
29057,MO,Dade County,DADE,1,69,60.8,2.0,69.0
29059,MO,Dallas County,DALLAS,2,194,157.2,2.0,97.0
29061,MO,Daviess County,DAVIESS,1,97,56.4,3.0,97.0
29065,MO,Dent County,DENT,3,170,106.6,2.0,56.67
29067,MO,Douglas County,DOUGLAS,1,120,72.3,4.0,120.0
29069,MO,Dunklin County,DUNKLIN,4,390,249.4,4.25,97.5
29071,MO,Franklin County,FRANKLIN,7,689,466.0,3.0,98.43
29073,MO,Gasconade County,GASCONADE,3,328,196.8,3.33,109.33
29075,MO,Gentry County,GENTRY,1,70,54.3,3.0,70.0
29077,MO,Greene County,GREENE,21,2321,1876.7,3.0,110.52
29079,MO,Grundy County,GRUNDY,2,184,140.5,1.0,92.0
29081,MO,Harrison County,HARRISON,1,92,38.4,1.0,92.0
29083,MO,Henry County,HENRY,3,300,157.0,2.0,100.0
29085,MO,Hickory County,HICKORY,1,120,62.5,3.0,120.0
29087,MO,Holt County,HOLT,2,120,84.9,1.5,60.0
29089,MO,Howard County,HOWARD,1,59,33.6,4.0,59.0
29091,MO,Howell County,HOWELL,5,574,382.1,4.2,114.8
29093,MO,Iron County,IRON,3,205,177.4,2.5,68.33
29095,MO,Jackson County,JACKSON,39,4590,3447.0,2.24,117.69
29097,MO,Jasper County,JASPER,7,707,636.3,2.57,101.0
29099,MO,Jefferson County,JEFFERSON,11,1353,1009.3,2.36,123.0
29101,MO,Johnson County,JOHNSON,5,420,271.0,1.4,84.0
29103,MO,Knox County,KNOX,1,60,38.0,1.0,60.0
29105,MO,Laclede County,LACLEDE,2,296,147.2,1.5,148.0
29107,MO,Lafayette County,LAFAYETTE,5,443,301.6,1.8,88.6
29109,MO,Lawrence County,LAWRENCE,4,353,229.6,1.75,88.25
29111,MO,Lewis County,LEWIS,3,272,120.4,1.33,90.67
29113,MO,Lincoln County,LINCOLN,3,276,234.1,2.0,92.0
29115,MO,Linn County,LINN,2,180,113.3,1.5,90.0
29117,MO,Livingston County,LIVINGSTON,4,289,166.6,2.25,72.25
29121,MO,Macon County,MACON,3,236,151.7,2.67,78.67
29123,MO,Madison County,MADISON,2,189,124.4,3.5,94.5
29125,MO,Maries County,MARIES,1,98,65.4,3.0,98.0
29127,MO,Marion County,MARION,5,450,291.7,1.4,90.0
29129,MO,Mercer County,MERCER,1,60,34.5,3.0,60.0
29131,MO,Miller County,MILLER,4,305,239.5,2.75,76.25
29133,MO,Mississippi County,MISSISSIPPI,2,112,79.6,4.5,56.0
29135,MO,Moniteau County,MONITEAU,2,126,92.1,4.5,63.0
29137,MO,Monroe County,MONROE,1,119,76.1,5.0,119.0
29139,MO,Montgomery County,MONTGOMERY,3,280,182.6,2.0,93.33
29141,MO,Morgan County,MORGAN,3,286,147.2,4.67,95.33
29143,MO,New Madrid County,NEW MADRID,6,477,353.1,3.4,79.5
29145,MO,Newton County,NEWTON,5,498,350.8,2.8,99.6
29147,MO,Nodaway County,NODAWAY,4,297,142.9,1.5,74.25
29149,MO,Oregon County,OREGON,1,120,69.9,5.0,120.0
29151,MO,Osage County,OSAGE,1,64,56.0,3.0,64.0
29153,MO,Ozark County,OZARK,1,99,45.7,3.0,99.0
29155,MO,Pemiscot County,PEMISCOT,2,184,129.4,3.0,92.0
29157,MO,Perry County,PERRY,2,289,168.3,2.0,144.5
29159,MO,Pettis County,PETTIS,5,586,525.3,1.4,117.2
29161,MO,Phelps County,PHELPS,6,468,314.7,2.33,78.0
29163,MO,Pike County,PIKE,2,150,97.3,1.0,75.0
29165,MO,Platte County,PLATTE,4,487,380.3,2.0,121.75
29167,MO,Polk County,POLK,4,369,290.8,2.75,92.25
29169,MO,Pulaski County,PULASKI,2,206,116.9,3.5,103.0
29171,MO,Putnam County,PUTNAM,1,60,56.7,2.0,60.0
29173,MO,Ralls County,RALLS,1,60,58.5,1.0,60.0
29175,MO,Randolph County,RANDOLPH,3,380,316.6,1.67,126.67
29177,MO,Ray County,RAY,2,257,136.8,2.5,128.5
29179,MO,Reynolds County,REYNOLDS,1,60,40.4,1.0,60.0
29181,MO,Ripley County,RIPLEY,1,120,46.0,2.0,120.0
29183,MO,St. Charles County,ST. CHARLES,15,1484,1070.8,2.14,98.93
29185,MO,St. Clair County,ST. CLAIR,2,180,97.1,1.0,90.0
29186,MO,Ste. Genevieve County,STE. GENEVIEVE,2,210,155.6,3.5,105.0
29187,MO,St. Francois County,ST. FRANCOIS,8,855,686.8,4.0,106.88
29189,MO,St. Louis County,ST. LOUIS,82,10994,7731.2,2.07,134.07
29195,MO,Saline County,SALINE,2,191,106.1,1.5,95.5
29197,MO,Schuyler County,SCHUYLER,1,60,47.8,1.0,60.0
29201,MO,Scott County,SCOTT,5,471,350.3,3.6,94.2
29203,MO,Shannon County,SHANNON,1,86,69.6,4.0,86.0
29205,MO,Shelby County,SHELBY,2,180,91.7,2.0,90.0
29207,MO,Stoddard County,STODDARD,7,477,343.3,3.0,68.14
29211,MO,Sullivan County,SULLIVAN,1,100,94.6,1.0,100.0
29213,MO,Taney County,TANEY,3,350,254.6,2.67,116.67
29215,MO,Texas County,TEXAS,3,255,159.0,4.0,85.0
29217,MO,Vernon County,VERNON,3,276,156.5,1.67,92.0
29219,MO,Warren County,WARREN,1,120,90.6,1.0,120.0
29221,MO,Washington County,WASHINGTON,2,210,148.5,2.0,105.0
29223,MO,Wayne County,WAYNE,2,151,122.2,4.0,75.5
29225,MO,Webster County,WEBSTER,4,314,235.1,2.25,78.5
29227,MO,Worth County,WORTH,1,50,27.5,4.0,50.0
29229,MO,Wright County,WRIGHT,3,243,161.4,2.67,81.0
29510,MO,St. Louis city,ST. LOUIS,82,10994,7731.2,2.07,134.07
30001,MT,Beaverhead County,BEAVERHEAD,1,87,66.2,1.0,87.0
30003,MT,Big Horn County,BIG HORN,1,40,20.6,4.0,40.0
30005,MT,Blaine County,BLAINE,1,42,37.6,2.0,42.0
30013,MT,Cascade County,CASCADE,4,335,255.9,3.0,83.75
30017,MT,Custer County,CUSTER,1,84,53.6,4.0,84.0
30021,MT,Dawson County,DAWSON,2,116,85.3,2.5,58.0
30023,MT,Deer Lodge County,DEER LODGE,1,62,16.8,2.0,62.0
30027,MT,Fergus County,FERGUS,2,218,125.1,4.0,109.0
30029,MT,Flathead County,FLATHEAD,5,610,464.6,2.8,122.0
30031,MT,Gallatin County,GALLATIN,1,69,52.9,4.0,69.0
30035,MT,Glacier County,GLACIER,2,88,69.6,1.5,44.0
30041,MT,Hill County,HILL,1,135,74.4,5.0,135.0
30043,MT,Jefferson County,JEFFERSON,1,70,63.9,2.0,70.0
30047,MT,Lake County,LAKE,2,145,87.9,3.5,72.5
30049,MT,Lewis and Clark County,LEWIS AND CLARK,2,198,140.3,1.0,99.0
30053,MT,Lincoln County,LINCOLN,2,150,121.9,5.0,75.0
30057,MT,Madison County,MADISON,2,71,31.2,4.0,35.5
30063,MT,Missoula County,MISSOULA,3,318,246.2,3.33,106.0
30067,MT,Park County,PARK,1,115,55.4,2.0,115.0
30073,MT,Pondera County,PONDERA,1,59,39.7,3.0,59.0
30075,MT,Powder River County,POWDER RIVER,1,41,25.6,5.0,41.0
30077,MT,Powell County,POWELL,1,60,43.2,1.0,60.0
30081,MT,Ravalli County,RAVALLI,2,108,77.5,3.5,54.0
30083,MT,Richland County,RICHLAND,1,93,42.7,1.0,93.0
30085,MT,Roosevelt County,ROOSEVELT,1,60,39.8,3.0,60.0
30087,MT,Rosebud County,ROSEBUD,1,31,14.2,5.0,31.0
30089,MT,Sanders County,SANDERS,2,68,58.4,4.0,34.0
30091,MT,Sheridan County,SHERIDAN,1,45,25.0,2.0,45.0
30093,MT,Silver Bow County,SILVER BOW,4,449,250.1,4.0,112.25
30101,MT,Toole County,TOOLE,1,53,53.0,3.0,53.0
30105,MT,Valley County,VALLEY,1,96,54.8,5.0,96.0
30109,MT,Wibaux County,WIBAUX,1,40,30.9,1.0,40.0
30111,MT,Yellowstone County,YELLOWSTONE,7,894,554.4,1.83,127.71
31001,NE,Adams County,ADAMS,2,184,109.4,1.5,92.0
31003,NE,Antelope County,ANTELOPE,1,70,33.2,1.0,70.0
31011,NE,Boone County,BOONE,2,107,74.6,4.5,53.5
31013,NE,Box Butte County,BOX BUTTE,2,99,85.5,3.0,49.5
31017,NE,Brown County,BROWN,1,46,31.7,3.0,46.0
31019,NE,Buffalo County,BUFFALO,5,303,243.5,2.8,60.6
31021,NE,Burt County,BURT,2,89,68.0,3.0,44.5
31023,NE,Butler County,BUTLER,2,144,107.5,3.5,72.0
31025,NE,Cass County,CASS,2,172,117.4,2.5,86.0
31027,NE,Cedar County,CEDAR,3,126,100.5,2.67,42.0
31029,NE,Chase County,CHASE,2,94,60.0,2.0,47.0
31033,NE,Cheyenne County,CHEYENNE,1,63,59.7,3.0,63.0
31035,NE,Clay County,CLAY,2,61,39.0,3.5,30.5
31037,NE,Colfax County,COLFAX,1,51,29.1,1.0,51.0
31039,NE,Cuming County,CUMING,3,126,116.6,4.67,42.0
31041,NE,Custer County,CUSTER,2,98,87.9,2.0,49.0
31043,NE,Dakota County,DAKOTA,3,187,123.6,3.0,62.33
31045,NE,Dawes County,DAWES,2,105,54.7,2.0,52.5
31047,NE,Dawson County,DAWSON,2,131,76.9,2.0,65.5
31051,NE,Dixon County,DIXON,1,40,28.9,4.0,40.0
31053,NE,Dodge County,DODGE,3,249,202.1,4.33,83.0
31055,NE,Douglas County,DOUGLAS,24,2951,2204.0,2.83,122.96
31057,NE,Dundy County,DUNDY,1,56,31.6,1.0,56.0
31059,NE,Fillmore County,FILLMORE,2,108,79.9,5.0,54.0
31061,NE,Franklin County,FRANKLIN,1,42,29.1,3.0,42.0
31065,NE,Furnas County,FURNAS,1,30,20.0,3.0,30.0
31067,NE,Gage County,GAGE,3,219,160.4,3.67,73.0
31069,NE,Garden County,GARDEN,1,24,20.2,3.0,24.0
31071,NE,Garfield County,GARFIELD,1,64,62.2,2.0,64.0
31073,NE,Gosper County,GOSPER,1,43,30.3,5.0,43.0
31079,NE,Hall County,HALL,6,413,294.8,1.67,68.83
31081,NE,Hamilton County,HAMILTON,2,112,88.7,2.5,56.0
31083,NE,Harlan County,HARLAN,1,53,32.3,4.0,53.0
31089,NE,Holt County,HOLT,3,185,98.7,2.67,61.67
31093,NE,Howard County,HOWARD,1,70,62.3,4.0,70.0
31095,NE,Jefferson County,JEFFERSON,2,139,74.1,4.5,69.5
31099,NE,Kearney County,KEARNEY,1,64,59.0,1.0,64.0
31101,NE,Keith County,KEITH,1,82,35.2,1.0,82.0
31105,NE,Kimball County,KIMBALL,1,49,41.4,1.0,49.0
31107,NE,Knox County,KNOX,3,162,98.2,4.33,54.0
31109,NE,Lancaster County,LANCASTER,14,1541,1058.9,3.0,110.07
31111,NE,Lincoln County,LINCOLN,4,360,269.2,2.25,90.0
31119,NE,Madison County,MADISON,5,360,270.7,3.0,72.0
31121,NE,Merrick County,MERRICK,2,109,90.2,2.5,54.5
31123,NE,Morrill County,MORRILL,2,97,57.1,1.0,48.5
31125,NE,Nance County,NANCE,2,118,99.7,2.0,59.0
31127,NE,Nemaha County,NEMAHA,1,102,61.3,4.0,102.0
31129,NE,Nuckolls County,NUCKOLLS,1,69,35.1,2.0,69.0
31131,NE,Otoe County,OTOE,3,223,132.8,3.0,74.33
31137,NE,Phelps County,PHELPS,3,206,166.8,3.0,68.67
31139,NE,Pierce County,PIERCE,2,114,71.4,3.0,57.0
31141,NE,Platte County,PLATTE,2,225,146.1,4.0,112.5
31143,NE,Polk County,POLK,2,98,74.1,3.5,49.0
31145,NE,Red Willow County,RED WILLOW,1,100,66.2,4.0,100.0
31147,NE,Richardson County,RICHARDSON,3,213,129.8,3.0,71.0
31149,NE,Rock County,ROCK,1,30,16.3,2.0,30.0
31151,NE,Saline County,SALINE,2,96,61.4,4.0,48.0
31153,NE,Sarpy County,SARPY,5,486,399.6,2.8,97.2
31155,NE,Saunders County,SAUNDERS,3,242,207.7,3.33,80.67
31159,NE,Seward County,SEWARD,2,162,131.2,3.0,81.0
31161,NE,Sheridan County,SHERIDAN,3,169,111.4,4.0,56.33
31167,NE,Stanton County,STANTON,1,70,53.9,3.0,70.0
31169,NE,Thayer County,THAYER,2,113,53.6,3.0,56.5
31173,NE,Thurston County,THURSTON,1,25,22.7,4.0,25.0
31175,NE,Valley County,VALLEY,1,60,35.7,1.0,60.0
31177,NE,Washington County,WASHINGTON,2,158,137.0,1.0,79.0
31179,NE,Wayne County,WAYNE,1,60,41.7,2.0,60.0
31181,NE,Webster County,WEBSTER,2,105,59.3,1.0,52.5
31185,NE,York County,YORK,2,167,116.5,3.5,83.5
32001,NV,Churchill County,CHURCHILL,1,102,93.4,1.0,102.0
32003,NV,Clark County,CLARK,42,5035,4390.9,3.69,119.88
32005,NV,Douglas County,DOUGLAS,1,60,47.8,1.0,60.0
32007,NV,Elko County,ELKO,1,146,89.3,3.0,146.0
32013,NV,Humboldt County,HUMBOLDT,1,42,34.3,5.0,42.0
32015,NV,Lander County,LANDER,1,25,22.0,4.0,25.0
32017,NV,Lincoln County,LINCOLN,1,20,15.0,3.0,20.0
32019,NV,Lyon County,LYON,1,49,30.0,1.0,49.0
32021,NV,Mineral County,MINERAL,1,24,20.0,1.0,24.0
32023,NV,Nye County,NYE,1,120,98.1,3.0,120.0
32027,NV,Pershing County,PERSHING,1,25,24.8,3.0,25.0
32031,NV,Washoe County,WASHOE,9,1085,905.8,2.33,120.56
32033,NV,White Pine County,WHITE PINE,1,97,41.7,2.0,97.0
32510,NV,Carson City,CARSON,4,419,345.8,2.33,104.75
33001,NH,Belknap County,BELKNAP,4,396,287.3,4.5,99.0
33003,NH,Carroll County,CARROLL,3,294,233.2,2.67,98.0
33005,NH,Cheshire County,CHESHIRE,7,541,439.8,2.71,77.29
33007,NH,Coos County,COOS,5,420,304.5,2.4,84.0
33009,NH,Grafton County,GRAFTON,5,547,430.6,2.0,109.4
33011,NH,Hillsborough County,HILLSBOROUGH,21,2236,1894.3,3.19,106.48
33013,NH,Merrimack County,MERRIMACK,7,900,802.7,2.5,128.57
33015,NH,Rockingham County,ROCKINGHAM,12,1129,881.6,3.58,94.08
33017,NH,Strafford County,STRAFFORD,6,598,485.5,3.17,99.67
33019,NH,Sullivan County,SULLIVAN,3,277,229.6,2.0,92.33
34001,NJ,Atlantic County,ATLANTIC,10,1698,1415.4,2.9,169.8
34003,NJ,Bergen County,BERGEN,29,4664,3913.4,3.48,160.83
34005,NJ,Burlington County,BURLINGTON,17,2422,1895.3,3.06,142.47
34007,NJ,Camden County,CAMDEN,21,3287,2914.3,2.71,156.52
34009,NJ,Cape May County,CAPE MAY,7,836,630.3,4.0,119.43
34011,NJ,Cumberland County,CUMBERLAND,6,1202,928.4,2.83,200.33
34013,NJ,Essex County,ESSEX,32,4834,3945.8,3.5,151.06
34015,NJ,Gloucester County,GLOUCESTER,9,1281,1119.3,3.56,142.33
34017,NJ,Hudson County,HUDSON,15,2389,2012.3,3.4,159.27
34019,NJ,Hunterdon County,HUNTERDON,4,418,374.4,2.5,104.5
34021,NJ,Mercer County,MERCER,16,2117,1836.3,2.73,132.31
34023,NJ,Middlesex County,MIDDLESEX,25,3834,3137.0,3.6,153.36
34025,NJ,Monmouth County,MONMOUTH,32,4059,3068.8,3.53,126.84
34027,NJ,Morris County,MORRIS,21,2810,2336.1,3.67,133.81
34029,NJ,Ocean County,OCEAN,32,4607,3811.9,3.42,143.97
34031,NJ,Passaic County,PASSAIC,19,2793,2392.1,2.89,147.0
34033,NJ,Salem County,SALEM,4,513,453.9,1.75,128.25
34035,NJ,Somerset County,SOMERSET,15,1905,1560.0,3.87,127.0
34037,NJ,Sussex County,SUSSEX,5,532,412.3,2.8,106.4
34039,NJ,Union County,UNION,23,3229,2748.4,3.78,140.39
34041,NJ,Warren County,WARREN,6,666,518.6,3.5,111.0
35001,NM,Bernalillo County,BERNALILLO,18,2199,1938.0,3.0,122.17
35005,NM,Chaves County,CHAVES,3,290,233.5,1.67,96.67
35006,NM,Cibola County,CIBOLA,2,138,107.3,3.5,69.0
35007,NM,Colfax County,COLFAX,2,71,52.8,4.5,35.5
35009,NM,Curry County,CURRY,3,264,203.6,2.67,88.0
35015,NM,Eddy County,EDDY,2,177,130.1,2.5,88.5
35017,NM,Grant County,GRANT,2,300,190.3,2.5,150.0
35025,NM,Lea County,LEA,3,260,243.4,2.67,86.67
35028,NM,Los Alamos County,LOS ALAMOS,1,66,59.5,1.0,66.0
35029,NM,Luna County,LUNA,1,66,50.5,1.0,66.0
35031,NM,McKinley County,MCKINLEY,2,164,142.8,4.5,82.0
35035,NM,Otero County,OTERO,3,247,173.7,1.33,82.33
35041,NM,Roosevelt County,ROOSEVELT,1,80,70.6,4.0,80.0
35043,NM,Sandoval County,SANDOVAL,3,327,227.5,1.67,109.0
35045,NM,San Juan County,SAN JUAN,6,595,524.0,3.83,99.17
35047,NM,San Miguel County,SAN MIGUEL,2,278,190.0,3.5,139.0
35049,NM,Santa Fe County,SANTA FE,2,238,195.5,1.0,119.0
35051,NM,Sierra County,SIERRA,2,225,218.5,3.5,112.5
35053,NM,Socorro County,SOCORRO,1,66,57.6,4.0,66.0
35055,NM,Taos County,TAOS,1,102,91.1,3.0,102.0
35059,NM,Union County,UNION,1,45,32.2,5.0,45.0
35061,NM,Valencia County,VALENCIA,1,120,111.0,4.0,120.0
36001,NY,Albany County,ALBANY,11,1806,1682.1,2.45,164.18
36003,NY,Allegany County,ALLEGANY,4,361,326.0,3.75,90.25
36005,NY,Bronx County,BRONX,44,9388,8875.1,3.37,213.36
36007,NY,Broome County,BROOME,9,1461,1330.6,2.78,162.33
36009,NY,Cattaraugus County,CATTARAUGUS,5,552,517.8,3.8,110.4
36011,NY,Cayuga County,CAYUGA,4,509,484.9,2.5,127.25
36013,NY,Chautauqua County,CHAUTAUQUA,5,656,527.7,2.8,131.2
36015,NY,Chemung County,CHEMUNG,4,712,607.3,3.75,178.0
36017,NY,Chenango County,CHENANGO,4,484,429.7,3.0,121.0
36019,NY,Clinton County,CLINTON,4,551,406.5,3.0,137.75
36021,NY,Columbia County,COLUMBIA,4,604,567.8,2.5,151.0
36023,NY,Cortland County,CORTLAND,3,400,372.2,3.0,133.33
36025,NY,Delaware County,DELAWARE,3,378,346.9,2.33,126.0
36027,NY,Dutchess County,DUTCHESS,12,1849,1652.8,2.5,154.08
36029,NY,Erie County,ERIE,34,5290,4657.4,3.15,155.59
36031,NY,Essex County,ESSEX,3,340,317.0,2.0,113.33
36033,NY,Franklin County,FRANKLIN,2,195,165.3,3.5,97.5
36035,NY,Fulton County,FULTON,3,360,326.4,1.67,120.0
36037,NY,Genesee County,GENESEE,4,488,464.7,4.0,122.0
36039,NY,Greene County,GREENE,2,256,241.0,2.0,128.0
36043,NY,Herkimer County,HERKIMER,4,523,464.3,1.5,130.75
36045,NY,Jefferson County,JEFFERSON,3,530,492.1,1.33,176.67
36047,NY,Kings County,KINGS,40,9415,9128.5,3.72,235.38
36049,NY,Lewis County,LEWIS,1,160,106.0,2.0,160.0
36051,NY,Livingston County,LIVINGSTON,3,354,341.2,3.33,118.0
36053,NY,Madison County,MADISON,3,360,339.6,1.67,120.0
36055,NY,Monroe County,MONROE,32,4294,3884.3,3.03,134.19
36057,NY,Montgomery County,MONTGOMERY,5,590,515.6,1.4,118.0
36059,NY,Nassau County,NASSAU,36,6957,6390.8,3.44,193.25
36061,NY,New York County,NEW YORK,17,3851,3799.9,4.06,226.53
36063,NY,Niagara County,NIAGARA,10,1389,1226.7,3.2,138.9
36065,NY,Oneida County,ONEIDA,17,2632,2161.2,1.76,154.82
36067,NY,Onondaga County,ONONDAGA,14,2309,2126.5,2.85,164.93
36069,NY,Ontario County,ONTARIO,5,735,544.6,2.8,147.0
36071,NY,Orange County,ORANGE,9,1247,1047.3,2.78,138.56
36073,NY,Orleans County,ORLEANS,3,310,297.7,2.67,103.33
36075,NY,Oswego County,OSWEGO,4,520,408.0,2.25,130.0
36077,NY,Otsego County,OTSEGO,3,385,345.8,1.33,128.33
36079,NY,Putnam County,PUTNAM,2,320,249.0,1.5,160.0
36081,NY,Queens County,QUEENS,57,11787,11121.5,3.35,206.79
36083,NY,Rensselaer County,RENSSELAER,9,1185,1106.3,1.89,131.67
36085,NY,Richmond County,RICHMOND,10,2760,2555.8,3.2,276.0
36087,NY,Rockland County,ROCKLAND,10,1381,1272.8,2.3,138.1
36089,NY,St. Lawrence County,ST. LAWRENCE,4,542,450.9,3.0,135.5
36091,NY,Saratoga County,SARATOGA,2,425,395.9,1.5,212.5
36093,NY,Schenectady County,SCHENECTADY,5,974,880.9,3.2,194.8
36097,NY,Schuyler County,SCHUYLER,1,120,115.0,3.0,120.0
36099,NY,Seneca County,SENECA,1,120,65.1,4.0,120.0
36101,NY,Steuben County,STEUBEN,6,701,622.4,3.5,116.83
36103,NY,Suffolk County,SUFFOLK,41,7881,7243.8,3.49,192.22
36105,NY,Sullivan County,SULLIVAN,3,371,331.2,1.67,123.67
36107,NY,Tioga County,TIOGA,2,277,257.8,2.0,138.5
36109,NY,Tompkins County,TOMPKINS,5,468,409.8,2.2,93.6
36111,NY,Ulster County,ULSTER,7,1260,1088.5,2.29,180.0
36113,NY,Warren County,WARREN,4,402,376.2,2.5,100.5
36115,NY,Washington County,WASHINGTON,4,526,499.3,3.0,131.5
36117,NY,Wayne County,WAYNE,4,564,472.1,3.0,141.0
36119,NY,Westchester County,WESTCHESTER,42,6694,5842.2,3.12,159.38
36121,NY,Wyoming County,WYOMING,2,218,210.2,4.0,109.0
36123,NY,Yates County,YATES,2,198,170.5,3.0,99.0
37001,NC,Alamance County,ALAMANCE,7,876,753.0,3.29,125.14
37003,NC,Alexander County,ALEXANDER,1,183,107.4,1.0,183.0
37005,NC,Alleghany County,ALLEGHANY,1,90,78.9,1.0,90.0
37007,NC,Anson County,ANSON,2,161,129.0,4.0,80.5
37009,NC,Ashe County,ASHE,1,210,123.4,3.0,210.0
37011,NC,Avery County,AVERY,1,118,68.3,5.0,118.0
37013,NC,Beaufort County,BEAUFORT,2,268,226.4,1.5,134.0
37015,NC,Bertie County,BERTIE,2,142,119.6,2.5,71.0
37017,NC,Bladen County,BLADEN,2,184,148.1,2.5,92.0
37019,NC,Brunswick County,BRUNSWICK,5,564,465.9,2.0,112.8
37021,NC,Buncombe County,BUNCOMBE,19,1899,1530.2,3.05,99.95
37023,NC,Burke County,BURKE,5,531,400.9,3.6,106.2
37025,NC,Cabarrus County,CABARRUS,7,691,592.1,2.57,98.71
37027,NC,Caldwell County,CALDWELL,4,400,353.0,3.0,100.0
37031,NC,Carteret County,CARTERET,4,302,276.9,4.0,75.5
37033,NC,Caswell County,CASWELL,1,157,145.9,2.0,157.0
37035,NC,Catawba County,CATAWBA,6,742,657.4,4.17,123.67
37037,NC,Chatham County,CHATHAM,3,310,265.3,2.67,103.33
37039,NC,Cherokee County,CHEROKEE,2,210,171.3,3.0,105.0
37041,NC,Chowan County,CHOWAN,1,130,65.3,4.0,130.0
37043,NC,Clay County,CLAY,1,90,80.3,4.0,90.0
37045,NC,Cleveland County,CLEVELAND,4,534,422.6,2.25,133.5
37047,NC,Columbus County,COLUMBUS,3,323,255.4,1.67,107.67
37049,NC,Craven County,CRAVEN,5,461,400.1,2.4,92.2
37051,NC,Cumberland County,CUMBERLAND,10,1029,906.8,3.9,102.9
37053,NC,Currituck County,CURRITUCK,1,100,74.7,1.0,100.0
37055,NC,Dare County,DARE,1,126,95.4,3.0,126.0
37057,NC,Davidson County,DAVIDSON,9,888,760.3,2.44,98.67
37059,NC,Davie County,DAVIE,3,249,230.4,2.67,83.0
37061,NC,Duplin County,DUPLIN,3,272,243.7,3.0,90.67
37063,NC,Durham County,DURHAM,13,1436,1125.0,3.0,110.46
37065,NC,Edgecombe County,EDGECOMBE,3,377,323.3,3.0,125.67
37067,NC,Forsyth County,FORSYTH,14,1491,1298.8,3.07,106.5
37069,NC,Franklin County,FRANKLIN,2,258,230.3,2.5,129.0
37071,NC,Gaston County,GASTON,10,934,786.3,3.3,93.4
37073,NC,Gates County,GATES,1,70,52.0,2.0,70.0
37075,NC,Graham County,GRAHAM,1,80,58.1,3.0,80.0
37077,NC,Granville County,GRANVILLE,2,240,221.9,2.5,120.0
37079,NC,Greene County,GREENE,1,115,102.4,2.0,115.0
37081,NC,Guilford County,GUILFORD,20,2284,1915.0,3.3,114.2
37083,NC,Halifax County,HALIFAX,4,280,220.9,3.75,70.0
37085,NC,Harnett County,HARNETT,5,470,424.4,2.4,94.0
37087,NC,Haywood County,HAYWOOD,5,475,432.5,2.6,95.0
37089,NC,Henderson County,HENDERSON,9,912,712.5,3.11,101.33
37091,NC,Hertford County,HERTFORD,1,151,122.7,3.0,151.0
37093,NC,Hoke County,HOKE,1,132,126.5,2.0,132.0
37097,NC,Iredell County,IREDELL,5,506,395.5,3.0,101.2
37099,NC,Jackson County,JACKSON,2,200,176.2,1.5,100.0
37101,NC,Johnston County,JOHNSTON,5,615,540.9,2.2,123.0
37103,NC,Jones County,JONES,1,80,66.5,2.0,80.0
37105,NC,Lee County,LEE,3,294,254.9,3.67,98.0
37107,NC,Lenoir County,LENOIR,3,381,287.7,2.33,127.0
37109,NC,Lincoln County,LINCOLN,3,300,269.2,3.33,100.0
37113,NC,Macon County,MACON,2,280,130.9,3.5,140.0
37115,NC,Madison County,MADISON,2,180,160.6,3.0,90.0
37117,NC,Martin County,MARTIN,1,154,117.6,2.0,154.0
37119,NC,Mecklenburg County,MECKLENBURG,29,3017,2414.0,2.68,104.03
37121,NC,Mitchell County,MITCHELL,1,127,104.2,1.0,127.0
37123,NC,Montgomery County,MONTGOMERY,1,141,96.1,3.0,141.0
37125,NC,Moore County,MOORE,7,705,527.9,3.14,100.71
37127,NC,Nash County,NASH,3,318,276.6,3.0,106.0
37129,NC,New Hanover County,NEW HANOVER,11,977,861.1,2.55,88.82
37131,NC,Northampton County,NORTHAMPTON,2,149,135.1,2.0,74.5
37133,NC,Onslow County,ONSLOW,2,359,233.2,4.0,179.5
37135,NC,Orange County,ORANGE,3,218,195.2,3.67,72.67
37137,NC,Pamlico County,PAMLICO,1,96,71.3,5.0,96.0
37139,NC,Pasquotank County,PASQUOTANK,2,278,245.3,1.5,139.0
37141,NC,Pender County,PENDER,2,210,194.3,3.5,105.0
37143,NC,Perquimans County,PERQUIMANS,1,78,62.5,1.0,78.0
37145,NC,Person County,PERSON,2,196,139.9,1.5,98.0
37147,NC,Pitt County,PITT,6,560,451.9,2.67,93.33
37149,NC,Polk County,POLK,3,189,164.7,3.0,63.0
37151,NC,Randolph County,RANDOLPH,6,720,559.4,3.0,120.0
37153,NC,Richmond County,RICHMOND,2,225,164.3,2.5,112.5
37155,NC,Robeson County,ROBESON,6,525,479.7,2.17,87.5
37157,NC,Rockingham County,ROCKINGHAM,5,595,480.8,4.0,119.0
37159,NC,Rowan County,ROWAN,9,844,675.9,3.11,93.78
37161,NC,Rutherford County,RUTHERFORD,5,420,361.6,3.8,84.0
37163,NC,Sampson County,SAMPSON,2,312,189.1,2.0,156.0
37165,NC,Scotland County,SCOTLAND,2,207,174.3,4.5,103.5
37167,NC,Stanly County,STANLY,4,406,286.3,3.0,101.5
37169,NC,Stokes County,STOKES,4,322,304.3,2.0,80.5
37171,NC,Surry County,SURRY,5,472,411.3,3.4,94.4
37173,NC,Swain County,SWAIN,2,220,144.7,1.5,110.0
37175,NC,Transylvania County,TRANSYLVANIA,3,277,186.2,3.0,92.33
37179,NC,Union County,UNION,7,697,578.0,3.43,99.57
37181,NC,Vance County,VANCE,3,230,188.2,2.67,76.67
37183,NC,Wake County,WAKE,22,2199,1836.0,3.1,99.95
37185,NC,Warren County,WARREN,1,140,87.5,3.0,140.0
37187,NC,Washington County,WASHINGTON,1,114,73.0,2.0,114.0
37189,NC,Watauga County,WATAUGA,2,226,184.2,2.0,113.0
37191,NC,Wayne County,WAYNE,4,624,514.9,1.75,156.0
37193,NC,Wilkes County,WILKES,4,427,306.6,3.25,106.75
37195,NC,Wilson County,WILSON,5,637,420.2,4.0,127.4
37197,NC,Yadkin County,YADKIN,2,223,187.7,4.5,111.5
37199,NC,Yancey County,YANCEY,1,140,100.6,2.0,140.0
38001,ND,Adams County,ADAMS,1,40,30.3,1.0,40.0
38003,ND,Barnes County,BARNES,1,170,158.1,5.0,170.0
38009,ND,Bottineau County,BOTTINEAU,1,52,40.1,,52.0
38015,ND,Burleigh County,BURLEIGH,5,549,518.5,3.2,109.8
38017,ND,Cass County,CASS,8,856,789.3,4.25,107.0
38019,ND,Cavalier County,CAVALIER,1,45,38.9,1.0,45.0
38021,ND,Dickey County,DICKEY,2,101,95.7,3.0,50.5
38025,ND,Dunn County,DUNN,1,60,58.4,2.0,60.0
38027,ND,Eddy County,EDDY,1,51,45.6,4.0,51.0
38029,ND,Emmons County,EMMONS,1,30,28.0,4.0,30.0
38031,ND,Foster County,FOSTER,1,64,59.7,3.0,64.0
38035,ND,Grand Forks County,GRAND FORKS,3,374,351.7,3.33,124.67
38039,ND,Griggs County,GRIGGS,1,40,38.8,5.0,40.0
38047,ND,Logan County,LOGAN,1,36,35.5,4.0,36.0
38049,ND,McHenry County,MCHENRY,1,46,39.2,1.0,46.0
38051,ND,McIntosh County,MCINTOSH,2,74,69.7,5.0,37.0
38053,ND,McKenzie County,MCKENZIE,1,42,37.8,2.0,42.0
38055,ND,McLean County,MCLEAN,2,78,67.9,2.5,39.0
38057,ND,Mercer County,MERCER,1,86,81.9,3.0,86.0
38059,ND,Morton County,MORTON,5,384,362.8,3.0,76.8
38061,ND,Mountrail County,MOUNTRAIL,1,36,33.5,3.0,36.0
38063,ND,Nelson County,NELSON,3,108,95.4,2.67,36.0
38067,ND,Pembina County,PEMBINA,2,64,62.4,3.0,32.0
38071,ND,Ramsey County,RAMSEY,1,78,71.1,3.0,78.0
38073,ND,Ransom County,RANSOM,3,134,129.8,3.67,44.67
38077,ND,Richland County,RICHLAND,2,83,76.1,2.5,41.5
38079,ND,Rolette County,ROLETTE,2,61,49.4,1.5,30.5
38081,ND,Sargent County,SARGENT,1,33,24.7,2.0,33.0
38089,ND,Stark County,STARK,3,237,228.9,5.0,79.0
38093,ND,Stutsman County,STUTSMAN,2,179,171.7,3.0,89.5
38095,ND,Towner County,TOWNER,1,28,27.4,5.0,28.0
38097,ND,Traill County,TRAILL,3,134,129.6,4.0,44.67
38099,ND,Walsh County,WALSH,2,131,121.2,2.5,65.5
38101,ND,Ward County,WARD,2,249,164.8,1.5,124.5
38103,ND,Wells County,WELLS,1,65,63.9,5.0,65.0
38105,ND,Williams County,WILLIAMS,2,125,103.9,3.0,62.5
39001,OH,Adams County,ADAMS,3,209,181.3,4.0,69.67
39003,OH,Allen County,ALLEN,11,757,656.4,3.91,68.82
39005,OH,Ashland County,ASHLAND,4,386,333.9,3.25,96.5
39007,OH,Ashtabula County,ASHTABULA,12,1121,954.8,3.58,93.42
39009,OH,Athens County,ATHENS,4,312,278.7,3.0,78.0
39011,OH,Auglaize County,AUGLAIZE,8,424,352.7,3.62,53.0
39013,OH,Belmont County,BELMONT,10,735,591.3,2.4,73.5
39015,OH,Brown County,BROWN,4,469,372.5,4.25,117.25
39017,OH,Butler County,BUTLER,25,2144,1856.0,3.67,85.76
39019,OH,Carroll County,CARROLL,3,169,133.9,4.67,56.33
39021,OH,Champaign County,CHAMPAIGN,3,167,148.6,2.33,55.67
39023,OH,Clark County,CLARK,13,1187,1006.6,2.69,91.31
39025,OH,Clermont County,CLERMONT,15,1314,1162.5,3.8,87.6
39027,OH,Clinton County,CLINTON,4,208,188.9,5.0,52.0
39029,OH,Columbiana County,COLUMBIANA,11,773,609.5,3.18,70.27
39031,OH,Coshocton County,COSHOCTON,3,211,182.0,3.0,70.33
39033,OH,Crawford County,CRAWFORD,5,337,272.5,2.8,67.4
39035,OH,Cuyahoga County,CUYAHOGA,92,9936,8113.9,3.0,108.0
39037,OH,Darke County,DARKE,6,454,365.9,3.5,75.67
39039,OH,Defiance County,DEFIANCE,3,257,212.4,3.67,85.67
39041,OH,Delaware County,DELAWARE,8,606,544.9,4.0,75.75
39043,OH,Erie County,ERIE,8,920,782.9,3.75,115.0
39045,OH,Fairfield County,FAIRFIELD,10,933,796.7,2.78,93.3
39047,OH,Fayette County,FAYETTE,4,321,260.7,3.0,80.25
39049,OH,Franklin County,FRANKLIN,57,5161,4361.5,2.71,90.54
39051,OH,Fulton County,FULTON,5,380,346.2,3.2,76.0
39053,OH,Gallia County,GALLIA,3,235,202.4,3.67,78.33
39055,OH,Geauga County,GEAUGA,8,743,638.5,4.12,92.88
39057,OH,Greene County,GREENE,11,853,605.0,2.73,77.55
39059,OH,Guernsey County,GUERNSEY,3,223,156.8,2.33,74.33
39061,OH,Hamilton County,HAMILTON,69,6666,5622.6,3.22,96.61
39063,OH,Hancock County,HANCOCK,6,511,390.8,4.0,85.17
39065,OH,Hardin County,HARDIN,2,185,144.1,1.5,92.5
39067,OH,Harrison County,HARRISON,3,206,173.2,3.67,68.67
39069,OH,Henry County,HENRY,3,174,137.0,3.67,58.0
39071,OH,Highland County,HIGHLAND,5,358,276.9,2.8,71.6
39073,OH,Hocking County,HOCKING,1,135,100.4,4.0,135.0
39075,OH,Holmes County,HOLMES,5,499,407.6,4.2,99.8
39077,OH,Huron County,HURON,6,429,372.4,4.17,71.5
39079,OH,Jackson County,JACKSON,4,275,222.1,4.25,68.75
39081,OH,Jefferson County,JEFFERSON,6,499,405.0,2.17,83.17
39083,OH,Knox County,KNOX,7,485,401.0,3.0,69.29
39085,OH,Lake County,LAKE,14,1555,1156.6,3.21,111.07
39087,OH,Lawrence County,LAWRENCE,4,375,317.4,3.25,93.75
39089,OH,Licking County,LICKING,10,937,754.9,3.1,93.7
39091,OH,Logan County,LOGAN,4,323,286.7,4.25,80.75
39093,OH,Lorain County,LORAIN,20,1903,1641.6,3.85,95.15
39095,OH,Lucas County,LUCAS,34,2839,2367.0,2.73,83.5
39097,OH,Madison County,MADISON,2,172,144.9,2.5,86.0
39099,OH,Mahoning County,MAHONING,29,2486,2067.8,3.31,85.72
39101,OH,Marion County,MARION,6,527,421.8,2.4,87.83
39103,OH,Medina County,MEDINA,13,1056,769.8,4.0,81.23
39105,OH,Meigs County,MEIGS,2,190,145.4,3.0,95.0
39107,OH,Mercer County,MERCER,6,340,307.8,3.33,56.67
39109,OH,Miami County,MIAMI,6,654,558.6,2.67,109.0
39111,OH,Monroe County,MONROE,2,126,79.0,3.0,63.0
39113,OH,Montgomery County,MONTGOMERY,40,4353,3575.3,3.0,108.82
39115,OH,Morgan County,MORGAN,2,149,125.4,2.0,74.5
39117,OH,Morrow County,MORROW,3,200,155.2,3.33,66.67
39119,OH,Muskingum County,MUSKINGUM,7,599,537.8,2.29,85.57
39121,OH,Noble County,NOBLE,1,95,91.3,3.0,95.0
39123,OH,Ottawa County,OTTAWA,4,283,233.7,3.25,70.75
39125,OH,Paulding County,PAULDING,2,90,73.0,4.0,45.0
39127,OH,Perry County,PERRY,3,211,173.3,2.33,70.33
39129,OH,Pickaway County,PICKAWAY,4,339,288.2,3.75,84.75
39131,OH,Pike County,PIKE,3,241,169.4,4.33,80.33
39133,OH,Portage County,PORTAGE,10,901,757.5,3.6,90.1
39135,OH,Preble County,PREBLE,3,240,197.2,4.0,80.0
39137,OH,Putnam County,PUTNAM,4,250,227.2,4.75,62.5
39139,OH,Richland County,RICHLAND,10,763,630.1,2.6,76.3
39141,OH,Ross County,ROSS,6,468,340.8,2.83,78.0
39143,OH,Sandusky County,SANDUSKY,9,675,560.1,3.0,75.0
39145,OH,Scioto County,SCIOTO,11,804,683.0,4.0,73.09
39147,OH,Seneca County,SENECA,5,365,321.0,3.6,73.0
39149,OH,Shelby County,SHELBY,4,235,188.6,3.0,58.75
39151,OH,Stark County,STARK,33,2919,2384.3,3.18,88.45
39153,OH,Summit County,SUMMIT,43,3972,3379.4,3.24,92.37
39155,OH,Trumbull County,TRUMBULL,17,1443,1198.3,2.76,84.88
39157,OH,Tuscarawas County,TUSCARAWAS,10,813,654.1,3.4,81.3
39159,OH,Union County,UNION,3,250,202.3,2.33,83.33
39161,OH,Van Wert County,VAN WERT,3,209,171.5,4.67,69.67
39163,OH,Vinton County,VINTON,1,42,34.4,3.0,42.0
39165,OH,Warren County,WARREN,16,1291,1158.1,3.44,80.69
39167,OH,Washington County,WASHINGTON,7,580,466.1,2.83,82.86
39169,OH,Wayne County,WAYNE,14,1007,842.8,3.29,71.93
39171,OH,Williams County,WILLIAMS,4,367,244.0,2.5,91.75
39173,OH,Wood County,WOOD,12,871,747.0,3.25,72.58
39175,OH,Wyandot County,WYANDOT,2,181,168.9,4.0,90.5
40001,OK,Adair County,ADAIR,1,120,83.0,4.0,120.0
40007,OK,Beaver County,BEAVER,1,62,33.6,1.0,62.0
40009,OK,Beckham County,BECKHAM,3,275,129.2,4.0,91.67
40011,OK,Blaine County,BLAINE,2,108,61.4,4.0,54.0
40013,OK,Bryan County,BRYAN,5,468,251.5,2.0,93.6
40015,OK,Caddo County,CADDO,3,257,138.2,2.0,85.67
40017,OK,Canadian County,CANADIAN,5,452,306.3,3.6,90.4
40019,OK,Carter County,CARTER,4,370,214.1,4.0,92.5
40021,OK,Cherokee County,CHEROKEE,3,374,206.4,3.67,124.67
40023,OK,Choctaw County,CHOCTAW,2,224,111.8,1.5,112.0
40027,OK,Cleveland County,CLEVELAND,10,991,775.6,2.5,99.1
40029,OK,Coal County,COAL,1,75,32.9,4.0,75.0
40031,OK,Comanche County,COMANCHE,4,493,369.1,1.5,123.25
40033,OK,Cotton County,COTTON,1,48,37.8,5.0,48.0
40035,OK,Craig County,CRAIG,1,146,62.0,2.0,146.0
40037,OK,Creek County,CREEK,7,709,379.4,3.14,101.29
40039,OK,Custer County,CUSTER,3,282,135.7,2.33,94.0
40041,OK,Delaware County,DELAWARE,5,511,298.8,3.2,102.2
40043,OK,Dewey County,DEWEY,2,104,51.5,3.0,52.0
40045,OK,Ellis County,ELLIS,1,60,44.8,1.0,60.0
40047,OK,Garfield County,GARFIELD,6,648,427.6,3.0,108.0
40049,OK,Garvin County,GARVIN,3,286,143.6,3.33,95.33
40051,OK,Grady County,GRADY,5,434,261.0,2.8,86.8
40053,OK,Grant County,GRANT,1,52,33.0,4.0,52.0
40055,OK,Greer County,GREER,1,140,30.4,5.0,140.0
40057,OK,Harmon County,HARMON,1,92,35.2,3.0,92.0
40059,OK,Harper County,HARPER,1,76,28.0,5.0,76.0
40061,OK,Haskell County,HASKELL,1,80,55.1,2.0,80.0
40063,OK,Hughes County,HUGHES,2,273,128.9,2.0,136.5
40065,OK,Jackson County,JACKSON,2,286,131.0,4.0,143.0
40069,OK,Johnston County,JOHNSTON,1,70,35.4,5.0,70.0
40071,OK,Kay County,KAY,4,458,240.7,3.75,114.5
40073,OK,Kingfisher County,KINGFISHER,3,197,124.1,2.33,65.67
40075,OK,Kiowa County,KIOWA,2,155,102.8,4.0,77.5
40077,OK,Latimer County,LATIMER,2,103,61.5,3.0,51.5
40079,OK,Le Flore County,LE FLORE,6,552,318.5,2.0,92.0
40081,OK,Lincoln County,LINCOLN,4,282,204.4,2.5,70.5
40083,OK,Logan County,LOGAN,2,225,162.2,4.5,112.5
40087,OK,McClain County,MCCLAIN,3,224,146.4,3.67,74.67
40089,OK,McCurtain County,MCCURTAIN,3,274,189.4,1.33,91.33
40091,OK,McIntosh County,MCINTOSH,3,252,183.0,2.67,84.0
40093,OK,Major County,MAJOR,1,100,70.7,1.0,100.0
40095,OK,Marshall County,MARSHALL,2,200,81.6,3.0,100.0
40097,OK,Mayes County,MAYES,4,270,139.6,2.5,67.5
40099,OK,Murray County,MURRAY,3,231,142.7,2.33,77.0
40101,OK,Muskogee County,MUSKOGEE,10,864,627.9,1.8,86.4
40103,OK,Noble County,NOBLE,1,112,60.3,3.0,112.0
40105,OK,Nowata County,NOWATA,2,115,62.7,3.0,57.5
40107,OK,Okfuskee County,OKFUSKEE,3,216,148.1,2.67,72.0
40109,OK,Oklahoma County,OKLAHOMA,40,4296,2979.5,2.31,107.4
40111,OK,Okmulgee County,OKMULGEE,4,400,240.5,3.5,100.0
40113,OK,Osage County,OSAGE,3,170,120.9,2.0,56.67
40115,OK,Ottawa County,OTTAWA,5,377,208.3,2.4,75.4
40117,OK,Pawnee County,PAWNEE,2,172,107.9,4.0,86.0
40119,OK,Payne County,PAYNE,3,304,172.1,3.0,101.33
40121,OK,Pittsburg County,PITTSBURG,6,439,304.0,2.67,73.17
40123,OK,Pontotoc County,PONTOTOC,3,290,138.0,2.33,96.67
40125,OK,Pottawatomie County,POTTAWATOMIE,6,648,353.9,3.0,108.0
40127,OK,Pushmataha County,PUSHMATAHA,2,205,64.7,2.5,102.5
40131,OK,Rogers County,ROGERS,5,498,346.7,2.0,99.6
40133,OK,Seminole County,SEMINOLE,4,349,231.2,2.0,87.25
40135,OK,Sequoyah County,SEQUOYAH,4,445,226.2,1.5,111.25
40137,OK,Stephens County,STEPHENS,5,466,360.1,4.0,93.2
40143,OK,Tulsa County,TULSA,33,3790,2523.6,2.79,114.85
40145,OK,Wagoner County,WAGONER,2,217,122.3,2.5,108.5
40147,OK,Washington County,WASHINGTON,5,438,306.7,3.0,87.6
40149,OK,Washita County,WASHITA,2,214,107.0,2.5,107.0
40151,OK,Woods County,WOODS,2,154,74.1,3.5,77.0
40153,OK,Woodward County,WOODWARD,1,80,31.4,4.0,80.0
41003,OR,Benton County,BENTON,1,135,80.3,,135.0
41005,OR,Clackamas County,CLACKAMAS,13,880,604.0,3.77,67.69
41007,OR,Clatsop County,CLATSOP,1,71,32.3,3.0,71.0
41009,OR,Columbia County,COLUMBIA,2,132,101.3,3.0,66.0
41011,OR,Coos County,COOS,3,241,137.2,2.0,80.33
41013,OR,Crook County,CROOK,1,44,28.6,5.0,44.0
41015,OR,Curry County,CURRY,1,59,38.5,2.0,59.0
41017,OR,Deschutes County,DESCHUTES,4,230,164.0,4.25,57.5
41019,OR,Douglas County,DOUGLAS,3,340,181.0,3.33,113.33
41023,OR,Grant County,GRANT,1,40,15.1,1.0,40.0
41027,OR,Hood River County,HOOD RIVER,1,100,69.0,3.0,100.0
41029,OR,Jackson County,JACKSON,5,450,320.0,3.0,90.0
41031,OR,Jefferson County,JEFFERSON,1,20,16.6,3.0,20.0
41033,OR,Josephine County,JOSEPHINE,4,410,234.3,2.75,102.5
41035,OR,Klamath County,KLAMATH,1,77,62.4,4.0,77.0
41039,OR,Lane County,LANE,13,1190,815.4,2.62,91.54
41041,OR,Lincoln County,LINCOLN,1,52,40.0,4.0,52.0
41043,OR,Linn County,LINN,5,474,338.4,2.8,94.8
41045,OR,Malheur County,MALHEUR,1,33,13.4,4.0,33.0
41047,OR,Marion County,MARION,8,635,483.2,3.0,79.38
41051,OR,Multnomah County,MULTNOMAH,33,2776,1994.8,2.88,84.12
41053,OR,Polk County,POLK,2,201,133.9,3.5,100.5
41057,OR,Tillamook County,TILLAMOOK,1,50,26.8,3.0,50.0
41059,OR,Umatilla County,UMATILLA,3,234,158.6,2.33,78.0
41061,OR,Union County,UNION,1,76,29.2,4.0,76.0
41065,OR,Wasco County,WASCO,3,362,188.7,3.67,120.67
41067,OR,Washington County,WASHINGTON,9,910,622.8,4.0,101.11
41071,OR,Yamhill County,YAMHILL,6,415,317.7,2.83,69.17
42001,PA,Adams County,ADAMS,6,555,493.7,3.33,92.5
42003,PA,Allegheny County,ALLEGHENY,52,6729,5207.4,2.21,129.4
42005,PA,Armstrong County,ARMSTRONG,4,366,309.5,2.0,91.5
42007,PA,Beaver County,BEAVER,6,911,813.4,1.6,151.83
42009,PA,Bedford County,BEDFORD,2,205,151.4,1.5,102.5
42011,PA,Berks County,BERKS,15,2283,1948.5,3.8,152.2
42013,PA,Blair County,BLAIR,10,1383,1098.5,3.11,138.3
42015,PA,Bradford County,BRADFORD,4,448,352.4,1.5,112.0
42017,PA,Bucks County,BUCKS,29,3193,2789.3,3.86,110.1
42019,PA,Butler County,BUTLER,11,1273,1152.8,2.0,115.73
42021,PA,Cambria County,CAMBRIA,9,941,660.1,2.67,104.56
42023,PA,Cameron County,CAMERON,1,30,28.7,3.0,30.0
42025,PA,Carbon County,CARBON,2,342,288.3,2.5,171.0
42027,PA,Centre County,CENTRE,6,685,560.2,3.33,114.17
42029,PA,Chester County,CHESTER,20,2461,1959.4,4.0,123.05
42031,PA,Clarion County,CLARION,2,203,166.8,2.5,101.5
42033,PA,Clearfield County,CLEARFIELD,4,671,462.9,2.75,167.75
42035,PA,Clinton County,CLINTON,2,236,215.0,2.0,118.0
42037,PA,Columbia County,COLUMBIA,4,535,444.8,2.25,133.75
42039,PA,Crawford County,CRAWFORD,6,830,506.5,4.17,138.33
42041,PA,Cumberland County,CUMBERLAND,17,1978,1680.3,3.18,116.35
42043,PA,Dauphin County,DAUPHIN,8,1263,1149.0,2.5,157.88
42045,PA,Delaware County,DELAWARE,28,3552,2918.1,3.29,126.86
42047,PA,Elk County,ELK,2,258,200.9,4.5,129.0
42049,PA,Erie County,ERIE,18,2144,1836.1,3.56,119.11
42051,PA,Fayette County,FAYETTE,7,656,575.8,2.86,93.71
42053,PA,Forest County,FOREST,1,100,93.8,2.0,100.0
42055,PA,Franklin County,FRANKLIN,9,956,792.8,3.0,106.22
42057,PA,Fulton County,FULTON,1,67,49.2,3.0,67.0
42059,PA,Greene County,GREENE,2,232,204.1,3.0,116.0
42061,PA,Huntingdon County,HUNTINGDON,3,282,258.5,2.67,94.0
42063,PA,Indiana County,INDIANA,5,452,352.0,3.4,90.4
42065,PA,Jefferson County,JEFFERSON,4,375,276.5,3.25,93.75
42067,PA,Juniata County,JUNIATA,3,229,186.1,4.33,76.33
42069,PA,Lackawanna County,LACKAWANNA,17,2120,1908.9,3.0,124.71
42071,PA,Lancaster County,LANCASTER,31,3714,3247.9,3.68,119.81
42073,PA,Lawrence County,LAWRENCE,8,784,658.3,3.5,98.0
42075,PA,Lebanon County,LEBANON,10,1112,861.8,2.9,111.2
42077,PA,Lehigh County,LEHIGH,16,2283,2046.3,3.69,142.69
42079,PA,Luzerne County,LUZERNE,22,2568,2098.5,2.23,116.73
42081,PA,Lycoming County,LYCOMING,8,1074,870.5,2.38,134.25
42085,PA,Mercer County,MERCER,10,1032,766.7,3.6,103.2
42087,PA,Mifflin County,MIFFLIN,3,410,344.1,4.0,136.67
42089,PA,Monroe County,MONROE,4,510,414.7,2.25,127.5
42091,PA,Montgomery County,MONTGOMERY,58,6838,5855.3,3.31,117.9
42093,PA,Montour County,MONTOUR,2,262,236.5,3.0,131.0
42095,PA,Northampton County,NORTHAMPTON,12,1716,1467.6,4.17,143.0
42099,PA,Perry County,PERRY,3,238,212.1,4.33,79.33
42101,PA,Philadelphia County,PHILADELPHIA,46,6799,6021.2,2.76,147.8
42103,PA,Pike County,PIKE,2,150,123.9,2.5,75.0
42105,PA,Potter County,POTTER,1,121,100.1,3.0,121.0
42107,PA,Schuylkill County,SCHUYLKILL,13,1604,1343.1,2.92,123.38
42109,PA,Snyder County,SNYDER,1,159,98.9,2.0,159.0
42111,PA,Somerset County,SOMERSET,6,656,481.8,2.33,109.33
42113,PA,Sullivan County,SULLIVAN,2,187,159.8,3.5,93.5
42115,PA,Susquehanna County,SUSQUEHANNA,3,253,194.2,2.33,84.33
42117,PA,Tioga County,TIOGA,2,240,157.3,3.5,120.0
42119,PA,Union County,UNION,3,385,239.0,3.0,128.33
42121,PA,Venango County,VENANGO,5,469,379.1,3.2,93.8
42123,PA,Warren County,WARREN,3,403,306.6,3.0,134.33
42125,PA,Washington County,WASHINGTON,12,1416,1164.5,2.45,118.0
42127,PA,Wayne County,WAYNE,3,364,292.3,2.0,121.33
42129,PA,Westmoreland County,WESTMORELAND,19,2336,1888.0,1.58,122.95
42131,PA,Wyoming County,WYOMING,2,176,114.8,2.0,88.0
42133,PA,York County,YORK,14,2001,1734.7,2.93,142.93
44001,RI,Bristol County,BRISTOL,5,486,427.4,3.0,97.2
44003,RI,Kent County,KENT,11,1360,1134.1,2.8,123.64
44005,RI,Newport County,NEWPORT,6,515,443.8,2.67,85.83
44007,RI,Providence County,PROVIDENCE,42,5071,4285.1,2.88,120.74
44009,RI,Washington County,WASHINGTON,9,799,713.7,3.67,88.78
45001,SC,Abbeville County,ABBEVILLE,1,94,41.9,4.0,94.0
45003,SC,Aiken County,AIKEN,6,831,742.4,2.5,138.5
45005,SC,Allendale County,ALLENDALE,1,44,26.1,5.0,44.0
45007,SC,Anderson County,ANDERSON,5,839,780.9,3.4,167.8
45009,SC,Bamberg County,BAMBERG,1,88,81.8,2.0,88.0
45011,SC,Barnwell County,BARNWELL,3,173,156.0,2.67,57.67
45013,SC,Beaufort County,BEAUFORT,7,531,406.0,3.43,75.86
45015,SC,Berkeley County,BERKELEY,4,415,363.4,3.25,103.75
45017,SC,Calhoun County,CALHOUN,1,120,109.5,1.0,120.0
45019,SC,Charleston County,CHARLESTON,11,1245,1094.4,3.09,113.18
45021,SC,Cherokee County,CHEROKEE,3,335,309.7,2.67,111.67
45023,SC,Chester County,CHESTER,1,80,55.0,4.0,80.0
45025,SC,Chesterfield County,CHESTERFIELD,2,224,210.6,2.0,112.0
45027,SC,Clarendon County,CLARENDON,2,176,154.9,3.0,88.0
45029,SC,Colleton County,COLLETON,2,352,308.8,4.0,176.0
45031,SC,Darlington County,DARLINGTON,4,418,369.9,4.5,104.5
45033,SC,Dillon County,DILLON,2,195,182.9,3.0,97.5
45035,SC,Dorchester County,DORCHESTER,4,312,289.4,2.25,78.0
45037,SC,Edgefield County,EDGEFIELD,1,120,108.7,4.0,120.0
45039,SC,Fairfield County,FAIRFIELD,2,262,221.8,1.5,131.0
45041,SC,Florence County,FLORENCE,9,828,765.9,3.22,92.0
45043,SC,Georgetown County,GEORGETOWN,3,256,227.8,3.33,85.33
45045,SC,Greenville County,GREENVILLE,19,1877,1772.7,3.05,98.79
45047,SC,Greenwood County,GREENWOOD,4,340,310.0,3.5,85.0
45049,SC,Hampton County,HAMPTON,1,88,75.6,2.0,88.0
45051,SC,Horry County,HORRY,8,824,683.3,3.62,103.0
45053,SC,Jasper County,JASPER,2,180,170.4,4.5,90.0
45055,SC,Kershaw County,KERSHAW,2,280,262.3,2.5,140.0
45057,SC,Lancaster County,LANCASTER,2,274,257.6,3.0,137.0
45059,SC,Laurens County,LAURENS,4,415,377.7,3.75,103.75
45061,SC,Lee County,LEE,1,120,113.8,3.0,120.0
45063,SC,Lexington County,LEXINGTON,7,809,731.4,3.14,115.57
45065,SC,McCormick County,MCCORMICK,1,120,106.7,2.0,120.0
45067,SC,Marion County,MARION,2,187,127.4,2.5,93.5
45069,SC,Marlboro County,MARLBORO,1,110,102.8,2.0,110.0
45071,SC,Newberry County,NEWBERRY,2,258,212.6,4.0,129.0
45073,SC,Oconee County,OCONEE,2,252,201.8,2.0,126.0
45075,SC,Orangeburg County,ORANGEBURG,4,383,356.6,2.25,95.75
45077,SC,Pickens County,PICKENS,5,359,333.2,3.6,71.8
45079,SC,Richland County,RICHLAND,14,1921,1259.2,2.43,137.21
45081,SC,Saluda County,SALUDA,1,176,149.2,2.0,176.0
45083,SC,Spartanburg County,SPARTANBURG,15,1278,1192.3,2.73,85.2
45085,SC,Sumter County,SUMTER,3,410,349.6,2.33,136.67
45087,SC,Union County,UNION,2,201,181.9,4.0,100.5
45089,SC,Williamsburg County,WILLIAMSBURG,2,184,157.6,2.5,92.0
45091,SC,York County,YORK,8,682,584.1,3.75,85.25
46003,SD,Aurora County,AURORA,1,44,42.4,3.0,44.0
46005,SD,Beadle County,BEADLE,1,119,67.1,1.0,119.0
46009,SD,Bon Homme County,BON HOMME,2,113,89.8,3.5,56.5
46011,SD,Brookings County,BROOKINGS,2,146,136.7,3.5,73.0
46013,SD,Brown County,BROWN,5,381,333.8,2.8,76.2
46015,SD,Brule County,BRULE,1,44,42.8,1.0,44.0
46019,SD,Butte County,BUTTE,1,83,54.5,1.0,83.0
46023,SD,Charles Mix County,CHARLES MIX,3,141,128.5,3.0,47.0
46025,SD,Clark County,CLARK,1,35,29.7,4.0,35.0
46027,SD,Clay County,CLAY,3,162,145.8,2.67,54.0
46029,SD,Codington County,CODINGTON,2,161,117.7,2.5,80.5
46033,SD,Custer County,CUSTER,1,43,31.1,1.0,43.0
46035,SD,Davison County,DAVISON,2,209,191.8,3.0,104.5
46037,SD,Day County,DAY,3,122,90.6,3.0,40.67
46041,SD,Dewey County,DEWEY,1,50,27.3,2.0,50.0
46045,SD,Edmunds County,EDMUNDS,1,27,23.6,4.0,27.0
46047,SD,Fall River County,FALL RIVER,2,130,105.2,2.5,65.0
46049,SD,Faulk County,FAULK,1,41,36.9,5.0,41.0
46051,SD,Grant County,GRANT,2,115,87.5,2.0,57.5
46053,SD,Gregory County,GREGORY,1,30,29.5,4.0,30.0
46055,SD,Haakon County,HAAKON,1,42,34.0,3.0,42.0
46057,SD,Hamlin County,HAMLIN,2,110,100.4,4.0,55.0
46059,SD,Hand County,HAND,1,50,37.7,1.0,50.0
46065,SD,Hughes County,HUGHES,2,145,113.2,3.5,72.5
46067,SD,Hutchinson County,HUTCHINSON,3,136,104.6,4.33,45.33
46069,SD,Hyde County,HYDE,1,39,34.8,3.0,39.0
46071,SD,Jackson County,JACKSON,1,31,29.0,3.0,31.0
46073,SD,Jerauld County,JERAULD,1,40,30.0,4.0,40.0
46077,SD,Kingsbury County,KINGSBURY,1,46,37.6,2.0,46.0
46079,SD,Lake County,LAKE,1,59,52.4,3.0,59.0
46081,SD,Lawrence County,LAWRENCE,1,105,74.7,3.0,105.0
46083,SD,Lincoln County,LINCOLN,1,56,50.3,2.0,56.0
46091,SD,Marshall County,MARSHALL,1,60,44.0,2.0,60.0
46093,SD,Meade County,MEADE,1,40,38.5,3.0,40.0
46095,SD,Mellette County,MELLETTE,1,52,32.5,5.0,52.0
46097,SD,Miner County,MINER,1,45,37.0,5.0,45.0
46099,SD,Minnehaha County,MINNEHAHA,10,870,769.9,2.33,87.0
46101,SD,Moody County,MOODY,2,105,74.3,2.0,52.5
46103,SD,Pennington County,PENNINGTON,9,599,549.9,2.67,66.56
46105,SD,Perkins County,PERKINS,1,38,30.2,1.0,38.0
46107,SD,Potter County,POTTER,1,53,34.6,1.0,53.0
46109,SD,Roberts County,ROBERTS,2,66,62.2,1.0,33.0
46111,SD,Sanborn County,SANBORN,1,42,39.7,2.0,42.0
46115,SD,Spink County,SPINK,2,88,77.3,3.0,44.0
46123,SD,Tripp County,TRIPP,1,40,28.4,2.0,40.0
46125,SD,Turner County,TURNER,3,152,140.0,3.0,50.67
46127,SD,Union County,UNION,2,83,71.1,3.5,41.5
46129,SD,Walworth County,WALWORTH,1,50,47.7,5.0,50.0
46135,SD,Yankton County,YANKTON,2,263,231.9,5.0,131.5
47001,TN,Anderson County,ANDERSON,5,588,455.1,2.8,117.6
47003,TN,Bedford County,BEDFORD,1,96,74.6,3.0,96.0
47005,TN,Benton County,BENTON,1,120,53.2,1.0,120.0
47007,TN,Bledsoe County,BLEDSOE,1,50,36.4,,50.0
47009,TN,Blount County,BLOUNT,6,681,468.0,2.67,113.5
47011,TN,Bradley County,BRADLEY,4,563,378.1,3.75,140.75
47013,TN,Campbell County,CAMPBELL,3,390,313.9,3.0,130.0
47015,TN,Cannon County,CANNON,1,82,77.9,2.0,82.0
47017,TN,Carroll County,CARROLL,4,415,247.1,3.25,103.75
47019,TN,Carter County,CARTER,6,579,458.6,4.67,96.5
47021,TN,Cheatham County,CHEATHAM,2,175,119.1,2.5,87.5
47023,TN,Chester County,CHESTER,1,132,80.9,1.0,132.0
47025,TN,Claiborne County,CLAIBORNE,3,350,235.3,2.0,116.67
47027,TN,Clay County,CLAY,1,78,57.3,4.0,78.0
47029,TN,Cocke County,COCKE,2,206,133.6,4.0,103.0
47031,TN,Coffee County,COFFEE,4,451,334.6,3.25,112.75
47033,TN,Crockett County,CROCKETT,2,241,140.4,3.5,120.5
47035,TN,Cumberland County,CUMBERLAND,4,401,288.6,2.75,100.25
47037,TN,Davidson County,DAVIDSON,20,2396,2092.2,3.0,119.8
47039,TN,Decatur County,DECATUR,2,215,121.3,3.0,107.5
47043,TN,Dickson County,DICKSON,2,261,242.7,3.0,130.5
47045,TN,Dyer County,DYER,3,303,209.8,2.33,101.0
47047,TN,Fayette County,FAYETTE,2,176,158.4,3.0,88.0
47049,TN,Fentress County,FENTRESS,1,140,78.9,2.0,140.0
47051,TN,Franklin County,FRANKLIN,3,258,146.0,3.67,86.0
47053,TN,Gibson County,GIBSON,6,582,464.9,3.33,97.0
47055,TN,Giles County,GILES,3,264,198.3,3.33,88.0
47057,TN,Grainger County,GRAINGER,1,132,79.0,4.0,132.0
47059,TN,Greene County,GREENE,4,480,319.5,3.0,120.0
47061,TN,Grundy County,GRUNDY,1,150,68.9,3.0,150.0
47063,TN,Hamblen County,HAMBLEN,2,358,189.8,4.0,179.0
47065,TN,Hamilton County,HAMILTON,11,1596,1227.7,2.91,145.09
47067,TN,Hancock County,HANCOCK,1,50,27.6,4.0,50.0
47069,TN,Hardeman County,HARDEMAN,2,201,140.3,4.5,100.5
47071,TN,Hardin County,HARDIN,5,343,234.5,4.2,68.6
47073,TN,Hawkins County,HAWKINS,2,274,180.6,5.0,137.0
47075,TN,Haywood County,HAYWOOD,1,115,92.3,3.0,115.0
47077,TN,Henderson County,HENDERSON,2,173,113.2,2.0,86.5
47079,TN,Henry County,HENRY,3,295,233.4,3.33,98.33
47081,TN,Hickman County,HICKMAN,1,132,67.6,4.0,132.0
47083,TN,Houston County,HOUSTON,1,164,99.9,1.0,164.0
47085,TN,Humphreys County,HUMPHREYS,2,191,131.8,1.5,95.5
47087,TN,Jackson County,JACKSON,1,80,64.5,3.0,80.0
47089,TN,Jefferson County,JEFFERSON,4,481,420.5,3.0,120.25
47091,TN,Johnson County,JOHNSON,1,120,69.6,5.0,120.0
47093,TN,Knox County,KNOX,13,1732,1304.7,3.08,133.23
47095,TN,Lake County,LAKE,2,216,122.1,1.5,108.0
47097,TN,Lauderdale County,LAUDERDALE,2,215,84.4,1.5,107.5
47099,TN,Lawrence County,LAWRENCE,3,307,218.8,4.33,102.33
47101,TN,Lewis County,LEWIS,1,131,70.3,1.0,131.0
47103,TN,Lincoln County,LINCOLN,2,247,144.1,3.5,123.5
47105,TN,Loudon County,LOUDON,1,180,97.0,1.0,180.0
47111,TN,Macon County,MACON,2,168,87.2,1.5,84.0
47113,TN,Madison County,MADISON,6,638,452.2,2.0,106.33
47115,TN,Marion County,MARION,1,165,72.4,3.0,165.0
47117,TN,Marshall County,MARSHALL,2,160,118.1,3.0,80.0
47119,TN,Maury County,MAURY,6,662,474.3,3.67,110.33
47121,TN,Meigs County,MEIGS,1,88,54.4,5.0,88.0
47123,TN,Monroe County,MONROE,3,264,200.4,3.33,88.0
47125,TN,Montgomery County,MONTGOMERY,5,584,516.6,2.0,116.8
47127,TN,Moore County,MOORE,1,88,63.4,5.0,88.0
47129,TN,Morgan County,MORGAN,1,124,66.6,2.0,124.0
47131,TN,Obion County,OBION,3,251,165.1,2.33,83.67
47133,TN,Overton County,OVERTON,1,125,80.6,4.0,125.0
47135,TN,Perry County,PERRY,1,114,82.8,1.0,114.0
47137,TN,Pickett County,PICKETT,1,69,57.2,3.0,69.0
47139,TN,Polk County,POLK,1,135,37.1,4.0,135.0
47141,TN,Putnam County,PUTNAM,4,514,399.1,3.25,128.5
47143,TN,Rhea County,RHEA,3,277,199.9,2.67,92.33
47145,TN,Roane County,ROANE,2,287,115.1,3.0,143.5
47147,TN,Robertson County,ROBERTSON,3,257,207.4,3.0,85.67
47149,TN,Rutherford County,RUTHERFORD,8,806,565.4,2.62,100.75
47151,TN,Scott County,SCOTT,2,152,116.9,1.0,76.0
47153,TN,Sequatchie County,SEQUATCHIE,1,110,94.9,4.0,110.0
47155,TN,Sevier County,SEVIER,2,218,156.7,2.5,109.0
47157,TN,Shelby County,SHELBY,25,3342,2533.0,2.32,133.68
47159,TN,Smith County,SMITH,1,128,81.9,4.0,128.0
47161,TN,Stewart County,STEWART,1,88,50.9,3.0,88.0
47163,TN,Sullivan County,SULLIVAN,7,995,650.7,2.86,142.14
47165,TN,Sumner County,SUMNER,6,757,614.6,3.33,126.17
47167,TN,Tipton County,TIPTON,2,254,169.2,2.0,127.0
47169,TN,Trousdale County,TROUSDALE,1,95,55.2,2.0,95.0
47171,TN,Unicoi County,UNICOI,3,295,189.8,3.33,98.33
47173,TN,Union County,UNION,1,77,59.4,4.0,77.0
47175,TN,Van Buren County,VAN BUREN,1,70,69.2,3.0,70.0
47177,TN,Warren County,WARREN,2,255,193.3,3.5,127.5
47179,TN,Washington County,WASHINGTON,8,811,646.3,3.5,101.38
47181,TN,Wayne County,WAYNE,1,109,62.9,2.0,109.0
47183,TN,Weakley County,WEAKLEY,4,450,244.3,3.25,112.5
47185,TN,White County,WHITE,2,196,166.7,4.0,98.0
47187,TN,Williamson County,WILLIAMSON,5,512,351.6,2.8,102.4
47189,TN,Wilson County,WILSON,4,506,442.7,3.0,126.5
48001,TX,Anderson County,ANDERSON,6,693,344.2,3.17,115.5
48003,TX,Andrews County,ANDREWS,1,112,68.4,5.0,112.0
48005,TX,Angelina County,ANGELINA,8,920,548.9,2.5,115.0
48007,TX,Aransas County,ARANSAS,2,212,149.5,3.0,106.0
48011,TX,Armstrong County,ARMSTRONG,1,66,34.7,4.0,66.0
48013,TX,Atascosa County,ATASCOSA,5,364,282.8,2.0,72.8
48015,TX,Austin County,AUSTIN,2,175,92.3,3.0,87.5
48017,TX,Bailey County,BAILEY,1,74,31.4,1.0,74.0
48019,TX,Bandera County,BANDERA,2,180,113.0,2.5,90.0
48021,TX,Bastrop County,BASTROP,5,564,441.3,2.8,112.8
48023,TX,Baylor County,BAYLOR,1,90,43.7,4.0,90.0
48025,TX,Bee County,BEE,2,221,136.4,3.0,110.5
48027,TX,Bell County,BELL,16,1810,1275.9,2.44,113.12
48029,TX,Bexar County,BEXAR,62,7664,5255.0,2.42,123.61
48031,TX,Blanco County,BLANCO,1,60,31.0,1.0,60.0
48035,TX,Bosque County,BOSQUE,3,332,234.8,1.67,110.67
48037,TX,Bowie County,BOWIE,7,670,434.5,1.71,95.71
48039,TX,Brazoria County,BRAZORIA,13,1510,1068.1,2.62,116.15
48041,TX,Brazos County,BRAZOS,7,752,524.9,1.86,107.43
48047,TX,Brooks County,BROOKS,1,96,44.3,5.0,96.0
48049,TX,Brown County,BROWN,7,692,408.1,3.43,98.86
48051,TX,Burleson County,BURLESON,2,202,89.5,1.5,101.0
48053,TX,Burnet County,BURNET,4,430,274.4,3.5,107.5
48055,TX,Caldwell County,CALDWELL,5,410,317.8,1.8,82.0
48057,TX,Calhoun County,CALHOUN,2,278,176.4,2.0,139.0
48059,TX,Callahan County,CALLAHAN,2,122,72.5,5.0,61.0
48061,TX,Cameron County,CAMERON,14,1673,1301.6,3.21,119.5
48063,TX,Camp County,CAMP,1,102,44.5,2.0,102.0
48067,TX,Cass County,CASS,4,428,232.9,2.75,107.0
48069,TX,Castro County,CASTRO,2,168,101.3,3.0,84.0
48071,TX,Chambers County,CHAMBERS,2,244,191.8,1.0,122.0
48073,TX,Cherokee County,CHEROKEE,6,610,338.1,2.83,101.67
48075,TX,Childress County,CHILDRESS,1,120,44.0,2.0,120.0
48077,TX,Clay County,CLAY,1,60,20.5,1.0,60.0
48081,TX,Coke County,COKE,2,125,77.1,4.5,62.5
48083,TX,Coleman County,COLEMAN,2,160,89.3,4.0,80.0
48085,TX,Collin County,COLLIN,22,2640,1921.8,3.5,120.0
48087,TX,Collingsworth County,COLLINGSWORTH,1,76,35.9,3.0,76.0
48089,TX,Colorado County,COLORADO,4,415,248.7,2.75,103.75
48091,TX,Comal County,COMAL,6,816,665.0,2.17,136.0
48093,TX,Comanche County,COMANCHE,3,356,169.8,2.67,118.67
48095,TX,Concho County,CONCHO,1,66,44.3,4.0,66.0
48097,TX,Cooke County,COOKE,4,441,242.7,2.25,110.25
48099,TX,Coryell County,CORYELL,4,453,344.2,2.5,113.25
48103,TX,Crane County,CRANE,1,110,62.6,4.0,110.0
48105,TX,Crockett County,CROCKETT,1,50,25.2,4.0,50.0
48107,TX,Crosby County,CROSBY,2,99,55.9,2.0,49.5
48113,TX,Dallas County,DALLAS,81,10664,7103.6,2.47,131.65
48115,TX,Dawson County,DAWSON,1,80,48.4,3.0,80.0
48117,TX,Deaf Smith County,DEAF SMITH,1,120,46.9,4.0,120.0
48119,TX,Delta County,DELTA,1,100,54.2,4.0,100.0
48121,TX,Denton County,DENTON,18,1957,1328.9,2.67,108.72
48127,TX,Dimmit County,DIMMIT,1,100,49.5,5.0,100.0
48129,TX,Donley County,DONLEY,1,61,57.6,2.0,61.0
48131,TX,Duval County,DUVAL,1,90,42.5,5.0,90.0
48133,TX,Eastland County,EASTLAND,4,266,170.6,2.5,66.5
48135,TX,Ector County,ECTOR,6,653,461.6,2.33,108.83
48139,TX,Ellis County,ELLIS,10,1279,815.9,3.0,127.9
48141,TX,El Paso County,EL PASO,22,2585,1888.6,1.73,117.5
48143,TX,Erath County,ERATH,3,270,190.7,3.33,90.0
48145,TX,Falls County,FALLS,2,171,78.8,4.5,85.5
48147,TX,Fannin County,FANNIN,5,547,316.3,2.4,109.4
48149,TX,Fayette County,FAYETTE,5,508,313.1,2.4,101.6
48155,TX,Foard County,FOARD,1,67,46.7,5.0,67.0
48157,TX,Fort Bend County,FORT BEND,15,1512,1085.4,2.67,100.8
48159,TX,Franklin County,FRANKLIN,1,95,27.1,4.0,95.0
48161,TX,Freestone County,FREESTONE,3,261,143.1,4.67,87.0
48163,TX,Frio County,FRIO,1,150,101.6,5.0,150.0
48165,TX,Gaines County,GAINES,1,40,39.8,5.0,40.0
48167,TX,Galveston County,GALVESTON,12,1478,983.5,2.75,123.17
48169,TX,Garza County,GARZA,1,75,32.7,4.0,75.0
48171,TX,Gillespie County,GILLESPIE,4,389,182.2,2.5,97.25
48175,TX,Goliad County,GOLIAD,1,90,35.9,4.0,90.0
48177,TX,Gonzales County,GONZALES,2,212,130.7,2.5,106.0
48179,TX,Gray County,GRAY,3,272,103.4,4.33,90.67
48181,TX,Grayson County,GRAYSON,11,1354,788.2,1.82,123.09
48183,TX,Gregg County,GREGG,13,1565,995.9,2.23,120.38
48185,TX,Grimes County,GRIMES,2,297,151.8,2.0,148.5
48187,TX,Guadalupe County,GUADALUPE,8,976,658.4,2.38,122.0
48189,TX,Hale County,HALE,2,214,137.1,3.5,107.0
48191,TX,Hall County,HALL,1,72,25.4,3.0,72.0
48193,TX,Hamilton County,HAMILTON,3,234,113.0,4.33,78.0
48195,TX,Hansford County,HANSFORD,1,60,52.6,3.0,60.0
48199,TX,Hardin County,HARDIN,5,497,375.4,2.2,99.4
48201,TX,Harris County,HARRIS,97,11621,8449.6,2.77,119.8
48203,TX,Harrison County,HARRISON,3,422,207.7,3.0,140.67
48207,TX,Haskell County,HASKELL,1,68,34.0,5.0,68.0
48209,TX,Hays County,HAYS,6,727,520.8,2.33,121.17
48211,TX,Hemphill County,HEMPHILL,1,48,41.9,3.0,48.0
48213,TX,Henderson County,HENDERSON,6,668,414.4,2.5,111.33
48215,TX,Hidalgo County,HIDALGO,22,2772,2158.4,3.05,126.0
48217,TX,Hill County,HILL,4,382,220.1,2.25,95.5
48219,TX,Hockley County,HOCKLEY,2,207,103.2,3.5,103.5
48221,TX,Hood County,HOOD,4,501,343.6,2.75,125.25
48223,TX,Hopkins County,HOPKINS,4,487,295.4,3.0,121.75
48225,TX,Houston County,HOUSTON,3,286,162.1,3.33,95.33
48227,TX,Howard County,HOWARD,3,397,289.6,4.0,132.33
48231,TX,Hunt County,HUNT,5,585,362.5,2.2,117.0
48233,TX,Hutchinson County,HUTCHINSON,2,230,89.5,2.5,115.0
48237,TX,Jack County,JACK,1,104,53.7,4.0,104.0
48239,TX,Jackson County,JACKSON,2,211,135.9,2.5,105.5
48241,TX,Jasper County,JASPER,3,335,168.2,4.0,111.67
48245,TX,Jefferson County,JEFFERSON,14,1745,1060.4,2.38,124.64
48247,TX,Jim Hogg County,JIM HOGG,1,60,39.4,4.0,60.0
48249,TX,Jim Wells County,JIM WELLS,3,441,278.8,2.67,147.0
48251,TX,Johnson County,JOHNSON,9,1135,760.1,2.44,126.11
48253,TX,Jones County,JONES,2,172,50.5,2.5,86.0
48255,TX,Karnes County,KARNES,3,238,122.9,3.0,79.33
48257,TX,Kaufman County,KAUFMAN,8,854,521.8,2.29,106.75
48259,TX,Kendall County,KENDALL,6,532,357.8,2.67,88.67
48263,TX,Kent County,KENT,1,60,52.3,2.0,60.0
48265,TX,Kerr County,KERR,4,609,350.1,1.5,152.25
48273,TX,Kleberg County,KLEBERG,2,266,161.8,4.0,133.0
48275,TX,Knox County,KNOX,2,127,77.7,4.0,63.5
48277,TX,Lamar County,LAMAR,5,577,350.0,2.6,115.4
48279,TX,Lamb County,LAMB,3,190,114.0,2.33,63.33
48281,TX,Lampasas County,LAMPASAS,3,260,145.8,2.0,86.67
48283,TX,La Salle County,LA SALLE,1,60,50.0,3.0,60.0
48285,TX,Lavaca County,LAVACA,5,575,306.3,3.6,115.0
48287,TX,Lee County,LEE,2,186,100.9,1.0,93.0
48289,TX,Leon County,LEON,1,74,30.4,3.0,74.0
48291,TX,Liberty County,LIBERTY,4,438,243.0,2.5,109.5
48293,TX,Limestone County,LIMESTONE,5,392,271.2,3.8,78.4
48295,TX,Lipscomb County,LIPSCOMB,1,40,40.5,3.0,40.0
48297,TX,Live Oak County,LIVE OAK,1,96,80.0,2.0,96.0
48299,TX,Llano County,LLANO,2,218,103.6,2.5,109.0
48303,TX,Lubbock County,LUBBOCK,15,1752,1156.4,2.33,116.8
48313,TX,Madison County,MADISON,2,196,116.1,2.0,98.0
48315,TX,Marion County,MARION,1,116,90.8,1.0,116.0
48321,TX,Matagorda County,MATAGORDA,3,325,168.1,2.0,108.33
48323,TX,Maverick County,MAVERICK,3,332,256.0,2.33,110.67
48325,TX,Medina County,MEDINA,3,287,173.4,3.33,95.67
48327,TX,Menard County,MENARD,1,40,25.7,3.0,40.0
48329,TX,Midland County,MIDLAND,5,525,447.6,2.6,105.0
48331,TX,Milam County,MILAM,3,293,188.1,2.33,97.67
48333,TX,Mills County,MILLS,2,146,100.9,3.5,73.0
48335,TX,Mitchell County,MITCHELL,1,54,47.2,2.0,54.0
48337,TX,Montague County,MONTAGUE,2,269,201.4,3.0,134.5
48339,TX,Montgomery County,MONTGOMERY,12,1673,1145.2,2.91,139.42
48341,TX,Moore County,MOORE,2,166,71.4,5.0,83.0
48343,TX,Morris County,MORRIS,1,106,60.5,1.0,106.0
48345,TX,Motley County,MOTLEY,1,50,29.5,2.0,50.0
48347,TX,Nacogdoches County,NACOGDOCHES,4,487,336.9,3.5,121.75
48349,TX,Navarro County,NAVARRO,6,642,329.3,3.33,107.0
48351,TX,Newton County,NEWTON,1,84,48.4,1.0,84.0
48353,TX,Nolan County,NOLAN,2,175,130.3,3.0,87.5
48355,TX,Nueces County,NUECES,14,1745,1173.8,3.07,124.64
48357,TX,Ochiltree County,OCHILTREE,1,60,25.6,5.0,60.0
48361,TX,Orange County,ORANGE,3,364,270.8,2.33,121.33
48363,TX,Palo Pinto County,PALO PINTO,2,215,148.9,3.5,107.5
48365,TX,Panola County,PANOLA,3,303,155.6,2.67,101.0
48367,TX,Parker County,PARKER,9,986,692.1,2.67,109.56
48369,TX,Parmer County,PARMER,2,158,95.7,2.5,79.0
48371,TX,Pecos County,PECOS,1,120,64.9,3.0,120.0
48373,TX,Polk County,POLK,4,451,276.5,3.0,112.75
48375,TX,Potter County,POTTER,9,1017,719.0,3.0,113.0
48379,TX,Rains County,RAINS,1,68,45.1,3.0,68.0
48381,TX,Randall County,RANDALL,3,346,248.4,3.0,115.33
48383,TX,Reagan County,REAGAN,1,36,30.6,4.0,36.0
48385,TX,Real County,REAL,1,86,76.5,2.0,86.0
48387,TX,Red River County,RED RIVER,2,252,106.5,3.0,126.0
48389,TX,Reeves County,REEVES,1,89,47.8,3.0,89.0
48391,TX,Refugio County,REFUGIO,1,90,41.6,2.0,90.0
48395,TX,Robertson County,ROBERTSON,3,252,132.0,2.67,84.0
48397,TX,Rockwall County,ROCKWALL,5,766,518.1,3.6,153.2
48399,TX,Runnels County,RUNNELS,2,232,124.2,3.0,116.0
48401,TX,Rusk County,RUSK,3,398,208.5,2.0,132.67
48403,TX,Sabine County,SABINE,2,179,111.7,3.0,89.5
48405,TX,San Augustine County,SAN AUGUSTINE,3,285,126.4,3.0,95.0
48407,TX,San Jacinto County,SAN JACINTO,1,100,50.6,1.0,100.0
48409,TX,San Patricio County,SAN PATRICIO,2,187,134.4,3.0,93.5
48411,TX,San Saba County,SAN SABA,1,72,44.1,5.0,72.0
48413,TX,Schleicher County,SCHLEICHER,1,34,29.6,4.0,34.0
48415,TX,Scurry County,SCURRY,1,80,47.7,3.0,80.0
48419,TX,Shelby County,SHELBY,3,349,153.7,3.33,116.33
48421,TX,Sherman County,SHERMAN,1,26,21.2,5.0,26.0
48423,TX,Smith County,SMITH,17,1985,1398.9,2.53,116.76
48425,TX,Somervell County,SOMERVELL,2,220,142.7,3.0,110.0
48427,TX,Starr County,STARR,2,230,187.5,3.0,115.0
48429,TX,Stephens County,STEPHENS,1,92,31.3,5.0,92.0
48431,TX,Sterling County,STERLING,1,44,21.2,5.0,44.0
48433,TX,Stonewall County,STONEWALL,1,53,47.3,2.0,53.0
48439,TX,Tarrant County,TARRANT,71,8962,6192.3,2.57,126.23
48441,TX,Taylor County,TAYLOR,12,1183,784.3,2.67,98.58
48445,TX,Terry County,TERRY,2,162,95.3,3.5,81.0
48449,TX,Titus County,TITUS,3,362,229.3,1.0,120.67
48451,TX,Tom Green County,TOM GREEN,8,869,517.0,2.57,108.62
48453,TX,Travis County,TRAVIS,28,3203,2532.4,2.59,114.39
48455,TX,Trinity County,TRINITY,3,227,161.8,3.33,75.67
48457,TX,Tyler County,TYLER,2,179,112.4,2.5,89.5
48459,TX,Upshur County,UPSHUR,2,205,120.4,1.5,102.5
48461,TX,Upton County,UPTON,1,30,28.6,2.0,30.0
48463,TX,Uvalde County,UVALDE,2,315,136.6,2.0,157.5
48465,TX,Val Verde County,VAL VERDE,3,256,175.9,3.67,85.33
48467,TX,Van Zandt County,VAN ZANDT,6,565,382.4,3.17,94.17
48469,TX,Victoria County,VICTORIA,4,454,308.3,3.0,113.5
48471,TX,Walker County,WALKER,3,246,156.4,4.0,82.0
48473,TX,Waller County,WALLER,1,130,82.8,2.0,130.0
48475,TX,Ward County,WARD,1,92,47.4,2.0,92.0
48477,TX,Washington County,WASHINGTON,4,351,259.2,1.75,87.75
48479,TX,Webb County,WEBB,6,764,538.0,3.17,127.33
48481,TX,Wharton County,WHARTON,4,447,274.0,2.0,111.75
48483,TX,Wheeler County,WHEELER,1,90,39.6,3.0,90.0
48485,TX,Wichita County,WICHITA,10,1121,834.9,3.22,112.1
48487,TX,Wilbarger County,WILBARGER,1,120,104.1,4.0,120.0
48489,TX,Willacy County,WILLACY,1,120,54.5,3.0,120.0
48491,TX,Williamson County,WILLIAMSON,15,1805,1412.9,2.8,120.33
48493,TX,Wilson County,WILSON,4,515,381.2,3.25,128.75
48497,TX,Wise County,WISE,4,446,302.9,2.0,111.5
48499,TX,Wood County,WOOD,5,525,264.9,2.2,105.0
48501,TX,Yoakum County,YOAKUM,1,60,47.7,5.0,60.0
48503,TX,Young County,YOUNG,3,325,151.2,3.33,108.33
48505,TX,Zapata County,ZAPATA,1,59,34.8,2.0,59.0
49003,UT,Box Elder County,BOX ELDER,3,197,109.1,3.33,65.67
49005,UT,Cache County,CACHE,4,412,178.6,3.5,103.0
49007,UT,Carbon County,CARBON,2,158,90.5,3.5,79.0
49011,UT,Davis County,DAVIS,6,555,378.9,3.83,92.5
49013,UT,Duchesne County,DUCHESNE,1,90,52.6,5.0,90.0
49015,UT,Emery County,EMERY,1,51,36.9,1.0,51.0
49017,UT,Garfield County,GARFIELD,1,21,15.3,4.0,21.0
49019,UT,Grand County,GRAND,1,36,32.5,3.0,36.0
49021,UT,Iron County,IRON,2,170,110.9,3.0,85.0
49023,UT,Juab County,JUAB,1,80,37.4,4.0,80.0
49027,UT,Millard County,MILLARD,1,60,51.6,2.0,60.0
49035,UT,Salt Lake County,SALT LAKE,35,2998,2336.6,3.2,85.66
49037,UT,San Juan County,SAN JUAN,1,104,51.4,1.0,104.0
49039,UT,Sanpete County,SANPETE,1,46,37.6,3.0,46.0
49041,UT,Sevier County,SEVIER,2,128,54.4,4.5,64.0
49045,UT,Tooele County,TOOELE,1,112,103.8,4.0,112.0
49047,UT,Uintah County,UINTAH,1,110,29.6,3.0,110.0
49049,UT,Utah County,UTAH,13,1101,758.6,3.54,84.69
49051,UT,Wasatch County,WASATCH,1,92,73.0,3.0,92.0
49053,UT,Washington County,WASHINGTON,8,753,539.4,3.5,94.12
49057,UT,Weber County,WEBER,11,1120,796.2,3.4,101.82
50001,VT,Addison County,ADDISON,1,98,93.9,4.0,98.0
50003,VT,Bennington County,BENNINGTON,4,488,373.4,2.25,122.0
50005,VT,Caledonia County,CALEDONIA,2,159,122.2,2.0,79.5
50007,VT,Chittenden County,CHITTENDEN,4,493,399.7,2.75,123.25
50011,VT,Franklin County,FRANKLIN,3,209,163.0,2.67,69.67
50015,VT,Lamoille County,LAMOILLE,1,72,65.2,2.0,72.0
50017,VT,Orange County,ORANGE,1,30,29.5,3.0,30.0
50019,VT,Orleans County,ORLEANS,4,203,178.9,3.5,50.75
50021,VT,Rutland County,RUTLAND,3,386,332.4,4.0,128.67
50023,VT,Washington County,WASHINGTON,4,414,351.0,1.75,103.5
50025,VT,Windham County,WINDHAM,3,183,173.2,3.0,61.0
50027,VT,Windsor County,WINDSOR,3,187,148.1,4.5,62.33
51001,VA,Accomack County,ACCOMACK,1,136,116.8,4.0,136.0
51003,VA,Albemarle County,ALBEMARLE,7,616,526.8,3.0,88.0
51005,VA,Alleghany County,ALLEGHANY,3,254,220.7,3.67,84.67
51007,VA,Amelia County,AMELIA,1,100,88.7,1.0,100.0
51009,VA,Amherst County,AMHERST,1,120,114.3,3.0,120.0
51011,VA,Appomattox County,APPOMATTOX,1,60,53.0,1.0,60.0
51013,VA,Arlington County,ARLINGTON,4,642,537.1,2.25,160.5
51015,VA,Augusta County,AUGUSTA,3,216,180.0,3.67,72.0
51017,VA,Bath County,BATH,1,60,57.9,5.0,60.0
51019,VA,Bedford County,BEDFORD,2,201,183.9,2.5,100.5
51021,VA,Bland County,BLAND,1,57,54.5,5.0,57.0
51023,VA,Botetourt County,BOTETOURT,3,182,159.4,4.0,60.67
51025,VA,Brunswick County,BRUNSWICK,1,77,70.2,1.0,77.0
51027,VA,Buchanan County,BUCHANAN,1,120,111.9,5.0,120.0
51029,VA,Buckingham County,BUCKINGHAM,1,60,56.7,3.0,60.0
51031,VA,Campbell County,CAMPBELL,2,171,159.9,4.5,85.5
51033,VA,Caroline County,CAROLINE,1,120,112.5,3.0,120.0
51035,VA,Carroll County,CARROLL,2,120,114.5,5.0,60.0
51037,VA,Charlotte County,CHARLOTTE,1,90,51.4,4.0,90.0
51041,VA,Chesterfield County,CHESTERFIELD,6,806,695.7,2.67,134.33
51043,VA,Clarke County,CLARKE,1,120,115.8,1.0,120.0
51047,VA,Culpeper County,CULPEPER,2,227,214.1,3.0,113.5
51051,VA,Dickenson County,DICKENSON,1,100,85.7,4.0,100.0
51057,VA,Essex County,ESSEX,1,60,50.6,1.0,60.0
51059,VA,Fairfax County,FAIRFAX,15,1832,1685.9,3.0,122.13
51061,VA,Fauquier County,FAUQUIER,2,243,221.0,2.0,121.5
51063,VA,Floyd County,FLOYD,1,90,82.7,2.0,90.0
51065,VA,Fluvanna County,FLUVANNA,1,60,54.6,1.0,60.0
51067,VA,Franklin County,FRANKLIN,3,429,324.5,3.67,143.0
51069,VA,Frederick County,FREDERICK,3,131,119.8,3.0,43.67
51071,VA,Giles County,GILES,1,120,101.7,4.0,120.0
51073,VA,Gloucester County,GLOUCESTER,2,236,205.1,4.5,118.0
51075,VA,Goochland County,GOOCHLAND,2,180,158.4,3.0,90.0
51077,VA,Grayson County,GRAYSON,1,120,107.9,5.0,120.0
51079,VA,Greene County,GREENE,1,90,84.2,2.0,90.0
51083,VA,Halifax County,HALIFAX,2,336,158.6,2.0,168.0
51085,VA,Hanover County,HANOVER,4,541,481.5,2.0,135.25
51087,VA,Henrico County,HENRICO,14,1866,1659.9,2.17,133.29
51089,VA,Henry County,HENRY,1,120,111.8,4.0,120.0
51093,VA,Isle of Wight County,ISLE OF WIGHT,2,148,140.3,2.5,74.0
51095,VA,James City County,JAMES,5,375,292.0,3.6,75.0
51099,VA,King George County,KING GEORGE,1,130,95.4,3.0,130.0
51101,VA,King William County,KING WILLIAM,1,60,51.5,4.0,60.0
51103,VA,Lancaster County,LANCASTER,2,162,136.7,4.5,81.0
51105,VA,Lee County,LEE,1,110,106.4,5.0,110.0
51107,VA,Loudoun County,LOUDOUN,5,518,472.1,4.0,103.6
51109,VA,Louisa County,LOUISA,1,90,84.1,4.0,90.0
51113,VA,Madison County,MADISON,2,132,117.0,4.0,66.0
51115,VA,Mathews County,MATHEWS,1,60,58.6,4.0,60.0
51117,VA,Mecklenburg County,MECKLENBURG,3,428,348.4,3.67,142.67
51119,VA,Middlesex County,MIDDLESEX,2,154,139.2,3.5,77.0
51121,VA,Montgomery County,MONTGOMERY,2,239,182.7,4.5,119.5
51131,VA,Northampton County,NORTHAMPTON,1,145,116.4,1.0,145.0
51135,VA,Nottoway County,NOTTOWAY,1,180,144.1,3.0,180.0
51137,VA,Orange County,ORANGE,1,164,133.2,4.0,164.0
51139,VA,Page County,PAGE,1,120,111.3,1.0,120.0
51141,VA,Patrick County,PATRICK,1,190,158.5,5.0,190.0
51143,VA,Pittsylvania County,PITTSYLVANIA,2,175,167.7,4.5,87.5
51147,VA,Prince Edward County,PRINCE EDWARD,2,240,210.8,2.0,120.0
51153,VA,Prince William County,PRINCE WILLIAM,4,420,381.7,3.5,105.0
51155,VA,Pulaski County,PULASKI,2,222,210.9,3.0,111.0
51159,VA,Richmond County,RICHMOND,7,946,835.1,3.0,135.14
51161,VA,Roanoke County,ROANOKE,12,1550,1413.6,3.42,129.17
51165,VA,Rockingham County,ROCKINGHAM,2,247,232.1,4.0,123.5
51167,VA,Russell County,RUSSELL,1,60,54.4,3.0,60.0
51169,VA,Scott County,SCOTT,2,210,181.6,4.5,105.0
51171,VA,Shenandoah County,SHENANDOAH,3,276,257.7,3.67,92.0
51173,VA,Smyth County,SMYTH,3,314,234.1,4.33,104.67
51175,VA,Southampton County,SOUTHAMPTON,1,90,85.3,2.0,90.0
51177,VA,Spotsylvania County,SPOTSYLVANIA,2,327,284.8,2.5,163.5
51179,VA,Stafford County,STAFFORD,3,298,260.3,2.33,99.33
51183,VA,Sussex County,SUSSEX,1,120,111.3,3.0,120.0
51185,VA,Tazewell County,TAZEWELL,3,264,214.7,2.0,88.0
51187,VA,Warren County,WARREN,2,180,164.0,3.5,90.0
51191,VA,Washington County,WASHINGTON,2,239,211.6,3.0,119.5
51193,VA,Westmoreland County,WESTMORELAND,1,66,60.4,3.0,66.0
51195,VA,Wise County,WISE,3,321,264.9,4.0,107.0
51197,VA,Wythe County,WYTHE,3,277,194.5,2.0,92.33
51199,VA,York County,YORK,2,140,132.7,2.0,70.0
51510,VA,Alexandria city,ALEXANDRIA,3,496,466.3,4.33,165.33
51520,VA,Bristol city,BRISTOL,2,210,190.6,3.5,105.0
51530,VA,Buena Vista city,BUENA VISTA,1,93,82.2,2.0,93.0
51540,VA,Charlottesville city,CHARLOTTESVILLE,1,141,128.1,2.0,141.0
51550,VA,Chesapeake city,CHESAPEAKE,4,537,504.7,2.75,134.25
51590,VA,Danville city,DANVILLE,4,665,547.8,3.0,166.25
51595,VA,Emporia city,EMPORIA,2,185,168.5,2.5,92.5
51600,VA,Fairfax city,FAIRFAX,15,1832,1685.9,3.0,122.13
51620,VA,Franklin city,FRANKLIN,3,429,324.5,3.67,143.0
51640,VA,Galax city,GALAX,2,255,220.4,3.0,127.5
51650,VA,Hampton city,HAMPTON,4,466,413.0,2.5,116.5
51660,VA,Harrisonburg city,HARRISONBURG,3,381,339.2,2.33,127.0
51670,VA,Hopewell city,HOPEWELL,2,254,227.2,1.0,127.0
51678,VA,Lexington city,LEXINGTON,2,120,95.7,3.5,60.0
51680,VA,Lynchburg city,LYNCHBURG,8,927,814.7,3.0,115.88
51683,VA,Manassas city,MANASSAS,2,300,278.2,4.5,150.0
51690,VA,Martinsville city,MARTINSVILLE,3,472,303.8,4.0,157.33
51700,VA,Newport News city,NEWPORT NEWS,6,692,646.7,2.5,115.33
51710,VA,Norfolk city,NORFOLK,8,1173,955.0,2.75,146.62
51730,VA,Petersburg city,PETERSBURG,4,389,299.5,3.5,97.25
51735,VA,Poquoson city,POQUOSON,1,60,53.6,2.0,60.0
51740,VA,Portsmouth city,PORTSMOUTH,3,360,321.7,2.67,120.0
51750,VA,Radford city,RADFORD,1,90,86.8,4.0,90.0
51760,VA,Richmond city,RICHMOND,7,946,835.1,3.0,135.14
51770,VA,Roanoke city,ROANOKE,12,1550,1413.6,3.42,129.17
51775,VA,Salem city,SALEM,3,397,337.9,3.67,132.33
51790,VA,Staunton city,STAUNTON,2,287,223.7,1.0,143.5
51800,VA,Suffolk city,SUFFOLK,4,418,370.6,2.25,104.5
51810,VA,Virginia Beach city,VIRGINIA BEACH,14,1462,1348.4,2.23,104.43
51820,VA,Waynesboro city,WAYNESBORO,2,129,119.7,2.5,64.5
51840,VA,Winchester city,WINCHESTER,1,176,171.1,2.0,176.0
53001,WA,Adams County,ADAMS,1,39,35.2,3.0,39.0
53003,WA,Asotin County,ASOTIN,1,90,79.2,3.0,90.0
53005,WA,Benton County,BENTON,4,364,260.6,4.0,91.0
53007,WA,Chelan County,CHELAN,3,250,221.0,3.33,83.33
53009,WA,Clallam County,CLALLAM,3,291,235.1,2.0,97.0
53011,WA,Clark County,CLARK,8,744,614.8,4.0,93.0
53015,WA,Cowlitz County,COWLITZ,4,343,241.3,4.0,85.75
53021,WA,Franklin County,FRANKLIN,1,108,55.0,1.0,108.0
53025,WA,Grant County,GRANT,4,247,172.9,2.75,61.75
53027,WA,Grays Harbor County,GRAYS HARBOR,3,271,225.3,4.5,90.33
53029,WA,Island County,ISLAND,1,112,74.5,2.0,112.0
53031,WA,Jefferson County,JEFFERSON,1,94,41.6,5.0,94.0
53033,WA,King County,KING,47,5105,3610.9,3.13,108.62
53035,WA,Kitsap County,KITSAP,9,1036,855.6,3.67,115.11
53037,WA,Kittitas County,KITTITAS,1,74,64.6,2.0,74.0
53041,WA,Lewis County,LEWIS,3,253,182.1,4.33,84.33
53045,WA,Mason County,MASON,2,211,147.0,1.5,105.5
53047,WA,Okanogan County,OKANOGAN,4,196,163.6,4.75,49.0
53049,WA,Pacific County,PACIFIC,1,60,46.2,4.0,60.0
53053,WA,Pierce County,PIERCE,21,2333,1874.7,2.9,111.1
53057,WA,Skagit County,SKAGIT,4,376,242.1,2.25,94.0
53061,WA,Snohomish County,SNOHOMISH,17,1607,1309.5,3.59,94.53
53063,WA,Spokane County,SPOKANE,17,1657,1338.5,3.06,97.47
53065,WA,Stevens County,STEVENS,2,132,91.2,2.5,66.0
53067,WA,Thurston County,THURSTON,7,772,622.9,4.0,110.29
53071,WA,Walla Walla County,WALLA WALLA,4,338,277.8,4.25,84.5
53073,WA,Whatcom County,WHATCOM,8,674,516.8,3.88,84.25
53075,WA,Whitman County,WHITMAN,2,103,93.3,1.0,51.5
53077,WA,Yakima County,YAKIMA,11,974,738.2,3.09,88.55
54001,WV,Barbour County,BARBOUR,2,120,109.3,3.5,60.0
54003,WV,Berkeley County,BERKELEY,2,188,176.1,4.5,94.0
54005,WV,Boone County,BOONE,1,90,87.5,4.0,90.0
54007,WV,Braxton County,BRAXTON,1,65,62.4,5.0,65.0
54009,WV,Brooke County,BROOKE,2,175,161.3,3.0,87.5
54011,WV,Cabell County,CABELL,5,497,465.4,3.2,99.4
54013,WV,Calhoun County,CALHOUN,1,24,22.5,3.0,24.0
54015,WV,Clay County,CLAY,1,60,57.8,3.0,60.0
54019,WV,Fayette County,FAYETTE,6,424,399.5,2.5,70.67
54021,WV,Gilmer County,GILMER,1,65,63.1,1.0,65.0
54023,WV,Grant County,GRANT,1,110,86.7,4.0,110.0
54025,WV,Greenbrier County,GREENBRIER,4,298,281.1,3.25,74.5
54027,WV,Hampshire County,HAMPSHIRE,2,92,89.1,3.5,46.0
54029,WV,Hancock County,HANCOCK,3,230,215.0,4.67,76.67
54031,WV,Hardy County,HARDY,1,60,51.3,4.0,60.0
54033,WV,Harrison County,HARRISON,6,511,453.2,3.17,85.17
54035,WV,Jackson County,JACKSON,2,182,165.5,2.5,91.0
54037,WV,Jefferson County,JEFFERSON,3,244,234.0,2.33,81.33
54039,WV,Kanawha County,KANAWHA,11,994,935.1,3.1,90.36
54041,WV,Lewis County,LEWIS,1,72,67.1,4.0,72.0
54043,WV,Lincoln County,LINCOLN,1,60,58.2,5.0,60.0
54045,WV,Logan County,LOGAN,2,186,173.1,2.0,93.0
54049,WV,Marion County,MARION,6,487,425.8,2.67,81.17
54051,WV,Marshall County,MARSHALL,2,189,175.1,4.0,94.5
54053,WV,Mason County,MASON,2,236,156.1,3.0,118.0
54055,WV,Mercer County,MERCER,4,383,368.6,2.5,95.75
54057,WV,Mineral County,MINERAL,2,188,170.8,2.5,94.0
54059,WV,Mingo County,MINGO,1,90,79.7,3.0,90.0
54061,WV,Monongalia County,MONONGALIA,4,382,339.9,2.25,95.5
54063,WV,Monroe County,MONROE,1,60,55.7,4.0,60.0
54065,WV,Morgan County,MORGAN,2,140,119.4,3.5,70.0
54067,WV,Nicholas County,NICHOLAS,1,90,89.1,3.0,90.0
54069,WV,Ohio County,OHIO,3,486,438.3,4.0,162.0
54071,WV,Pendleton County,PENDLETON,1,89,82.7,3.0,89.0
54073,WV,Pleasants County,PLEASANTS,1,68,61.3,3.0,68.0
54075,WV,Pocahontas County,POCAHONTAS,1,68,57.7,2.0,68.0
54077,WV,Preston County,PRESTON,2,218,163.3,1.5,109.0
54079,WV,Putnam County,PUTNAM,2,244,236.2,1.5,122.0
54081,WV,Raleigh County,RALEIGH,3,387,230.8,2.33,129.0
54083,WV,Randolph County,RANDOLPH,3,295,282.7,2.67,98.33
54085,WV,Ritchie County,RITCHIE,1,56,48.4,3.0,56.0
54087,WV,Roane County,ROANE,2,97,88.7,4.5,48.5
54089,WV,Summers County,SUMMERS,2,154,137.6,2.5,77.0
54091,WV,Taylor County,TAYLOR,2,129,122.3,3.0,64.5
54093,WV,Tucker County,TUCKER,1,94,89.9,1.0,94.0
54095,WV,Tyler County,TYLER,1,68,62.1,1.0,68.0
54097,WV,Upshur County,UPSHUR,2,140,120.5,3.0,70.0
54099,WV,Wayne County,WAYNE,1,60,58.4,4.0,60.0
54101,WV,Webster County,WEBSTER,1,60,58.8,5.0,60.0
54103,WV,Wetzel County,WETZEL,1,100,95.8,2.0,100.0
54105,WV,Wirt County,WIRT,1,36,33.6,4.0,36.0
54107,WV,Wood County,WOOD,5,498,418.7,1.4,99.6
54109,WV,Wyoming County,WYOMING,1,60,55.7,3.0,60.0
55001,WI,Adams County,ADAMS,1,50,31.7,5.0,50.0
55003,WI,Ashland County,ASHLAND,2,167,84.7,3.5,83.5
55005,WI,Barron County,BARRON,5,297,237.7,2.8,59.4
55007,WI,Bayfield County,BAYFIELD,1,50,47.5,2.0,50.0
55009,WI,Brown County,BROWN,8,733,522.7,3.62,91.62
55011,WI,Buffalo County,BUFFALO,1,35,21.2,5.0,35.0
55013,WI,Burnett County,BURNETT,1,50,25.6,2.0,50.0
55015,WI,Calumet County,CALUMET,2,99,44.3,3.0,49.5
55017,WI,Chippewa County,CHIPPEWA,6,284,244.1,4.83,47.33
55019,WI,Clark County,CLARK,3,300,228.3,3.0,100.0
55021,WI,Columbia County,COLUMBIA,4,275,201.7,3.25,68.75
55023,WI,Crawford County,CRAWFORD,2,100,84.6,2.5,50.0
55025,WI,Dane County,DANE,16,1255,870.4,2.73,78.44
55027,WI,Dodge County,DODGE,10,779,503.5,2.6,77.9
55029,WI,Door County,DOOR,3,132,118.8,3.33,44.0
55031,WI,Douglas County,DOUGLAS,4,366,253.1,2.75,91.5
55033,WI,Dunn County,DUNN,4,174,148.7,4.5,43.5
55035,WI,Eau Claire County,EAU CLAIRE,5,313,246.3,3.8,62.6
55037,WI,Florence County,FLORENCE,1,73,50.6,1.0,73.0
55039,WI,Fond du Lac County,FOND DU LAC,7,500,365.8,2.57,71.43
55041,WI,Forest County,FOREST,1,50,35.8,4.0,50.0
55043,WI,Grant County,GRANT,7,424,309.0,2.71,60.57
55045,WI,Green County,GREEN,3,246,227.1,2.0,82.0
55047,WI,Green Lake County,GREEN LAKE,2,87,70.4,4.5,43.5
55049,WI,Iowa County,IOWA,2,83,58.2,4.5,41.5
55051,WI,Iron County,IRON,2,103,84.9,4.5,51.5
55053,WI,Jackson County,JACKSON,2,140,70.5,3.0,70.0
55055,WI,Jefferson County,JEFFERSON,3,257,165.5,2.0,85.67
55057,WI,Juneau County,JUNEAU,3,180,152.5,3.33,60.0
55059,WI,Kenosha County,KENOSHA,7,831,557.6,2.29,118.71
55061,WI,Kewaunee County,KEWAUNEE,2,100,61.8,3.5,50.0
55063,WI,La Crosse County,LA CROSSE,7,557,431.6,3.57,79.57
55065,WI,Lafayette County,LAFAYETTE,1,50,39.4,2.0,50.0
55067,WI,Langlade County,LANGLADE,1,118,49.2,3.0,118.0
55069,WI,Lincoln County,LINCOLN,3,220,157.1,3.67,73.33
55071,WI,Manitowoc County,MANITOWOC,6,603,346.4,3.33,100.5
55073,WI,Marathon County,MARATHON,8,697,498.2,3.0,87.12
55075,WI,Marinette County,MARINETTE,5,313,274.1,4.2,62.6
55077,WI,Marquette County,MARQUETTE,1,50,28.4,1.0,50.0
55079,WI,Milwaukee County,MILWAUKEE,32,3067,2304.7,2.31,95.84
55081,WI,Monroe County,MONROE,3,204,168.6,3.0,68.0
55083,WI,Oconto County,OCONTO,3,199,143.3,2.33,66.33
55085,WI,Oneida County,ONEIDA,3,294,201.2,2.33,98.0
55087,WI,Outagamie County,OUTAGAMIE,7,696,458.2,3.29,99.43
55089,WI,Ozaukee County,OZAUKEE,4,253,194.6,3.0,63.25
55093,WI,Pierce County,PIERCE,4,205,140.6,3.25,51.25
55095,WI,Polk County,POLK,6,368,268.0,2.83,61.33
55097,WI,Portage County,PORTAGE,2,98,76.6,3.0,49.0
55099,WI,Price County,PRICE,1,92,72.9,5.0,92.0
55101,WI,Racine County,RACINE,6,737,439.0,1.83,122.83
55103,WI,Richland County,RICHLAND,2,130,109.7,3.5,65.0
55105,WI,Rock County,ROCK,10,761,517.0,2.5,76.1
55107,WI,Rusk County,RUSK,2,62,59.0,4.0,31.0
55109,WI,St. Croix County,ST. CROIX,8,412,297.5,3.75,51.5
55111,WI,Sauk County,SAUK,5,366,249.8,3.4,73.2
55113,WI,Sawyer County,SAWYER,2,100,71.9,4.0,50.0
55115,WI,Shawano County,SHAWANO,3,200,127.2,2.67,66.67
55117,WI,Sheboygan County,SHEBOYGAN,8,594,422.3,2.62,74.25
55119,WI,Taylor County,TAYLOR,2,100,56.2,4.0,50.0
55121,WI,Trempealeau County,TREMPEALEAU,5,211,182.0,4.2,42.2
55123,WI,Vernon County,VERNON,2,130,98.4,3.0,65.0
55127,WI,Walworth County,WALWORTH,7,414,327.9,2.71,59.14
55129,WI,Washburn County,WASHBURN,2,125,80.3,2.5,62.5
55131,WI,Washington County,WASHINGTON,4,433,251.8,2.75,108.25
55133,WI,Waukesha County,WAUKESHA,17,1509,1044.1,2.06,88.76
55135,WI,Waupaca County,WAUPACA,8,749,561.5,3.5,93.62
55139,WI,Winnebago County,WINNEBAGO,8,722,466.4,3.62,90.25
55141,WI,Wood County,WOOD,5,396,221.3,3.6,79.2
56001,WY,Albany County,ALBANY,1,105,50.9,2.0,105.0
56003,WY,Big Horn County,BIG HORN,2,175,129.6,3.0,87.5
56005,WY,Campbell County,CAMPBELL,1,160,75.7,,160.0
56007,WY,Carbon County,CARBON,1,62,34.0,3.0,62.0
56009,WY,Converse County,CONVERSE,1,60,42.3,2.0,60.0
56011,WY,Crook County,CROOK,1,32,30.1,3.0,32.0
56013,WY,Fremont County,FREMONT,4,226,159.0,3.5,56.5
56015,WY,Goshen County,GOSHEN,1,103,76.4,3.0,103.0
56017,WY,Hot Springs County,HOT SPRINGS,1,60,35.6,3.0,60.0
56019,WY,Johnson County,JOHNSON,2,86,62.7,3.0,43.0
56021,WY,Laramie County,LARAMIE,3,411,277.5,2.67,137.0
56023,WY,Lincoln County,LINCOLN,2,48,39.0,3.5,24.0
56025,WY,Natrona County,NATRONA,3,432,324.3,2.33,144.0
56029,WY,Park County,PARK,2,194,93.5,3.0,97.0
56031,WY,Platte County,PLATTE,1,50,42.4,4.0,50.0
56033,WY,Sheridan County,SHERIDAN,3,278,168.1,2.33,92.67
56035,WY,Sublette County,SUBLETTE,1,50,41.6,3.0,50.0
56037,WY,Sweetwater County,SWEETWATER,2,141,100.1,4.0,70.5
56039,WY,Teton County,TETON,1,60,47.8,5.0,60.0
56041,WY,Uinta County,UINTA,1,60,45.8,5.0,60.0
56043,WY,Washakie County,WASHAKIE,1,87,69.6,1.0,87.0
56045,WY,Weston County,WESTON,1,58,52.0,2.0,58.0
