county_fips,state_abbr,county_name,county_name_norm,year,total_population,pop_65_plus,pct_pop_65_plus
01001,AL,Autauga County,AUTAUGA,2020,58909,10604,0.180006
01001,AL,Autauga County,AUTAUGA,2021,59191,10655,0.18001
01001,AL,Autauga County,AUTAUGA,2022,59736,10753,0.180009
01001,AL,Autauga County,AUTAUGA,2023,60436,10879,0.180009
01001,AL,Autauga County,AUTAUGA,2024,61464,11064,0.180008
01003,AL,Baldwin County,BALDWIN,2020,233244,41984,0.18
01003,AL,Baldwin County,BALDWIN,2021,239411,43094,0.18
01003,AL,Baldwin County,BALDWIN,2022,246577,44383,0.179997
01003,AL,Baldwin County,BALDWIN,2023,254107,45739,0.179999
01003,AL,Baldwin County,BALDWIN,2024,261608,47089,0.179998
01005,AL,Barbour County,BARBOUR,2020,24975,4495,0.17998
01005,AL,Barbour County,BARBOUR,2021,24517,4413,0.179998
01005,AL,Barbour County,BARBOUR,2022,24722,4450,0.180002
01005,AL,Barbour County,BARBOUR,2023,24644,4435,0.179963
01005,AL,Barbour County,BARBOUR,2024,24358,4384,0.179982
01007,AL,Bibb County,BIBB,2020,22176,3991,0.179969
01007,AL,Bibb County,BIBB,2021,22344,4021,0.179959
01007,AL,Bibb County,BIBB,2022,21983,3957,0.180003
01007,AL,Bibb County,BIBB,2023,21890,3940,0.179991
01007,AL,Bibb County,BIBB,2024,22258,4006,0.17998
01009,AL,Blount County,BLOUNT,2020,59110,10639,0.179986
01009,AL,Blount County,BLOUNT,2021,59050,10629,0.18
01009,AL,Blount County,BLOUNT,2022,59491,10708,0.179994
01009,AL,Blount County,BLOUNT,2023,59777,10760,0.180002
01009,AL,Blount County,BLOUNT,2024,60163,10829,0.179994
01011,AL,Bullock County,BULLOCK,2020,10230,1841,0.179961
01011,AL,Bullock County,BULLOCK,2021,10126,1822,0.179933
01011,AL,Bullock County,BULLOCK,2022,10126,1822,0.179933
01011,AL,Bullock County,BULLOCK,2023,9908,1783,0.179956
01011,AL,Bullock County,BULLOCK,2024,9901,1782,0.179982
01013,AL,Butler County,BUTLER,2020,19027,3425,0.180007
01013,AL,Butler County,BUTLER,2021,18856,3394,0.179996
01013,AL,Butler County,BUTLER,2022,18652,3357,0.179981
01013,AL,Butler County,BUTLER,2023,18357,3304,0.179986
01013,AL,Butler County,BUTLER,2024,18256,3286,0.179996
01015,AL,Calhoun County,CALHOUN,2020,116242,20924,0.180004
01015,AL,Calhoun County,CALHOUN,2021,115633,20814,0.180001
01015,AL,Calhoun County,CALHOUN,2022,115744,20834,0.180001
01015,AL,Calhoun County,CALHOUN,2023,116403,20953,0.180004
01015,AL,Calhoun County,CALHOUN,2024,116427,20957,0.180001
01017,AL,Chambers County,CHAMBERS,2020,34572,6223,0.180001
01017,AL,Chambers County,CHAMBERS,2021,34396,6191,0.179992
01017,AL,Chambers County,CHAMBERS,2022,34093,6136,0.179978
01017,AL,Chambers County,CHAMBERS,2023,34087,6135,0.179981
01017,AL,Chambers County,CHAMBERS,2024,33813,6086,0.17999
01019,AL,Cherokee County,CHEROKEE,2020,24981,4497,0.180017
01019,AL,Cherokee County,CHEROKEE,2021,25060,4511,0.180008
01019,AL,Cherokee County,CHEROKEE,2022,25334,4560,0.179995
01019,AL,Cherokee County,CHEROKEE,2023,25700,4626,0.18
01019,AL,Cherokee County,CHEROKEE,2024,26138,4705,0.180006
01021,AL,Chilton County,CHILTON,2020,45060,8111,0.180004
01021,AL,Chilton County,CHILTON,2021,45255,8146,0.180002
01021,AL,Chilton County,CHILTON,2022,45856,8254,0.179998
01021,AL,Chilton County,CHILTON,2023,46525,8374,0.179989
01021,AL,Chilton County,CHILTON,2024,47262,8507,0.179997
01023,AL,Choctaw County,CHOCTAW,2020,12622,2272,0.180003
01023,AL,Choctaw County,CHOCTAW,2021,12544,2258,0.180006
01023,AL,Choctaw County,CHOCTAW,2022,12420,2235,0.179952
01023,AL,Choctaw County,CHOCTAW,2023,12263,2207,0.179972
01023,AL,Choctaw County,CHOCTAW,2024,12052,2169,0.17997
01025,AL,Clarke County,CLARKE,2020,22989,4138,0.179999
01025,AL,Clarke County,CLARKE,2021,22735,4093,0.180031
01025,AL,Clarke County,CLARKE,2022,22545,4059,0.18004
01025,AL,Clarke County,CLARKE,2023,22305,4015,0.180004
01025,AL,Clarke County,CLARKE,2024,22142,3986,0.18002
01027,AL,Clay County,CLAY,2020,14210,2558,0.180014
01027,AL,Clay County,CLAY,2021,14156,2548,0.179994
01027,AL,Clay County,CLAY,2022,14198,2556,0.180025
01027,AL,Clay County,CLAY,2023,14157,2548,0.179982
01027,AL,Clay County,CLAY,2024,14239,2563,0.179999
01029,AL,Cleburne County,CLEBURNE,2020,15063,2711,0.179977
01029,AL,Cleburne County,CLEBURNE,2021,15151,2727,0.179988
01029,AL,Cleburne County,CLEBURNE,2022,15353,2764,0.18003
01029,AL,Cleburne County,CLEBURNE,2023,15658,2819,0.180036
01029,AL,Cleburne County,CLEBURNE,2024,15905,2863,0.180006
01031,AL,Coffee County,COFFEE,2020,53565,9641,0.179987
01031,AL,Coffee County,COFFEE,2021,54201,9756,0.179997
01031,AL,Coffee County,COFFEE,2022,54769,9858,0.179992
01031,AL,Coffee County,COFFEE,2023,55707,10027,0.179995
01031,AL,Coffee County,COFFEE,2024,56358,10144,0.179992
01033,AL,Colbert County,COLBERT,2020,57305,10315,0.180002
01033,AL,Colbert County,COLBERT,2021,57615,10370,0.179988
01033,AL,Colbert County,COLBERT,2022,58023,10444,0.179998
01033,AL,Colbert County,COLBERT,2023,58382,10508,0.179987
01033,AL,Colbert County,COLBERT,2024,58785,10581,0.179995
01035,AL,Conecuh County,CONECUH,2020,11551,2080,0.180071
01035,AL,Conecuh County,CONECUH,2021,11317,2037,0.179995
01035,AL,Conecuh County,CONECUH,2022,11220,2020,0.180036
01035,AL,Conecuh County,CONECUH,2023,11177,2012,0.180013
01035,AL,Conecuh County,CONECUH,2024,11109,2000,0.180034
01037,AL,Coosa County,COOSA,2020,10340,1861,0.179981
01037,AL,Coosa County,COOSA,2021,10321,1857,0.179924
01037,AL,Coosa County,COOSA,2022,10283,1851,0.180006
01037,AL,Coosa County,COOSA,2023,10267,1848,0.179994
01037,AL,Coosa County,COOSA,2024,10291,1852,0.179963
01039,AL,Covington County,COVINGTON,2020,37513,6753,0.180018
01039,AL,Covington County,COVINGTON,2021,37512,6753,0.180022
01039,AL,Covington County,COVINGTON,2022,37508,6752,0.180015
01039,AL,Covington County,COVINGTON,2023,37861,6815,0.180001
01039,AL,Covington County,COVINGTON,2024,37748,6795,0.18001
01041,AL,Crenshaw County,CRENSHAW,2020,13171,2371,0.180017
01041,AL,Crenshaw County,CRENSHAW,2021,13062,2352,0.180064
01041,AL,Crenshaw County,CRENSHAW,2022,13096,2358,0.180055
01041,AL,Crenshaw County,CRENSHAW,2023,13168,2371,0.180058
01041,AL,Crenshaw County,CRENSHAW,2024,13114,2361,0.180037
01043,AL,Cullman County,CULLMAN,2020,88142,15866,0.180005
01043,AL,Cullman County,CULLMAN,2021,89578,16124,0.18
01043,AL,Cullman County,CULLMAN,2022,90597,16308,0.180006
01043,AL,Cullman County,CULLMAN,2023,91909,16544,0.180004
01043,AL,Cullman County,CULLMAN,2024,92604,16669,0.180003
01045,AL,Dale County,DALE,2020,49260,8867,0.180004
01045,AL,Dale County,DALE,2021,49344,8882,0.180002
01045,AL,Dale County,DALE,2022,49472,8905,0.180001
01045,AL,Dale County,DALE,2023,49852,8973,0.179993
01045,AL,Dale County,DALE,2024,50067,9012,0.179999
01047,AL,Dallas County,DALLAS,2020,38185,6873,0.179992
01047,AL,Dallas County,DALLAS,2021,37496,6749,0.179993
01047,AL,Dallas County,DALLAS,2022,36772,6619,0.180001
01047,AL,Dallas County,DALLAS,2023,36294,6533,0.180002
01047,AL,Dallas County,DALLAS,2024,35545,6398,0.179997
01049,AL,DeKalb County,DEKALB,2020,71673,12901,0.179998
01049,AL,DeKalb County,DEKALB,2021,71880,12938,0.179994
01049,AL,DeKalb County,DEKALB,2022,72046,12968,0.179996
01049,AL,DeKalb County,DEKALB,2023,72626,13073,0.180004
01049,AL,DeKalb County,DEKALB,2024,73122,13162,0.180001
01051,AL,Elmore County,ELMORE,2020,87871,15817,0.180003
01051,AL,Elmore County,ELMORE,2021,88734,15973,0.18001
01051,AL,Elmore County,ELMORE,2022,89566,16122,0.180001
01051,AL,Elmore County,ELMORE,2023,90416,16275,0.180001
01051,AL,Elmore County,ELMORE,2024,91042,16388,0.180005
01053,AL,Escambia County,ESCAMBIA,2020,36687,6603,0.179982
01053,AL,Escambia County,ESCAMBIA,2021,36628,6593,0.179999
01053,AL,Escambia County,ESCAMBIA,2022,36620,6591,0.179984
01053,AL,Escambia County,ESCAMBIA,2023,36582,6584,0.179979
01053,AL,Escambia County,ESCAMBIA,2024,36630,6593,0.179989
01055,AL,Etowah County,ETOWAH,2020,103437,18618,0.179994
01055,AL,Etowah County,ETOWAH,2021,102887,18519,0.179994
01055,AL,Etowah County,ETOWAH,2022,102821,18508,0.180002
01055,AL,Etowah County,ETOWAH,2023,103174,18571,0.179997
01055,AL,Etowah County,ETOWAH,2024,103207,18577,0.179997
01057,AL,Fayette County,FAYETTE,2020,16329,2939,0.179987
01057,AL,Fayette County,FAYETTE,2021,16119,2901,0.179974
01057,AL,Fayette County,FAYETTE,2022,16041,2887,0.179976
01057,AL,Fayette County,FAYETTE,2023,15913,2864,0.179979
01057,AL,Fayette County,FAYETTE,2024,15863,2855,0.179979
01059,AL,Franklin County,FRANKLIN,2020,32076,5773,0.179979
01059,AL,Franklin County,FRANKLIN,2021,31991,5758,0.179988
01059,AL,Franklin County,FRANKLIN,2022,31947,5750,0.179986
01059,AL,Franklin County,FRANKLIN,2023,31941,5749,0.179988
01059,AL,Franklin County,FRANKLIN,2024,31874,5737,0.17999
01061,AL,Geneva County,GENEVA,2020,26703,4807,0.180017
01061,AL,Geneva County,GENEVA,2021,26632,4794,0.180009
01061,AL,Geneva County,GENEVA,2022,26787,4822,0.180013
01061,AL,Geneva County,GENEVA,2023,27052,4870,0.180024
01061,AL,Geneva County,GENEVA,2024,27259,4907,0.180014
01063,AL,Greene County,GREENE,2020,7701,1386,0.179977
01063,AL,Greene County,GREENE,2021,7583,1365,0.180008
01063,AL,Greene County,GREENE,2022,7412,1334,0.179978
01063,AL,Greene County,GREENE,2023,7299,1314,0.180025
01063,AL,Greene County,GREENE,2024,7127,1283,0.18002
01065,AL,Hale County,HALE,2020,14771,2659,0.180015
01065,AL,Hale County,HALE,2021,14715,2649,0.18002
01065,AL,Hale County,HALE,2022,14613,2630,0.179977
01065,AL,Hale County,HALE,2023,14931,2688,0.180028
01065,AL,Hale County,HALE,2024,15116,2721,0.180008
01067,AL,Henry County,HENRY,2020,17171,3090,0.179955
01067,AL,Henry County,HENRY,2021,17412,3134,0.179991
01067,AL,Henry County,HENRY,2022,17638,3174,0.179952
01067,AL,Henry County,HENRY,2023,17872,3217,0.180002
01067,AL,Henry County,HENRY,2024,18141,3265,0.179979
01069,AL,Houston County,HOUSTON,2020,107300,19314,0.18
01069,AL,Houston County,HOUSTON,2021,107412,19334,0.179999
01069,AL,Houston County,HOUSTON,2022,108063,19451,0.179997
01069,AL,Houston County,HOUSTON,2023,108556,19540,0.179999
01069,AL,Houston County,HOUSTON,2024,109366,19686,0.180001
01071,AL,Jackson County,JACKSON,2020,52532,9455,0.179986
01071,AL,Jackson County,JACKSON,2021,52688,9483,0.179984
01071,AL,Jackson County,JACKSON,2022,52842,9511,0.179989
01071,AL,Jackson County,JACKSON,2023,53423,9616,0.179997
01071,AL,Jackson County,JACKSON,2024,53780,9680,0.179993
01073,AL,Jefferson County,JEFFERSON,2020,674727,121451,0.18
01073,AL,Jefferson County,JEFFERSON,2021,669677,120542,0.18
01073,AL,Jefferson County,JEFFERSON,2022,665543,119798,0.18
01073,AL,Jefferson County,JEFFERSON,2023,664084,119535,0.18
01073,AL,Jefferson County,JEFFERSON,2024,664744,119654,0.18
01075,AL,Lamar County,LAMAR,2020,13954,2512,0.18002
01075,AL,Lamar County,LAMAR,2021,13725,2471,0.180036
01075,AL,Lamar County,LAMAR,2022,13628,2453,0.179997
01075,AL,Lamar County,LAMAR,2023,13616,2451,0.180009
01075,AL,Lamar County,LAMAR,2024,13543,2438,0.180019
01077,AL,Lauderdale County,LAUDERDALE,2020,94031,16925,0.179994
01077,AL,Lauderdale County,LAUDERDALE,2021,94846,17072,0.179997
01077,AL,Lauderdale County,LAUDERDALE,2022,95903,17262,0.179994
01077,AL,Lauderdale County,LAUDERDALE,2023,96867,17436,0.179999
01077,AL,Lauderdale County,LAUDERDALE,2024,97502,17550,0.179996
01079,AL,Lawrence County,LAWRENCE,2020,33075,5953,0.179985
01079,AL,Lawrence County,LAWRENCE,2021,33052,5949,0.179989
01079,AL,Lawrence County,LAWRENCE,2022,33182,5973,0.180007
01079,AL,Lawrence County,LAWRENCE,2023,33505,6031,0.180003
01079,AL,Lawrence County,LAWRENCE,2024,33567,6042,0.179998
01081,AL,Lee County,LEE,2020,174856,31474,0.18
01081,AL,Lee County,LEE,2021,177652,31977,0.179998
01081,AL,Lee County,LEE,2022,181044,32587,0.179995
01081,AL,Lee County,LEE,2023,184271,33168,0.179996
01081,AL,Lee County,LEE,2024,187847,33812,0.179998
01083,AL,Limestone County,LIMESTONE,2020,104209,18758,0.180004
01083,AL,Limestone County,LIMESTONE,2021,107285,19312,0.180007
01083,AL,Limestone County,LIMESTONE,2022,110926,19967,0.180003
01083,AL,Limestone County,LIMESTONE,2023,114803,20665,0.180004
01083,AL,Limestone County,LIMESTONE,2024,118942,21410,0.180004
01085,AL,Lowndes County,LOWNDES,2020,10284,1851,0.179988
01085,AL,Lowndes County,LOWNDES,2021,9936,1788,0.179952
01085,AL,Lowndes County,LOWNDES,2022,9778,1760,0.179996
01085,AL,Lowndes County,LOWNDES,2023,9682,1742,0.179922
01085,AL,Lowndes County,LOWNDES,2024,9485,1707,0.179968
01087,AL,Macon County,MACON,2020,19472,3505,0.180002
01087,AL,Macon County,MACON,2021,18917,3405,0.179997
01087,AL,Macon County,MACON,2022,18561,3341,0.180001
01087,AL,Macon County,MACON,2023,18347,3303,0.180029
01087,AL,Macon County,MACON,2024,18159,3269,0.180021
01089,AL,Madison County,MADISON,2020,390527,70295,0.18
01089,AL,Madison County,MADISON,2021,396663,71399,0.179999
01089,AL,Madison County,MADISON,2022,404155,72748,0.18
01089,AL,Madison County,MADISON,2023,413891,74500,0.179999
01089,AL,Madison County,MADISON,2024,423355,76204,0.18
01091,AL,Marengo County,MARENGO,2020,19271,3469,0.180011
01091,AL,Marengo County,MARENGO,2021,18978,3416,0.179998
01091,AL,Marengo County,MARENGO,2022,18790,3382,0.179989
01091,AL,Marengo County,MARENGO,2023,18705,3367,0.180005
01091,AL,Marengo County,MARENGO,2024,18512,3332,0.179991
01093,AL,Marion County,MARION,2020,29175,5251,0.179983
01093,AL,Marion County,MARION,2021,28972,5215,0.180001
01093,AL,Marion County,MARION,2022,29171,5251,0.180008
01093,AL,Marion County,MARION,2023,29279,5270,0.179992
01093,AL,Marion County,MARION,2024,29323,5278,0.179995
01095,AL,Marshall County,MARSHALL,2020,97706,17587,0.179999
01095,AL,Marshall County,MARSHALL,2021,98268,17688,0.179998
01095,AL,Marshall County,MARSHALL,2022,99570,17923,0.180004
01095,AL,Marshall County,MARSHALL,2023,101041,18187,0.179996
01095,AL,Marshall County,MARSHALL,2024,102156,18388,0.179999
01097,AL,Mobile County,MOBILE,2020,414409,74594,0.180001
01097,AL,Mobile County,MOBILE,2021,413164,74369,0.179999
01097,AL,Mobile County,MOBILE,2022,411291,74032,0.179999
01097,AL,Mobile County,MOBILE,2023,411745,74114,0.18
01097,AL,Mobile County,MOBILE,2024,412339,74221,0.18
01099,AL,Monroe County,MONROE,2020,19704,3546,0.179963
01099,AL,Monroe County,MONROE,2021,19530,3515,0.17998
01099,AL,Monroe County,MONROE,2022,19403,3492,0.179972
01099,AL,Monroe County,MONROE,2023,19244,3464,0.180004
01099,AL,Monroe County,MONROE,2024,19057,3430,0.179986
01101,AL,Montgomery County,MONTGOMERY,2020,228363,41105,0.179999
01101,AL,Montgomery County,MONTGOMERY,2021,226811,40826,0.18
01101,AL,Montgomery County,MONTGOMERY,2022,226554,40780,0.180001
01101,AL,Montgomery County,MONTGOMERY,2023,225966,40674,0.180001
01101,AL,Montgomery County,MONTGOMERY,2024,225894,40661,0.18
01103,AL,Morgan County,MORGAN,2020,123329,22199,0.179998
01103,AL,Morgan County,MORGAN,2021,123270,22188,0.179995
01103,AL,Morgan County,MORGAN,2022,124218,22359,0.179998
01103,AL,Morgan County,MORGAN,2023,125455,22582,0.180001
01103,AL,Morgan County,MORGAN,2024,126084,22695,0.179999
01105,AL,Perry County,PERRY,2020,8456,1522,0.179991
01105,AL,Perry County,PERRY,2021,8314,1496,0.179937
01105,AL,Perry County,PERRY,2022,7898,1421,0.179919
01105,AL,Perry County,PERRY,2023,7772,1399,0.180005
01105,AL,Perry County,PERRY,2024,7719,1389,0.179946
01107,AL,Pickens County,PICKENS,2020,18962,3413,0.179992
01107,AL,Pickens County,PICKENS,2021,18615,3350,0.179962
01107,AL,Pickens County,PICKENS,2022,18780,3380,0.179979
01107,AL,Pickens County,PICKENS,2023,18741,3373,0.17998
01107,AL,Pickens County,PICKENS,2024,18508,3331,0.179976
01109,AL,Pike County,PIKE,2020,32904,5922,0.179978
01109,AL,Pike County,PIKE,2021,32748,5894,0.17998
01109,AL,Pike County,PIKE,2022,32998,5939,0.179981
01109,AL,Pike County,PIKE,2023,33163,5969,0.17999
01109,AL,Pike County,PIKE,2024,33124,5962,0.17999
01111,AL,Randolph County,RANDOLPH,2020,22093,3977,0.180012
01111,AL,Randolph County,RANDOLPH,2021,22157,3988,0.179988
01111,AL,Randolph County,RANDOLPH,2022,22442,4040,0.18002
01111,AL,Randolph County,RANDOLPH,2023,22789,4102,0.179999
01111,AL,Randolph County,RANDOLPH,2024,23067,4152,0.179997
01113,AL,Russell County,RUSSELL,2020,59252,10666,0.180011
01113,AL,Russell County,RUSSELL,2021,58651,10558,0.180014
01113,AL,Russell County,RUSSELL,2022,58522,10534,0.180001
01113,AL,Russell County,RUSSELL,2023,58792,10583,0.180007
01113,AL,Russell County,RUSSELL,2024,58837,10591,0.180006
01115,AL,St. Clair County,ST. CLAIR,2020,91687,16504,0.180004
01115,AL,St. Clair County,ST. CLAIR,2021,92850,16713,0.18
01115,AL,St. Clair County,ST. CLAIR,2022,93879,16898,0.179998
01115,AL,St. Clair County,ST. CLAIR,2023,95487,17188,0.180004
01115,AL,St. Clair County,ST. CLAIR,2024,96927,17447,0.180001
01117,AL,Shelby County,SHELBY,2020,223915,40304,0.179997
01117,AL,Shelby County,SHELBY,2021,227436,40938,0.179998
01117,AL,Shelby County,SHELBY,2022,230140,41425,0.179999
01117,AL,Shelby County,SHELBY,2023,233593,42046,0.179997
01117,AL,Shelby County,SHELBY,2024,235969,42474,0.179998
01119,AL,Sumter County,SUMTER,2020,12192,2194,0.179954
01119,AL,Sumter County,SUMTER,2021,11960,2153,0.180017
01119,AL,Sumter County,SUMTER,2022,11894,2141,0.180007
01119,AL,Sumter County,SUMTER,2023,11737,2112,0.179944
01119,AL,Sumter County,SUMTER,2024,11607,2089,0.179978
01121,AL,Talladega County,TALLADEGA,2020,81416,14655,0.180001
01121,AL,Talladega County,TALLADEGA,2021,80556,14501,0.180011
01121,AL,Talladega County,TALLADEGA,2022,80674,14522,0.180008
01121,AL,Talladega County,TALLADEGA,2023,81083,14595,0.180001
01121,AL,Talladega County,TALLADEGA,2024,81375,14648,0.180006
01123,AL,Tallapoosa County,TALLAPOOSA,2020,41288,7432,0.180004
01123,AL,Tallapoosa County,TALLAPOOSA,2021,41084,7395,0.179997
01123,AL,Tallapoosa County,TALLAPOOSA,2022,40910,7364,0.180005
01123,AL,Tallapoosa County,TALLAPOOSA,2023,40709,7328,0.180009
01123,AL,Tallapoosa County,TALLAPOOSA,2024,40699,7326,0.180004
01125,AL,Tuscaloosa County,TUSCALOOSA,2020,232651,41877,0.179999
01125,AL,Tuscaloosa County,TUSCALOOSA,2021,236699,42606,0.180001
01125,AL,Tuscaloosa County,TUSCALOOSA,2022,237995,42839,0.18
01125,AL,Tuscaloosa County,TUSCALOOSA,2023,239204,43057,0.180001
01125,AL,Tuscaloosa County,TUSCALOOSA,2024,241212,43418,0.179999
01127,AL,Walker County,WALKER,2020,65141,11726,0.18001
01127,AL,Walker County,WALKER,2021,64552,11620,0.18001
01127,AL,Walker County,WALKER,2022,64408,11594,0.180009
01127,AL,Walker County,WALKER,2023,64845,11672,0.179998
01127,AL,Walker County,WALKER,2024,65260,11747,0.180003
01129,AL,Washington County,WASHINGTON,2020,15331,2759,0.179962
01129,AL,Washington County,WASHINGTON,2021,15226,2740,0.179955
01129,AL,Washington County,WASHINGTON,2022,15098,2717,0.179958
01129,AL,Washington County,WASHINGTON,2023,15040,2707,0.179987
01129,AL,Washington County,WASHINGTON,2024,15018,2703,0.179984
01131,AL,Wilcox County,WILCOX,2020,10533,1896,0.180006
01131,AL,Wilcox County,WILCOX,2021,10411,1874,0.180002
01131,AL,Wilcox County,WILCOX,2022,10124,1823,0.180067
01131,AL,Wilcox County,WILCOX,2023,9925,1787,0.18005
01131,AL,Wilcox County,WILCOX,2024,9865,1776,0.18003
01133,AL,Winston County,WINSTON,2020,23488,4227,0.179964
01133,AL,Winston County,WINSTON,2021,23639,4255,0.179999
01133,AL,Winston County,WINSTON,2022,23741,4273,0.179984
01133,AL,Winston County,WINSTON,2023,23673,4261,0.179994
01133,AL,Winston County,WINSTON,2024,23869,4296,0.179982
02013,AK,Aleutians East Borough,ALEUTIANS EAST,2020,3426,428,0.124927
02013,AK,Aleutians East Borough,ALEUTIANS EAST,2021,3416,427,0.125
02013,AK,Aleutians East Borough,ALEUTIANS EAST,2022,3453,432,0.125109
02013,AK,Aleutians East Borough,ALEUTIANS EAST,2023,3529,441,0.124965
02013,AK,Aleutians East Borough,ALEUTIANS EAST,2024,3632,454,0.125
02016,AK,Aleutians West Census Area,ALEUTIANS WEST,2020,5223,653,0.125024
02016,AK,Aleutians West Census Area,ALEUTIANS WEST,2021,5156,644,0.124903
02016,AK,Aleutians West Census Area,ALEUTIANS WEST,2022,5115,639,0.124927
02016,AK,Aleutians West Census Area,ALEUTIANS WEST,2023,5257,657,0.124976
02016,AK,Aleutians West Census Area,ALEUTIANS WEST,2024,5424,678,0.125
02020,AK,Anchorage Municipality,ANCHORAGE MUNICIPALITY,2020,290905,36363,0.125
02020,AK,Anchorage Municipality,ANCHORAGE MUNICIPALITY,2021,288921,36115,0.125
02020,AK,Anchorage Municipality,ANCHORAGE MUNICIPALITY,2022,287520,35940,0.125
02020,AK,Anchorage Municipality,ANCHORAGE MUNICIPALITY,2023,287932,35992,0.125002
02020,AK,Anchorage Municipality,ANCHORAGE MUNICIPALITY,2024,289600,36200,0.125
02050,AK,Bethel Census Area,BETHEL,2020,18670,2334,0.125013
02050,AK,Bethel Census Area,BETHEL,2021,18589,2324,0.12502
02050,AK,Bethel Census Area,BETHEL,2022,18272,2284,0.125
02050,AK,Bethel Census Area,BETHEL,2023,18199,2275,0.125007
02050,AK,Bethel Census Area,BETHEL,2024,18237,2280,0.125021
02060,AK,Bristol Bay Borough,BRISTOL BAY,2020,864,108,0.125
02060,AK,Bristol Bay Borough,BRISTOL BAY,2021,864,108,0.125
02060,AK,Bristol Bay Borough,BRISTOL BAY,2022,877,109,0.124287
02060,AK,Bristol Bay Borough,BRISTOL BAY,2023,864,108,0.125
02060,AK,Bristol Bay Borough,BRISTOL BAY,2024,884,110,0.124434
02063,AK,Chugach Census Area,CHUGACH,2020,7082,886,0.125106
02063,AK,Chugach Census Area,CHUGACH,2021,6967,871,0.125018
02063,AK,Chugach Census Area,CHUGACH,2022,6910,864,0.125036
02063,AK,Chugach Census Area,CHUGACH,2023,6749,844,0.125056
02063,AK,Chugach Census Area,CHUGACH,2024,6604,826,0.125076
02066,AK,Copper River Census Area,COPPER RIVER,2020,2614,327,0.125096
02066,AK,Copper River Census Area,COPPER RIVER,2021,2620,328,0.125191
02066,AK,Copper River Census Area,COPPER RIVER,2022,2607,326,0.125048
02066,AK,Copper River Census Area,COPPER RIVER,2023,2656,332,0.125
02066,AK,Copper River Census Area,COPPER RIVER,2024,2631,329,0.125048
02068,AK,Denali Borough,DENALI,2020,1614,202,0.125155
02068,AK,Denali Borough,DENALI,2021,1595,200,0.125392
02068,AK,Denali Borough,DENALI,2022,1583,198,0.125079
02068,AK,Denali Borough,DENALI,2023,1595,200,0.125392
02068,AK,Denali Borough,DENALI,2024,1621,203,0.125231
02070,AK,Dillingham Census Area,DILLINGHAM,2020,4840,605,0.125
02070,AK,Dillingham Census Area,DILLINGHAM,2021,4794,599,0.124948
02070,AK,Dillingham Census Area,DILLINGHAM,2022,4716,589,0.124894
02070,AK,Dillingham Census Area,DILLINGHAM,2023,4626,578,0.124946
02070,AK,Dillingham Census Area,DILLINGHAM,2024,4642,580,0.124946
02090,AK,Fairbanks North Star Borough,FAIRBANKS NORTH STAR,2020,95349,11919,0.125004
02090,AK,Fairbanks North Star Borough,FAIRBANKS NORTH STAR,2021,95553,11944,0.124999
02090,AK,Fairbanks North Star Borough,FAIRBANKS NORTH STAR,2022,95749,11969,0.125004
02090,AK,Fairbanks North Star Borough,FAIRBANKS NORTH STAR,2023,95700,11963,0.125005
02090,AK,Fairbanks North Star Borough,FAIRBANKS NORTH STAR,2024,94951,11869,0.125001
02100,AK,Haines Borough,HAINES,2020,2085,261,0.12518
02100,AK,Haines Borough,HAINES,2021,2075,259,0.124819
02100,AK,Haines Borough,HAINES,2022,2079,260,0.12506
02100,AK,Haines Borough,HAINES,2023,2088,261,0.125
02100,AK,Haines Borough,HAINES,2024,2104,263,0.125
02105,AK,Hoonah-Angoon Census Area,HOONAH-ANGOON,2020,2354,294,0.124894
02105,AK,Hoonah-Angoon Census Area,HOONAH-ANGOON,2021,2328,291,0.125
02105,AK,Hoonah-Angoon Census Area,HOONAH-ANGOON,2022,2282,285,0.12489
02105,AK,Hoonah-Angoon Census Area,HOONAH-ANGOON,2023,2278,285,0.12511
02105,AK,Hoonah-Angoon Census Area,HOONAH-ANGOON,2024,2312,289,0.125
02110,AK,Juneau City and Borough,JUNEAU,2020,32203,4025,0.124988
02110,AK,Juneau City and Borough,JUNEAU,2021,31972,3996,0.124984
02110,AK,Juneau City and Borough,JUNEAU,2022,31742,3967,0.124976
02110,AK,Juneau City and Borough,JUNEAU,2023,31483,3935,0.124988
02110,AK,Juneau City and Borough,JUNEAU,2024,31572,3946,0.124984
02122,AK,Kenai Peninsula Borough,KENAI PENINSULA,2020,58941,7367,0.124989
02122,AK,Kenai Peninsula Borough,KENAI PENINSULA,2021,59947,7493,0.124994
02122,AK,Kenai Peninsula Borough,KENAI PENINSULA,2022,60631,7579,0.125002
02122,AK,Kenai Peninsula Borough,KENAI PENINSULA,2023,61285,7660,0.12499
02122,AK,Kenai Peninsula Borough,KENAI PENINSULA,2024,61259,7657,0.124994
02130,AK,Ketchikan Gateway Borough,KETCHIKAN GATEWAY,2020,13912,1739,0.125
02130,AK,Ketchikan Gateway Borough,KETCHIKAN GATEWAY,2021,13823,1728,0.125009
02130,AK,Ketchikan Gateway Borough,KETCHIKAN GATEWAY,2022,13719,1715,0.125009
02130,AK,Ketchikan Gateway Borough,KETCHIKAN GATEWAY,2023,13708,1714,0.125036
02130,AK,Ketchikan Gateway Borough,KETCHIKAN GATEWAY,2024,13677,1710,0.125027
02150,AK,Kodiak Island Borough,KODIAK ISLAND,2020,13044,1631,0.125038
02150,AK,Kodiak Island Borough,KODIAK ISLAND,2021,12844,1606,0.125039
02150,AK,Kodiak Island Borough,KODIAK ISLAND,2022,12655,1582,0.12501
02150,AK,Kodiak Island Borough,KODIAK ISLAND,2023,12659,1583,0.125049
02150,AK,Kodiak Island Borough,KODIAK ISLAND,2024,12654,1582,0.12502
02158,AK,Kusilvak Census Area,KUSILVAK,2020,8369,1046,0.124985
02158,AK,Kusilvak Census Area,KUSILVAK,2021,8376,1047,0.125
02158,AK,Kusilvak Census Area,KUSILVAK,2022,8196,1024,0.124939
02158,AK,Kusilvak Census Area,KUSILVAK,2023,7991,999,0.125016
02158,AK,Kusilvak Census Area,KUSILVAK,2024,7946,993,0.124969
02164,AK,Lake and Peninsula Borough,LAKE AND PENINSULA,2020,1452,181,0.124656
02164,AK,Lake and Peninsula Borough,LAKE AND PENINSULA,2021,1421,177,0.12456
02164,AK,Lake and Peninsula Borough,LAKE AND PENINSULA,2022,1375,171,0.124364
02164,AK,Lake and Peninsula Borough,LAKE AND PENINSULA,2023,1337,167,0.124907
02164,AK,Lake and Peninsula Borough,LAKE AND PENINSULA,2024,1315,164,0.124715
02170,AK,Matanuska-Susitna Borough,MATANUSKA-SUSITNA,2020,107522,13441,0.125007
02170,AK,Matanuska-Susitna Borough,MATANUSKA-SUSITNA,2021,111003,13876,0.125006
02170,AK,Matanuska-Susitna Borough,MATANUSKA-SUSITNA,2022,113505,14188,0.124999
02170,AK,Matanuska-Susitna Borough,MATANUSKA-SUSITNA,2023,115296,14412,0.125
02170,AK,Matanuska-Susitna Borough,MATANUSKA-SUSITNA,2024,117613,14702,0.125003
02180,AK,Nome Census Area,NOME,2020,10019,1253,0.125062
02180,AK,Nome Census Area,NOME,2021,9882,1236,0.125076
02180,AK,Nome Census Area,NOME,2022,9804,1226,0.125051
02180,AK,Nome Census Area,NOME,2023,9790,1224,0.125026
02180,AK,Nome Census Area,NOME,2024,9836,1230,0.125051
02185,AK,North Slope Borough,NORTH SLOPE,2020,11006,1376,0.125023
02185,AK,North Slope Borough,NORTH SLOPE,2021,10969,1371,0.124989
02185,AK,North Slope Borough,NORTH SLOPE,2022,10789,1349,0.125035
02185,AK,North Slope Borough,NORTH SLOPE,2023,10621,1328,0.125035
02185,AK,North Slope Borough,NORTH SLOPE,2024,10663,1333,0.125012
02188,AK,Northwest Arctic Borough,NORTHWEST ARCTIC,2020,7795,975,0.12508
02188,AK,Northwest Arctic Borough,NORTHWEST ARCTIC,2021,7588,949,0.125066
02188,AK,Northwest Arctic Borough,NORTHWEST ARCTIC,2022,7401,925,0.124983
02188,AK,Northwest Arctic Borough,NORTHWEST ARCTIC,2023,7286,911,0.125034
02188,AK,Northwest Arctic Borough,NORTHWEST ARCTIC,2024,7134,892,0.125035
02195,AK,Petersburg Borough,PETERSBURG,2020,3407,426,0.125037
02195,AK,Petersburg Borough,PETERSBURG,2021,3385,424,0.125258
02195,AK,Petersburg Borough,PETERSBURG,2022,3381,423,0.125111
02195,AK,Petersburg Borough,PETERSBURG,2023,3431,429,0.125036
02195,AK,Petersburg Borough,PETERSBURG,2024,3436,430,0.125146
02198,AK,Prince of Wales-Hyder Census Area,PRINCE OF WALES-HYDER,2020,5745,718,0.124978
02198,AK,Prince of Wales-Hyder Census Area,PRINCE OF WALES-HYDER,2021,5723,715,0.124934
02198,AK,Prince of Wales-Hyder Census Area,PRINCE OF WALES-HYDER,2022,5655,707,0.125022
02198,AK,Prince of Wales-Hyder Census Area,PRINCE OF WALES-HYDER,2023,5708,713,0.124912
02198,AK,Prince of Wales-Hyder Census Area,PRINCE OF WALES-HYDER,2024,5746,718,0.124956
02220,AK,Sitka City and Borough,SITKA,2020,8430,1053,0.124911
02220,AK,Sitka City and Borough,SITKA,2021,8382,1047,0.124911
02220,AK,Sitka City and Borough,SITKA,2022,8370,1046,0.12497
02220,AK,Sitka City and Borough,SITKA,2023,8304,1038,0.125
02220,AK,Sitka City and Borough,SITKA,2024,8355,1044,0.124955
02230,AK,Skagway Municipality,SKAGWAY MUNICIPALITY,2020,1240,155,0.125
02230,AK,Skagway Municipality,SKAGWAY MUNICIPALITY,2021,1178,147,0.124788
02230,AK,Skagway Municipality,SKAGWAY MUNICIPALITY,2022,1096,137,0.125
02230,AK,Skagway Municipality,SKAGWAY MUNICIPALITY,2023,1101,138,0.125341
02230,AK,Skagway Municipality,SKAGWAY MUNICIPALITY,2024,1119,140,0.125112
02240,AK,Southeast Fairbanks Census Area,SOUTHEAST FAIRBANKS,2020,6826,853,0.124963
02240,AK,Southeast Fairbanks Census Area,SOUTHEAST FAIRBANKS,2021,7015,877,0.125018
02240,AK,Southeast Fairbanks Census Area,SOUTHEAST FAIRBANKS,2022,7039,880,0.125018
02240,AK,Southeast Fairbanks Census Area,SOUTHEAST FAIRBANKS,2023,7148,893,0.12493
02240,AK,Southeast Fairbanks Census Area,SOUTHEAST FAIRBANKS,2024,7313,914,0.124983
02275,AK,Wrangell City and Borough,WRANGELL,2020,2129,266,0.124941
02275,AK,Wrangell City and Borough,WRANGELL,2021,2103,263,0.125059
02275,AK,Wrangell City and Borough,WRANGELL,2022,2071,259,0.12506
02275,AK,Wrangell City and Borough,WRANGELL,2023,2072,259,0.125
02275,AK,Wrangell City and Borough,WRANGELL,2024,2064,258,0.125
02282,AK,Yakutat City and Borough,YAKUTAT,2020,864,86,0.099537
02282,AK,Yakutat City and Borough,YAKUTAT,2021,864,86,0.099537
02282,AK,Yakutat City and Borough,YAKUTAT,2022,864,86,0.099537
02282,AK,Yakutat City and Borough,YAKUTAT,2023,864,86,0.099537
02282,AK,Yakutat City and Borough,YAKUTAT,2024,864,86,0.099537
02290,AK,Yukon-Koyukuk Census Area,YUKON-KOYUKUK,2020,5303,662,0.124835
02290,AK,Yukon-Koyukuk Census Area,YUKON-KOYUKUK,2021,5272,659,0.125
02290,AK,Yukon-Koyukuk Census Area,YUKON-KOYUKUK,2022,5165,645,0.124879
02290,AK,Yukon-Koyukuk Census Area,YUKON-KOYUKUK,2023,5136,642,0.125
02290,AK,Yukon-Koyukuk Census Area,YUKON-KOYUKUK,2024,5099,637,0.124926
04001,AZ,Apache County,APACHE,2020,65917,12392,0.187994
04001,AZ,Apache County,APACHE,2021,65396,12294,0.187993
04001,AZ,Apache County,APACHE,2022,65470,12308,0.187995
04001,AZ,Apache County,APACHE,2023,65121,12242,0.187989
04001,AZ,Apache County,APACHE,2024,64800,12182,0.187994
04003,AZ,Cochise County,COCHISE,2020,125533,23600,0.187998
04003,AZ,Cochise County,COCHISE,2021,126147,23715,0.187995
04003,AZ,Cochise County,COCHISE,2022,125497,23593,0.187997
04003,AZ,Cochise County,COCHISE,2023,124881,23477,0.187995
04003,AZ,Cochise County,COCHISE,2024,125773,23645,0.187997
04005,AZ,Coconino County,COCONINO,2020,145190,27295,0.187995
04005,AZ,Coconino County,COCONINO,2021,142927,26870,0.187998
04005,AZ,Coconino County,COCONINO,2022,144326,27133,0.187998
04005,AZ,Coconino County,COCONINO,2023,144934,27247,0.187996
04005,AZ,Coconino County,COCONINO,2024,145161,27290,0.187998
04007,AZ,Gila County,GILA,2020,53355,10031,0.188005
04007,AZ,Gila County,GILA,2021,53559,10069,0.187998
04007,AZ,Gila County,GILA,2022,53927,10139,0.188013
04007,AZ,Gila County,GILA,2023,54060,10164,0.188013
04007,AZ,Gila County,GILA,2024,54073,10166,0.188005
04009,AZ,Graham County,GRAHAM,2020,38630,7262,0.187989
04009,AZ,Graham County,GRAHAM,2021,38923,7317,0.187987
04009,AZ,Graham County,GRAHAM,2022,38802,7294,0.18798
04009,AZ,Graham County,GRAHAM,2023,39561,7437,0.187988
04009,AZ,Graham County,GRAHAM,2024,40242,7565,0.187988
04011,AZ,Greenlee County,GREENLEE,2020,9531,1792,0.188018
04011,AZ,Greenlee County,GREENLEE,2021,9401,1767,0.187959
04011,AZ,Greenlee County,GREENLEE,2022,9321,1752,0.187963
04011,AZ,Greenlee County,GREENLEE,2023,9383,1764,0.188
04011,AZ,Greenlee County,GREENLEE,2024,9410,1769,0.187991
04012,AZ,La Paz County,LA PAZ,2020,16573,3115,0.187956
04012,AZ,La Paz County,LA PAZ,2021,16390,3081,0.18798
04012,AZ,La Paz County,LA PAZ,2022,16555,3112,0.187979
04012,AZ,La Paz County,LA PAZ,2023,16812,3160,0.187961
04012,AZ,La Paz County,LA PAZ,2024,16992,3194,0.187971
04013,AZ,Maricopa County,MARICOPA,2020,1316181,526472,0.4
04013,AZ,Maricopa County,MARICOPA,2021,1316181,526472,0.4
04013,AZ,Maricopa County,MARICOPA,2022,1316181,526472,0.4
04013,AZ,Maricopa County,MARICOPA,2023,1316181,526472,0.4
04013,AZ,Maricopa County,MARICOPA,2024,1316181,526472,0.4
04015,AZ,Mohave County,MOHAVE,2020,214173,40264,0.187998
04015,AZ,Mohave County,MOHAVE,2021,217186,40831,0.188
04015,AZ,Mohave County,MOHAVE,2022,220947,41538,0.188
04015,AZ,Mohave County,MOHAVE,2023,223801,42075,0.188002
04015,AZ,Mohave County,MOHAVE,2024,226479,42578,0.188
04017,AZ,Navajo County,NAVAJO,2020,106773,20073,0.187997
04017,AZ,Navajo County,NAVAJO,2021,107736,20254,0.187997
04017,AZ,Navajo County,NAVAJO,2022,108771,20449,0.188
04017,AZ,Navajo County,NAVAJO,2023,109281,20545,0.188002
04017,AZ,Navajo County,NAVAJO,2024,109516,20589,0.188
04019,AZ,Pima County,PIMA,2020,1045227,196503,0.188
04019,AZ,Pima County,PIMA,2021,1049083,197228,0.188
04019,AZ,Pima County,PIMA,2022,1059412,199169,0.188
04019,AZ,Pima County,PIMA,2023,1068579,200893,0.188
04019,AZ,Pima County,PIMA,2024,1080149,203068,0.188
04021,AZ,Pinal County,PINAL,2020,430213,80880,0.188
04021,AZ,Pinal County,PINAL,2021,449086,84428,0.188
04021,AZ,Pinal County,PINAL,2022,465476,87509,0.187999
04021,AZ,Pinal County,PINAL,2023,486395,91442,0.187999
04021,AZ,Pinal County,PINAL,2024,513862,96606,0.188
04023,AZ,Santa Cruz County,SANTA CRUZ,2020,47712,8970,0.188003
04023,AZ,Santa Cruz County,SANTA CRUZ,2021,47962,9017,0.188003
04023,AZ,Santa Cruz County,SANTA CRUZ,2022,48801,9175,0.188008
04023,AZ,Santa Cruz County,SANTA CRUZ,2023,49647,9334,0.188007
04023,AZ,Santa Cruz County,SANTA CRUZ,2024,50508,9496,0.18801
04025,AZ,Yavapai County,YAVAPAI,2020,237228,44598,0.187996
04025,AZ,Yavapai County,YAVAPAI,2021,242392,45569,0.187997
04025,AZ,Yavapai County,YAVAPAI,2022,246266,46298,0.188
04025,AZ,Yavapai County,YAVAPAI,2023,249499,46905,0.187997
04025,AZ,Yavapai County,YAVAPAI,2024,252013,47378,0.187998
04027,AZ,Yuma County,YUMA,2020,205665,38665,0.188
04027,AZ,Yuma County,YUMA,2021,207743,39055,0.187997
04027,AZ,Yuma County,YUMA,2022,209538,39393,0.187999
04027,AZ,Yuma County,YUMA,2023,215448,40504,0.187999
04027,AZ,Yuma County,YUMA,2024,220310,41418,0.187999
05001,AR,Arkansas County,ARKANSAS,2020,17104,2993,0.174988
05001,AR,Arkansas County,ARKANSAS,2021,16668,2917,0.175006
05001,AR,Arkansas County,ARKANSAS,2022,16458,2880,0.174991
05001,AR,Arkansas County,ARKANSAS,2023,16295,2852,0.175023
05001,AR,Arkansas County,ARKANSAS,2024,16050,2809,0.175016
05003,AR,Ashley County,ASHLEY,2020,18963,3318,0.174972
05003,AR,Ashley County,ASHLEY,2021,18647,3263,0.174988
05003,AR,Ashley County,ASHLEY,2022,18318,3205,0.174965
05003,AR,Ashley County,ASHLEY,2023,18232,3190,0.174967
05003,AR,Ashley County,ASHLEY,2024,17984,3147,0.174989
05005,AR,Baxter County,BAXTER,2020,41696,7297,0.175005
05005,AR,Baxter County,BAXTER,2021,42174,7380,0.174989
05005,AR,Baxter County,BAXTER,2022,42378,7416,0.174996
05005,AR,Baxter County,BAXTER,2023,42781,7486,0.174984
05005,AR,Baxter County,BAXTER,2024,43007,7526,0.174995
05007,AR,Benton County,BENTON,2020,286621,50159,0.175001
05007,AR,Benton County,BENTON,2021,294168,51479,0.174999
05007,AR,Benton County,BENTON,2022,303558,53123,0.175001
05007,AR,Benton County,BENTON,2023,312248,54643,0.174999
05007,AR,Benton County,BENTON,2024,321566,56274,0.175
05009,AR,Boone County,BOONE,2020,37393,6543,0.174979
05009,AR,Boone County,BOONE,2021,37890,6630,0.17498
05009,AR,Boone County,BOONE,2022,38254,6694,0.174988
05009,AR,Boone County,BOONE,2023,38516,6740,0.174992
05009,AR,Boone County,BOONE,2024,38636,6761,0.174992
05011,AR,Bradley County,BRADLEY,2020,10492,1836,0.17499
05011,AR,Bradley County,BRADLEY,2021,10337,1809,0.175002
05011,AR,Bradley County,BRADLEY,2022,10167,1780,0.175076
05011,AR,Bradley County,BRADLEY,2023,10109,1769,0.174993
05011,AR,Bradley County,BRADLEY,2024,9935,1739,0.175038
05013,AR,Calhoun County,CALHOUN,2020,4736,829,0.175042
05013,AR,Calhoun County,CALHOUN,2021,4729,828,0.17509
05013,AR,Calhoun County,CALHOUN,2022,4703,823,0.174995
05013,AR,Calhoun County,CALHOUN,2023,4664,816,0.174957
05013,AR,Calhoun County,CALHOUN,2024,4690,821,0.175053
05015,AR,Carroll County,CARROLL,2020,28241,4942,0.174994
05015,AR,Carroll County,CARROLL,2021,28514,4990,0.175002
05015,AR,Carroll County,CARROLL,2022,28667,5016,0.174975
05015,AR,Carroll County,CARROLL,2023,28738,5029,0.174995
05015,AR,Carroll County,CARROLL,2024,28968,5069,0.174986
05017,AR,Chicot County,CHICOT,2020,10159,1778,0.175017
05017,AR,Chicot County,CHICOT,2021,10051,1759,0.175007
05017,AR,Chicot County,CHICOT,2022,9836,1722,0.175071
05017,AR,Chicot County,CHICOT,2023,9507,1664,0.175029
05017,AR,Chicot County,CHICOT,2024,9272,1623,0.175043
05019,AR,Clark County,CLARK,2020,21403,3746,0.175022
05019,AR,Clark County,CLARK,2021,21248,3718,0.174981
05019,AR,Clark County,CLARK,2022,21136,3699,0.175009
05019,AR,Clark County,CLARK,2023,20918,3661,0.175017
05019,AR,Clark County,CLARK,2024,20920,3661,0.175
05021,AR,Clay County,CLAY,2020,14534,2544,0.175038
05021,AR,Clay County,CLAY,2021,14334,2509,0.175038
05021,AR,Clay County,CLAY,2022,14229,2490,0.174995
05021,AR,Clay County,CLAY,2023,14191,2484,0.175041
05021,AR,Clay County,CLAY,2024,14112,2470,0.175028
05023,AR,Cleburne County,CLEBURNE,2020,24716,4325,0.174988
05023,AR,Cleburne County,CLEBURNE,2021,25020,4378,0.17498
05023,AR,Cleburne County,CLEBURNE,2022,25272,4423,0.175016
05023,AR,Cleburne County,CLEBURNE,2023,25476,4458,0.174988
05023,AR,Cleburne County,CLEBURNE,2024,25646,4488,0.174998
05025,AR,Cleveland County,CLEVELAND,2020,7554,1322,0.175007
05025,AR,Cleveland County,CLEVELAND,2021,7489,1310,0.174923
05025,AR,Cleveland County,CLEVELAND,2022,7471,1307,0.174943
05025,AR,Cleveland County,CLEVELAND,2023,7386,1292,0.174926
05025,AR,Cleveland County,CLEVELAND,2024,7367,1289,0.174969
05027,AR,Columbia County,COLUMBIA,2020,22743,3980,0.174999
05027,AR,Columbia County,COLUMBIA,2021,22470,3932,0.174989
05027,AR,Columbia County,COLUMBIA,2022,22316,3905,0.174987
05027,AR,Columbia County,COLUMBIA,2023,22193,3884,0.17501
05027,AR,Columbia County,COLUMBIA,2024,22024,3854,0.174991
05029,AR,Conway County,CONWAY,2020,20734,3629,0.175027
05029,AR,Conway County,CONWAY,2021,20905,3659,0.17503
05029,AR,Conway County,CONWAY,2022,21091,3691,0.175004
05029,AR,Conway County,CONWAY,2023,21118,3696,0.175017
05029,AR,Conway County,CONWAY,2024,21422,3749,0.175007
05031,AR,Craighead County,CRAIGHEAD,2020,111623,19534,0.175
05031,AR,Craighead County,CRAIGHEAD,2021,111695,19547,0.175003
05031,AR,Craighead County,CRAIGHEAD,2022,112828,19745,0.175001
05031,AR,Craighead County,CRAIGHEAD,2023,114245,19993,0.175001
05031,AR,Craighead County,CRAIGHEAD,2024,115852,20274,0.174999
05033,AR,Crawford County,CRAWFORD,2020,60160,10528,0.175
05033,AR,Crawford County,CRAWFORD,2021,60382,10567,0.175002
05033,AR,Crawford County,CRAWFORD,2022,61084,10690,0.175005
05033,AR,Crawford County,CRAWFORD,2023,61810,10817,0.175004
05033,AR,Crawford County,CRAWFORD,2024,62258,10895,0.174998
05035,AR,Crittenden County,CRITTENDEN,2020,48090,8416,0.175005
05035,AR,Crittenden County,CRITTENDEN,2021,47405,8296,0.175003
05035,AR,Crittenden County,CRITTENDEN,2022,47031,8231,0.175012
05035,AR,Crittenden County,CRITTENDEN,2023,47171,8255,0.175002
05035,AR,Crittenden County,CRITTENDEN,2024,46633,8161,0.175005
05037,AR,Cross County,CROSS,2020,16801,2940,0.17499
05037,AR,Cross County,CROSS,2021,16671,2917,0.174975
05037,AR,Cross County,CROSS,2022,16594,2904,0.175003
05037,AR,Cross County,CROSS,2023,16453,2879,0.174983
05037,AR,Cross County,CROSS,2024,16194,2834,0.175003
05039,AR,Dallas County,DALLAS,2020,6441,1127,0.174973
05039,AR,Dallas County,DALLAS,2021,6307,1103,0.174885
05039,AR,Dallas County,DALLAS,2022,6197,1084,0.174923
05039,AR,Dallas County,DALLAS,2023,6187,1082,0.174883
05039,AR,Dallas County,DALLAS,2024,6076,1063,0.174951
05041,AR,Desha County,DESHA,2020,11321,1981,0.174985
05041,AR,Desha County,DESHA,2021,11048,1933,0.174964
05041,AR,Desha County,DESHA,2022,10760,1883,0.175
05041,AR,Desha County,DESHA,2023,10478,1833,0.174938
05041,AR,Desha County,DESHA,2024,10321,1806,0.174983
05043,AR,Drew County,DREW,2020,17315,3031,0.175051
05043,AR,Drew County,DREW,2021,17063,2986,0.174999
05043,AR,Drew County,DREW,2022,16930,2963,0.175015
05043,AR,Drew County,DREW,2023,16986,2973,0.175026
05043,AR,Drew County,DREW,2024,16935,2964,0.175022
05045,AR,Faulkner County,FAULKNER,2020,123820,21669,0.175004
05045,AR,Faulkner County,FAULKNER,2021,125590,21978,0.174998
05045,AR,Faulkner County,FAULKNER,2022,127656,22340,0.175002
05045,AR,Faulkner County,FAULKNER,2023,129909,22734,0.174999
05045,AR,Faulkner County,FAULKNER,2024,131611,23032,0.175001
05047,AR,Franklin County,FRANKLIN,2020,17141,3000,0.175019
05047,AR,Franklin County,FRANKLIN,2021,17159,3003,0.17501
05047,AR,Franklin County,FRANKLIN,2022,17274,3023,0.175003
05047,AR,Franklin County,FRANKLIN,2023,17471,3058,0.175033
05047,AR,Franklin County,FRANKLIN,2024,17586,3078,0.175026
05049,AR,Fulton County,FULTON,2020,12051,2109,0.175006
05049,AR,Fulton County,FULTON,2021,12137,2124,0.175002
05049,AR,Fulton County,FULTON,2022,12354,2162,0.175004
05049,AR,Fulton County,FULTON,2023,12422,2174,0.175012
05049,AR,Fulton County,FULTON,2024,12546,2196,0.175036
05051,AR,Garland County,GARLAND,2020,100266,17547,0.175004
05051,AR,Garland County,GARLAND,2021,100306,17554,0.175004
05051,AR,Garland County,GARLAND,2022,99942,17490,0.175002
05051,AR,Garland County,GARLAND,2023,99759,17458,0.175002
05051,AR,Garland County,GARLAND,2024,99902,17483,0.175002
05053,AR,Grant County,GRANT,2020,18019,3154,0.175037
05053,AR,Grant County,GRANT,2021,18124,3172,0.175017
05053,AR,Grant County,GRANT,2022,18127,3173,0.175043
05053,AR,Grant County,GRANT,2023,18392,3219,0.175022
05053,AR,Grant County,GRANT,2024,18546,3246,0.175024
05055,AR,Greene County,GREENE,2020,45861,8025,0.174985
05055,AR,Greene County,GREENE,2021,46314,8105,0.175001
05055,AR,Greene County,GREENE,2022,46359,8112,0.174982
05055,AR,Greene County,GREENE,2023,46700,8172,0.174989
05055,AR,Greene County,GREENE,2024,46928,8212,0.174991
05057,AR,Hempstead County,HEMPSTEAD,2020,19986,3497,0.174972
05057,AR,Hempstead County,HEMPSTEAD,2021,19660,3440,0.174975
05057,AR,Hempstead County,HEMPSTEAD,2022,19469,3407,0.174996
05057,AR,Hempstead County,HEMPSTEAD,2023,19321,3381,0.174991
05057,AR,Hempstead County,HEMPSTEAD,2024,19105,3343,0.17498
05059,AR,Hot Spring County,HOT SPRING,2020,33076,5789,0.175021
05059,AR,Hot Spring County,HOT SPRING,2021,33078,5789,0.175011
05059,AR,Hot Spring County,HOT SPRING,2022,33170,5805,0.175008
05059,AR,Hot Spring County,HOT SPRING,2023,33259,5821,0.17502
05059,AR,Hot Spring County,HOT SPRING,2024,33313,5830,0.175007
05061,AR,Howard County,HOWARD,2020,12758,2233,0.175027
05061,AR,Howard County,HOWARD,2021,12689,2221,0.175033
05061,AR,Howard County,HOWARD,2022,12583,2202,0.174998
05061,AR,Howard County,HOWARD,2023,12500,2188,0.17504
05061,AR,Howard County,HOWARD,2024,12387,2168,0.175022
05063,AR,Independence County,INDEPENDENCE,2020,37945,6640,0.17499
05063,AR,Independence County,INDEPENDENCE,2021,38034,6656,0.175001
05063,AR,Independence County,INDEPENDENCE,2022,38223,6689,0.174999
05063,AR,Independence County,INDEPENDENCE,2023,38329,6707,0.174985
05063,AR,Independence County,INDEPENDENCE,2024,38345,6710,0.17499
05065,AR,Izard County,IZARD,2020,13604,2381,0.175022
05065,AR,Izard County,IZARD,2021,13916,2435,0.174978
05065,AR,Izard County,IZARD,2022,14033,2456,0.175016
05065,AR,Izard County,IZARD,2023,14202,2485,0.174975
05065,AR,Izard County,IZARD,2024,14291,2501,0.175005
05067,AR,Jackson County,JACKSON,2020,16759,2933,0.17501
05067,AR,Jackson County,JACKSON,2021,16771,2935,0.175004
05067,AR,Jackson County,JACKSON,2022,16607,2906,0.174986
05067,AR,Jackson County,JACKSON,2023,16749,2931,0.174996
05067,AR,Jackson County,JACKSON,2024,16673,2918,0.175013
05069,AR,Jefferson County,JEFFERSON,2020,66835,11697,0.175013
05069,AR,Jefferson County,JEFFERSON,2021,65624,11485,0.175012
05069,AR,Jefferson County,JEFFERSON,2022,64341,11260,0.175005
05069,AR,Jefferson County,JEFFERSON,2023,63539,11120,0.175011
05069,AR,Jefferson County,JEFFERSON,2024,63672,11143,0.175006
05071,AR,Johnson County,JOHNSON,2020,25727,4502,0.174991
05071,AR,Johnson County,JOHNSON,2021,25959,4543,0.175007
05071,AR,Johnson County,JOHNSON,2022,25997,4549,0.174982
05071,AR,Johnson County,JOHNSON,2023,26161,4578,0.174993
05071,AR,Johnson County,JOHNSON,2024,26172,4580,0.174996
05073,AR,Lafayette County,LAFAYETTE,2020,6295,1102,0.17506
05073,AR,Lafayette County,LAFAYETTE,2021,6154,1077,0.175008
05073,AR,Lafayette County,LAFAYETTE,2022,6136,1074,0.175033
05073,AR,Lafayette County,LAFAYETTE,2023,6082,1065,0.175107
05073,AR,Lafayette County,LAFAYETTE,2024,6015,1053,0.175062
05075,AR,Lawrence County,LAWRENCE,2020,16216,2837,0.174951
05075,AR,Lawrence County,LAWRENCE,2021,16296,2851,0.174951
05075,AR,Lawrence County,LAWRENCE,2022,16146,2825,0.174966
05075,AR,Lawrence County,LAWRENCE,2023,16225,2839,0.174977
05075,AR,Lawrence County,LAWRENCE,2024,16305,2853,0.174977
05077,AR,Lee County,LEE,2020,8530,1493,0.175029
05077,AR,Lee County,LEE,2021,8565,1499,0.175015
05077,AR,Lee County,LEE,2022,8373,1465,0.174967
05077,AR,Lee County,LEE,2023,8221,1438,0.174918
05077,AR,Lee County,LEE,2024,8104,1418,0.174975
05079,AR,Lincoln County,LINCOLN,2020,12890,2256,0.175019
05079,AR,Lincoln County,LINCOLN,2021,13177,2306,0.175002
05079,AR,Lincoln County,LINCOLN,2022,12914,2260,0.175004
05079,AR,Lincoln County,LINCOLN,2023,12900,2258,0.175039
05079,AR,Lincoln County,LINCOLN,2024,12868,2252,0.175008
05081,AR,Little River County,LITTLE RIVER,2020,11971,2095,0.175006
05081,AR,Little River County,LITTLE RIVER,2021,11929,2088,0.175036
05081,AR,Little River County,LITTLE RIVER,2022,11811,2067,0.175006
05081,AR,Little River County,LITTLE RIVER,2023,11766,2060,0.175081
05081,AR,Little River County,LITTLE RIVER,2024,11626,2035,0.175039
05083,AR,Logan County,LOGAN,2020,21109,3694,0.174996
05083,AR,Logan County,LOGAN,2021,21217,3713,0.175001
05083,AR,Logan County,LOGAN,2022,21242,3717,0.174984
05083,AR,Logan County,LOGAN,2023,21360,3738,0.175
05083,AR,Logan County,LOGAN,2024,21457,3755,0.175001
05085,AR,Lonoke County,LONOKE,2020,74072,12963,0.175005
05085,AR,Lonoke County,LONOKE,2021,74755,13082,0.174998
05085,AR,Lonoke County,LONOKE,2022,75219,13163,0.174996
05085,AR,Lonoke County,LONOKE,2023,75924,13287,0.175004
05085,AR,Lonoke County,LONOKE,2024,76389,13368,0.174999
05087,AR,Madison County,MADISON,2020,16560,2898,0.175
05087,AR,Madison County,MADISON,2021,16961,2968,0.17499
05087,AR,Madison County,MADISON,2022,17493,3061,0.174984
05087,AR,Madison County,MADISON,2023,17767,3109,0.174987
05087,AR,Madison County,MADISON,2024,17865,3126,0.174979
05089,AR,Marion County,MARION,2020,16867,2952,0.175016
05089,AR,Marion County,MARION,2021,16957,2968,0.175031
05089,AR,Marion County,MARION,2022,17236,3017,0.175041
05089,AR,Marion County,MARION,2023,17485,3060,0.175007
05089,AR,Marion County,MARION,2024,17593,3079,0.175013
05091,AR,Miller County,MILLER,2020,42586,7453,0.175011
05091,AR,Miller County,MILLER,2021,42468,7432,0.175002
05091,AR,Miller County,MILLER,2022,42484,7435,0.175007
05091,AR,Miller County,MILLER,2023,42302,7403,0.175004
05091,AR,Miller County,MILLER,2024,41958,7343,0.175008
05093,AR,Mississippi County,MISSISSIPPI,2020,40545,7096,0.175015
05093,AR,Mississippi County,MISSISSIPPI,2021,39525,6917,0.175003
05093,AR,Mississippi County,MISSISSIPPI,2022,38829,6795,0.174998
05093,AR,Mississippi County,MISSISSIPPI,2023,38635,6762,0.175023
05093,AR,Mississippi County,MISSISSIPPI,2024,38095,6667,0.17501
05095,AR,Monroe County,MONROE,2020,6771,1185,0.175011
05095,AR,Monroe County,MONROE,2021,6644,1163,0.175045
05095,AR,Monroe County,MONROE,2022,6574,1151,0.175084
05095,AR,Monroe County,MONROE,2023,6540,1145,0.175076
05095,AR,Monroe County,MONROE,2024,6415,1123,0.175058
05097,AR,Montgomery County,MONTGOMERY,2020,8484,1484,0.174917
05097,AR,Montgomery County,MONTGOMERY,2021,8636,1511,0.174965
05097,AR,Montgomery County,MONTGOMERY,2022,8531,1493,0.175009
05097,AR,Montgomery County,MONTGOMERY,2023,8605,1506,0.175015
05097,AR,Montgomery County,MONTGOMERY,2024,8510,1489,0.174971
05099,AR,Nevada County,NEVADA,2020,8287,1451,0.175094
05099,AR,Nevada County,NEVADA,2021,8187,1433,0.175034
05099,AR,Nevada County,NEVADA,2022,8191,1434,0.17507
05099,AR,Nevada County,NEVADA,2023,8126,1422,0.174994
05099,AR,Nevada County,NEVADA,2024,8004,1401,0.175037
05101,AR,Newton County,NEWTON,2020,7196,1260,0.175097
05101,AR,Newton County,NEWTON,2021,7167,1255,0.175108
05101,AR,Newton County,NEWTON,2022,7093,1242,0.175102
05101,AR,Newton County,NEWTON,2023,7079,1239,0.175025
05101,AR,Newton County,NEWTON,2024,7026,1230,0.175064
05103,AR,Ouachita County,OUACHITA,2020,22617,3958,0.175001
05103,AR,Ouachita County,OUACHITA,2021,22319,3906,0.175008
05103,AR,Ouachita County,OUACHITA,2022,22010,3852,0.175011
05103,AR,Ouachita County,OUACHITA,2023,21793,3814,0.17501
05103,AR,Ouachita County,OUACHITA,2024,21684,3795,0.175014
05105,AR,Perry County,PERRY,2020,10003,1751,0.175047
05105,AR,Perry County,PERRY,2021,9991,1748,0.174957
05105,AR,Perry County,PERRY,2022,10073,1763,0.175022
05105,AR,Perry County,PERRY,2023,10188,1783,0.17501
05105,AR,Perry County,PERRY,2024,10251,1794,0.175007
05107,AR,Phillips County,PHILLIPS,2020,16441,2878,0.17505
05107,AR,Phillips County,PHILLIPS,2021,15813,2768,0.175046
05107,AR,Phillips County,PHILLIPS,2022,15344,2686,0.175052
05107,AR,Phillips County,PHILLIPS,2023,14991,2624,0.175038
05107,AR,Phillips County,PHILLIPS,2024,14661,2566,0.175022
05109,AR,Pike County,PIKE,2020,10156,1778,0.175069
05109,AR,Pike County,PIKE,2021,10103,1768,0.174998
05109,AR,Pike County,PIKE,2022,10123,1772,0.175047
05109,AR,Pike County,PIKE,2023,10164,1779,0.17503
05109,AR,Pike County,PIKE,2024,10027,1755,0.175027
05111,AR,Poinsett County,POINSETT,2020,22955,4017,0.174995
05111,AR,Poinsett County,POINSETT,2021,22651,3963,0.174959
05111,AR,Poinsett County,POINSETT,2022,22434,3925,0.174958
05111,AR,Poinsett County,POINSETT,2023,22373,3915,0.174988
05111,AR,Poinsett County,POINSETT,2024,22300,3902,0.174978
05113,AR,Polk County,POLK,2020,19186,3358,0.175023
05113,AR,Polk County,POLK,2021,19326,3382,0.174997
05113,AR,Polk County,POLK,2022,19368,3389,0.174979
05113,AR,Polk County,POLK,2023,19490,3411,0.175013
05113,AR,Polk County,POLK,2024,19434,3401,0.175003
05115,AR,Pope County,POPE,2020,63407,11096,0.174996
05115,AR,Pope County,POPE,2021,63733,11153,0.174996
05115,AR,Pope County,POPE,2022,64023,11204,0.175
05115,AR,Pope County,POPE,2023,64663,11316,0.175
05115,AR,Pope County,POPE,2024,64829,11345,0.174999
05117,AR,Prairie County,PRAIRIE,2020,8247,1444,0.175094
05117,AR,Prairie County,PRAIRIE,2021,8086,1415,0.174994
05117,AR,Prairie County,PRAIRIE,2022,8038,1407,0.175044
05117,AR,Prairie County,PRAIRIE,2023,8012,1402,0.174988
05117,AR,Prairie County,PRAIRIE,2024,7935,1389,0.175047
05119,AR,Pulaski County,PULASKI,2020,399286,69875,0.175
05119,AR,Pulaski County,PULASKI,2021,398005,69651,0.175
05119,AR,Pulaski County,PULASKI,2022,399886,69980,0.175
05119,AR,Pulaski County,PULASKI,2023,400704,70124,0.175002
05119,AR,Pulaski County,PULASKI,2024,401209,70212,0.175001
05121,AR,Randolph County,RANDOLPH,2020,18595,3254,0.174993
05121,AR,Randolph County,RANDOLPH,2021,18798,3290,0.175019
05121,AR,Randolph County,RANDOLPH,2022,18842,3297,0.174981
05121,AR,Randolph County,RANDOLPH,2023,18913,3310,0.175012
05121,AR,Randolph County,RANDOLPH,2024,19040,3332,0.175
05123,AR,St. Francis County,ST. FRANCIS,2020,23019,4028,0.174986
05123,AR,St. Francis County,ST. FRANCIS,2021,22707,3974,0.175012
05123,AR,St. Francis County,ST. FRANCIS,2022,22387,3918,0.175012
05123,AR,St. Francis County,ST. FRANCIS,2023,22066,3862,0.17502
05123,AR,St. Francis County,ST. FRANCIS,2024,21822,3819,0.175007
05125,AR,Saline County,SALINE,2020,123820,21668,0.174996
05125,AR,Saline County,SALINE,2021,125338,21934,0.174999
05125,AR,Saline County,SALINE,2022,127419,22298,0.174997
05125,AR,Saline County,SALINE,2023,129566,22674,0.175
05125,AR,Saline County,SALINE,2024,131252,22969,0.174999
05127,AR,Scott County,SCOTT,2020,9829,1720,0.174992
05127,AR,Scott County,SCOTT,2021,9789,1713,0.174992
05127,AR,Scott County,SCOTT,2022,9787,1712,0.174926
05127,AR,Scott County,SCOTT,2023,9836,1721,0.174969
05127,AR,Scott County,SCOTT,2024,9837,1721,0.174952
05129,AR,Searcy County,SEARCY,2020,7844,1372,0.174911
05129,AR,Searcy County,SEARCY,2021,7894,1381,0.174943
05129,AR,Searcy County,SEARCY,2022,7905,1383,0.174953
05129,AR,Searcy County,SEARCY,2023,7818,1368,0.174981
05129,AR,Searcy County,SEARCY,2024,7836,1371,0.174962
05131,AR,Sebastian County,SEBASTIAN,2020,127813,22367,0.174998
05131,AR,Sebastian County,SEBASTIAN,2021,128223,22439,0.175
05131,AR,Sebastian County,SEBASTIAN,2022,129226,22614,0.174996
05131,AR,Sebastian County,SEBASTIAN,2023,129203,22610,0.174996
05131,AR,Sebastian County,SEBASTIAN,2024,130035,22756,0.174999
05133,AR,Sevier County,SEVIER,2020,15782,2762,0.17501
05133,AR,Sevier County,SEVIER,2021,15709,2749,0.174995
05133,AR,Sevier County,SEVIER,2022,15681,2745,0.175053
05133,AR,Sevier County,SEVIER,2023,15654,2740,0.175035
05133,AR,Sevier County,SEVIER,2024,15735,2754,0.175024
05135,AR,Sharp County,SHARP,2020,17315,3030,0.174993
05135,AR,Sharp County,SHARP,2021,17678,3094,0.17502
05135,AR,Sharp County,SHARP,2022,17790,3113,0.174986
05135,AR,Sharp County,SHARP,2023,17954,3142,0.175003
05135,AR,Sharp County,SHARP,2024,18130,3173,0.175014
05137,AR,Stone County,STONE,2020,12347,2160,0.174941
05137,AR,Stone County,STONE,2021,12442,2177,0.174972
05137,AR,Stone County,STONE,2022,12591,2203,0.174966
05137,AR,Stone County,STONE,2023,12677,2218,0.174963
05137,AR,Stone County,STONE,2024,12785,2237,0.174971
05139,AR,Union County,UNION,2020,38940,6814,0.174987
05139,AR,Union County,UNION,2021,38285,6699,0.174977
05139,AR,Union County,UNION,2022,37858,6625,0.174996
05139,AR,Union County,UNION,2023,37409,6546,0.174985
05139,AR,Union County,UNION,2024,37008,6476,0.174989
05141,AR,Van Buren County,VAN BUREN,2020,15797,2765,0.175033
05141,AR,Van Buren County,VAN BUREN,2021,15774,2761,0.175035
05141,AR,Van Buren County,VAN BUREN,2022,16114,2820,0.175003
05141,AR,Van Buren County,VAN BUREN,2023,16152,2827,0.175025
05141,AR,Van Buren County,VAN BUREN,2024,16152,2827,0.175025
05143,AR,Washington County,WASHINGTON,2020,246779,43186,0.174999
05143,AR,Washington County,WASHINGTON,2021,251664,44041,0.174999
05143,AR,Washington County,WASHINGTON,2022,257316,45030,0.174999
05143,AR,Washington County,WASHINGTON,2023,261880,45829,0.175
05143,AR,Washington County,WASHINGTON,2024,266184,46582,0.174999
05145,AR,White County,WHITE,2020,76863,13451,0.175
05145,AR,White County,WHITE,2021,77069,13487,0.174999
05145,AR,White County,WHITE,2022,77645,13588,0.175002
05145,AR,White County,WHITE,2023,78523,13742,0.175006
05145,AR,White County,WHITE,2024,79091,13841,0.175001
05147,AR,Woodruff County,WOODRUFF,2020,6221,1088,0.174891
05147,AR,Woodruff County,WOODRUFF,2021,6124,1071,0.174886
05147,AR,Woodruff County,WOODRUFF,2022,6038,1056,0.174892
05147,AR,Woodruff County,WOODRUFF,2023,5939,1039,0.174945
05147,AR,Woodruff County,WOODRUFF,2024,5808,1016,0.174931
05149,AR,Yell County,YELL,2020,20217,3538,0.175001
05149,AR,Yell County,YELL,2021,20135,3523,0.174969
05149,AR,Yell County,YELL,2022,20121,3521,0.174991
05149,AR,Yell County,YELL,2023,20063,3511,0.174999
05149,AR,Yell County,YELL,2024,20134,3523,0.174978
06001,CA,Alameda County,ALAMEDA,2020,1316181,250657,0.190443
06001,CA,Alameda County,ALAMEDA,2021,1316181,250657,0.190443
06001,CA,Alameda County,ALAMEDA,2022,1316181,250657,0.190443
06001,CA,Alameda County,ALAMEDA,2023,1316181,250657,0.190443
06001,CA,Alameda County,ALAMEDA,2024,1316181,250657,0.190443
06003,CA,Alpine County,ALPINE,2020,1179,179,0.151824
06003,CA,Alpine County,ALPINE,2021,1203,183,0.15212
06003,CA,Alpine County,ALPINE,2022,1169,178,0.152267
06003,CA,Alpine County,ALPINE,2023,1126,171,0.151865
06003,CA,Alpine County,ALPINE,2024,1099,167,0.151956
06005,CA,Amador County,AMADOR,2020,40584,6169,0.152006
06005,CA,Amador County,AMADOR,2021,41245,6269,0.151994
06005,CA,Amador County,AMADOR,2022,41486,6306,0.152003
06005,CA,Amador County,AMADOR,2023,41798,6353,0.151993
06005,CA,Amador County,AMADOR,2024,42026,6388,0.152001
06007,CA,Butte County,BUTTE,2020,210222,31954,0.152001
06007,CA,Butte County,BUTTE,2021,206351,31366,0.152003
06007,CA,Butte County,BUTTE,2022,207384,31523,0.152003
06007,CA,Butte County,BUTTE,2023,207354,31518,0.152001
06007,CA,Butte County,BUTTE,2024,208334,31667,0.152001
06009,CA,Calaveras County,CALAVERAS,2020,45350,6893,0.151996
06009,CA,Calaveras County,CALAVERAS,2021,46262,7032,0.152004
06009,CA,Calaveras County,CALAVERAS,2022,46544,7075,0.152007
06009,CA,Calaveras County,CALAVERAS,2023,46580,7080,0.151997
06009,CA,Calaveras County,CALAVERAS,2024,46505,7069,0.152005
06011,CA,Colusa County,COLUSA,2020,21868,3324,0.152003
06011,CA,Colusa County,COLUSA,2021,21931,3333,0.151977
06011,CA,Colusa County,COLUSA,2022,21952,3336,0.151968
06011,CA,Colusa County,COLUSA,2023,22093,3358,0.151994
06011,CA,Colusa County,COLUSA,2024,22074,3355,0.151989
06013,CA,Contra Costa County,CONTRA COSTA,2020,1166165,177257,0.152
06013,CA,Contra Costa County,CONTRA COSTA,2021,1163813,176899,0.152
06013,CA,Contra Costa County,CONTRA COSTA,2022,1160296,176365,0.152
06013,CA,Contra Costa County,CONTRA COSTA,2023,1162179,176651,0.152
06013,CA,Contra Costa County,CONTRA COSTA,2024,1172607,178236,0.152
06015,CA,Del Norte County,DEL NORTE,2020,27616,4197,0.151977
06015,CA,Del Norte County,DEL NORTE,2021,27581,4192,0.151989
06015,CA,Del Norte County,DEL NORTE,2022,26758,4067,0.151992
06015,CA,Del Norte County,DEL NORTE,2023,26571,4038,0.15197
06015,CA,Del Norte County,DEL NORTE,2024,27009,4105,0.151986
06017,CA,El Dorado County,EL DORADO,2020,191250,29070,0.152
06017,CA,El Dorado County,EL DORADO,2021,193724,29446,0.152
06017,CA,El Dorado County,EL DORADO,2022,193071,29347,0.152001
06017,CA,El Dorado County,EL DORADO,2023,192440,29251,0.152001
06017,CA,El Dorado County,EL DORADO,2024,192823,29309,0.152
06019,CA,Fresno County,FRESNO,2020,1009613,153461,0.152
06019,CA,Fresno County,FRESNO,2021,1012879,153958,0.152
06019,CA,Fresno County,FRESNO,2022,1017107,154600,0.152
06019,CA,Fresno County,FRESNO,2023,1019899,155025,0.152
06019,CA,Fresno County,FRESNO,2024,1024125,155667,0.152
06021,CA,Glenn County,GLENN,2020,28889,4391,0.151996
06021,CA,Glenn County,GLENN,2021,28714,4364,0.151982
06021,CA,Glenn County,GLENN,2022,28371,4312,0.151986
06021,CA,Glenn County,GLENN,2023,28190,4285,0.152004
06021,CA,Glenn County,GLENN,2024,28304,4302,0.151993
06023,CA,Humboldt County,HUMBOLDT,2020,136324,20721,0.151998
06023,CA,Humboldt County,HUMBOLDT,2021,134978,20517,0.152003
06023,CA,Humboldt County,HUMBOLDT,2022,135013,20522,0.152
06023,CA,Humboldt County,HUMBOLDT,2023,134009,20370,0.152005
06023,CA,Humboldt County,HUMBOLDT,2024,132380,20122,0.152002
06025,CA,Imperial County,IMPERIAL,2020,179730,27319,0.152
06025,CA,Imperial County,IMPERIAL,2021,179206,27239,0.151998
06025,CA,Imperial County,IMPERIAL,2022,179767,27325,0.152002
06025,CA,Imperial County,IMPERIAL,2023,180585,27449,0.152
06025,CA,Imperial County,IMPERIAL,2024,181724,27622,0.152
06027,CA,Inyo County,INYO,2020,18999,2888,0.152008
06027,CA,Inyo County,INYO,2021,18920,2876,0.152008
06027,CA,Inyo County,INYO,2022,18745,2850,0.152041
06027,CA,Inyo County,INYO,2023,18548,2820,0.152038
06027,CA,Inyo County,INYO,2024,18485,2810,0.152015
06029,CA,Kern County,KERN,2020,906124,137730,0.151999
06029,CA,Kern County,KERN,2021,912782,138742,0.151999
06029,CA,Kern County,KERN,2022,917293,139428,0.151999
06029,CA,Kern County,KERN,2023,916646,139330,0.152
06029,CA,Kern County,KERN,2024,922529,140224,0.152
06031,CA,Kings County,KINGS,2020,152797,23225,0.151999
06031,CA,Kings County,KINGS,2021,152724,23214,0.152
06031,CA,Kings County,KINGS,2022,152776,23222,0.152
06031,CA,Kings County,KINGS,2023,153281,23299,0.152002
06031,CA,Kings County,KINGS,2024,154913,23547,0.152001
06033,CA,Lake County,LAKE,2020,68200,10366,0.151994
06033,CA,Lake County,LAKE,2021,68623,10431,0.152004
06033,CA,Lake County,LAKE,2022,68239,10372,0.151995
06033,CA,Lake County,LAKE,2023,67934,10326,0.152
06033,CA,Lake County,LAKE,2024,67764,10300,0.151998
06035,CA,Lassen County,LASSEN,2020,32319,4913,0.152016
06035,CA,Lassen County,LASSEN,2021,31884,4847,0.15202
06035,CA,Lassen County,LASSEN,2022,30401,4621,0.152002
06035,CA,Lassen County,LASSEN,2023,28881,4390,0.152003
06035,CA,Lassen County,LASSEN,2024,28340,4308,0.152011
06037,CA,Los Angeles County,LOS ANGELES,2020,1316181,526472,0.4
06037,CA,Los Angeles County,LOS ANGELES,2021,1316181,526472,0.4
06037,CA,Los Angeles County,LOS ANGELES,2022,1316181,526472,0.4
06037,CA,Los Angeles County,LOS ANGELES,2023,1316181,526472,0.4
06037,CA,Los Angeles County,LOS ANGELES,2024,1316181,526472,0.4
06039,CA,Madera County,MADERA,2020,156434,23778,0.152
06039,CA,Madera County,MADERA,2021,159019,24171,0.152001
06039,CA,Madera County,MADERA,2022,160414,24383,0.152
06039,CA,Madera County,MADERA,2023,163402,24837,0.151999
06039,CA,Madera County,MADERA,2024,165432,25146,0.152002
06041,CA,Marin County,MARIN,2020,261341,39724,0.152001
06041,CA,Marin County,MARIN,2021,259254,39407,0.152002
06041,CA,Marin County,MARIN,2022,257143,39086,0.152001
06041,CA,Marin County,MARIN,2023,255706,38868,0.152003
06041,CA,Marin County,MARIN,2024,256400,38973,0.152001
06043,CA,Mariposa County,MARIPOSA,2020,17133,2604,0.151987
06043,CA,Mariposa County,MARIPOSA,2021,17136,2604,0.151961
06043,CA,Mariposa County,MARIPOSA,2022,17095,2598,0.151974
06043,CA,Mariposa County,MARIPOSA,2023,16996,2583,0.151977
06043,CA,Mariposa County,MARIPOSA,2024,17048,2591,0.151983
06045,CA,Mendocino County,MENDOCINO,2020,91362,13887,0.152
06045,CA,Mendocino County,MENDOCINO,2021,91303,13878,0.151999
06045,CA,Mendocino County,MENDOCINO,2022,90027,13685,0.15201
06045,CA,Mendocino County,MENDOCINO,2023,89354,13582,0.152002
06045,CA,Mendocino County,MENDOCINO,2024,89175,13555,0.152004
06047,CA,Merced County,MERCED,2020,282963,43011,0.152002
06047,CA,Merced County,MERCED,2021,284834,43295,0.152001
06047,CA,Merced County,MERCED,2022,292034,44390,0.152003
06047,CA,Merced County,MERCED,2023,294402,44749,0.152
06047,CA,Merced County,MERCED,2024,296774,45110,0.152001
06049,CA,Modoc County,MODOC,2020,8677,1319,0.152011
06049,CA,Modoc County,MODOC,2021,8640,1314,0.152083
06049,CA,Modoc County,MODOC,2022,8625,1311,0.152
06049,CA,Modoc County,MODOC,2023,8566,1302,0.151996
06049,CA,Modoc County,MODOC,2024,8491,1291,0.152043
06051,CA,Mono County,MONO,2020,13225,2011,0.15206
06051,CA,Mono County,MONO,2021,13263,2016,0.152002
06051,CA,Mono County,MONO,2022,13055,1985,0.152049
06051,CA,Mono County,MONO,2023,13207,2008,0.152041
06051,CA,Mono County,MONO,2024,12991,1975,0.152028
06053,CA,Monterey County,MONTEREY,2020,440506,66957,0.152
06053,CA,Monterey County,MONTEREY,2021,439245,66765,0.151999
06053,CA,Monterey County,MONTEREY,2022,436427,66337,0.152
06053,CA,Monterey County,MONTEREY,2023,435637,66217,0.152
06053,CA,Monterey County,MONTEREY,2024,436251,66310,0.152
06055,CA,Napa County,NAPA,2020,137465,20895,0.152002
06055,CA,Napa County,NAPA,2021,136219,20706,0.152005
06055,CA,Napa County,NAPA,2022,134492,20443,0.152002
06055,CA,Napa County,NAPA,2023,133444,20284,0.152004
06055,CA,Napa County,NAPA,2024,132727,20175,0.152004
06057,CA,Nevada County,NEVADA,2020,102267,15545,0.152004
06057,CA,Nevada County,NEVADA,2021,103499,15732,0.152001
06057,CA,Nevada County,NEVADA,2022,102356,15558,0.151999
06057,CA,Nevada County,NEVADA,2023,102086,15517,0.151999
06057,CA,Nevada County,NEVADA,2024,102195,15534,0.152004
06059,CA,Orange County,ORANGE,2020,1316181,481906,0.36614
06059,CA,Orange County,ORANGE,2021,1316181,481906,0.36614
06059,CA,Orange County,ORANGE,2022,1316181,481906,0.36614
06059,CA,Orange County,ORANGE,2023,1316181,481906,0.36614
06059,CA,Orange County,ORANGE,2024,1316181,481906,0.36614
06061,CA,Placer County,PLACER,2020,405951,61705,0.152001
06061,CA,Placer County,PLACER,2021,412968,62771,0.152
06061,CA,Placer County,PLACER,2022,418439,63603,0.152001
06061,CA,Placer County,PLACER,2023,424599,64539,0.152
06061,CA,Placer County,PLACER,2024,433822,65941,0.152
06063,CA,Plumas County,PLUMAS,2020,19761,3004,0.152017
06063,CA,Plumas County,PLUMAS,2021,19965,3035,0.152016
06063,CA,Plumas County,PLUMAS,2022,19433,2954,0.152009
06063,CA,Plumas County,PLUMAS,2023,19120,2906,0.151987
06063,CA,Plumas County,PLUMAS,2024,18834,2863,0.152012
06065,CA,Riverside County,RIVERSIDE,2020,1316181,384550,0.292171
06065,CA,Riverside County,RIVERSIDE,2021,1316181,384550,0.292171
06065,CA,Riverside County,RIVERSIDE,2022,1316181,384550,0.292171
06065,CA,Riverside County,RIVERSIDE,2023,1316181,384550,0.292171
06065,CA,Riverside County,RIVERSIDE,2024,1316181,384550,0.292171
06067,CA,Sacramento County,SACRAMENTO,2020,1316181,244907,0.186074
06067,CA,Sacramento County,SACRAMENTO,2021,1316181,244907,0.186074
06067,CA,Sacramento County,SACRAMENTO,2022,1316181,244907,0.186074
06067,CA,Sacramento County,SACRAMENTO,2023,1316181,244907,0.186074
06067,CA,Sacramento County,SACRAMENTO,2024,1316181,244907,0.186074
06069,CA,San Benito County,SAN BENITO,2020,64533,9809,0.152
06069,CA,San Benito County,SAN BENITO,2021,66703,10139,0.152002
06069,CA,San Benito County,SAN BENITO,2022,67715,10293,0.152005
06069,CA,San Benito County,SAN BENITO,2023,68341,10388,0.152002
06069,CA,San Benito County,SAN BENITO,2024,69159,10512,0.151998
06071,CA,San Bernardino County,SAN BERNARDINO,2020,1316181,336571,0.255718
06071,CA,San Bernardino County,SAN BERNARDINO,2021,1316181,336571,0.255718
06071,CA,San Bernardino County,SAN BERNARDINO,2022,1316181,336571,0.255718
06071,CA,San Bernardino County,SAN BERNARDINO,2023,1316181,336571,0.255718
06071,CA,San Bernardino County,SAN BERNARDINO,2024,1316181,336571,0.255718
06073,CA,San Diego County,SAN DIEGO,2020,1316181,501417,0.380964
06073,CA,San Diego County,SAN DIEGO,2021,1316181,501417,0.380964
06073,CA,San Diego County,SAN DIEGO,2022,1316181,501417,0.380964
06073,CA,San Diego County,SAN DIEGO,2023,1316181,501417,0.380964
06073,CA,San Diego County,SAN DIEGO,2024,1316181,501417,0.380964
06075,CA,San Francisco County,SAN FRANCISCO,2020,874826,132974,0.152001
06075,CA,San Francisco County,SAN FRANCISCO,2021,831085,126325,0.152
06075,CA,San Francisco County,SAN FRANCISCO,2022,814176,123755,0.152
06075,CA,San Francisco County,SAN FRANCISCO,2023,819151,124511,0.152
06075,CA,San Francisco County,SAN FRANCISCO,2024,827526,125784,0.152
06077,CA,San Joaquin County,SAN JOAQUIN,2020,780676,118662,0.151999
06077,CA,San Joaquin County,SAN JOAQUIN,2021,788096,119790,0.151999
06077,CA,San Joaquin County,SAN JOAQUIN,2022,795880,120973,0.151999
06077,CA,San Joaquin County,SAN JOAQUIN,2023,805909,122498,0.152
06077,CA,San Joaquin County,SAN JOAQUIN,2024,816108,124048,0.151999
06079,CA,San Luis Obispo County,SAN LUIS OBISPO,2020,281924,42852,0.151998
06079,CA,San Luis Obispo County,SAN LUIS OBISPO,2021,279468,42479,0.152
06079,CA,San Luis Obispo County,SAN LUIS OBISPO,2022,282535,42945,0.151999
06079,CA,San Luis Obispo County,SAN LUIS OBISPO,2023,282007,42865,0.152
06079,CA,San Luis Obispo County,SAN LUIS OBISPO,2024,281843,42840,0.152
06081,CA,San Mateo County,SAN MATEO,2020,762727,115935,0.152001
06081,CA,San Mateo County,SAN MATEO,2021,739330,112378,0.152
06081,CA,San Mateo County,SAN MATEO,2022,732485,111338,0.152
06081,CA,San Mateo County,SAN MATEO,2023,734267,111609,0.152001
06081,CA,San Mateo County,SAN MATEO,2024,742893,112920,0.152
06083,CA,Santa Barbara County,SANTA BARBARA,2020,448083,68109,0.152001
06083,CA,Santa Barbara County,SANTA BARBARA,2021,437117,66442,0.152
06083,CA,Santa Barbara County,SANTA BARBARA,2022,445286,67683,0.151999
06083,CA,Santa Barbara County,SANTA BARBARA,2023,443521,67415,0.152
06083,CA,Santa Barbara County,SANTA BARBARA,2024,444500,67564,0.152
06085,CA,Santa Clara County,SANTA CLARA,2020,1316181,292801,0.222463
06085,CA,Santa Clara County,SANTA CLARA,2021,1316181,292801,0.222463
06085,CA,Santa Clara County,SANTA CLARA,2022,1316181,292801,0.222463
06085,CA,Santa Clara County,SANTA CLARA,2023,1316181,292801,0.222463
06085,CA,Santa Clara County,SANTA CLARA,2024,1316181,292801,0.222463
06087,CA,Santa Cruz County,SANTA CRUZ,2020,271768,41309,0.152001
06087,CA,Santa Cruz County,SANTA CRUZ,2021,260904,39658,0.152002
06087,CA,Santa Cruz County,SANTA CRUZ,2022,265851,40410,0.152002
06087,CA,Santa Cruz County,SANTA CRUZ,2023,263699,40083,0.152003
06087,CA,Santa Cruz County,SANTA CRUZ,2024,262406,39886,0.152001
06089,CA,Shasta County,SHASTA,2020,182190,27692,0.151995
06089,CA,Shasta County,SHASTA,2021,182243,27701,0.152
06089,CA,Shasta County,SHASTA,2022,180972,27507,0.151996
06089,CA,Shasta County,SHASTA,2023,180656,27459,0.151996
06089,CA,Shasta County,SHASTA,2024,181121,27530,0.151998
06091,CA,Sierra County,SIERRA,2020,3229,491,0.152059
06091,CA,Sierra County,SIERRA,2021,3298,501,0.15191
06091,CA,Sierra County,SIERRA,2022,3215,488,0.151788
06091,CA,Sierra County,SIERRA,2023,3180,483,0.151887
06091,CA,Sierra County,SIERRA,2024,3113,473,0.151943
06093,CA,Siskiyou County,SISKIYOU,2020,43999,6688,0.152003
06093,CA,Siskiyou County,SISKIYOU,2021,44144,6710,0.152003
06093,CA,Siskiyou County,SISKIYOU,2022,43746,6650,0.152014
06093,CA,Siskiyou County,SISKIYOU,2023,42941,6527,0.151999
06093,CA,Siskiyou County,SISKIYOU,2024,42498,6460,0.152007
06095,CA,Solano County,SOLANO,2020,452887,68838,0.151998
06095,CA,Solano County,SOLANO,2021,450819,68524,0.151999
06095,CA,Solano County,SOLANO,2022,449724,68358,0.152
06095,CA,Solano County,SOLANO,2023,451060,68561,0.152
06095,CA,Solano County,SOLANO,2024,455101,69175,0.151999
06097,CA,Sonoma County,SONOMA,2020,488501,74252,0.152
06097,CA,Sonoma County,SONOMA,2021,484561,73653,0.151999
06097,CA,Sonoma County,SONOMA,2022,483398,73476,0.151999
06097,CA,Sonoma County,SONOMA,2023,483366,73472,0.152001
06097,CA,Sonoma County,SONOMA,2024,485375,73777,0.152
06099,CA,Stanislaus County,STANISLAUS,2020,553710,84164,0.152
06099,CA,Stanislaus County,STANISLAUS,2021,552939,84047,0.152
06099,CA,Stanislaus County,STANISLAUS,2022,552410,83967,0.152001
06099,CA,Stanislaus County,STANISLAUS,2023,553921,84196,0.152
06099,CA,Stanislaus County,STANISLAUS,2024,556972,84660,0.152
06101,CA,Sutter County,SUTTER,2020,99479,15121,0.152002
06101,CA,Sutter County,SUTTER,2021,99121,15067,0.152006
06101,CA,Sutter County,SUTTER,2022,98682,15000,0.152003
06101,CA,Sutter County,SUTTER,2023,98457,14966,0.152005
06101,CA,Sutter County,SUTTER,2024,98545,14979,0.152002
06103,CA,Tehama County,TEHAMA,2020,65690,9985,0.152002
06103,CA,Tehama County,TEHAMA,2021,65467,9951,0.152
06103,CA,Tehama County,TEHAMA,2022,65269,9921,0.152002
06103,CA,Tehama County,TEHAMA,2023,64959,9874,0.152004
06103,CA,Tehama County,TEHAMA,2024,64451,9797,0.152007
06105,CA,Trinity County,TRINITY,2020,16095,2447,0.152035
06105,CA,Trinity County,TRINITY,2021,16102,2448,0.152031
06105,CA,Trinity County,TRINITY,2022,15777,2399,0.152057
06105,CA,Trinity County,TRINITY,2023,15684,2384,0.152002
06105,CA,Trinity County,TRINITY,2024,15642,2378,0.152027
06107,CA,Tulare County,TULARE,2020,473944,72039,0.151999
06107,CA,Tulare County,TULARE,2021,476939,72495,0.152001
06107,CA,Tulare County,TULARE,2022,478288,72700,0.152
06107,CA,Tulare County,TULARE,2023,480747,73074,0.152001
06107,CA,Tulare County,TULARE,2024,483546,73499,0.152
06109,CA,Tuolumne County,TUOLUMNE,2020,55397,8421,0.152012
06109,CA,Tuolumne County,TUOLUMNE,2021,55126,8379,0.151997
06109,CA,Tuolumne County,TUOLUMNE,2022,53951,8201,0.152008
06109,CA,Tuolumne County,TUOLUMNE,2023,54123,8227,0.152006
06109,CA,Tuolumne County,TUOLUMNE,2024,53893,8192,0.152005
06111,CA,Ventura County,VENTURA,2020,843808,128259,0.152
06111,CA,Ventura County,VENTURA,2021,840009,127681,0.152
06111,CA,Ventura County,VENTURA,2022,835032,126925,0.152
06111,CA,Ventura County,VENTURA,2023,833071,126627,0.152
06111,CA,Ventura County,VENTURA,2024,835427,126985,0.152
06113,CA,Yolo County,YOLO,2020,217768,33101,0.152001
06113,CA,Yolo County,YOLO,2021,213545,32459,0.152001
06113,CA,Yolo County,YOLO,2022,223338,33947,0.151998
06113,CA,Yolo County,YOLO,2023,222919,33884,0.152001
06113,CA,Yolo County,YOLO,2024,225251,34238,0.151999
06115,CA,Yuba County,YUBA,2020,82001,12464,0.151998
06115,CA,Yuba County,YUBA,2021,83035,12621,0.151996
06115,CA,Yuba County,YUBA,2022,84335,12819,0.152001
06115,CA,Yuba County,YUBA,2023,85695,13025,0.151993
06115,CA,Yuba County,YUBA,2024,87469,13295,0.151997
08001,CO,Adams County,ADAMS,2020,520517,78598,0.151
08001,CO,Adams County,ADAMS,2021,523603,79064,0.151
08001,CO,Adams County,ADAMS,2022,528356,79782,0.151
08001,CO,Adams County,ADAMS,2023,535677,80887,0.151
08001,CO,Adams County,ADAMS,2024,542973,81989,0.151
08003,CO,Alamosa County,ALAMOSA,2020,16375,2473,0.151023
08003,CO,Alamosa County,ALAMOSA,2021,16578,2503,0.150983
08003,CO,Alamosa County,ALAMOSA,2022,16593,2506,0.151028
08003,CO,Alamosa County,ALAMOSA,2023,16668,2517,0.151008
08003,CO,Alamosa County,ALAMOSA,2024,16689,2520,0.150998
08005,CO,Arapahoe County,ARAPAHOE,2020,655312,98952,0.151
08005,CO,Arapahoe County,ARAPAHOE,2021,656952,99200,0.151
08005,CO,Arapahoe County,ARAPAHOE,2022,658176,99385,0.151001
08005,CO,Arapahoe County,ARAPAHOE,2023,661864,99942,0.151001
08005,CO,Arapahoe County,ARAPAHOE,2024,666918,100705,0.151001
08007,CO,Archuleta County,ARCHULETA,2020,13425,2027,0.150987
08007,CO,Archuleta County,ARCHULETA,2021,13809,2085,0.150988
08007,CO,Archuleta County,ARCHULETA,2022,13987,2112,0.150997
08007,CO,Archuleta County,ARCHULETA,2023,14167,2139,0.150985
08007,CO,Archuleta County,ARCHULETA,2024,14112,2131,0.151006
08009,CO,Baca County,BACA,2020,3482,525,0.150775
08009,CO,Baca County,BACA,2021,3491,527,0.15096
08009,CO,Baca County,BACA,2022,3435,518,0.150801
08009,CO,Baca County,BACA,2023,3363,507,0.150758
08009,CO,Baca County,BACA,2024,3367,508,0.150876
08011,CO,Bent County,BENT,2020,5480,828,0.151095
08011,CO,Bent County,BENT,2021,5346,808,0.151141
08011,CO,Bent County,BENT,2022,5430,820,0.151013
08011,CO,Bent County,BENT,2023,5712,863,0.151085
08011,CO,Bent County,BENT,2024,5779,873,0.151064
08013,CO,Boulder County,BOULDER,2020,330953,49974,0.151
08013,CO,Boulder County,BOULDER,2021,327133,49398,0.151003
08013,CO,Boulder County,BOULDER,2022,328039,49534,0.151
08013,CO,Boulder County,BOULDER,2023,328419,49592,0.151002
08013,CO,Boulder County,BOULDER,2024,330262,49870,0.151001
08014,CO,Broomfield County,BROOMFIELD,2020,74494,11249,0.151005
08014,CO,Broomfield County,BROOMFIELD,2021,75430,11390,0.151001
08014,CO,Broomfield County,BROOMFIELD,2022,76245,11513,0.151
08014,CO,Broomfield County,BROOMFIELD,2023,77029,11632,0.151008
08014,CO,Broomfield County,BROOMFIELD,2024,78323,11827,0.151003
08015,CO,Chaffee County,CHAFFEE,2020,19488,2943,0.151016
08015,CO,Chaffee County,CHAFFEE,2021,19743,2981,0.15099
08015,CO,Chaffee County,CHAFFEE,2022,20266,3060,0.150992
08015,CO,Chaffee County,CHAFFEE,2023,20608,3112,0.151009
08015,CO,Chaffee County,CHAFFEE,2024,20780,3138,0.151011
08017,CO,Cheyenne County,CHEYENNE,2020,1746,264,0.151203
08017,CO,Cheyenne County,CHEYENNE,2021,1719,260,0.151251
08017,CO,Cheyenne County,CHEYENNE,2022,1734,262,0.151096
08017,CO,Cheyenne County,CHEYENNE,2023,1738,263,0.151323
08017,CO,Cheyenne County,CHEYENNE,2024,1712,259,0.151285
08019,CO,Clear Creek County,CLEAR CREEK,2020,9360,1413,0.150962
08019,CO,Clear Creek County,CLEAR CREEK,2021,9425,1423,0.150981
08019,CO,Clear Creek County,CLEAR CREEK,2022,9324,1407,0.150901
08019,CO,Clear Creek County,CLEAR CREEK,2023,9123,1377,0.150937
08019,CO,Clear Creek County,CLEAR CREEK,2024,9076,1370,0.150948
08021,CO,Conejos County,CONEJOS,2020,7451,1125,0.150986
08021,CO,Conejos County,CONEJOS,2021,7579,1145,0.151075
08021,CO,Conejos County,CONEJOS,2022,7560,1142,0.151058
08021,CO,Conejos County,CONEJOS,2023,7511,1134,0.150979
08021,CO,Conejos County,CONEJOS,2024,7549,1140,0.151013
08023,CO,Costilla County,COSTILLA,2020,3501,529,0.1511
08023,CO,Costilla County,COSTILLA,2021,3614,546,0.151079
08023,CO,Costilla County,COSTILLA,2022,3609,545,0.151011
08023,CO,Costilla County,COSTILLA,2023,3624,548,0.151214
08023,CO,Costilla County,COSTILLA,2024,3686,557,0.151112
08025,CO,Crowley County,CROWLEY,2020,5685,859,0.151099
08025,CO,Crowley County,CROWLEY,2021,5733,866,0.151055
08025,CO,Crowley County,CROWLEY,2022,5601,846,0.151044
08025,CO,Crowley County,CROWLEY,2023,5616,848,0.150997
08025,CO,Crowley County,CROWLEY,2024,5600,846,0.151071
08027,CO,Custer County,CUSTER,2020,4725,714,0.151111
08027,CO,Custer County,CUSTER,2021,5065,765,0.151037
08027,CO,Custer County,CUSTER,2022,5343,807,0.151039
08027,CO,Custer County,CUSTER,2023,5551,839,0.151144
08027,CO,Custer County,CUSTER,2024,5553,839,0.15109
08029,CO,Delta County,DELTA,2020,31056,4689,0.150985
08029,CO,Delta County,DELTA,2021,31387,4739,0.150986
08029,CO,Delta County,DELTA,2022,31573,4767,0.150983
08029,CO,Delta County,DELTA,2023,31760,4795,0.150976
08029,CO,Delta County,DELTA,2024,32215,4864,0.150986
08031,CO,Denver County,DENVER,2020,717620,108361,0.151001
08031,CO,Denver County,DENVER,2021,711530,107441,0.151
08031,CO,Denver County,DENVER,2022,714851,107943,0.151001
08031,CO,Denver County,DENVER,2023,721367,108927,0.151001
08031,CO,Denver County,DENVER,2024,729019,110082,0.151
08033,CO,Dolores County,DOLORES,2020,2331,352,0.151008
08033,CO,Dolores County,DOLORES,2021,2376,359,0.151094
08033,CO,Dolores County,DOLORES,2022,2460,372,0.15122
08033,CO,Dolores County,DOLORES,2023,2525,382,0.151287
08033,CO,Dolores County,DOLORES,2024,2467,373,0.151196
08035,CO,Douglas County,DOUGLAS,2020,360327,54409,0.150999
08035,CO,Douglas County,DOUGLAS,2021,369826,55843,0.150998
08035,CO,Douglas County,DOUGLAS,2022,376462,56846,0.151001
08035,CO,Douglas County,DOUGLAS,2023,385141,58156,0.150999
08035,CO,Douglas County,DOUGLAS,2024,393995,59493,0.150999
08037,CO,Eagle County,EAGLE,2020,55663,8405,0.150998
08037,CO,Eagle County,EAGLE,2021,55787,8424,0.151003
08037,CO,Eagle County,EAGLE,2022,55303,8351,0.151004
08037,CO,Eagle County,EAGLE,2023,54592,8244,0.151011
08037,CO,Eagle County,EAGLE,2024,54330,8204,0.151003
08039,CO,Elbert County,ELBERT,2020,26207,3958,0.151028
08039,CO,Elbert County,ELBERT,2021,27152,4100,0.151002
08039,CO,Elbert County,ELBERT,2022,27817,4201,0.151023
08039,CO,Elbert County,ELBERT,2023,28812,4351,0.151013
08039,CO,Elbert County,ELBERT,2024,29382,4437,0.151011
08041,CO,El Paso County,EL PASO,2020,733804,110805,0.151001
08041,CO,El Paso County,EL PASO,2021,738811,111561,0.151001
08041,CO,El Paso County,EL PASO,2022,742676,112144,0.151
08041,CO,El Paso County,EL PASO,2023,746934,112787,0.151
08041,CO,El Paso County,EL PASO,2024,752772,113669,0.151001
08043,CO,Fremont County,FREMONT,2020,48889,7382,0.150995
08043,CO,Fremont County,FREMONT,2021,49251,7437,0.151002
08043,CO,Fremont County,FREMONT,2022,49585,7487,0.150993
08043,CO,Fremont County,FREMONT,2023,50352,7603,0.150997
08043,CO,Fremont County,FREMONT,2024,50093,7564,0.150999
08045,CO,Garfield County,GARFIELD,2020,61803,9332,0.150996
08045,CO,Garfield County,GARFIELD,2021,62116,9379,0.150992
08045,CO,Garfield County,GARFIELD,2022,62388,9420,0.150991
08045,CO,Garfield County,GARFIELD,2023,62921,9501,0.150999
08045,CO,Garfield County,GARFIELD,2024,63167,9538,0.150997
08047,CO,Gilpin County,GILPIN,2020,5817,878,0.150937
08047,CO,Gilpin County,GILPIN,2021,5891,889,0.150908
08047,CO,Gilpin County,GILPIN,2022,5910,892,0.150931
08047,CO,Gilpin County,GILPIN,2023,5923,894,0.150937
08047,CO,Gilpin County,GILPIN,2024,5963,900,0.150931
08049,CO,Grand County,GRAND,2020,15747,2378,0.151013
08049,CO,Grand County,GRAND,2021,15854,2394,0.151003
08049,CO,Grand County,GRAND,2022,15748,2378,0.151003
08049,CO,Grand County,GRAND,2023,15971,2411,0.150961
08049,CO,Grand County,GRAND,2024,16154,2439,0.150984
08051,CO,Gunnison County,GUNNISON,2020,16946,2559,0.151009
08051,CO,Gunnison County,GUNNISON,2021,17296,2612,0.151018
08051,CO,Gunnison County,GUNNISON,2022,17319,2615,0.15099
08051,CO,Gunnison County,GUNNISON,2023,17334,2618,0.151033
08051,CO,Gunnison County,GUNNISON,2024,17310,2614,0.151011
08053,CO,Hinsdale County,HINSDALE,2020,864,113,0.130787
08053,CO,Hinsdale County,HINSDALE,2021,864,113,0.130787
08053,CO,Hinsdale County,HINSDALE,2022,864,113,0.130787
08053,CO,Hinsdale County,HINSDALE,2023,864,113,0.130787
08053,CO,Hinsdale County,HINSDALE,2024,864,113,0.130787
08055,CO,Huerfano County,HUERFANO,2020,6824,1030,0.150938
08055,CO,Huerfano County,HUERFANO,2021,6931,1046,0.150916
08055,CO,Huerfano County,HUERFANO,2022,7077,1068,0.150911
08055,CO,Huerfano County,HUERFANO,2023,7041,1063,0.150973
08055,CO,Huerfano County,HUERFANO,2024,6988,1055,0.150973
08057,CO,Jackson County,JACKSON,2020,1378,208,0.150943
08057,CO,Jackson County,JACKSON,2021,1358,205,0.150957
08057,CO,Jackson County,JACKSON,2022,1314,198,0.150685
08057,CO,Jackson County,JACKSON,2023,1316,198,0.150456
08057,CO,Jackson County,JACKSON,2024,1273,192,0.150825
08059,CO,Jefferson County,JEFFERSON,2020,583169,88058,0.150999
08059,CO,Jefferson County,JEFFERSON,2021,580854,87708,0.150998
08059,CO,Jefferson County,JEFFERSON,2022,576635,87071,0.150998
08059,CO,Jefferson County,JEFFERSON,2023,577693,87231,0.150999
08059,CO,Jefferson County,JEFFERSON,2024,578533,87358,0.150999
08061,CO,Kiowa County,KIOWA,2020,1452,219,0.150826
08061,CO,Kiowa County,KIOWA,2021,1451,219,0.15093
08061,CO,Kiowa County,KIOWA,2022,1430,216,0.151049
08061,CO,Kiowa County,KIOWA,2023,1376,208,0.151163
08061,CO,Kiowa County,KIOWA,2024,1392,210,0.150862
08063,CO,Kit Carson County,KIT CARSON,2020,7063,1066,0.150927
08063,CO,Kit Carson County,KIT CARSON,2021,6928,1046,0.150982
08063,CO,Kit Carson County,KIT CARSON,2022,7010,1058,0.150927
08063,CO,Kit Carson County,KIT CARSON,2023,7032,1062,0.151024
08063,CO,Kit Carson County,KIT CARSON,2024,7080,1069,0.150989
08065,CO,Lake County,LAKE,2020,7413,1120,0.151086
08065,CO,Lake County,LAKE,2021,7400,1118,0.151081
08065,CO,Lake County,LAKE,2022,7356,1111,0.151033
08065,CO,Lake County,LAKE,2023,7367,1113,0.151079
08065,CO,Lake County,LAKE,2024,7369,1113,0.151038
08067,CO,La Plata County,LA PLATA,2020,55676,8407,0.150999
08067,CO,La Plata County,LA PLATA,2021,56177,8482,0.150987
08067,CO,La Plata County,LA PLATA,2022,56577,8543,0.150998
08067,CO,La Plata County,LA PLATA,2023,56401,8516,0.15099
08067,CO,La Plata County,LA PLATA,2024,56823,8580,0.150995
08069,CO,Larimer County,LARIMER,2020,359932,54350,0.151001
08069,CO,Larimer County,LARIMER,2021,362785,54781,0.151001
08069,CO,Larimer County,LARIMER,2022,368017,55571,0.151001
08069,CO,Larimer County,LARIMER,2023,371530,56101,0.151
08069,CO,Larimer County,LARIMER,2024,374574,56561,0.151001
08071,CO,Las Animas County,LAS ANIMAS,2020,14500,2189,0.150966
08071,CO,Las Animas County,LAS ANIMAS,2021,14341,2165,0.150966
08071,CO,Las Animas County,LAS ANIMAS,2022,14312,2161,0.150992
08071,CO,Las Animas County,LAS ANIMAS,2023,14394,2173,0.150966
08071,CO,Las Animas County,LAS ANIMAS,2024,14518,2192,0.150985
08073,CO,Lincoln County,LINCOLN,2020,5661,855,0.151033
08073,CO,Lincoln County,LINCOLN,2021,5473,826,0.150923
08073,CO,Lincoln County,LINCOLN,2022,5520,833,0.150906
08073,CO,Lincoln County,LINCOLN,2023,5498,830,0.150964
08073,CO,Lincoln County,LINCOLN,2024,5598,845,0.150947
08075,CO,Logan County,LOGAN,2020,21209,3203,0.151021
08075,CO,Logan County,LOGAN,2021,21008,3172,0.15099
08075,CO,Logan County,LOGAN,2022,20829,3145,0.150991
08075,CO,Logan County,LOGAN,2023,20660,3120,0.151016
08075,CO,Logan County,LOGAN,2024,20755,3134,0.151
08077,CO,Mesa County,MESA,2020,156011,23557,0.150996
08077,CO,Mesa County,MESA,2021,157458,23776,0.150999
08077,CO,Mesa County,MESA,2022,158585,23946,0.150998
08077,CO,Mesa County,MESA,2023,159690,24113,0.150999
08077,CO,Mesa County,MESA,2024,161260,24350,0.150998
08079,CO,Mineral County,MINERAL,2020,871,132,0.15155
08079,CO,Mineral County,MINERAL,2021,925,140,0.151351
08079,CO,Mineral County,MINERAL,2022,923,139,0.150596
08079,CO,Mineral County,MINERAL,2023,932,141,0.151288
08079,CO,Mineral County,MINERAL,2024,933,141,0.151125
08081,CO,Moffat County,MOFFAT,2020,13269,2003,0.150953
08081,CO,Moffat County,MOFFAT,2021,13166,1988,0.150995
08081,CO,Moffat County,MOFFAT,2022,13172,1989,0.151002
08081,CO,Moffat County,MOFFAT,2023,13287,2006,0.150975
08081,CO,Moffat County,MOFFAT,2024,13142,1984,0.150966
08083,CO,Montezuma County,MONTEZUMA,2020,25889,3909,0.150991
08083,CO,Montezuma County,MONTEZUMA,2021,26238,3962,0.151002
08083,CO,Montezuma County,MONTEZUMA,2022,26491,4000,0.150995
08083,CO,Montezuma County,MONTEZUMA,2023,26600,4017,0.151015
08083,CO,Montezuma County,MONTEZUMA,2024,26841,4053,0.151
08085,CO,Montrose County,MONTROSE,2020,42820,6466,0.151004
08085,CO,Montrose County,MONTROSE,2021,43243,6530,0.151007
08085,CO,Montrose County,MONTROSE,2022,43845,6621,0.151009
08085,CO,Montrose County,MONTROSE,2023,44319,6692,0.150996
08085,CO,Montrose County,MONTROSE,2024,44806,6766,0.151007
08087,CO,Morgan County,MORGAN,2020,29082,4391,0.150987
08087,CO,Morgan County,MORGAN,2021,29018,4381,0.150975
08087,CO,Morgan County,MORGAN,2022,29392,4438,0.150993
08087,CO,Morgan County,MORGAN,2023,29806,4500,0.150976
08087,CO,Morgan County,MORGAN,2024,30300,4575,0.15099
08089,CO,Otero County,OTERO,2020,18664,2819,0.151039
08089,CO,Otero County,OTERO,2021,18530,2798,0.150998
08089,CO,Otero County,OTERO,2022,18272,2759,0.150996
08089,CO,Otero County,OTERO,2023,18148,2741,0.151036
08089,CO,Otero County,OTERO,2024,17991,2717,0.15102
08091,CO,Ouray County,OURAY,2020,4882,737,0.150963
08091,CO,Ouray County,OURAY,2021,5064,765,0.151066
08091,CO,Ouray County,OURAY,2022,5108,772,0.151135
08091,CO,Ouray County,OURAY,2023,5185,783,0.151013
08091,CO,Ouray County,OURAY,2024,5197,785,0.151049
08093,CO,Park County,PARK,2020,17420,2631,0.151033
08093,CO,Park County,PARK,2021,17747,2680,0.151011
08093,CO,Park County,PARK,2022,17929,2708,0.15104
08093,CO,Park County,PARK,2023,18121,2737,0.15104
08093,CO,Park County,PARK,2024,18316,2766,0.151016
08095,CO,Phillips County,PHILLIPS,2020,4531,684,0.15096
08095,CO,Phillips County,PHILLIPS,2021,4508,681,0.151065
08095,CO,Phillips County,PHILLIPS,2022,4464,674,0.150986
08095,CO,Phillips County,PHILLIPS,2023,4490,678,0.151002
08095,CO,Phillips County,PHILLIPS,2024,4488,678,0.15107
08097,CO,Pitkin County,PITKIN,2020,17365,2622,0.150993
08097,CO,Pitkin County,PITKIN,2021,17349,2620,0.151017
08097,CO,Pitkin County,PITKIN,2022,16877,2548,0.150975
08097,CO,Pitkin County,PITKIN,2023,16690,2520,0.150989
08097,CO,Pitkin County,PITKIN,2024,16643,2513,0.150994
08099,CO,Prowers County,PROWERS,2020,12020,1816,0.151082
08099,CO,Prowers County,PROWERS,2021,11948,1805,0.151071
08099,CO,Prowers County,PROWERS,2022,11834,1787,0.151006
08099,CO,Prowers County,PROWERS,2023,11789,1781,0.151073
08099,CO,Prowers County,PROWERS,2024,11957,1806,0.151041
08101,CO,Pueblo County,PUEBLO,2020,168352,25421,0.150999
08101,CO,Pueblo County,PUEBLO,2021,169354,25573,0.151003
08101,CO,Pueblo County,PUEBLO,2022,169485,25592,0.150999
08101,CO,Pueblo County,PUEBLO,2023,169723,25628,0.150999
08101,CO,Pueblo County,PUEBLO,2024,169866,25650,0.151001
08103,CO,Rio Blanco County,RIO BLANCO,2020,6521,985,0.15105
08103,CO,Rio Blanco County,RIO BLANCO,2021,6447,974,0.151078
08103,CO,Rio Blanco County,RIO BLANCO,2022,6561,991,0.151044
08103,CO,Rio Blanco County,RIO BLANCO,2023,6586,995,0.151078
08103,CO,Rio Blanco County,RIO BLANCO,2024,6607,998,0.151052
08105,CO,Rio Grande County,RIO GRANDE,2020,11543,1743,0.151001
08105,CO,Rio Grande County,RIO GRANDE,2021,11409,1723,0.151021
08105,CO,Rio Grande County,RIO GRANDE,2022,11329,1711,0.151028
08105,CO,Rio Grande County,RIO GRANDE,2023,11194,1690,0.150974
08105,CO,Rio Grande County,RIO GRANDE,2024,11132,1681,0.151006
08107,CO,Routt County,ROUTT,2020,24840,3751,0.151006
08107,CO,Routt County,ROUTT,2021,25069,3786,0.151023
08107,CO,Routt County,ROUTT,2022,25112,3792,0.151004
08107,CO,Routt County,ROUTT,2023,25154,3799,0.15103
08107,CO,Routt County,ROUTT,2024,25243,3812,0.151012
08109,CO,Saguache County,SAGUACHE,2020,6395,965,0.150899
08109,CO,Saguache County,SAGUACHE,2021,6517,984,0.15099
08109,CO,Saguache County,SAGUACHE,2022,6632,1001,0.150935
08109,CO,Saguache County,SAGUACHE,2023,6687,1010,0.151039
08109,CO,Saguache County,SAGUACHE,2024,6670,1007,0.150975
08111,CO,San Juan County,SAN JUAN,2020,864,124,0.143519
08111,CO,San Juan County,SAN JUAN,2021,864,124,0.143519
08111,CO,San Juan County,SAN JUAN,2022,864,124,0.143519
08111,CO,San Juan County,SAN JUAN,2023,864,124,0.143519
08111,CO,San Juan County,SAN JUAN,2024,864,124,0.143519
08113,CO,San Miguel County,SAN MIGUEL,2020,8054,1216,0.150981
08113,CO,San Miguel County,SAN MIGUEL,2021,8082,1221,0.151076
08113,CO,San Miguel County,SAN MIGUEL,2022,8011,1210,0.151042
08113,CO,San Miguel County,SAN MIGUEL,2023,7874,1189,0.151003
08113,CO,San Miguel County,SAN MIGUEL,2024,7819,1181,0.151042
08115,CO,Sedgwick County,SEDGWICK,2020,2389,361,0.151109
08115,CO,Sedgwick County,SEDGWICK,2021,2328,352,0.151203
08115,CO,Sedgwick County,SEDGWICK,2022,2294,347,0.151264
08115,CO,Sedgwick County,SEDGWICK,2023,2305,348,0.150976
08115,CO,Sedgwick County,SEDGWICK,2024,2257,341,0.151086
08117,CO,Summit County,SUMMIT,2020,31239,4717,0.150997
08117,CO,Summit County,SUMMIT,2021,31235,4716,0.150984
08117,CO,Summit County,SUMMIT,2022,30905,4666,0.150979
08117,CO,Summit County,SUMMIT,2023,30824,4654,0.150986
08117,CO,Summit County,SUMMIT,2024,30882,4663,0.150994
08119,CO,Teller County,TELLER,2020,24745,3736,0.15098
08119,CO,Teller County,TELLER,2021,24951,3767,0.150976
08119,CO,Teller County,TELLER,2022,24858,3753,0.150978
08119,CO,Teller County,TELLER,2023,24711,3731,0.150985
08119,CO,Teller County,TELLER,2024,24862,3754,0.150993
08121,CO,Washington County,WASHINGTON,2020,4814,726,0.15081
08121,CO,Washington County,WASHINGTON,2021,4869,735,0.150955
08121,CO,Washington County,WASHINGTON,2022,4840,730,0.150826
08121,CO,Washington County,WASHINGTON,2023,4859,733,0.150854
08121,CO,Washington County,WASHINGTON,2024,4771,720,0.150912
08123,CO,Weld County,WELD,2020,331467,50051,0.150998
08123,CO,Weld County,WELD,2021,339942,51331,0.150999
08123,CO,Weld County,WELD,2022,350610,52942,0.151
08123,CO,Weld County,WELD,2023,360216,54392,0.150998
08123,CO,Weld County,WELD,2024,369745,55831,0.150999
08125,CO,Yuma County,YUMA,2020,9970,1505,0.150953
08125,CO,Yuma County,YUMA,2021,9926,1499,0.151018
08125,CO,Yuma County,YUMA,2022,9970,1505,0.150953
08125,CO,Yuma County,YUMA,2023,9981,1507,0.150987
08125,CO,Yuma County,YUMA,2024,10048,1517,0.150975
09110,CT,Capitol Planning Region,CAPITOL PLANNING REGION,2020,964088,173535,0.179999
09110,CT,Capitol Planning Region,CAPITOL PLANNING REGION,2021,971938,174948,0.179999
09110,CT,Capitol Planning Region,CAPITOL PLANNING REGION,2022,975591,175606,0.18
09110,CT,Capitol Planning Region,CAPITOL PLANNING REGION,2023,983326,176998,0.179999
09110,CT,Capitol Planning Region,CAPITOL PLANNING REGION,2024,991508,178471,0.18
09120,CT,Greater Bridgeport Planning Region,GREATER BRIDGEPORT PLANNING REGION,2020,324397,58392,0.180002
09120,CT,Greater Bridgeport Planning Region,GREATER BRIDGEPORT PLANNING REGION,2021,326799,58824,0.180001
09120,CT,Greater Bridgeport Planning Region,GREATER BRIDGEPORT PLANNING REGION,2022,328131,59064,0.180001
09120,CT,Greater Bridgeport Planning Region,GREATER BRIDGEPORT PLANNING REGION,2023,331300,59634,0.18
09120,CT,Greater Bridgeport Planning Region,GREATER BRIDGEPORT PLANNING REGION,2024,335666,60420,0.18
09130,CT,Lower Connecticut River Valley Planning Region,LOWER CONNECTICUT RIVER VALLEY PLANNING REGION,2020,173281,31190,0.179997
09130,CT,Lower Connecticut River Valley Planning Region,LOWER CONNECTICUT RIVER VALLEY PLANNING REGION,2021,175456,31582,0.18
09130,CT,Lower Connecticut River Valley Planning Region,LOWER CONNECTICUT RIVER VALLEY PLANNING REGION,2022,176159,31708,0.179996
09130,CT,Lower Connecticut River Valley Planning Region,LOWER CONNECTICUT RIVER VALLEY PLANNING REGION,2023,176674,31801,0.179998
09130,CT,Lower Connecticut River Valley Planning Region,LOWER CONNECTICUT RIVER VALLEY PLANNING REGION,2024,177540,31957,0.179999
09140,CT,Naugatuck Valley Planning Region,NAUGATUCK VALLEY PLANNING REGION,2020,449055,80830,0.18
09140,CT,Naugatuck Valley Planning Region,NAUGATUCK VALLEY PLANNING REGION,2021,452095,81377,0.18
09140,CT,Naugatuck Valley Planning Region,NAUGATUCK VALLEY PLANNING REGION,2022,453868,81697,0.180002
09140,CT,Naugatuck Valley Planning Region,NAUGATUCK VALLEY PLANNING REGION,2023,457609,82370,0.180001
09140,CT,Naugatuck Valley Planning Region,NAUGATUCK VALLEY PLANNING REGION,2024,462220,83200,0.180001
09150,CT,Northeastern Connecticut Planning Region,NORTHEASTERN CONNECTICUT PLANNING REGION,2020,95231,17141,0.179994
09150,CT,Northeastern Connecticut Planning Region,NORTHEASTERN CONNECTICUT PLANNING REGION,2021,95624,17212,0.179997
09150,CT,Northeastern Connecticut Planning Region,NORTHEASTERN CONNECTICUT PLANNING REGION,2022,96169,17310,0.179996
09150,CT,Northeastern Connecticut Planning Region,NORTHEASTERN CONNECTICUT PLANNING REGION,2023,96834,17430,0.179999
09150,CT,Northeastern Connecticut Planning Region,NORTHEASTERN CONNECTICUT PLANNING REGION,2024,97701,17586,0.179998
09160,CT,Northwest Hills Planning Region,NORTHWEST HILLS PLANNING REGION,2020,112199,20196,0.180002
09160,CT,Northwest Hills Planning Region,NORTHWEST HILLS PLANNING REGION,2021,112952,20331,0.179997
09160,CT,Northwest Hills Planning Region,NORTHWEST HILLS PLANNING REGION,2022,113289,20392,0.18
09160,CT,Northwest Hills Planning Region,NORTHWEST HILLS PLANNING REGION,2023,113538,20437,0.180001
09160,CT,Northwest Hills Planning Region,NORTHWEST HILLS PLANNING REGION,2024,114101,20538,0.179998
09170,CT,South Central Connecticut Planning Region,SOUTH CENTRAL CONNECTICUT PLANNING REGION,2020,564526,101614,0.179999
09170,CT,South Central Connecticut Planning Region,SOUTH CENTRAL CONNECTICUT PLANNING REGION,2021,568961,102413,0.18
09170,CT,South Central Connecticut Planning Region,SOUTH CENTRAL CONNECTICUT PLANNING REGION,2022,569866,102576,0.18
09170,CT,South Central Connecticut Planning Region,SOUTH CENTRAL CONNECTICUT PLANNING REGION,2023,572919,103125,0.179999
09170,CT,South Central Connecticut Planning Region,SOUTH CENTRAL CONNECTICUT PLANNING REGION,2024,576718,103809,0.18
09180,CT,Southeastern Connecticut Planning Region,SOUTHEASTERN CONNECTICUT PLANNING REGION,2020,278379,50108,0.179999
09180,CT,Southeastern Connecticut Planning Region,SOUTHEASTERN CONNECTICUT PLANNING REGION,2021,278855,50194,0.18
09180,CT,Southeastern Connecticut Planning Region,SOUTHEASTERN CONNECTICUT PLANNING REGION,2022,279398,50291,0.179998
09180,CT,Southeastern Connecticut Planning Region,SOUTHEASTERN CONNECTICUT PLANNING REGION,2023,280622,50512,0.18
09180,CT,Southeastern Connecticut Planning Region,SOUTHEASTERN CONNECTICUT PLANNING REGION,2024,282602,50868,0.179999
09190,CT,Western Connecticut Planning Region,WESTERN CONNECTICUT PLANNING REGION,2020,618762,111377,0.18
09190,CT,Western Connecticut Planning Region,WESTERN CONNECTICUT PLANNING REGION,2021,623927,112307,0.18
09190,CT,Western Connecticut Planning Region,WESTERN CONNECTICUT PLANNING REGION,2022,625454,112581,0.179999
09190,CT,Western Connecticut Planning Region,WESTERN CONNECTICUT PLANNING REGION,2023,630201,113436,0.18
09190,CT,Western Connecticut Planning Region,WESTERN CONNECTICUT PLANNING REGION,2024,637013,114662,0.179999
10001,DE,Kent County,KENT,2020,182317,35187,0.192999
10001,DE,Kent County,KENT,2021,185069,35718,0.192998
10001,DE,Kent County,KENT,2022,187819,36249,0.193
10001,DE,Kent County,KENT,2023,190123,36694,0.193001
10001,DE,Kent County,KENT,2024,192690,37189,0.192999
10003,DE,New Castle County,NEW CASTLE,2020,570957,110195,0.193001
10003,DE,New Castle County,NEW CASTLE,2021,572116,110418,0.192999
10003,DE,New Castle County,NEW CASTLE,2022,576316,111229,0.193
10003,DE,New Castle County,NEW CASTLE,2023,582325,112389,0.193
10003,DE,New Castle County,NEW CASTLE,2024,588093,113502,0.193
10005,DE,Sussex County,SUSSEX,2020,238654,46060,0.192999
10005,DE,Sussex County,SUSSEX,2021,247877,47840,0.192999
10005,DE,Sussex County,SUSSEX,2022,256490,49503,0.193002
10005,DE,Sussex County,SUSSEX,2023,263975,50947,0.192999
10005,DE,Sussex County,SUSSEX,2024,271134,52329,0.193001
11001,DC,District of Columbia,DISTRICT OF COLUMBIA,2020,670917,95941,0.143
11001,DC,District of Columbia,DISTRICT OF COLUMBIA,2021,669256,95704,0.143001
11001,DC,District of Columbia,DISTRICT OF COLUMBIA,2022,676725,96772,0.143
11001,DC,District of Columbia,DISTRICT OF COLUMBIA,2023,687324,98288,0.143001
11001,DC,District of Columbia,DISTRICT OF COLUMBIA,2024,702250,100422,0.143
12001,FL,Alachua County,ALACHUA,2020,279765,60988,0.217997
12001,FL,Alachua County,ALACHUA,2021,281710,61412,0.217997
12001,FL,Alachua County,ALACHUA,2022,285241,62182,0.217998
12001,FL,Alachua County,ALACHUA,2023,288962,62993,0.217998
12001,FL,Alachua County,ALACHUA,2024,291782,63608,0.217998
12003,FL,Baker County,BAKER,2020,28122,6131,0.218014
12003,FL,Baker County,BAKER,2021,28378,6187,0.218021
12003,FL,Baker County,BAKER,2022,27781,6056,0.217991
12003,FL,Baker County,BAKER,2023,28542,6222,0.217995
12003,FL,Baker County,BAKER,2024,29325,6393,0.218005
12005,FL,Bay County,BAY,2020,174543,38051,0.218004
12005,FL,Bay County,BAY,2021,179548,39142,0.218003
12005,FL,Bay County,BAY,2022,185732,40490,0.218002
12005,FL,Bay County,BAY,2023,192422,41948,0.218
12005,FL,Bay County,BAY,2024,199718,43539,0.218002
12007,FL,Bradford County,BRADFORD,2020,28229,6154,0.218003
12007,FL,Bradford County,BRADFORD,2021,28057,6116,0.217985
12007,FL,Bradford County,BRADFORD,2022,27275,5946,0.218002
12007,FL,Bradford County,BRADFORD,2023,27788,6057,0.217972
12007,FL,Bradford County,BRADFORD,2024,28075,6120,0.217988
12009,FL,Brevard County,BREVARD,2020,608792,132716,0.217999
12009,FL,Brevard County,BREVARD,2021,618000,134724,0.218
12009,FL,Brevard County,BREVARD,2022,631956,137766,0.217999
12009,FL,Brevard County,BREVARD,2023,646705,140981,0.217999
12009,FL,Brevard County,BREVARD,2024,658447,143541,0.217999
12011,FL,Broward County,BROWARD,2020,1316181,444169,0.337468
12011,FL,Broward County,BROWARD,2021,1316181,444169,0.337468
12011,FL,Broward County,BROWARD,2022,1316181,444169,0.337468
12011,FL,Broward County,BROWARD,2023,1316181,444169,0.337468
12011,FL,Broward County,BROWARD,2024,1316181,444169,0.337468
12013,FL,Calhoun County,CALHOUN,2020,13704,2988,0.218039
12013,FL,Calhoun County,CALHOUN,2021,13520,2948,0.218047
12013,FL,Calhoun County,CALHOUN,2022,13462,2935,0.218021
12013,FL,Calhoun County,CALHOUN,2023,13497,2943,0.218048
12013,FL,Calhoun County,CALHOUN,2024,13278,2895,0.21803
12015,FL,Charlotte County,CHARLOTTE,2020,188017,40988,0.218002
12015,FL,Charlotte County,CHARLOTTE,2021,194982,42506,0.218
12015,FL,Charlotte County,CHARLOTTE,2022,203113,44279,0.218002
12015,FL,Charlotte County,CHARLOTTE,2023,207085,45145,0.218002
12015,FL,Charlotte County,CHARLOTTE,2024,212122,46243,0.218002
12017,FL,Citrus County,CITRUS,2020,154569,33696,0.218
12017,FL,Citrus County,CITRUS,2021,158193,34486,0.218
12017,FL,Citrus County,CITRUS,2022,162586,35444,0.218002
12017,FL,Citrus County,CITRUS,2023,166836,36370,0.217999
12017,FL,Citrus County,CITRUS,2024,170174,37098,0.218
12019,FL,Clay County,CLAY,2020,218956,47733,0.218003
12019,FL,Clay County,CLAY,2021,222671,48543,0.218003
12019,FL,Clay County,CLAY,2022,226797,49442,0.218001
12019,FL,Clay County,CLAY,2023,232734,50736,0.218
12019,FL,Clay County,CLAY,2024,236760,51614,0.218001
12021,FL,Collier County,COLLIER,2020,377331,82258,0.218
12021,FL,Collier County,COLLIER,2021,387316,84435,0.218
12021,FL,Collier County,COLLIER,2022,400510,87311,0.218
12021,FL,Collier County,COLLIER,2023,410065,89394,0.218
12021,FL,Collier County,COLLIER,2024,416233,90739,0.218
12023,FL,Columbia County,COLUMBIA,2020,69760,15208,0.218005
12023,FL,Columbia County,COLUMBIA,2021,69945,15248,0.218
12023,FL,Columbia County,COLUMBIA,2022,71941,15683,0.217998
12023,FL,Columbia County,COLUMBIA,2023,73324,15985,0.218005
12023,FL,Columbia County,COLUMBIA,2024,73977,16127,0.218
12027,FL,DeSoto County,DESOTO,2020,34089,7431,0.217988
12027,FL,DeSoto County,DESOTO,2021,34341,7486,0.21799
12027,FL,DeSoto County,DESOTO,2022,35483,7735,0.217992
12027,FL,DeSoto County,DESOTO,2023,36274,7908,0.218007
12027,FL,DeSoto County,DESOTO,2024,36744,8010,0.217995
12029,FL,Dixie County,DIXIE,2020,16685,3637,0.21798
12029,FL,Dixie County,DIXIE,2021,16929,3691,0.218028
12029,FL,Dixie County,DIXIE,2022,16839,3671,0.218006
12029,FL,Dixie County,DIXIE,2023,17221,3754,0.21799
12029,FL,Dixie County,DIXIE,2024,17614,3840,0.218008
12031,FL,Duval County,DUVAL,2020,997826,217526,0.218
12031,FL,Duval County,DUVAL,2021,1002908,218634,0.218
12031,FL,Duval County,DUVAL,2022,1021040,222587,0.218
12031,FL,Duval County,DUVAL,2023,1038833,226466,0.218
12031,FL,Duval County,DUVAL,2024,1055159,230025,0.218
12033,FL,Escambia County,ESCAMBIA,2020,322612,70329,0.217999
12033,FL,Escambia County,ESCAMBIA,2021,323468,70516,0.218
12033,FL,Escambia County,ESCAMBIA,2022,324227,70682,0.218002
12033,FL,Escambia County,ESCAMBIA,2023,328034,71511,0.217999
12033,FL,Escambia County,ESCAMBIA,2024,331275,72218,0.218
12035,FL,Flagler County,FLAGLER,2020,116032,25295,0.218
12035,FL,Flagler County,FLAGLER,2021,120996,26377,0.217999
12035,FL,Flagler County,FLAGLER,2022,126974,27680,0.217997
12035,FL,Flagler County,FLAGLER,2023,131892,28752,0.217997
12035,FL,Flagler County,FLAGLER,2024,136744,29810,0.217999
12037,FL,Franklin County,FRANKLIN,2020,12474,2719,0.217973
12037,FL,Franklin County,FRANKLIN,2021,12194,2658,0.217976
12037,FL,Franklin County,FRANKLIN,2022,12491,2723,0.217997
12037,FL,Franklin County,FRANKLIN,2023,12628,2752,0.217928
12037,FL,Franklin County,FRANKLIN,2024,12979,2829,0.217967
12039,FL,Gadsden County,GADSDEN,2020,43408,9463,0.218001
12039,FL,Gadsden County,GADSDEN,2021,43502,9484,0.218013
12039,FL,Gadsden County,GADSDEN,2022,43389,9459,0.218005
12039,FL,Gadsden County,GADSDEN,2023,44100,9614,0.218005
12039,FL,Gadsden County,GADSDEN,2024,44151,9625,0.218002
12041,FL,Gilchrist County,GILCHRIST,2020,17885,3899,0.218004
12041,FL,Gilchrist County,GILCHRIST,2021,18319,3994,0.218025
12041,FL,Gilchrist County,GILCHRIST,2022,19027,4148,0.218006
12041,FL,Gilchrist County,GILCHRIST,2023,19735,4302,0.217988
12041,FL,Gilchrist County,GILCHRIST,2024,20233,4411,0.21801
12043,FL,Glades County,GLADES,2020,12079,2633,0.217982
12043,FL,Glades County,GLADES,2021,12269,2675,0.218029
12043,FL,Glades County,GLADES,2022,12496,2724,0.21799
12043,FL,Glades County,GLADES,2023,12839,2799,0.218008
12043,FL,Glades County,GLADES,2024,13132,2863,0.218017
12045,FL,Gulf County,GULF,2020,14259,3108,0.217968
12045,FL,Gulf County,GULF,2021,14462,3153,0.21802
12045,FL,Gulf County,GULF,2022,15302,3336,0.218011
12045,FL,Gulf County,GULF,2023,15757,3435,0.217998
12045,FL,Gulf County,GULF,2024,15876,3461,0.218002
12047,FL,Hamilton County,HAMILTON,2020,13736,2995,0.21804
12047,FL,Hamilton County,HAMILTON,2021,13073,2850,0.218007
12047,FL,Hamilton County,HAMILTON,2022,13216,2881,0.217993
12047,FL,Hamilton County,HAMILTON,2023,13721,2991,0.217987
12047,FL,Hamilton County,HAMILTON,2024,14334,3125,0.218013
12049,FL,Hardee County,HARDEE,2020,25341,5525,0.218026
12049,FL,Hardee County,HARDEE,2021,25328,5522,0.21802
12049,FL,Hardee County,HARDEE,2022,25692,5601,0.218006
12049,FL,Hardee County,HARDEE,2023,25944,5656,0.218008
12049,FL,Hardee County,HARDEE,2024,26068,5683,0.218007
12051,FL,Hendry County,HENDRY,2020,39723,8659,0.217985
12051,FL,Hendry County,HENDRY,2021,40221,8768,0.217996
12051,FL,Hendry County,HENDRY,2022,41725,9096,0.217999
12051,FL,Hendry County,HENDRY,2023,44111,9616,0.217996
12051,FL,Hendry County,HENDRY,2024,46130,10056,0.217993
12053,FL,Hernando County,HERNANDO,2020,195629,42647,0.217999
12053,FL,Hernando County,HERNANDO,2021,200727,43759,0.218003
12053,FL,Hernando County,HERNANDO,2022,207169,45163,0.218001
12053,FL,Hernando County,HERNANDO,2023,213415,46525,0.218002
12053,FL,Hernando County,HERNANDO,2024,218150,47557,0.218001
12055,FL,Highlands County,HIGHLANDS,2020,101340,22092,0.217999
12055,FL,Highlands County,HIGHLANDS,2021,103286,22517,0.218006
12055,FL,Highlands County,HIGHLANDS,2022,105954,23098,0.218
12055,FL,Highlands County,HIGHLANDS,2023,108151,23577,0.218001
12055,FL,Highlands County,HIGHLANDS,2024,109778,23932,0.218004
12057,FL,Hillsborough County,HILLSBOROUGH,2020,1316181,344751,0.261933
12057,FL,Hillsborough County,HILLSBOROUGH,2021,1316181,344751,0.261933
12057,FL,Hillsborough County,HILLSBOROUGH,2022,1316181,344751,0.261933
12057,FL,Hillsborough County,HILLSBOROUGH,2023,1316181,344751,0.261933
12057,FL,Hillsborough County,HILLSBOROUGH,2024,1316181,344751,0.261933
12059,FL,Holmes County,HOLMES,2020,19569,4266,0.217998
12059,FL,Holmes County,HOLMES,2021,19136,4172,0.218018
12059,FL,Holmes County,HOLMES,2022,19324,4213,0.218019
12059,FL,Holmes County,HOLMES,2023,19662,4286,0.217984
12059,FL,Holmes County,HOLMES,2024,19876,4333,0.218002
12061,FL,Indian River County,INDIAN RIVER,2020,160452,34978,0.217997
12061,FL,Indian River County,INDIAN RIVER,2021,163903,35731,0.218001
12061,FL,Indian River County,INDIAN RIVER,2022,167698,36558,0.217999
12061,FL,Indian River County,INDIAN RIVER,2023,170487,37166,0.217999
12061,FL,Indian River County,INDIAN RIVER,2024,172139,37526,0.217998
12063,FL,Jackson County,JACKSON,2020,47106,10269,0.217998
12063,FL,Jackson County,JACKSON,2021,47138,10276,0.217998
12063,FL,Jackson County,JACKSON,2022,48294,10528,0.217998
12063,FL,Jackson County,JACKSON,2023,48731,10624,0.218013
12063,FL,Jackson County,JACKSON,2024,49980,10896,0.218007
12065,FL,Jefferson County,JEFFERSON,2020,14402,3140,0.218025
12065,FL,Jefferson County,JEFFERSON,2021,14497,3161,0.218045
12065,FL,Jefferson County,JEFFERSON,2022,15090,3290,0.218025
12065,FL,Jefferson County,JEFFERSON,2023,15547,3389,0.217984
12065,FL,Jefferson County,JEFFERSON,2024,15921,3471,0.218014
12067,FL,Lafayette County,LAFAYETTE,2020,8230,1795,0.218104
12067,FL,Lafayette County,LAFAYETTE,2021,7957,1735,0.218047
12067,FL,Lafayette County,LAFAYETTE,2022,7786,1698,0.218084
12067,FL,Lafayette County,LAFAYETTE,2023,8192,1786,0.218018
12067,FL,Lafayette County,LAFAYETTE,2024,8640,1884,0.218056
12069,FL,Lake County,LAKE,2020,386238,84199,0.217998
12069,FL,Lake County,LAKE,2021,396414,86418,0.217999
12069,FL,Lake County,LAKE,2022,410981,89593,0.217998
12069,FL,Lake County,LAKE,2023,426782,93038,0.217999
12069,FL,Lake County,LAKE,2024,444204,96836,0.217999
12071,FL,Lee County,LEE,2020,765566,166893,0.217999
12071,FL,Lee County,LEE,2021,791013,172441,0.218
12071,FL,Lee County,LEE,2022,826567,180192,0.218
12071,FL,Lee County,LEE,2023,844226,184041,0.218
12071,FL,Lee County,LEE,2024,860959,187689,0.218
12073,FL,Leon County,LEON,2020,293961,64083,0.217998
12073,FL,Leon County,LEON,2021,296057,64540,0.217999
12073,FL,Leon County,LEON,2022,298181,65003,0.217998
12073,FL,Leon County,LEON,2023,299024,65187,0.217999
12073,FL,Leon County,LEON,2024,300488,65506,0.217999
12075,FL,Levy County,LEVY,2020,43065,9388,0.217996
12075,FL,Levy County,LEVY,2021,44169,9629,0.218004
12075,FL,Levy County,LEVY,2022,45291,9874,0.218012
12075,FL,Levy County,LEVY,2023,46665,10173,0.218001
12075,FL,Levy County,LEVY,2024,47765,10413,0.218005
12077,FL,Liberty County,LIBERTY,2020,7806,1702,0.218037
12077,FL,Liberty County,LIBERTY,2021,7416,1617,0.218042
12077,FL,Liberty County,LIBERTY,2022,7609,1659,0.218031
12077,FL,Liberty County,LIBERTY,2023,7771,1694,0.21799
12077,FL,Liberty County,LIBERTY,2024,7955,1734,0.217976
12079,FL,Madison County,MADISON,2020,17838,3888,0.217962
12079,FL,Madison County,MADISON,2021,17943,3911,0.217968
12079,FL,Madison County,MADISON,2022,17978,3919,0.217989
12079,FL,Madison County,MADISON,2023,18322,3994,0.217989
12079,FL,Madison County,MADISON,2024,18364,4003,0.217981
12081,FL,Manatee County,MANATEE,2020,401644,87559,0.218002
12081,FL,Manatee County,MANATEE,2021,413805,90210,0.218001
12081,FL,Manatee County,MANATEE,2022,430700,93893,0.218001
12081,FL,Manatee County,MANATEE,2023,444457,96892,0.218001
12081,FL,Manatee County,MANATEE,2024,458352,99921,0.218001
12083,FL,Marion County,MARION,2020,377464,82287,0.218
12083,FL,Marion County,MARION,2021,385024,83935,0.217999
12083,FL,Marion County,MARION,2022,396661,86472,0.218
12083,FL,Marion County,MARION,2023,412338,89889,0.217998
12083,FL,Marion County,MARION,2024,428905,93501,0.217999
12085,FL,Martin County,MARTIN,2020,158669,34590,0.218001
12085,FL,Martin County,MARTIN,2021,159925,34863,0.217996
12085,FL,Martin County,MARTIN,2022,162379,35398,0.217996
12085,FL,Martin County,MARTIN,2023,164241,35804,0.217997
12085,FL,Martin County,MARTIN,2024,165666,36115,0.217999
12086,FL,Miami-Dade County,MIAMI-DADE,2020,1316181,526472,0.4
12086,FL,Miami-Dade County,MIAMI-DADE,2021,1316181,526472,0.4
12086,FL,Miami-Dade County,MIAMI-DADE,2022,1316181,526472,0.4
12086,FL,Miami-Dade County,MIAMI-DADE,2023,1316181,526472,0.4
12086,FL,Miami-Dade County,MIAMI-DADE,2024,1316181,526472,0.4
12087,FL,Monroe County,MONROE,2020,82851,18062,0.218006
12087,FL,Monroe County,MONROE,2021,82234,17927,0.218
12087,FL,Monroe County,MONROE,2022,82002,17876,0.217995
12087,FL,Monroe County,MONROE,2023,81306,17725,0.218004
12087,FL,Monroe County,MONROE,2024,80908,17638,0.218001
12089,FL,Nassau County,NASSAU,2020,91036,19846,0.218002
12089,FL,Nassau County,NASSAU,2021,94413,20582,0.218
12089,FL,Nassau County,NASSAU,2022,97891,21340,0.217998
12089,FL,Nassau County,NASSAU,2023,101579,22144,0.217998
12089,FL,Nassau County,NASSAU,2024,104376,22754,0.218
12091,FL,Okaloosa County,OKALOOSA,2020,212097,46237,0.217999
12091,FL,Okaloosa County,OKALOOSA,2021,213678,46582,0.218001
12091,FL,Okaloosa County,OKALOOSA,2022,217115,47331,0.218
12091,FL,Okaloosa County,OKALOOSA,2023,219624,47878,0.218
12091,FL,Okaloosa County,OKALOOSA,2024,220483,48065,0.217999
12093,FL,Okeechobee County,OKEECHOBEE,2020,39656,8645,0.218
12093,FL,Okeechobee County,OKEECHOBEE,2021,40034,8727,0.21799
12093,FL,Okeechobee County,OKEECHOBEE,2022,40416,8810,0.217983
12093,FL,Okeechobee County,OKEECHOBEE,2023,41603,9069,0.217989
12093,FL,Okeechobee County,OKEECHOBEE,2024,42369,9236,0.21799
12095,FL,Orange County,ORANGE,2020,1316181,334335,0.254019
12095,FL,Orange County,ORANGE,2021,1316181,334335,0.254019
12095,FL,Orange County,ORANGE,2022,1316181,334335,0.254019
12095,FL,Orange County,ORANGE,2023,1316181,334335,0.254019
12095,FL,Orange County,ORANGE,2024,1316181,334335,0.254019
12097,FL,Osceola County,OSCEOLA,2020,391163,85274,0.218001
12097,FL,Osceola County,OSCEOLA,2021,404055,88084,0.218
12097,FL,Osceola County,OSCEOLA,2022,426556,92990,0.218002
12097,FL,Osceola County,OSCEOLA,2023,447243,97499,0.218
12097,FL,Osceola County,OSCEOLA,2024,468058,102037,0.218001
12099,FL,Palm Beach County,PALM BEACH,2020,1316181,344888,0.262037
12099,FL,Palm Beach County,PALM BEACH,2021,1316181,344888,0.262037
12099,FL,Palm Beach County,PALM BEACH,2022,1316181,344888,0.262037
12099,FL,Palm Beach County,PALM BEACH,2023,1316181,344888,0.262037
12099,FL,Palm Beach County,PALM BEACH,2024,1316181,344888,0.262037
12101,FL,Pasco County,PASCO,2020,566182,123428,0.218001
12101,FL,Pasco County,PASCO,2021,585290,127593,0.218
12101,FL,Pasco County,PASCO,2022,610584,133107,0.217999
12101,FL,Pasco County,PASCO,2023,636049,138659,0.218
12101,FL,Pasco County,PASCO,2024,659114,143687,0.218
12103,FL,Pinellas County,PINELLAS,2020,959839,209245,0.218
12103,FL,Pinellas County,PINELLAS,2021,959703,209216,0.218001
12103,FL,Pinellas County,PINELLAS,2022,964693,210303,0.218
12103,FL,Pinellas County,PINELLAS,2023,967301,210872,0.218
12103,FL,Pinellas County,PINELLAS,2024,965870,210560,0.218
12105,FL,Polk County,POLK,2020,730179,159179,0.218
12105,FL,Polk County,POLK,2021,755712,164745,0.218
12105,FL,Polk County,POLK,2022,790530,172335,0.217999
12105,FL,Polk County,POLK,2023,824172,179669,0.217999
12105,FL,Polk County,POLK,2024,852878,185927,0.218
12107,FL,Putnam County,PUTNAM,2020,73386,15999,0.218012
12107,FL,Putnam County,PUTNAM,2021,74116,16158,0.21801
12107,FL,Putnam County,PUTNAM,2022,74805,16308,0.218007
12107,FL,Putnam County,PUTNAM,2023,76211,16614,0.218
12107,FL,Putnam County,PUTNAM,2024,77301,16852,0.218005
12109,FL,St. Johns County,ST. JOHNS,2020,277105,60409,0.218
12109,FL,St. Johns County,ST. JOHNS,2021,293292,63937,0.217998
12109,FL,St. Johns County,ST. JOHNS,2022,307837,67108,0.217998
12109,FL,St. Johns County,ST. JOHNS,2023,321510,70089,0.217999
12109,FL,St. Johns County,ST. JOHNS,2024,334928,73014,0.217999
12111,FL,St. Lucie County,ST. LUCIE,2020,331461,72258,0.217998
12111,FL,St. Lucie County,ST. LUCIE,2021,344300,75057,0.217999
12111,FL,St. Lucie County,ST. LUCIE,2022,359882,78454,0.217999
12111,FL,St. Lucie County,ST. LUCIE,2023,376186,82008,0.217999
12111,FL,St. Lucie County,ST. LUCIE,2024,390670,85166,0.218
12113,FL,Santa Rosa County,SANTA ROSA,2020,189022,41206,0.217996
12113,FL,Santa Rosa County,SANTA ROSA,2021,193751,42237,0.217996
12113,FL,Santa Rosa County,SANTA ROSA,2022,198363,43243,0.217999
12113,FL,Santa Rosa County,SANTA ROSA,2023,203569,44378,0.218
12113,FL,Santa Rosa County,SANTA ROSA,2024,207653,45268,0.217998
12115,FL,Sarasota County,SARASOTA,2020,436256,95104,0.218
12115,FL,Sarasota County,SARASOTA,2021,448730,97823,0.218
12115,FL,Sarasota County,SARASOTA,2022,464067,101167,0.218001
12115,FL,Sarasota County,SARASOTA,2023,472079,102914,0.218002
12115,FL,Sarasota County,SARASOTA,2024,476604,103900,0.218001
12117,FL,Seminole County,SEMINOLE,2020,471472,102781,0.218
12117,FL,Seminole County,SEMINOLE,2021,470935,102664,0.218
12117,FL,Seminole County,SEMINOLE,2022,481084,104876,0.217999
12117,FL,Seminole County,SEMINOLE,2023,489254,106657,0.217999
12117,FL,Seminole County,SEMINOLE,2024,494605,107824,0.218
12119,FL,Sumter County,SUMTER,2020,130303,28406,0.218
12119,FL,Sumter County,SUMTER,2021,134908,29410,0.218
12119,FL,Sumter County,SUMTER,2022,144978,31605,0.217999
12119,FL,Sumter County,SUMTER,2023,152157,33170,0.217999
12119,FL,Sumter County,SUMTER,2024,154693,33723,0.218
12121,FL,Suwannee County,SUWANNEE,2020,43530,9490,0.218011
12121,FL,Suwannee County,SUWANNEE,2021,44139,9622,0.217993
12121,FL,Suwannee County,SUWANNEE,2022,45370,9891,0.218007
12121,FL,Suwannee County,SUWANNEE,2023,46134,10057,0.217995
12121,FL,Suwannee County,SUWANNEE,2024,47536,10363,0.218003
12123,FL,Taylor County,TAYLOR,2020,21746,4741,0.218017
12123,FL,Taylor County,TAYLOR,2021,20811,4537,0.21801
12123,FL,Taylor County,TAYLOR,2022,21347,4654,0.218017
12123,FL,Taylor County,TAYLOR,2023,21766,4745,0.218001
12123,FL,Taylor County,TAYLOR,2024,21843,4762,0.21801
12125,FL,Union County,UNION,2020,15433,3365,0.218039
12125,FL,Union County,UNION,2021,15852,3456,0.218017
12125,FL,Union County,UNION,2022,15490,3377,0.218012
12125,FL,Union County,UNION,2023,15993,3487,0.218033
12125,FL,Union County,UNION,2024,15738,3431,0.218007
12127,FL,Volusia County,VOLUSIA,2020,555752,121154,0.218
12127,FL,Volusia County,VOLUSIA,2021,566481,123493,0.218
12127,FL,Volusia County,VOLUSIA,2022,580481,126545,0.218
12127,FL,Volusia County,VOLUSIA,2023,592622,129191,0.217999
12127,FL,Volusia County,VOLUSIA,2024,602772,131404,0.218
12129,FL,Wakulla County,WAKULLA,2020,33903,7391,0.218004
12129,FL,Wakulla County,WAKULLA,2021,34287,7475,0.218013
12129,FL,Wakulla County,WAKULLA,2022,35159,7665,0.21801
12129,FL,Wakulla County,WAKULLA,2023,36472,7951,0.218003
12129,FL,Wakulla County,WAKULLA,2024,37115,8091,0.217998
12131,FL,Walton County,WALTON,2020,75891,16544,0.217997
12131,FL,Walton County,WALTON,2021,79744,17384,0.217998
12131,FL,Walton County,WALTON,2022,83100,18116,0.218002
12131,FL,Walton County,WALTON,2023,86338,18822,0.218004
12131,FL,Walton County,WALTON,2024,89666,19547,0.217998
12133,FL,Washington County,WASHINGTON,2020,25314,5519,0.218022
12133,FL,Washington County,WASHINGTON,2021,24856,5419,0.218016
12133,FL,Washington County,WASHINGTON,2022,25426,5543,0.218005
12133,FL,Washington County,WASHINGTON,2023,25545,5569,0.218007
12133,FL,Washington County,WASHINGTON,2024,26503,5778,0.218013
13001,GA,Appling County,APPLING,2020,18378,2849,0.155022
13001,GA,Appling County,APPLING,2021,18421,2856,0.15504
13001,GA,Appling County,APPLING,2022,18479,2865,0.155041
13001,GA,Appling County,APPLING,2023,18517,2870,0.154993
13001,GA,Appling County,APPLING,2024,18669,2894,0.155016
13003,GA,Atkinson County,ATKINSON,2020,8312,1288,0.154957
13003,GA,Atkinson County,ATKINSON,2021,8353,1294,0.154914
13003,GA,Atkinson County,ATKINSON,2022,8236,1276,0.15493
13003,GA,Atkinson County,ATKINSON,2023,8351,1294,0.154952
13003,GA,Atkinson County,ATKINSON,2024,8435,1307,0.15495
13005,GA,Bacon County,BACON,2020,11113,1723,0.155044
13005,GA,Bacon County,BACON,2021,11074,1716,0.154958
13005,GA,Bacon County,BACON,2022,11174,1732,0.155003
13005,GA,Bacon County,BACON,2023,11140,1727,0.155027
13005,GA,Bacon County,BACON,2024,11045,1712,0.155002
13007,GA,Baker County,BAKER,2020,2850,441,0.154737
13007,GA,Baker County,BAKER,2021,2824,437,0.154745
13007,GA,Baker County,BAKER,2022,2796,433,0.154864
13007,GA,Baker County,BAKER,2023,2750,426,0.154909
13007,GA,Baker County,BAKER,2024,2732,423,0.154832
13009,GA,Baldwin County,BALDWIN,2020,43793,6788,0.155002
13009,GA,Baldwin County,BALDWIN,2021,43703,6774,0.155001
13009,GA,Baldwin County,BALDWIN,2022,43649,6766,0.155009
13009,GA,Baldwin County,BALDWIN,2023,43423,6731,0.15501
13009,GA,Baldwin County,BALDWIN,2024,43644,6765,0.155004
13011,GA,Banks County,BANKS,2020,18139,2811,0.15497
13011,GA,Banks County,BANKS,2021,18597,2882,0.154971
13011,GA,Banks County,BANKS,2022,19404,3007,0.154968
13011,GA,Banks County,BANKS,2023,19863,3078,0.154961
13011,GA,Banks County,BANKS,2024,20318,3149,0.154986
13013,GA,Barrow County,BARROW,2020,84006,13021,0.155001
13013,GA,Barrow County,BARROW,2021,86759,13448,0.155004
13013,GA,Barrow County,BARROW,2022,89359,13851,0.155004
13013,GA,Barrow County,BARROW,2023,93011,14417,0.155003
13013,GA,Barrow County,BARROW,2024,96294,14926,0.155004
13015,GA,Bartow County,BARTOW,2020,109321,16945,0.155002
13015,GA,Bartow County,BARTOW,2021,110953,17198,0.155003
13015,GA,Bartow County,BARTOW,2022,112805,17485,0.155002
13015,GA,Bartow County,BARTOW,2023,114977,17822,0.155005
13015,GA,Bartow County,BARTOW,2024,117508,18214,0.155002
13017,GA,Ben Hill County,BEN HILL,2020,17166,2660,0.154957
13017,GA,Ben Hill County,BEN HILL,2021,17128,2654,0.154951
13017,GA,Ben Hill County,BEN HILL,2022,17055,2643,0.154969
13017,GA,Ben Hill County,BEN HILL,2023,17150,2658,0.154985
13017,GA,Ben Hill County,BEN HILL,2024,16945,2626,0.154972
13019,GA,Berrien County,BERRIEN,2020,18148,2813,0.155003
13019,GA,Berrien County,BERRIEN,2021,18120,2808,0.154967
13019,GA,Berrien County,BERRIEN,2022,18238,2827,0.155006
13019,GA,Berrien County,BERRIEN,2023,18587,2881,0.155001
13019,GA,Berrien County,BERRIEN,2024,18666,2893,0.154988
13021,GA,Bibb County,BIBB,2020,157038,24341,0.155001
13021,GA,Bibb County,BIBB,2021,156005,24181,0.155001
13021,GA,Bibb County,BIBB,2022,156115,24198,0.155001
13021,GA,Bibb County,BIBB,2023,156676,24285,0.155001
13021,GA,Bibb County,BIBB,2024,157056,24344,0.155002
13023,GA,Bleckley County,BLECKLEY,2020,12525,1941,0.15497
13023,GA,Bleckley County,BLECKLEY,2021,12274,1902,0.154962
13023,GA,Bleckley County,BLECKLEY,2022,12270,1902,0.155012
13023,GA,Bleckley County,BLECKLEY,2023,12455,1930,0.154958
13023,GA,Bleckley County,BLECKLEY,2024,12626,1957,0.154998
13025,GA,Brantley County,BRANTLEY,2020,18046,2797,0.154993
13025,GA,Brantley County,BRANTLEY,2021,18123,2809,0.154996
13025,GA,Brantley County,BRANTLEY,2022,18196,2820,0.154979
13025,GA,Brantley County,BRANTLEY,2023,18417,2854,0.154966
13025,GA,Brantley County,BRANTLEY,2024,18795,2913,0.154988
13027,GA,Brooks County,BROOKS,2020,16271,2522,0.155
13027,GA,Brooks County,BROOKS,2021,16276,2522,0.154952
13027,GA,Brooks County,BROOKS,2022,16300,2526,0.154969
13027,GA,Brooks County,BROOKS,2023,16275,2522,0.154962
13027,GA,Brooks County,BROOKS,2024,16344,2533,0.15498
13029,GA,Bryan County,BRYAN,2020,45044,6982,0.155004
13029,GA,Bryan County,BRYAN,2021,46976,7281,0.154994
13029,GA,Bryan County,BRYAN,2022,48316,7489,0.155
13029,GA,Bryan County,BRYAN,2023,49876,7731,0.155004
13029,GA,Bryan County,BRYAN,2024,51105,7921,0.154995
13031,GA,Bulloch County,BULLOCH,2020,79918,12387,0.154996
13031,GA,Bulloch County,BULLOCH,2021,80682,12505,0.154991
13031,GA,Bulloch County,BULLOCH,2022,83027,12869,0.154998
13031,GA,Bulloch County,BULLOCH,2023,84332,13071,0.154995
13031,GA,Bulloch County,BULLOCH,2024,85454,13245,0.154996
13033,GA,Burke County,BURKE,2020,24640,3819,0.154992
13033,GA,Burke County,BURKE,2021,24372,3778,0.155014
13033,GA,Burke County,BURKE,2022,24433,3787,0.154995
13033,GA,Burke County,BURKE,2023,24431,3787,0.155008
13033,GA,Burke County,BURKE,2024,24472,3793,0.154993
13035,GA,Butts County,BUTTS,2020,25554,3961,0.155005
13035,GA,Butts County,BUTTS,2021,26177,4058,0.155022
13035,GA,Butts County,BUTTS,2022,26745,4146,0.15502
13035,GA,Butts County,BUTTS,2023,26875,4166,0.155014
13035,GA,Butts County,BUTTS,2024,27127,4205,0.155012
13037,GA,Calhoun County,CALHOUN,2020,5574,864,0.155005
13037,GA,Calhoun County,CALHOUN,2021,5543,859,0.15497
13037,GA,Calhoun County,CALHOUN,2022,5471,848,0.154999
13037,GA,Calhoun County,CALHOUN,2023,5462,846,0.154888
13037,GA,Calhoun County,CALHOUN,2024,5441,843,0.154935
13039,GA,Camden County,CAMDEN,2020,54929,8514,0.155
13039,GA,Camden County,CAMDEN,2021,55796,8648,0.154993
13039,GA,Camden County,CAMDEN,2022,57036,8840,0.15499
13039,GA,Camden County,CAMDEN,2023,57991,8988,0.15499
13039,GA,Camden County,CAMDEN,2024,59099,9160,0.154994
13043,GA,Candler County,CANDLER,2020,11026,1709,0.154997
13043,GA,Candler County,CANDLER,2021,10953,1698,0.155026
13043,GA,Candler County,CANDLER,2022,11000,1705,0.155
13043,GA,Candler County,CANDLER,2023,11106,1721,0.154961
13043,GA,Candler County,CANDLER,2024,11130,1725,0.154987
13045,GA,Carroll County,CARROLL,2020,119487,18520,0.154996
13045,GA,Carroll County,CARROLL,2021,121592,18847,0.155002
13045,GA,Carroll County,CARROLL,2022,124564,19307,0.154997
13045,GA,Carroll County,CARROLL,2023,127293,19730,0.154997
13045,GA,Carroll County,CARROLL,2024,129911,20136,0.154998
13047,GA,Catoosa County,CATOOSA,2020,68007,10541,0.154999
13047,GA,Catoosa County,CATOOSA,2021,68446,10609,0.154998
13047,GA,Catoosa County,CATOOSA,2022,68840,10670,0.154997
13047,GA,Catoosa County,CATOOSA,2023,68935,10685,0.155001
13047,GA,Catoosa County,CATOOSA,2024,68940,10686,0.155004
13049,GA,Charlton County,CHARLTON,2020,12533,1942,0.154951
13049,GA,Charlton County,CHARLTON,2021,12827,1988,0.154986
13049,GA,Charlton County,CHARLTON,2022,12781,1981,0.154996
13049,GA,Charlton County,CHARLTON,2023,12928,2004,0.155012
13049,GA,Charlton County,CHARLTON,2024,13021,2018,0.15498
13051,GA,Chatham County,CHATHAM,2020,295076,45737,0.155001
13051,GA,Chatham County,CHATHAM,2021,295714,45836,0.155001
13051,GA,Chatham County,CHATHAM,2022,301512,46734,0.154999
13051,GA,Chatham County,CHATHAM,2023,304757,47237,0.154999
13051,GA,Chatham County,CHATHAM,2024,307336,47637,0.155
13053,GA,Chattahoochee County,CHATTAHOOCHEE,2020,9481,1470,0.155047
13053,GA,Chattahoochee County,CHATTAHOOCHEE,2021,9047,1402,0.154968
13053,GA,Chattahoochee County,CHATTAHOOCHEE,2022,8773,1360,0.155021
13053,GA,Chattahoochee County,CHATTAHOOCHEE,2023,8588,1331,0.154984
13053,GA,Chattahoochee County,CHATTAHOOCHEE,2024,8548,1325,0.155007
13055,GA,Chattooga County,CHATTOOGA,2020,24929,3864,0.155
13055,GA,Chattooga County,CHATTOOGA,2021,24850,3851,0.15497
13055,GA,Chattooga County,CHATTOOGA,2022,24921,3862,0.15497
13055,GA,Chattooga County,CHATTOOGA,2023,25176,3902,0.154989
13055,GA,Chattooga County,CHATTOOGA,2024,25306,3922,0.154983
13057,GA,Cherokee County,CHEROKEE,2020,268169,41567,0.155003
13057,GA,Cherokee County,CHEROKEE,2021,274778,42591,0.155001
13057,GA,Cherokee County,CHEROKEE,2022,281455,43626,0.155002
13057,GA,Cherokee County,CHEROKEE,2023,287243,44523,0.155001
13057,GA,Cherokee County,CHEROKEE,2024,293513,45495,0.155002
13059,GA,Clarke County,CLARKE,2020,128547,19925,0.155002
13059,GA,Clarke County,CLARKE,2021,129211,20027,0.154995
13059,GA,Clarke County,CLARKE,2022,129954,20143,0.155001
13059,GA,Clarke County,CLARKE,2023,130338,20202,0.154997
13059,GA,Clarke County,CLARKE,2024,129995,20149,0.154998
13061,GA,Clay County,CLAY,2020,2829,438,0.154825
13061,GA,Clay County,CLAY,2021,2868,444,0.154812
13061,GA,Clay County,CLAY,2022,2862,443,0.154787
13061,GA,Clay County,CLAY,2023,2869,444,0.154758
13061,GA,Clay County,CLAY,2024,2815,436,0.154885
13063,GA,Clayton County,CLAYTON,2020,299440,46413,0.154999
13063,GA,Clayton County,CLAYTON,2021,299234,46381,0.154999
13063,GA,Clayton County,CLAYTON,2022,298862,46324,0.155001
13063,GA,Clayton County,CLAYTON,2023,299380,46404,0.155
13063,GA,Clayton County,CLAYTON,2024,297703,46144,0.155
13065,GA,Clinch County,CLINCH,2020,6725,1042,0.154944
13065,GA,Clinch County,CLINCH,2021,6708,1040,0.155039
13065,GA,Clinch County,CLINCH,2022,6684,1036,0.154997
13065,GA,Clinch County,CLINCH,2023,6808,1055,0.154965
13065,GA,Clinch County,CLINCH,2024,6871,1065,0.154999
13067,GA,Cobb County,COBB,2020,766383,118789,0.155
13067,GA,Cobb County,COBB,2021,766747,118845,0.154999
13067,GA,Cobb County,COBB,2022,774162,119995,0.155
13067,GA,Cobb County,COBB,2023,781208,121087,0.155
13067,GA,Cobb County,COBB,2024,787538,122068,0.155
13069,GA,Coffee County,COFFEE,2020,43058,6674,0.155
13069,GA,Coffee County,COFFEE,2021,43053,6673,0.154995
13069,GA,Coffee County,COFFEE,2022,43311,6713,0.154995
13069,GA,Coffee County,COFFEE,2023,43464,6737,0.155002
13069,GA,Coffee County,COFFEE,2024,43851,6797,0.155002
13071,GA,Colquitt County,COLQUITT,2020,45901,7114,0.154986
13071,GA,Colquitt County,COLQUITT,2021,45774,7095,0.155001
13071,GA,Colquitt County,COLQUITT,2022,45952,7122,0.154988
13071,GA,Colquitt County,COLQUITT,2023,46515,7209,0.154982
13071,GA,Colquitt County,COLQUITT,2024,46977,7281,0.154991
13073,GA,Columbia County,COLUMBIA,2020,156869,24315,0.155002
13073,GA,Columbia County,COLUMBIA,2021,159680,24750,0.154997
13073,GA,Columbia County,COLUMBIA,2022,162681,25215,0.154997
13073,GA,Columbia County,COLUMBIA,2023,165470,25648,0.155001
13073,GA,Columbia County,COLUMBIA,2024,167472,25958,0.154999
13075,GA,Cook County,COOK,2020,17236,2672,0.155024
13075,GA,Cook County,COOK,2021,17264,2676,0.155005
13075,GA,Cook County,COOK,2022,17414,2700,0.155048
13075,GA,Cook County,COOK,2023,17760,2753,0.155011
13075,GA,Cook County,COOK,2024,17984,2788,0.155027
13077,GA,Coweta County,COWETA,2020,146759,22748,0.155002
13077,GA,Coweta County,COWETA,2021,149999,23250,0.155001
13077,GA,Coweta County,COWETA,2022,153002,23715,0.154998
13077,GA,Coweta County,COWETA,2023,156269,24222,0.155002
13077,GA,Coweta County,COWETA,2024,158233,24526,0.154999
13079,GA,Crawford County,CRAWFORD,2020,12102,1876,0.155016
13079,GA,Crawford County,CRAWFORD,2021,12140,1882,0.155025
13079,GA,Crawford County,CRAWFORD,2022,12197,1890,0.154956
13079,GA,Crawford County,CRAWFORD,2023,12335,1912,0.155006
13079,GA,Crawford County,CRAWFORD,2024,12349,1914,0.154992
13081,GA,Crisp County,CRISP,2020,20056,3109,0.155016
13081,GA,Crisp County,CRISP,2021,20005,3101,0.155011
13081,GA,Crisp County,CRISP,2022,19755,3062,0.154999
13081,GA,Crisp County,CRISP,2023,19668,3049,0.155023
13081,GA,Crisp County,CRISP,2024,19468,3018,0.155024
13083,GA,Dade County,DADE,2020,16235,2517,0.155035
13083,GA,Dade County,DADE,2021,16220,2515,0.155055
13083,GA,Dade County,DADE,2022,16114,2498,0.15502
13083,GA,Dade County,DADE,2023,16188,2510,0.155053
13083,GA,Dade County,DADE,2024,16068,2491,0.155029
13085,GA,Dawson County,DAWSON,2020,27061,4195,0.15502
13085,GA,Dawson County,DAWSON,2021,28505,4418,0.15499
13085,GA,Dawson County,DAWSON,2022,30175,4677,0.154996
13085,GA,Dawson County,DAWSON,2023,31720,4917,0.155013
13085,GA,Dawson County,DAWSON,2024,33748,5231,0.155002
13087,GA,Decatur County,DECATUR,2020,29326,4546,0.155016
13087,GA,Decatur County,DECATUR,2021,29097,4510,0.154999
13087,GA,Decatur County,DECATUR,2022,29038,4501,0.155004
13087,GA,Decatur County,DECATUR,2023,29124,4515,0.155027
13087,GA,Decatur County,DECATUR,2024,29391,4556,0.155013
13089,GA,DeKalb County,DEKALB,2020,764630,118518,0.155
13089,GA,DeKalb County,DEKALB,2021,759333,117697,0.155001
13089,GA,DeKalb County,DEKALB,2022,764440,118489,0.155001
13089,GA,DeKalb County,DEKALB,2023,768047,119048,0.155001
13089,GA,DeKalb County,DEKALB,2024,770307,119398,0.155001
13091,GA,Dodge County,DODGE,2020,19952,3093,0.155022
13091,GA,Dodge County,DODGE,2021,19739,3060,0.155023
13091,GA,Dodge County,DODGE,2022,19903,3085,0.155002
13091,GA,Dodge County,DODGE,2023,19799,3069,0.155008
13091,GA,Dodge County,DODGE,2024,19630,3043,0.155018
13093,GA,Dooly County,DOOLY,2020,11159,1730,0.155032
13093,GA,Dooly County,DOOLY,2021,10879,1686,0.154977
13093,GA,Dooly County,DOOLY,2022,10639,1649,0.154996
13093,GA,Dooly County,DOOLY,2023,11056,1714,0.155029
13093,GA,Dooly County,DOOLY,2024,11186,1734,0.155015
13095,GA,Dougherty County,DOUGHERTY,2020,85161,13200,0.155001
13095,GA,Dougherty County,DOUGHERTY,2021,82271,12752,0.155
13095,GA,Dougherty County,DOUGHERTY,2022,82972,12861,0.155004
13095,GA,Dougherty County,DOUGHERTY,2023,82635,12809,0.155007
13095,GA,Dougherty County,DOUGHERTY,2024,82418,12775,0.155003
13097,GA,Douglas County,DOUGLAS,2020,144678,22425,0.154999
13097,GA,Douglas County,DOUGLAS,2021,145786,22596,0.154994
13097,GA,Douglas County,DOUGLAS,2022,147690,22891,0.154994
13097,GA,Douglas County,DOUGLAS,2023,149401,23157,0.154999
13097,GA,Douglas County,DOUGLAS,2024,151887,23542,0.154997
13099,GA,Early County,EARLY,2020,10796,1674,0.155057
13099,GA,Early County,EARLY,2021,10638,1649,0.15501
13099,GA,Early County,EARLY,2022,10567,1638,0.155011
13099,GA,Early County,EARLY,2023,10570,1639,0.155061
13099,GA,Early County,EARLY,2024,10444,1619,0.155017
13101,GA,Echols County,ECHOLS,2020,3721,577,0.155066
13101,GA,Echols County,ECHOLS,2021,3697,573,0.154991
13101,GA,Echols County,ECHOLS,2022,3694,572,0.154846
13101,GA,Echols County,ECHOLS,2023,3739,579,0.154854
13101,GA,Echols County,ECHOLS,2024,3698,573,0.154949
13103,GA,Effingham County,EFFINGHAM,2020,65192,10105,0.155004
13103,GA,Effingham County,EFFINGHAM,2021,66795,10353,0.154997
13103,GA,Effingham County,EFFINGHAM,2022,69030,10700,0.155005
13103,GA,Effingham County,EFFINGHAM,2023,71549,11090,0.154999
13103,GA,Effingham County,EFFINGHAM,2024,73148,11338,0.155001
13105,GA,Elbert County,ELBERT,2020,19665,3049,0.155047
13105,GA,Elbert County,ELBERT,2021,19572,3034,0.155017
13105,GA,Elbert County,ELBERT,2022,19853,3078,0.15504
13105,GA,Elbert County,ELBERT,2023,20003,3101,0.155027
13105,GA,Elbert County,ELBERT,2024,20152,3124,0.155022
13107,GA,Emanuel County,EMANUEL,2020,22902,3550,0.155008
13107,GA,Emanuel County,EMANUEL,2021,22907,3551,0.155018
13107,GA,Emanuel County,EMANUEL,2022,22953,3558,0.155012
13107,GA,Emanuel County,EMANUEL,2023,23146,3588,0.155016
13107,GA,Emanuel County,EMANUEL,2024,23224,3600,0.155012
13109,GA,Evans County,EVANS,2020,10795,1674,0.155072
13109,GA,Evans County,EVANS,2021,10704,1659,0.154989
13109,GA,Evans County,EVANS,2022,10662,1653,0.155037
13109,GA,Evans County,EVANS,2023,10753,1667,0.155027
13109,GA,Evans County,EVANS,2024,10869,1685,0.155028
13111,GA,Fannin County,FANNIN,2020,25437,3942,0.154971
13111,GA,Fannin County,FANNIN,2021,25800,3999,0.155
13111,GA,Fannin County,FANNIN,2022,25702,3983,0.154968
13111,GA,Fannin County,FANNIN,2023,25916,4017,0.155001
13111,GA,Fannin County,FANNIN,2024,25854,4007,0.154986
13113,GA,Fayette County,FAYETTE,2020,119512,18525,0.155005
13113,GA,Fayette County,FAYETTE,2021,120751,18717,0.155005
13113,GA,Fayette County,FAYETTE,2022,122150,18934,0.155006
13113,GA,Fayette County,FAYETTE,2023,123698,19174,0.155007
13113,GA,Fayette County,FAYETTE,2024,125107,19392,0.155003
13115,GA,Floyd County,FLOYD,2020,98583,15280,0.154996
13115,GA,Floyd County,FLOYD,2021,98498,15267,0.154998
13115,GA,Floyd County,FLOYD,2022,99586,15435,0.154992
13115,GA,Floyd County,FLOYD,2023,100407,15563,0.154999
13115,GA,Floyd County,FLOYD,2024,101390,15715,0.154996
13117,GA,Forsyth County,FORSYTH,2020,252911,39201,0.154999
13117,GA,Forsyth County,FORSYTH,2021,260816,40427,0.155002
13117,GA,Forsyth County,FORSYTH,2022,268075,41552,0.155001
13117,GA,Forsyth County,FORSYTH,2023,274535,42553,0.155
13117,GA,Forsyth County,FORSYTH,2024,280096,43415,0.155
13119,GA,Franklin County,FRANKLIN,2020,23477,3639,0.155003
13119,GA,Franklin County,FRANKLIN,2021,23518,3645,0.154988
13119,GA,Franklin County,FRANKLIN,2022,24151,3743,0.154983
13119,GA,Franklin County,FRANKLIN,2023,24815,3846,0.154987
13119,GA,Franklin County,FRANKLIN,2024,25208,3907,0.15499
13121,GA,Fulton County,FULTON,2020,1069333,165747,0.155
13121,GA,Fulton County,FULTON,2021,1062576,164699,0.155
13121,GA,Fulton County,FULTON,2022,1076569,166868,0.155
13121,GA,Fulton County,FULTON,2023,1083971,168016,0.155
13121,GA,Fulton County,FULTON,2024,1090354,169005,0.155
13123,GA,Gilmer County,GILMER,2020,31422,4871,0.155019
13123,GA,Gilmer County,GILMER,2021,32102,4976,0.155006
13123,GA,Gilmer County,GILMER,2022,32413,5024,0.155
13123,GA,Gilmer County,GILMER,2023,32868,5095,0.155014
13123,GA,Gilmer County,GILMER,2024,33327,5166,0.155009
13125,GA,Glascock County,GLASCOCK,2020,2893,448,0.154857
13125,GA,Glascock County,GLASCOCK,2021,2897,449,0.154988
13125,GA,Glascock County,GLASCOCK,2022,2919,452,0.154848
13125,GA,Glascock County,GLASCOCK,2023,2943,456,0.154944
13125,GA,Glascock County,GLASCOCK,2024,3008,466,0.15492
13127,GA,Glynn County,GLYNN,2020,84490,13096,0.155001
13127,GA,Glynn County,GLYNN,2021,84773,13140,0.155002
13127,GA,Glynn County,GLYNN,2022,85202,13207,0.155008
13127,GA,Glynn County,GLYNN,2023,86229,13366,0.155006
13127,GA,Glynn County,GLYNN,2024,86540,13414,0.155003
13129,GA,Gordon County,GORDON,2020,57729,8948,0.155
13129,GA,Gordon County,GORDON,2021,58252,9029,0.154999
13129,GA,Gordon County,GORDON,2022,58909,9131,0.155002
13129,GA,Gordon County,GORDON,2023,59844,9276,0.155003
13129,GA,Gordon County,GORDON,2024,60765,9419,0.155007
13131,GA,Grady County,GRADY,2020,26227,4065,0.154993
13131,GA,Grady County,GRADY,2021,25858,4008,0.155
13131,GA,Grady County,GRADY,2022,26056,4039,0.155012
13131,GA,Grady County,GRADY,2023,26130,4050,0.154994
13131,GA,Grady County,GRADY,2024,26271,4072,0.155
13133,GA,Greene County,GREENE,2020,19032,2950,0.155002
13133,GA,Greene County,GREENE,2021,19553,3031,0.155015
13133,GA,Greene County,GREENE,2022,20136,3121,0.154996
13133,GA,Greene County,GREENE,2023,20733,3214,0.155019
13133,GA,Greene County,GREENE,2024,21091,3269,0.154995
13135,GA,Gwinnett County,GWINNETT,2020,958378,148549,0.155
13135,GA,Gwinnett County,GWINNETT,2021,965458,149646,0.155
13135,GA,Gwinnett County,GWINNETT,2022,980015,151903,0.155001
13135,GA,Gwinnett County,GWINNETT,2023,991602,153699,0.155001
13135,GA,Gwinnett County,GWINNETT,2024,1003869,155600,0.155
13137,GA,Habersham County,HABERSHAM,2020,46140,7152,0.155007
13137,GA,Habersham County,HABERSHAM,2021,46753,7247,0.155006
13137,GA,Habersham County,HABERSHAM,2022,47558,7371,0.15499
13137,GA,Habersham County,HABERSHAM,2023,48851,7572,0.155002
13137,GA,Habersham County,HABERSHAM,2024,49665,7698,0.154998
13139,GA,Hall County,HALL,2020,203409,31528,0.154998
13139,GA,Hall County,HALL,2021,206998,32084,0.154997
13139,GA,Hall County,HALL,2022,213126,33034,0.154998
13139,GA,Hall County,HALL,2023,218248,33828,0.154998
13139,GA,Hall County,HALL,2024,221745,34370,0.154998
13141,GA,Hancock County,HANCOCK,2020,8709,1350,0.155012
13141,GA,Hancock County,HANCOCK,2021,8676,1345,0.155025
13141,GA,Hancock County,HANCOCK,2022,8453,1310,0.154975
13141,GA,Hancock County,HANCOCK,2023,8730,1353,0.154983
13141,GA,Hancock County,HANCOCK,2024,8683,1346,0.155016
13143,GA,Haralson County,HARALSON,2020,30040,4657,0.155027
13143,GA,Haralson County,HARALSON,2021,30601,4744,0.155028
13143,GA,Haralson County,HARALSON,2022,31340,4858,0.15501
13143,GA,Haralson County,HARALSON,2023,32040,4967,0.155025
13143,GA,Haralson County,HARALSON,2024,32404,5023,0.155012
13145,GA,Harris County,HARRIS,2020,34900,5410,0.155014
13145,GA,Harris County,HARRIS,2021,35594,5517,0.154998
13145,GA,Harris County,HARRIS,2022,36308,5628,0.155007
13145,GA,Harris County,HARRIS,2023,36700,5689,0.155014
13145,GA,Harris County,HARRIS,2024,36929,5724,0.155
13147,GA,Hart County,HART,2020,25883,4012,0.155005
13147,GA,Hart County,HART,2021,26326,4080,0.15498
13147,GA,Hart County,HART,2022,26877,4166,0.155002
13147,GA,Hart County,HART,2023,27557,4271,0.154988
13147,GA,Hart County,HART,2024,28052,4348,0.154998
13149,GA,Heard County,HEARD,2020,11445,1774,0.155002
13149,GA,Heard County,HEARD,2021,11531,1787,0.154974
13149,GA,Heard County,HEARD,2022,11720,1816,0.154949
13149,GA,Heard County,HEARD,2023,12052,1868,0.154995
13149,GA,Heard County,HEARD,2024,12119,1878,0.154963
13151,GA,Henry County,HENRY,2020,241867,37490,0.155003
13151,GA,Henry County,HENRY,2021,245127,37995,0.155001
13151,GA,Henry County,HENRY,2022,248559,38527,0.155001
13151,GA,Henry County,HENRY,2023,254934,39515,0.155001
13151,GA,Henry County,HENRY,2024,259315,40194,0.155001
13153,GA,Houston County,HOUSTON,2020,164358,25475,0.154997
13153,GA,Houston County,HOUSTON,2021,167245,25923,0.155
13153,GA,Houston County,HOUSTON,2022,169791,26318,0.155002
13153,GA,Houston County,HOUSTON,2023,171955,26653,0.155
13153,GA,Houston County,HOUSTON,2024,174897,27109,0.155
13155,GA,Irwin County,IRWIN,2020,9650,1496,0.155026
13155,GA,Irwin County,IRWIN,2021,9376,1453,0.15497
13155,GA,Irwin County,IRWIN,2022,9121,1414,0.155027
13155,GA,Irwin County,IRWIN,2023,9123,1414,0.154993
13155,GA,Irwin County,IRWIN,2024,9155,1419,0.154997
13157,GA,Jackson County,JACKSON,2020,76740,11895,0.155004
13157,GA,Jackson County,JACKSON,2021,80394,12461,0.154999
13157,GA,Jackson County,JACKSON,2022,84102,13036,0.155002
13157,GA,Jackson County,JACKSON,2023,88723,13752,0.154999
13157,GA,Jackson County,JACKSON,2024,93825,14543,0.155001
13159,GA,Jasper County,JASPER,2020,14670,2274,0.15501
13159,GA,Jasper County,JASPER,2021,15275,2368,0.155025
13159,GA,Jasper County,JASPER,2022,15985,2478,0.15502
13159,GA,Jasper County,JASPER,2023,16496,2557,0.155007
13159,GA,Jasper County,JASPER,2024,17219,2669,0.155003
13161,GA,Jeff Davis County,JEFF DAVIS,2020,14802,2294,0.154979
13161,GA,Jeff Davis County,JEFF DAVIS,2021,14865,2304,0.154995
13161,GA,Jeff Davis County,JEFF DAVIS,2022,14909,2310,0.15494
13161,GA,Jeff Davis County,JEFF DAVIS,2023,14927,2313,0.154954
13161,GA,Jeff Davis County,JEFF DAVIS,2024,15119,2343,0.154971
13163,GA,Jefferson County,JEFFERSON,2020,15676,2430,0.155014
13163,GA,Jefferson County,JEFFERSON,2021,15480,2399,0.154974
13163,GA,Jefferson County,JEFFERSON,2022,15318,2374,0.154981
13163,GA,Jefferson County,JEFFERSON,2023,15211,2358,0.155019
13163,GA,Jefferson County,JEFFERSON,2024,15019,2328,0.155004
13165,GA,Jenkins County,JENKINS,2020,8663,1343,0.155027
13165,GA,Jenkins County,JENKINS,2021,8769,1360,0.155092
13165,GA,Jenkins County,JENKINS,2022,8661,1343,0.155063
13165,GA,Jenkins County,JENKINS,2023,8628,1338,0.155076
13165,GA,Jenkins County,JENKINS,2024,8836,1370,0.155048
13167,GA,Johnson County,JOHNSON,2020,9183,1424,0.155069
13167,GA,Johnson County,JOHNSON,2021,9004,1396,0.155042
13167,GA,Johnson County,JOHNSON,2022,9255,1435,0.155051
13167,GA,Johnson County,JOHNSON,2023,9328,1446,0.155017
13167,GA,Johnson County,JOHNSON,2024,9178,1423,0.155045
13169,GA,Jones County,JONES,2020,28399,4402,0.155005
13169,GA,Jones County,JONES,2021,28406,4403,0.155002
13169,GA,Jones County,JONES,2022,28514,4419,0.154977
13169,GA,Jones County,JONES,2023,29000,4495,0.155
13169,GA,Jones County,JONES,2024,29047,4502,0.15499
13171,GA,Lamar County,LAMAR,2020,18554,2876,0.155007
13171,GA,Lamar County,LAMAR,2021,18702,2899,0.15501
13171,GA,Lamar County,LAMAR,2022,19489,3021,0.155011
13171,GA,Lamar County,LAMAR,2023,20420,3165,0.154995
13171,GA,Lamar County,LAMAR,2024,20690,3207,0.155002
13173,GA,Lanier County,LANIER,2020,9929,1539,0.155001
13173,GA,Lanier County,LANIER,2021,10052,1558,0.154994
13173,GA,Lanier County,LANIER,2022,10207,1582,0.154992
13173,GA,Lanier County,LANIER,2023,10452,1620,0.154994
13173,GA,Lanier County,LANIER,2024,10464,1622,0.155008
13175,GA,Laurens County,LAURENS,2020,49542,7679,0.155
13175,GA,Laurens County,LAURENS,2021,49526,7676,0.154989
13175,GA,Laurens County,LAURENS,2022,49705,7704,0.154994
13175,GA,Laurens County,LAURENS,2023,49932,7739,0.154991
13175,GA,Laurens County,LAURENS,2024,50287,7794,0.15499
13177,GA,Lee County,LEE,2020,33218,5148,0.154976
13177,GA,Lee County,LEE,2021,33210,5147,0.154983
13177,GA,Lee County,LEE,2022,33699,5223,0.15499
13177,GA,Lee County,LEE,2023,33928,5259,0.155005
13177,GA,Lee County,LEE,2024,34073,5281,0.154991
13179,GA,Liberty County,LIBERTY,2020,65339,10127,0.154992
13179,GA,Liberty County,LIBERTY,2021,66771,10349,0.154992
13179,GA,Liberty County,LIBERTY,2022,68031,10545,0.155003
13179,GA,Liberty County,LIBERTY,2023,68235,10576,0.154994
13179,GA,Liberty County,LIBERTY,2024,68607,10634,0.154999
13181,GA,Lincoln County,LINCOLN,2020,7702,1194,0.155025
13181,GA,Lincoln County,LINCOLN,2021,7750,1202,0.155097
13181,GA,Lincoln County,LINCOLN,2022,7872,1221,0.155107
13181,GA,Lincoln County,LINCOLN,2023,7898,1225,0.155103
13181,GA,Lincoln County,LINCOLN,2024,8049,1248,0.15505
13183,GA,Long County,LONG,2020,16264,2521,0.155005
13183,GA,Long County,LONG,2021,17105,2651,0.154984
13183,GA,Long County,LONG,2022,18409,2853,0.154979
13183,GA,Long County,LONG,2023,19651,3046,0.155005
13183,GA,Long County,LONG,2024,20439,3168,0.154998
13185,GA,Lowndes County,LOWNDES,2020,118432,18357,0.155
13185,GA,Lowndes County,LOWNDES,2021,118966,18440,0.155002
13185,GA,Lowndes County,LOWNDES,2022,119547,18530,0.155002
13185,GA,Lowndes County,LOWNDES,2023,120800,18724,0.155
13185,GA,Lowndes County,LOWNDES,2024,122082,18923,0.155002
13187,GA,Lumpkin County,LUMPKIN,2020,33636,5213,0.154983
13187,GA,Lumpkin County,LUMPKIN,2021,32844,5090,0.154975
13187,GA,Lumpkin County,LUMPKIN,2022,34763,5388,0.154992
13187,GA,Lumpkin County,LUMPKIN,2023,35268,5466,0.154985
13187,GA,Lumpkin County,LUMPKIN,2024,36016,5582,0.154987
13189,GA,McDuffie County,MCDUFFIE,2020,21613,3350,0.154999
13189,GA,McDuffie County,MCDUFFIE,2021,21628,3352,0.154984
13189,GA,McDuffie County,MCDUFFIE,2022,21727,3367,0.154968
13189,GA,McDuffie County,MCDUFFIE,2023,21860,3388,0.154986
13189,GA,McDuffie County,MCDUFFIE,2024,21764,3373,0.154981
13191,GA,McIntosh County,MCINTOSH,2020,10984,1703,0.155044
13191,GA,McIntosh County,MCINTOSH,2021,11056,1714,0.155029
13191,GA,McIntosh County,MCINTOSH,2022,11190,1734,0.15496
13191,GA,McIntosh County,MCINTOSH,2023,11532,1787,0.15496
13191,GA,McIntosh County,MCINTOSH,2024,11800,1829,0.155
13193,GA,Macon County,MACON,2020,12020,1863,0.154992
13193,GA,Macon County,MACON,2021,11854,1838,0.155053
13193,GA,Macon County,MACON,2022,11778,1826,0.155035
13193,GA,Macon County,MACON,2023,11838,1835,0.155009
13193,GA,Macon County,MACON,2024,11831,1834,0.155016
13195,GA,Madison County,MADISON,2020,30276,4693,0.155007
13195,GA,Madison County,MADISON,2021,30891,4789,0.155029
13195,GA,Madison County,MADISON,2022,31447,4875,0.155023
13195,GA,Madison County,MADISON,2023,32255,5000,0.155015
13195,GA,Madison County,MADISON,2024,32771,5080,0.155015
13197,GA,Marion County,MARION,2020,7528,1166,0.154888
13197,GA,Marion County,MARION,2021,7431,1151,0.154892
13197,GA,Marion County,MARION,2022,7464,1157,0.155011
13197,GA,Marion County,MARION,2023,7485,1160,0.154977
13197,GA,Marion County,MARION,2024,7635,1183,0.154944
13199,GA,Meriwether County,MERIWETHER,2020,20619,3196,0.155003
13199,GA,Meriwether County,MERIWETHER,2021,20733,3214,0.155019
13199,GA,Meriwether County,MERIWETHER,2022,20892,3238,0.154988
13199,GA,Meriwether County,MERIWETHER,2023,20964,3249,0.15498
13199,GA,Meriwether County,MERIWETHER,2024,21439,3323,0.154998
13201,GA,Miller County,MILLER,2020,5992,929,0.15504
13201,GA,Miller County,MILLER,2021,5852,907,0.15499
13201,GA,Miller County,MILLER,2022,5790,898,0.155095
13201,GA,Miller County,MILLER,2023,5790,898,0.155095
13201,GA,Miller County,MILLER,2024,5824,903,0.155048
13205,GA,Mitchell County,MITCHELL,2020,21676,3360,0.15501
13205,GA,Mitchell County,MITCHELL,2021,21326,3306,0.155022
13205,GA,Mitchell County,MITCHELL,2022,21182,3283,0.15499
13205,GA,Mitchell County,MITCHELL,2023,20778,3221,0.15502
13205,GA,Mitchell County,MITCHELL,2024,20329,3151,0.155
13207,GA,Monroe County,MONROE,2020,28059,4349,0.154995
13207,GA,Monroe County,MONROE,2021,28752,4457,0.155015
13207,GA,Monroe County,MONROE,2022,29455,4566,0.155016
13207,GA,Monroe County,MONROE,2023,30616,4746,0.155017
13207,GA,Monroe County,MONROE,2024,31437,4873,0.155008
13209,GA,Montgomery County,MONTGOMERY,2020,8569,1328,0.154977
13209,GA,Montgomery County,MONTGOMERY,2021,8640,1339,0.154977
13209,GA,Montgomery County,MONTGOMERY,2022,8656,1342,0.155037
13209,GA,Montgomery County,MONTGOMERY,2023,8767,1359,0.155013
13209,GA,Montgomery County,MONTGOMERY,2024,8566,1328,0.155032
13211,GA,Morgan County,MORGAN,2020,20206,3132,0.155003
13211,GA,Morgan County,MORGAN,2021,20660,3203,0.155034
13211,GA,Morgan County,MORGAN,2022,21048,3263,0.155027
13211,GA,Morgan County,MORGAN,2023,21537,3339,0.155036
13211,GA,Morgan County,MORGAN,2024,21940,3401,0.155014
13213,GA,Murray County,MURRAY,2020,40012,6202,0.155003
13213,GA,Murray County,MURRAY,2021,39976,6196,0.154993
13213,GA,Murray County,MURRAY,2022,40432,6267,0.155001
13213,GA,Murray County,MURRAY,2023,41072,6366,0.154996
13213,GA,Murray County,MURRAY,2024,41316,6404,0.155
13215,GA,Muscogee County,MUSCOGEE,2020,207015,32088,0.155003
13215,GA,Muscogee County,MUSCOGEE,2021,205094,31790,0.155002
13215,GA,Muscogee County,MUSCOGEE,2022,202658,31412,0.155
13215,GA,Muscogee County,MUSCOGEE,2023,201959,31304,0.155002
13215,GA,Muscogee County,MUSCOGEE,2024,201830,31284,0.155002
13217,GA,Newton County,NEWTON,2020,112897,17499,0.155
13217,GA,Newton County,NEWTON,2021,115356,17881,0.155007
13217,GA,Newton County,NEWTON,2022,117970,18286,0.155006
13217,GA,Newton County,NEWTON,2023,120529,18682,0.155
13217,GA,Newton County,NEWTON,2024,124010,19222,0.155004
13219,GA,Oconee County,OCONEE,2020,42025,6513,0.154979
13219,GA,Oconee County,OCONEE,2021,43049,6672,0.154986
13219,GA,Oconee County,OCONEE,2022,43676,6769,0.154982
13219,GA,Oconee County,OCONEE,2023,44256,6859,0.154985
13219,GA,Oconee County,OCONEE,2024,44751,6936,0.154991
13221,GA,Oglethorpe County,OGLETHORPE,2020,14867,2305,0.155041
13221,GA,Oglethorpe County,OGLETHORPE,2021,15187,2354,0.155001
13221,GA,Oglethorpe County,OGLETHORPE,2022,15532,2408,0.155035
13221,GA,Oglethorpe County,OGLETHORPE,2023,15788,2447,0.154991
13221,GA,Oglethorpe County,OGLETHORPE,2024,16172,2507,0.155021
13223,GA,Paulding County,PAULDING,2020,169576,26284,0.154998
13223,GA,Paulding County,PAULDING,2021,173998,26970,0.155002
13223,GA,Paulding County,PAULDING,2022,178885,27727,0.154999
13223,GA,Paulding County,PAULDING,2023,183535,28448,0.155
13223,GA,Paulding County,PAULDING,2024,188549,29225,0.154999
13225,GA,Peach County,PEACH,2020,28042,4346,0.154982
13225,GA,Peach County,PEACH,2021,28254,4379,0.154987
13225,GA,Peach County,PEACH,2022,28484,4415,0.154999
13225,GA,Peach County,PEACH,2023,28807,4465,0.154997
13225,GA,Peach County,PEACH,2024,29213,4528,0.154999
13227,GA,Pickens County,PICKENS,2020,33347,5169,0.155006
13227,GA,Pickens County,PICKENS,2021,34035,5276,0.155017
13227,GA,Pickens County,PICKENS,2022,34817,5397,0.15501
13227,GA,Pickens County,PICKENS,2023,35975,5576,0.154997
13227,GA,Pickens County,PICKENS,2024,36580,5670,0.155003
13229,GA,Pierce County,PIERCE,2020,19746,3061,0.155019
13229,GA,Pierce County,PIERCE,2021,19978,3097,0.155021
13229,GA,Pierce County,PIERCE,2022,20176,3128,0.155036
13229,GA,Pierce County,PIERCE,2023,20443,3169,0.155016
13229,GA,Pierce County,PIERCE,2024,20669,3204,0.155015
13231,GA,Pike County,PIKE,2020,18943,2936,0.154991
13231,GA,Pike County,PIKE,2021,19545,3030,0.155027
13231,GA,Pike County,PIKE,2022,19936,3090,0.154996
13231,GA,Pike County,PIKE,2023,20422,3166,0.155029
13231,GA,Pike County,PIKE,2024,20669,3204,0.155015
13233,GA,Polk County,POLK,2020,42922,6653,0.155002
13233,GA,Polk County,POLK,2021,43322,6715,0.155002
13233,GA,Polk County,POLK,2022,43706,6775,0.155013
13233,GA,Polk County,POLK,2023,44363,6877,0.155017
13233,GA,Polk County,POLK,2024,44610,6915,0.15501
13235,GA,Pulaski County,PULASKI,2020,9874,1531,0.155054
13235,GA,Pulaski County,PULASKI,2021,9572,1484,0.155036
13235,GA,Pulaski County,PULASKI,2022,9953,1543,0.155029
13235,GA,Pulaski County,PULASKI,2023,10114,1568,0.155033
13235,GA,Pulaski County,PULASKI,2024,10180,1578,0.15501
13237,GA,Putnam County,PUTNAM,2020,22166,3435,0.154967
13237,GA,Putnam County,PUTNAM,2021,22614,3505,0.154992
13237,GA,Putnam County,PUTNAM,2022,22928,3553,0.154963
13237,GA,Putnam County,PUTNAM,2023,23183,3593,0.154984
13237,GA,Putnam County,PUTNAM,2024,23383,3624,0.154984
13239,GA,Quitman County,QUITMAN,2020,2224,345,0.155126
13239,GA,Quitman County,QUITMAN,2021,2239,347,0.15498
13239,GA,Quitman County,QUITMAN,2022,2254,349,0.154836
13239,GA,Quitman County,QUITMAN,2023,2278,353,0.15496
13239,GA,Quitman County,QUITMAN,2024,2323,360,0.154972
13241,GA,Rabun County,RABUN,2020,16913,2621,0.15497
13241,GA,Rabun County,RABUN,2021,17119,2653,0.154974
13241,GA,Rabun County,RABUN,2022,17292,2680,0.154985
13241,GA,Rabun County,RABUN,2023,17525,2716,0.154979
13241,GA,Rabun County,RABUN,2024,17711,2745,0.154988
13243,GA,Randolph County,RANDOLPH,2020,6364,986,0.154934
13243,GA,Randolph County,RANDOLPH,2021,6262,970,0.154903
13243,GA,Randolph County,RANDOLPH,2022,6155,954,0.154996
13243,GA,Randolph County,RANDOLPH,2023,6113,947,0.154916
13243,GA,Randolph County,RANDOLPH,2024,6085,943,0.154971
13245,GA,Richmond County,RICHMOND,2020,206557,32016,0.154998
13245,GA,Richmond County,RICHMOND,2021,205331,31826,0.154999
13245,GA,Richmond County,RICHMOND,2022,206510,32009,0.155
13245,GA,Richmond County,RICHMOND,2023,205646,31875,0.154999
13245,GA,Richmond County,RICHMOND,2024,206303,31977,0.155
13247,GA,Rockdale County,ROCKDALE,2020,93617,14511,0.155004
13247,GA,Rockdale County,ROCKDALE,2021,93899,14555,0.155007
13247,GA,Rockdale County,ROCKDALE,2022,95016,14728,0.155005
13247,GA,Rockdale County,ROCKDALE,2023,96263,14921,0.155002
13247,GA,Rockdale County,ROCKDALE,2024,97610,15130,0.155005
13249,GA,Schley County,SCHLEY,2020,4538,703,0.154914
13249,GA,Schley County,SCHLEY,2021,4488,696,0.15508
13249,GA,Schley County,SCHLEY,2022,4503,698,0.155008
13249,GA,Schley County,SCHLEY,2023,4534,703,0.155051
13249,GA,Schley County,SCHLEY,2024,4503,698,0.155008
13251,GA,Screven County,SCREVEN,2020,14079,2182,0.154983
13251,GA,Screven County,SCREVEN,2021,14067,2180,0.154973
13251,GA,Screven County,SCREVEN,2022,13977,2166,0.154969
13251,GA,Screven County,SCREVEN,2023,14204,2201,0.154956
13251,GA,Screven County,SCREVEN,2024,14325,2220,0.154974
13253,GA,Seminole County,SEMINOLE,2020,9133,1415,0.154933
13253,GA,Seminole County,SEMINOLE,2021,9166,1420,0.15492
13253,GA,Seminole County,SEMINOLE,2022,9129,1415,0.155001
13253,GA,Seminole County,SEMINOLE,2023,9080,1407,0.154956
13253,GA,Seminole County,SEMINOLE,2024,9274,1437,0.154949
13255,GA,Spalding County,SPALDING,2020,67465,10457,0.154999
13255,GA,Spalding County,SPALDING,2021,67698,10493,0.154997
13255,GA,Spalding County,SPALDING,2022,69015,10697,0.154995
13255,GA,Spalding County,SPALDING,2023,69992,10849,0.155003
13255,GA,Spalding County,SPALDING,2024,70292,10895,0.154996
13257,GA,Stephens County,STEPHENS,2020,26816,4156,0.154982
13257,GA,Stephens County,STEPHENS,2021,26769,4149,0.154993
13257,GA,Stephens County,STEPHENS,2022,26724,4142,0.154992
13257,GA,Stephens County,STEPHENS,2023,27255,4224,0.154981
13257,GA,Stephens County,STEPHENS,2024,27498,4262,0.154993
13259,GA,Stewart County,STEWART,2020,5294,820,0.154892
13259,GA,Stewart County,STEWART,2021,5029,779,0.154902
13259,GA,Stewart County,STEWART,2022,4667,723,0.154918
13259,GA,Stewart County,STEWART,2023,4697,728,0.154993
13259,GA,Stewart County,STEWART,2024,4809,745,0.154918
13261,GA,Sumter County,SUMTER,2020,29522,4576,0.155003
13261,GA,Sumter County,SUMTER,2021,28989,4494,0.155024
13261,GA,Sumter County,SUMTER,2022,28880,4477,0.155021
13261,GA,Sumter County,SUMTER,2023,28942,4486,0.155
13261,GA,Sumter County,SUMTER,2024,28972,4491,0.155012
13263,GA,Talbot County,TALBOT,2020,5725,887,0.154934
13263,GA,Talbot County,TALBOT,2021,5757,892,0.154942
13263,GA,Talbot County,TALBOT,2022,5759,893,0.155062
13263,GA,Talbot County,TALBOT,2023,5715,886,0.155031
13263,GA,Talbot County,TALBOT,2024,5755,892,0.154996
13265,GA,Taliaferro County,TALIAFERRO,2020,1558,241,0.154685
13265,GA,Taliaferro County,TALIAFERRO,2021,1567,243,0.155073
13265,GA,Taliaferro County,TALIAFERRO,2022,1600,248,0.155
13265,GA,Taliaferro County,TALIAFERRO,2023,1601,248,0.154903
13265,GA,Taliaferro County,TALIAFERRO,2024,1620,251,0.154938
13267,GA,Tattnall County,TATTNALL,2020,24325,3771,0.155026
13267,GA,Tattnall County,TATTNALL,2021,24100,3736,0.155021
13267,GA,Tattnall County,TATTNALL,2022,24012,3722,0.155006
13267,GA,Tattnall County,TATTNALL,2023,24328,3771,0.155007
13267,GA,Tattnall County,TATTNALL,2024,24275,3763,0.155015
13269,GA,Taylor County,TAYLOR,2020,7819,1212,0.155007
13269,GA,Taylor County,TAYLOR,2021,7770,1204,0.154955
13269,GA,Taylor County,TAYLOR,2022,7767,1204,0.155015
13269,GA,Taylor County,TAYLOR,2023,7793,1208,0.155011
13269,GA,Taylor County,TAYLOR,2024,7783,1206,0.154953
13271,GA,Telfair County,TELFAIR,2020,12453,1930,0.154983
13271,GA,Telfair County,TELFAIR,2021,12319,1909,0.154964
13271,GA,Telfair County,TELFAIR,2022,12416,1924,0.154961
13271,GA,Telfair County,TELFAIR,2023,11795,1828,0.154981
13271,GA,Telfair County,TELFAIR,2024,11000,1705,0.155
13273,GA,Terrell County,TERRELL,2020,9140,1417,0.155033
13273,GA,Terrell County,TERRELL,2021,8927,1383,0.154923
13273,GA,Terrell County,TERRELL,2022,8782,1361,0.154976
13273,GA,Terrell County,TERRELL,2023,8704,1349,0.154986
13273,GA,Terrell County,TERRELL,2024,8698,1348,0.154978
13275,GA,Thomas County,THOMAS,2020,45786,7096,0.154982
13275,GA,Thomas County,THOMAS,2021,45835,7104,0.154991
13275,GA,Thomas County,THOMAS,2022,45542,7059,0.155
13275,GA,Thomas County,THOMAS,2023,45666,7078,0.154995
13275,GA,Thomas County,THOMAS,2024,46054,7138,0.154992
13277,GA,Tift County,TIFT,2020,41391,6416,0.15501
13277,GA,Tift County,TIFT,2021,41095,6370,0.155007
13277,GA,Tift County,TIFT,2022,41378,6414,0.15501
13277,GA,Tift County,TIFT,2023,41620,6451,0.154998
13277,GA,Tift County,TIFT,2024,41708,6465,0.155006
13279,GA,Toombs County,TOOMBS,2020,27085,4199,0.15503
13279,GA,Toombs County,TOOMBS,2021,26854,4163,0.155023
13279,GA,Toombs County,TOOMBS,2022,26881,4167,0.155017
13279,GA,Toombs County,TOOMBS,2023,27198,4216,0.155011
13279,GA,Toombs County,TOOMBS,2024,27488,4261,0.155013
13281,GA,Towns County,TOWNS,2020,12551,1946,0.155047
13281,GA,Towns County,TOWNS,2021,12880,1997,0.155047
13281,GA,Towns County,TOWNS,2022,12944,2007,0.155053
13281,GA,Towns County,TOWNS,2023,13007,2017,0.15507
13281,GA,Towns County,TOWNS,2024,13184,2044,0.155036
13283,GA,Treutlen County,TREUTLEN,2020,6393,991,0.155013
13283,GA,Treutlen County,TREUTLEN,2021,6364,986,0.154934
13283,GA,Treutlen County,TREUTLEN,2022,6353,985,0.155045
13283,GA,Treutlen County,TREUTLEN,2023,6351,984,0.154936
13283,GA,Treutlen County,TREUTLEN,2024,6420,995,0.154984
13285,GA,Troup County,TROUP,2020,69348,10749,0.155001
13285,GA,Troup County,TROUP,2021,69535,10778,0.155001
13285,GA,Troup County,TROUP,2022,70297,10897,0.155014
13285,GA,Troup County,TROUP,2023,70957,10999,0.155009
13285,GA,Troup County,TROUP,2024,71513,11085,0.155007
13287,GA,Turner County,TURNER,2020,8985,1393,0.155036
13287,GA,Turner County,TURNER,2021,8920,1383,0.155045
13287,GA,Turner County,TURNER,2022,8842,1371,0.155055
13287,GA,Turner County,TURNER,2023,8926,1384,0.155053
13287,GA,Turner County,TURNER,2024,9023,1399,0.155048
13289,GA,Twiggs County,TWIGGS,2020,8011,1242,0.155037
13289,GA,Twiggs County,TWIGGS,2021,7880,1222,0.155076
13289,GA,Twiggs County,TWIGGS,2022,7688,1192,0.155047
13289,GA,Twiggs County,TWIGGS,2023,7706,1195,0.155074
13289,GA,Twiggs County,TWIGGS,2024,7728,1198,0.155021
13291,GA,Union County,UNION,2020,24801,3844,0.154994
13291,GA,Union County,UNION,2021,25605,3969,0.155009
13291,GA,Union County,UNION,2022,26400,4092,0.155
13291,GA,Union County,UNION,2023,27115,4203,0.155006
13291,GA,Union County,UNION,2024,27601,4278,0.154994
13293,GA,Upson County,UPSON,2020,27740,4299,0.154975
13293,GA,Upson County,UPSON,2021,27685,4291,0.154994
13293,GA,Upson County,UPSON,2022,28098,4355,0.154993
13293,GA,Upson County,UPSON,2023,28265,4381,0.154997
13293,GA,Upson County,UPSON,2024,28358,4395,0.154983
13295,GA,Walker County,WALKER,2020,67747,10501,0.155003
13295,GA,Walker County,WALKER,2021,68425,10606,0.155002
13295,GA,Walker County,WALKER,2022,68887,10678,0.155007
13295,GA,Walker County,WALKER,2023,69410,10759,0.155006
13295,GA,Walker County,WALKER,2024,69340,10748,0.155004
13297,GA,Walton County,WALTON,2020,97136,15056,0.154999
13297,GA,Walton County,WALTON,2021,99804,15470,0.155004
13297,GA,Walton County,WALTON,2022,103056,15974,0.155003
13297,GA,Walton County,WALTON,2023,106778,16551,0.155004
13297,GA,Walton County,WALTON,2024,109792,17018,0.155002
13299,GA,Ware County,WARE,2020,36231,5615,0.154978
13299,GA,Ware County,WARE,2021,35554,5510,0.154976
13299,GA,Ware County,WARE,2022,35608,5519,0.154993
13299,GA,Ware County,WARE,2023,36263,5620,0.154979
13299,GA,Ware County,WARE,2024,36222,5614,0.154989
13301,GA,Warren County,WARREN,2020,5212,808,0.155027
13301,GA,Warren County,WARREN,2021,5215,808,0.154938
13301,GA,Warren County,WARREN,2022,5168,801,0.154992
13301,GA,Warren County,WARREN,2023,5108,792,0.155051
13301,GA,Warren County,WARREN,2024,5148,798,0.155012
13303,GA,Washington County,WASHINGTON,2020,19957,3093,0.154983
13303,GA,Washington County,WASHINGTON,2021,19772,3064,0.154967
13303,GA,Washington County,WASHINGTON,2022,19791,3067,0.154969
13303,GA,Washington County,WASHINGTON,2023,19891,3083,0.154995
13303,GA,Washington County,WASHINGTON,2024,19834,3074,0.154986
13305,GA,Wayne County,WAYNE,2020,30146,4672,0.154979
13305,GA,Wayne County,WAYNE,2021,30231,4685,0.154973
13305,GA,Wayne County,WAYNE,2022,30786,4771,0.154973
13305,GA,Wayne County,WAYNE,2023,31449,4874,0.154981
13305,GA,Wayne County,WAYNE,2024,32132,4980,0.154986
13307,GA,Webster County,WEBSTER,2020,2352,365,0.155187
13307,GA,Webster County,WEBSTER,2021,2364,367,0.155245
13307,GA,Webster County,WEBSTER,2022,2351,365,0.155253
13307,GA,Webster County,WEBSTER,2023,2367,367,0.155049
13307,GA,Webster County,WEBSTER,2024,2315,359,0.155076
13309,GA,Wheeler County,WHEELER,2020,7451,1155,0.155013
13309,GA,Wheeler County,WHEELER,2021,7742,1200,0.154999
13309,GA,Wheeler County,WHEELER,2022,7355,1140,0.154997
13309,GA,Wheeler County,WHEELER,2023,7097,1100,0.154995
13309,GA,Wheeler County,WHEELER,2024,7076,1097,0.155031
13311,GA,White County,WHITE,2020,28114,4358,0.155012
13311,GA,White County,WHITE,2021,28404,4403,0.155013
13311,GA,White County,WHITE,2022,28810,4466,0.155016
13311,GA,White County,WHITE,2023,29056,4504,0.155011
13311,GA,White County,WHITE,2024,29668,4599,0.155016
13313,GA,Whitfield County,WHITFIELD,2020,102794,15933,0.154999
13313,GA,Whitfield County,WHITFIELD,2021,102729,15923,0.155
13313,GA,Whitfield County,WHITFIELD,2022,103252,16004,0.154999
13313,GA,Whitfield County,WHITFIELD,2023,104147,16143,0.155002
13313,GA,Whitfield County,WHITFIELD,2024,105070,16286,0.155001
13315,GA,Wilcox County,WILCOX,2020,8792,1363,0.155027
13315,GA,Wilcox County,WILCOX,2021,8745,1355,0.154946
13315,GA,Wilcox County,WILCOX,2022,8747,1356,0.155025
13315,GA,Wilcox County,WILCOX,2023,8801,1364,0.154982
13315,GA,Wilcox County,WILCOX,2024,8904,1380,0.154987
13317,GA,Wilkes County,WILKES,2020,9551,1481,0.155062
13317,GA,Wilkes County,WILKES,2021,9490,1471,0.155005
13317,GA,Wilkes County,WILKES,2022,9585,1486,0.155034
13317,GA,Wilkes County,WILKES,2023,9552,1481,0.155046
13317,GA,Wilkes County,WILKES,2024,9567,1483,0.155012
13319,GA,Wilkinson County,WILKINSON,2020,8839,1370,0.154995
13319,GA,Wilkinson County,WILKINSON,2021,8794,1363,0.154992
13319,GA,Wilkinson County,WILKINSON,2022,8689,1346,0.154909
13319,GA,Wilkinson County,WILKINSON,2023,8747,1355,0.15491
13319,GA,Wilkinson County,WILKINSON,2024,8667,1343,0.154956
13321,GA,Worth County,WORTH,2020,20734,3214,0.155011
13321,GA,Worth County,WORTH,2021,20568,3188,0.154998
13321,GA,Worth County,WORTH,2022,20420,3165,0.154995
13321,GA,Worth County,WORTH,2023,20271,3142,0.155
13321,GA,Worth County,WORTH,2024,20262,3141,0.155019
15001,HI,Hawaii County,HAWAII,2020,200754,37139,0.184998
15001,HI,Hawaii County,HAWAII,2021,203933,37727,0.184997
15001,HI,Hawaii County,HAWAII,2022,206324,38170,0.185
15001,HI,Hawaii County,HAWAII,2023,208043,38488,0.185
15001,HI,Hawaii County,HAWAII,2024,209790,38811,0.184999
15003,HI,Honolulu County,HONOLULU,2020,1012407,187295,0.185
15003,HI,Honolulu County,HONOLULU,2021,1004349,185804,0.184999
15003,HI,Honolulu County,HONOLULU,2022,995652,184195,0.184999
15003,HI,Honolulu County,HONOLULU,2023,994576,183996,0.184999
15003,HI,Honolulu County,HONOLULU,2024,998747,184768,0.185
15005,HI,Kalawao County,KALAWAO,2020,864,15,0.017361
15005,HI,Kalawao County,KALAWAO,2021,864,15,0.017361
15005,HI,Kalawao County,KALAWAO,2022,864,15,0.017361
15005,HI,Kalawao County,KALAWAO,2023,864,15,0.017361
15005,HI,Kalawao County,KALAWAO,2024,864,15,0.017361
15007,HI,Kauai County,KAUAI,2020,73209,13543,0.184991
15007,HI,Kauai County,KAUAI,2021,73851,13662,0.184994
15007,HI,Kauai County,KAUAI,2022,73823,13657,0.184997
15007,HI,Kauai County,KAUAI,2023,73933,13677,0.184992
15007,HI,Kauai County,KAUAI,2024,73840,13660,0.184995
15009,HI,Maui County,MAUI,2020,164802,30488,0.184998
15009,HI,Maui County,MAUI,2021,164815,30490,0.184995
15009,HI,Maui County,MAUI,2022,164479,30428,0.184996
15009,HI,Maui County,MAUI,2023,164754,30479,0.184997
15009,HI,Maui County,MAUI,2024,163688,30282,0.184998
16001,ID,Ada County,ADA,2020,498301,84711,0.17
16001,ID,Ada County,ADA,2021,513098,87227,0.170001
16001,ID,Ada County,ADA,2022,520788,88534,0.17
16001,ID,Ada County,ADA,2023,526690,89537,0.169999
16001,ID,Ada County,ADA,2024,535799,91086,0.17
16003,ID,Adams County,ADAMS,2020,4425,753,0.170169
16003,ID,Adams County,ADAMS,2021,4621,786,0.170093
16003,ID,Adams County,ADAMS,2022,4780,813,0.170084
16003,ID,Adams County,ADAMS,2023,4898,833,0.170069
16003,ID,Adams County,ADAMS,2024,4998,850,0.170068
16005,ID,Bannock County,BANNOCK,2020,87281,14838,0.170003
16005,ID,Bannock County,BANNOCK,2021,88523,15049,0.170001
16005,ID,Bannock County,BANNOCK,2022,89871,15278,0.169999
16005,ID,Bannock County,BANNOCK,2023,90585,15400,0.170006
16005,ID,Bannock County,BANNOCK,2024,91010,15472,0.170003
16007,ID,Bear Lake County,BEAR LAKE,2020,6367,1082,0.169939
16007,ID,Bear Lake County,BEAR LAKE,2021,6569,1116,0.169889
16007,ID,Bear Lake County,BEAR LAKE,2022,6751,1147,0.169901
16007,ID,Bear Lake County,BEAR LAKE,2023,6783,1153,0.169984
16007,ID,Bear Lake County,BEAR LAKE,2024,6779,1152,0.169937
16009,ID,Benewah County,BENEWAH,2020,9579,1628,0.169955
16009,ID,Benewah County,BENEWAH,2021,9900,1683,0.17
16009,ID,Benewah County,BENEWAH,2022,10301,1751,0.169983
16009,ID,Benewah County,BENEWAH,2023,10400,1768,0.17
16009,ID,Benewah County,BENEWAH,2024,10529,1790,0.170007
16011,ID,Bingham County,BINGHAM,2020,48099,8177,0.170004
16011,ID,Bingham County,BINGHAM,2021,48938,8319,0.169991
16011,ID,Bingham County,BINGHAM,2022,49997,8499,0.16999
16011,ID,Bingham County,BINGHAM,2023,50398,8568,0.170007
16011,ID,Bingham County,BINGHAM,2024,50889,8651,0.169997
16013,ID,Blaine County,BLAINE,2020,24345,4138,0.169973
16013,ID,Blaine County,BLAINE,2021,24784,4213,0.169989
16013,ID,Blaine County,BLAINE,2022,25186,4281,0.169975
16013,ID,Blaine County,BLAINE,2023,25180,4280,0.169976
16013,ID,Blaine County,BLAINE,2024,25261,4294,0.169985
16015,ID,Boise County,BOISE,2020,7663,1303,0.170038
16015,ID,Boise County,BOISE,2021,8133,1383,0.170048
16015,ID,Boise County,BOISE,2022,8426,1433,0.170069
16015,ID,Boise County,BOISE,2023,8560,1455,0.169977
16015,ID,Boise County,BOISE,2024,8581,1459,0.170027
16017,ID,Bonner County,BONNER,2020,47411,8060,0.170003
16017,ID,Bonner County,BONNER,2021,49649,8440,0.169993
16017,ID,Bonner County,BONNER,2022,51521,8758,0.169989
16017,ID,Bonner County,BONNER,2023,52709,8960,0.16999
16017,ID,Bonner County,BONNER,2024,53955,9172,0.169994
16019,ID,Bonneville County,BONNEVILLE,2020,124736,21205,0.169999
16019,ID,Bonneville County,BONNEVILLE,2021,128072,21772,0.169998
16019,ID,Bonneville County,BONNEVILLE,2022,129690,22047,0.169998
16019,ID,Bonneville County,BONNEVILLE,2023,131475,22350,0.169994
16019,ID,Bonneville County,BONNEVILLE,2024,133644,22719,0.169996
16021,ID,Boundary County,BOUNDARY,2020,12141,2064,0.170002
16021,ID,Boundary County,BOUNDARY,2021,12627,2147,0.170032
16021,ID,Boundary County,BOUNDARY,2022,13377,2274,0.169993
16021,ID,Boundary County,BOUNDARY,2023,13677,2325,0.169993
16021,ID,Boundary County,BOUNDARY,2024,14040,2387,0.170014
16023,ID,Butte County,BUTTE,2020,2583,439,0.169957
16023,ID,Butte County,BUTTE,2021,2665,453,0.169981
16023,ID,Butte County,BUTTE,2022,2692,458,0.170134
16023,ID,Butte County,BUTTE,2023,2747,467,0.170004
16023,ID,Butte County,BUTTE,2024,2735,465,0.170018
16025,ID,Camas County,CAMAS,2020,1084,184,0.169742
16025,ID,Camas County,CAMAS,2021,1137,193,0.169745
16025,ID,Camas County,CAMAS,2022,1168,199,0.170377
16025,ID,Camas County,CAMAS,2023,1232,209,0.169643
16025,ID,Camas County,CAMAS,2024,1247,212,0.170008
16027,ID,Canyon County,CANYON,2020,233031,39616,0.170003
16027,ID,Canyon County,CANYON,2021,243752,41438,0.170001
16027,ID,Canyon County,CANYON,2022,251532,42761,0.170002
16027,ID,Canyon County,CANYON,2023,258742,43986,0.169999
16027,ID,Canyon County,CANYON,2024,266892,45372,0.170001
16029,ID,Caribou County,CARIBOU,2020,7016,1193,0.17004
16029,ID,Caribou County,CARIBOU,2021,7115,1210,0.170063
16029,ID,Caribou County,CARIBOU,2022,7208,1226,0.170089
16029,ID,Caribou County,CARIBOU,2023,7233,1230,0.170054
16029,ID,Caribou County,CARIBOU,2024,7239,1231,0.170051
16031,ID,Cassia County,CASSIA,2020,24755,4208,0.169986
16031,ID,Cassia County,CASSIA,2021,25242,4291,0.169994
16031,ID,Cassia County,CASSIA,2022,25625,4356,0.16999
16031,ID,Cassia County,CASSIA,2023,25817,4389,0.170004
16031,ID,Cassia County,CASSIA,2024,25976,4416,0.170003
16033,ID,Clark County,CLARK,2020,864,135,0.15625
16033,ID,Clark County,CLARK,2021,864,135,0.15625
16033,ID,Clark County,CLARK,2022,864,135,0.15625
16033,ID,Clark County,CLARK,2023,864,135,0.15625
16033,ID,Clark County,CLARK,2024,864,135,0.15625
16035,ID,Clearwater County,CLEARWATER,2020,8752,1488,0.170018
16035,ID,Clearwater County,CLEARWATER,2021,8927,1518,0.170046
16035,ID,Clearwater County,CLEARWATER,2022,9034,1536,0.170024
16035,ID,Clearwater County,CLEARWATER,2023,9192,1563,0.170039
16035,ID,Clearwater County,CLEARWATER,2024,9151,1556,0.170036
16037,ID,Custer County,CUSTER,2020,4269,725,0.169829
16037,ID,Custer County,CUSTER,2021,4444,755,0.169892
16037,ID,Custer County,CUSTER,2022,4503,765,0.169887
16037,ID,Custer County,CUSTER,2023,4531,770,0.16994
16037,ID,Custer County,CUSTER,2024,4597,781,0.169893
16039,ID,Elmore County,ELMORE,2020,28680,4876,0.170014
16039,ID,Elmore County,ELMORE,2021,28994,4929,0.170001
16039,ID,Elmore County,ELMORE,2022,29494,5014,0.170001
16039,ID,Elmore County,ELMORE,2023,29706,5050,0.169999
16039,ID,Elmore County,ELMORE,2024,29729,5054,0.170002
16041,ID,Franklin County,FRANKLIN,2020,14283,2428,0.169992
16041,ID,Franklin County,FRANKLIN,2021,14673,2494,0.169972
16041,ID,Franklin County,FRANKLIN,2022,15172,2579,0.169984
16041,ID,Franklin County,FRANKLIN,2023,15516,2637,0.169954
16041,ID,Franklin County,FRANKLIN,2024,15638,2658,0.169971
16043,ID,Fremont County,FREMONT,2020,13419,2281,0.169983
16043,ID,Fremont County,FREMONT,2021,13593,2311,0.170014
16043,ID,Fremont County,FREMONT,2022,14048,2388,0.169989
16043,ID,Fremont County,FREMONT,2023,14258,2424,0.17001
16043,ID,Fremont County,FREMONT,2024,14399,2448,0.170012
16045,ID,Gem County,GEM,2020,19278,3278,0.170038
16045,ID,Gem County,GEM,2021,19813,3368,0.169989
16045,ID,Gem County,GEM,2022,20739,3526,0.170018
16045,ID,Gem County,GEM,2023,21384,3636,0.170034
16045,ID,Gem County,GEM,2024,21857,3716,0.170014
16047,ID,Gooding County,GOODING,2020,15657,2662,0.17002
16047,ID,Gooding County,GOODING,2021,15806,2687,0.169999
16047,ID,Gooding County,GOODING,2022,15890,2701,0.169981
16047,ID,Gooding County,GOODING,2023,16113,2739,0.169987
16047,ID,Gooding County,GOODING,2024,16189,2752,0.169992
16049,ID,Idaho County,IDAHO,2020,16590,2820,0.169982
16049,ID,Idaho County,IDAHO,2021,17059,2900,0.169998
16049,ID,Idaho County,IDAHO,2022,17670,3004,0.170006
16049,ID,Idaho County,IDAHO,2023,17928,3048,0.170013
16049,ID,Idaho County,IDAHO,2024,17912,3045,0.169998
16051,ID,Jefferson County,JEFFERSON,2020,31082,5284,0.170002
16051,ID,Jefferson County,JEFFERSON,2021,32208,5475,0.169989
16051,ID,Jefferson County,JEFFERSON,2022,33365,5672,0.169999
16051,ID,Jefferson County,JEFFERSON,2023,34259,5824,0.169999
16051,ID,Jefferson County,JEFFERSON,2024,34854,5925,0.169995
16053,ID,Jerome County,JEROME,2020,24268,4126,0.170018
16053,ID,Jerome County,JEROME,2021,24740,4206,0.170008
16053,ID,Jerome County,JEROME,2022,25228,4289,0.17001
16053,ID,Jerome County,JEROME,2023,25574,4348,0.170016
16053,ID,Jerome County,JEROME,2024,26056,4430,0.170018
16055,ID,Kootenai County,KOOTENAI,2020,172791,29375,0.170003
16055,ID,Kootenai County,KOOTENAI,2021,180089,30615,0.169999
16055,ID,Kootenai County,KOOTENAI,2022,183540,31202,0.170001
16055,ID,Kootenai County,KOOTENAI,2023,185237,31490,0.169998
16055,ID,Kootenai County,KOOTENAI,2024,188323,32015,0.17
16057,ID,Latah County,LATAH,2020,39638,6739,0.170014
16057,ID,Latah County,LATAH,2021,40406,6869,0.17
16057,ID,Latah County,LATAH,2022,41330,7026,0.169998
16057,ID,Latah County,LATAH,2023,41691,7088,0.170013
16057,ID,Latah County,LATAH,2024,42180,7171,0.170009
16059,ID,Lemhi County,LEMHI,2020,7958,1352,0.169892
16059,ID,Lemhi County,LEMHI,2021,8158,1386,0.169895
16059,ID,Lemhi County,LEMHI,2022,8286,1408,0.169925
16059,ID,Lemhi County,LEMHI,2023,8447,1435,0.169883
16059,ID,Lemhi County,LEMHI,2024,8397,1427,0.169942
16061,ID,Lewis County,LEWIS,2020,3524,599,0.169977
16061,ID,Lewis County,LEWIS,2021,3689,627,0.169965
16061,ID,Lewis County,LEWIS,2022,3727,634,0.17011
16061,ID,Lewis County,LEWIS,2023,3740,636,0.170053
16061,ID,Lewis County,LEWIS,2024,3728,634,0.170064
16063,ID,Lincoln County,LINCOLN,2020,5136,874,0.170171
16063,ID,Lincoln County,LINCOLN,2021,5289,900,0.170164
16063,ID,Lincoln County,LINCOLN,2022,5365,913,0.170177
16063,ID,Lincoln County,LINCOLN,2023,5444,926,0.170096
16063,ID,Lincoln County,LINCOLN,2024,5556,945,0.170086
16065,ID,Madison County,MADISON,2020,52912,8995,0.169999
16065,ID,Madison County,MADISON,2021,54079,9193,0.169992
16065,ID,Madison County,MADISON,2022,55427,9422,0.169989
16065,ID,Madison County,MADISON,2023,55123,9371,0.170002
16065,ID,Madison County,MADISON,2024,55549,9443,0.169994
16067,ID,Minidoka County,MINIDOKA,2020,21671,3684,0.169997
16067,ID,Minidoka County,MINIDOKA,2021,21951,3731,0.169969
16067,ID,Minidoka County,MINIDOKA,2022,22202,3774,0.169985
16067,ID,Minidoka County,MINIDOKA,2023,22526,3829,0.169981
16067,ID,Minidoka County,MINIDOKA,2024,22691,3857,0.169979
16069,ID,Nez Perce County,NEZ PERCE,2020,42148,7165,0.169996
16069,ID,Nez Perce County,NEZ PERCE,2021,42511,7227,0.170003
16069,ID,Nez Perce County,NEZ PERCE,2022,43003,7311,0.170011
16069,ID,Nez Perce County,NEZ PERCE,2023,42978,7306,0.169994
16069,ID,Nez Perce County,NEZ PERCE,2024,42847,7284,0.17
16071,ID,Oneida County,ONEIDA,2020,4564,776,0.170026
16071,ID,Oneida County,ONEIDA,2021,4604,783,0.17007
16071,ID,Oneida County,ONEIDA,2022,4740,806,0.170042
16071,ID,Oneida County,ONEIDA,2023,4955,842,0.169929
16071,ID,Oneida County,ONEIDA,2024,4976,846,0.170016
16073,ID,Owyhee County,OWYHEE,2020,11999,2040,0.170014
16073,ID,Owyhee County,OWYHEE,2021,12362,2101,0.169956
16073,ID,Owyhee County,OWYHEE,2022,12644,2149,0.169962
16073,ID,Owyhee County,OWYHEE,2023,12762,2169,0.169958
16073,ID,Owyhee County,OWYHEE,2024,12748,2167,0.169987
16075,ID,Payette County,PAYETTE,2020,25588,4350,0.170002
16075,ID,Payette County,PAYETTE,2021,26385,4486,0.170021
16075,ID,Payette County,PAYETTE,2022,26934,4579,0.170008
16075,ID,Payette County,PAYETTE,2023,27284,4639,0.170026
16075,ID,Payette County,PAYETTE,2024,27662,4703,0.170017
16077,ID,Power County,POWER,2020,7883,1340,0.169986
16077,ID,Power County,POWER,2021,7980,1357,0.17005
16077,ID,Power County,POWER,2022,8122,1381,0.170032
16077,ID,Power County,POWER,2023,8301,1411,0.16998
16077,ID,Power County,POWER,2024,8381,1425,0.170027
16079,ID,Shoshone County,SHOSHONE,2020,13205,2245,0.170011
16079,ID,Shoshone County,SHOSHONE,2021,13623,2316,0.170007
16079,ID,Shoshone County,SHOSHONE,2022,13951,2372,0.170024
16079,ID,Shoshone County,SHOSHONE,2023,14072,2393,0.170054
16079,ID,Shoshone County,SHOSHONE,2024,14074,2393,0.17003
16081,ID,Teton County,TETON,2020,11734,1994,0.169934
16081,ID,Teton County,TETON,2021,12273,2086,0.169967
16081,ID,Teton County,TETON,2022,12553,2134,0.169999
16081,ID,Teton County,TETON,2023,12632,2147,0.169965
16081,ID,Teton County,TETON,2024,12932,2198,0.169966
16083,ID,Twin Falls County,TWIN FALLS,2020,90374,15364,0.170005
16083,ID,Twin Falls County,TWIN FALLS,2021,92410,15710,0.170003
16083,ID,Twin Falls County,TWIN FALLS,2022,93973,15976,0.170006
16083,ID,Twin Falls County,TWIN FALLS,2023,95404,16219,0.170003
16083,ID,Twin Falls County,TWIN FALLS,2024,96509,16407,0.170005
16085,ID,Valley County,VALLEY,2020,11842,2013,0.169988
16085,ID,Valley County,VALLEY,2021,12258,2084,0.170011
16085,ID,Valley County,VALLEY,2022,12436,2114,0.16999
16085,ID,Valley County,VALLEY,2023,12630,2147,0.169992
16085,ID,Valley County,VALLEY,2024,12777,2172,0.169993
16087,ID,Washington County,WASHINGTON,2020,10560,1796,0.170076
16087,ID,Washington County,WASHINGTON,2021,10905,1854,0.170014
16087,ID,Washington County,WASHINGTON,2022,11198,1904,0.17003
16087,ID,Washington County,WASHINGTON,2023,11508,1957,0.170056
16087,ID,Washington County,WASHINGTON,2024,11539,1962,0.170032
17001,IL,Adams County,ADAMS,2020,65622,10828,0.165006
17001,IL,Adams County,ADAMS,2021,65077,10738,0.165005
17001,IL,Adams County,ADAMS,2022,64526,10647,0.165003
17001,IL,Adams County,ADAMS,2023,64435,10632,0.165003
17001,IL,Adams County,ADAMS,2024,64109,10578,0.165
17003,IL,Alexander County,ALEXANDER,2020,5172,853,0.164927
17003,IL,Alexander County,ALEXANDER,2021,5028,830,0.165076
17003,IL,Alexander County,ALEXANDER,2022,4859,802,0.165055
17003,IL,Alexander County,ALEXANDER,2023,4723,779,0.164938
17003,IL,Alexander County,ALEXANDER,2024,4594,758,0.164998
17005,IL,Bond County,BOND,2020,16856,2781,0.164986
17005,IL,Bond County,BOND,2021,16797,2771,0.16497
17005,IL,Bond County,BOND,2022,16716,2758,0.164992
17005,IL,Bond County,BOND,2023,16637,2745,0.164994
17005,IL,Bond County,BOND,2024,16576,2735,0.164998
17007,IL,Boone County,BOONE,2020,53339,8801,0.165001
17007,IL,Boone County,BOONE,2021,53173,8774,0.165009
17007,IL,Boone County,BOONE,2022,53084,8759,0.165003
17007,IL,Boone County,BOONE,2023,53239,8785,0.165011
17007,IL,Boone County,BOONE,2024,53313,8797,0.165007
17009,IL,Brown County,BROWN,2020,6237,1029,0.164983
17009,IL,Brown County,BROWN,2021,6444,1064,0.165115
17009,IL,Brown County,BROWN,2022,6321,1043,0.165006
17009,IL,Brown County,BROWN,2023,6301,1040,0.165053
17009,IL,Brown County,BROWN,2024,6307,1041,0.165055
17011,IL,Bureau County,BUREAU,2020,33225,5482,0.164996
17011,IL,Bureau County,BUREAU,2021,32999,5445,0.165005
17011,IL,Bureau County,BUREAU,2022,32862,5422,0.164993
17011,IL,Bureau County,BUREAU,2023,32758,5405,0.164998
17011,IL,Bureau County,BUREAU,2024,32486,5360,0.164994
17013,IL,Calhoun County,CALHOUN,2020,4403,727,0.165115
17013,IL,Calhoun County,CALHOUN,2021,4392,725,0.165073
17013,IL,Calhoun County,CALHOUN,2022,4335,715,0.164937
17013,IL,Calhoun County,CALHOUN,2023,4293,708,0.16492
17013,IL,Calhoun County,CALHOUN,2024,4224,697,0.165009
17015,IL,Carroll County,CARROLL,2020,15678,2587,0.165008
17015,IL,Carroll County,CARROLL,2021,15712,2592,0.164969
17015,IL,Carroll County,CARROLL,2022,15553,2566,0.164984
17015,IL,Carroll County,CARROLL,2023,15492,2556,0.164988
17015,IL,Carroll County,CARROLL,2024,15444,2548,0.164983
17017,IL,Cass County,CASS,2020,12976,2141,0.164997
17017,IL,Cass County,CASS,2021,12778,2109,0.165049
17017,IL,Cass County,CASS,2022,12672,2091,0.165009
17017,IL,Cass County,CASS,2023,12779,2109,0.165036
17017,IL,Cass County,CASS,2024,12713,2098,0.165028
17019,IL,Champaign County,CHAMPAIGN,2020,206252,34032,0.165002
17019,IL,Champaign County,CHAMPAIGN,2021,207232,34194,0.165003
17019,IL,Champaign County,CHAMPAIGN,2022,208033,34326,0.165003
17019,IL,Champaign County,CHAMPAIGN,2023,209813,34619,0.164999
17019,IL,Champaign County,CHAMPAIGN,2024,212374,35042,0.165001
17021,IL,Christian County,CHRISTIAN,2020,33982,5607,0.164999
17021,IL,Christian County,CHRISTIAN,2021,33731,5566,0.165011
17021,IL,Christian County,CHRISTIAN,2022,33410,5513,0.16501
17021,IL,Christian County,CHRISTIAN,2023,33319,5498,0.165011
17021,IL,Christian County,CHRISTIAN,2024,33247,5486,0.165007
17023,IL,Clark County,CLARK,2020,15448,2549,0.165005
17023,IL,Clark County,CLARK,2021,15375,2537,0.165008
17023,IL,Clark County,CLARK,2022,15211,2510,0.165012
17023,IL,Clark County,CLARK,2023,15218,2511,0.165002
17023,IL,Clark County,CLARK,2024,15076,2488,0.165031
17025,IL,Clay County,CLAY,2020,13273,2190,0.164997
17025,IL,Clay County,CLAY,2021,13166,2172,0.16497
17025,IL,Clay County,CLAY,2022,13053,2153,0.164943
17025,IL,Clay County,CLAY,2023,12945,2135,0.164929
17025,IL,Clay County,CLAY,2024,12821,2115,0.164964
17027,IL,Clinton County,CLINTON,2020,36913,6090,0.164983
17027,IL,Clinton County,CLINTON,2021,36898,6088,0.164995
17027,IL,Clinton County,CLINTON,2022,36987,6103,0.165004
17027,IL,Clinton County,CLINTON,2023,36886,6086,0.164995
17027,IL,Clinton County,CLINTON,2024,37087,6119,0.16499
17029,IL,Coles County,COLES,2020,47084,7769,0.165003
17029,IL,Coles County,COLES,2021,47136,7778,0.165012
17029,IL,Coles County,COLES,2022,46708,7707,0.165004
17029,IL,Coles County,COLES,2023,46532,7678,0.165005
17029,IL,Coles County,COLES,2024,46423,7660,0.165004
17031,IL,Cook County,COOK,2020,1316181,526472,0.4
17031,IL,Cook County,COOK,2021,1316181,526472,0.4
17031,IL,Cook County,COOK,2022,1316181,526472,0.4
17031,IL,Cook County,COOK,2023,1316181,526472,0.4
17031,IL,Cook County,COOK,2024,1316181,526472,0.4
17033,IL,Crawford County,CRAWFORD,2020,18637,3075,0.164994
17033,IL,Crawford County,CRAWFORD,2021,18673,3081,0.164998
17033,IL,Crawford County,CRAWFORD,2022,18516,3055,0.164992
17033,IL,Crawford County,CRAWFORD,2023,18342,3026,0.164977
17033,IL,Crawford County,CRAWFORD,2024,18388,3034,0.164999
17035,IL,Cumberland County,CUMBERLAND,2020,10437,1722,0.16499
17035,IL,Cumberland County,CUMBERLAND,2021,10358,1709,0.164993
17035,IL,Cumberland County,CUMBERLAND,2022,10296,1699,0.165016
17035,IL,Cumberland County,CUMBERLAND,2023,10272,1695,0.165012
17035,IL,Cumberland County,CUMBERLAND,2024,10305,1700,0.164968
17037,IL,DeKalb County,DEKALB,2020,100368,16560,0.164993
17037,IL,DeKalb County,DEKALB,2021,100584,16596,0.164996
17037,IL,DeKalb County,DEKALB,2022,100569,16594,0.165001
17037,IL,DeKalb County,DEKALB,2023,100661,16609,0.164999
17037,IL,DeKalb County,DEKALB,2024,101335,16720,0.164997
17039,IL,De Witt County,DE WITT,2020,15464,2552,0.165028
17039,IL,De Witt County,DE WITT,2021,15410,2543,0.165023
17039,IL,De Witt County,DE WITT,2022,15341,2532,0.165048
17039,IL,De Witt County,DE WITT,2023,15331,2530,0.165025
17039,IL,De Witt County,DE WITT,2024,15319,2528,0.165024
17041,IL,Douglas County,DOUGLAS,2020,19780,3264,0.165015
17041,IL,Douglas County,DOUGLAS,2021,19714,3253,0.16501
17041,IL,Douglas County,DOUGLAS,2022,19702,3251,0.165009
17041,IL,Douglas County,DOUGLAS,2023,19733,3256,0.165003
17041,IL,Douglas County,DOUGLAS,2024,19824,3271,0.165002
17043,IL,DuPage County,DUPAGE,2020,931508,153698,0.164999
17043,IL,DuPage County,DUPAGE,2021,927145,152978,0.164999
17043,IL,DuPage County,DUPAGE,2022,925143,152648,0.164999
17043,IL,DuPage County,DUPAGE,2023,929180,153314,0.164999
17043,IL,DuPage County,DUPAGE,2024,937142,154628,0.165
17045,IL,Edgar County,EDGAR,2020,16808,2774,0.16504
17045,IL,Edgar County,EDGAR,2021,16601,2739,0.16499
17045,IL,Edgar County,EDGAR,2022,16426,2711,0.165043
17045,IL,Edgar County,EDGAR,2023,16442,2713,0.165004
17045,IL,Edgar County,EDGAR,2024,16398,2706,0.16502
17047,IL,Edwards County,EDWARDS,2020,6209,1024,0.164922
17047,IL,Edwards County,EDWARDS,2021,6087,1004,0.164942
17047,IL,Edwards County,EDWARDS,2022,6073,1002,0.164993
17047,IL,Edwards County,EDWARDS,2023,6021,993,0.164923
17047,IL,Edwards County,EDWARDS,2024,5984,987,0.16494
17049,IL,Effingham County,EFFINGHAM,2020,34707,5726,0.164981
17049,IL,Effingham County,EFFINGHAM,2021,34514,5694,0.164977
17049,IL,Effingham County,EFFINGHAM,2022,34336,5665,0.164987
17049,IL,Effingham County,EFFINGHAM,2023,34453,5684,0.164978
17049,IL,Effingham County,EFFINGHAM,2024,34602,5709,0.16499
17051,IL,Fayette County,FAYETTE,2020,21485,3545,0.164999
17051,IL,Fayette County,FAYETTE,2021,21438,3537,0.164987
17051,IL,Fayette County,FAYETTE,2022,21284,3512,0.165007
17051,IL,Fayette County,FAYETTE,2023,21209,3500,0.165024
17051,IL,Fayette County,FAYETTE,2024,21157,3491,0.165004
17053,IL,Ford County,FORD,2020,13511,2229,0.164977
17053,IL,Ford County,FORD,2021,13480,2224,0.164985
17053,IL,Ford County,FORD,2022,13270,2189,0.164959
17053,IL,Ford County,FORD,2023,13316,2197,0.164989
17053,IL,Ford County,FORD,2024,13451,2219,0.164969
17055,IL,Franklin County,FRANKLIN,2020,37717,6223,0.164992
17055,IL,Franklin County,FRANKLIN,2021,37484,6184,0.164977
17055,IL,Franklin County,FRANKLIN,2022,37226,6142,0.164992
17055,IL,Franklin County,FRANKLIN,2023,37156,6130,0.16498
17055,IL,Franklin County,FRANKLIN,2024,37033,6110,0.164988
17057,IL,Fulton County,FULTON,2020,33554,5536,0.164988
17057,IL,Fulton County,FULTON,2021,33344,5502,0.165007
17057,IL,Fulton County,FULTON,2022,33022,5448,0.164981
17057,IL,Fulton County,FULTON,2023,32664,5389,0.164983
17057,IL,Fulton County,FULTON,2024,32510,5364,0.164995
17059,IL,Gallatin County,GALLATIN,2020,4945,816,0.165015
17059,IL,Gallatin County,GALLATIN,2021,4908,810,0.165037
17059,IL,Gallatin County,GALLATIN,2022,4842,799,0.165014
17059,IL,Gallatin County,GALLATIN,2023,4708,777,0.165038
17059,IL,Gallatin County,GALLATIN,2024,4690,774,0.165032
17061,IL,Greene County,GREENE,2020,11935,1969,0.164977
17061,IL,Greene County,GREENE,2021,11848,1955,0.165007
17061,IL,Greene County,GREENE,2022,11643,1921,0.164992
17061,IL,Greene County,GREENE,2023,11572,1910,0.165054
17061,IL,Greene County,GREENE,2024,11417,1884,0.165017
17063,IL,Grundy County,GRUNDY,2020,52535,8668,0.164995
17063,IL,Grundy County,GRUNDY,2021,52984,8743,0.165012
17063,IL,Grundy County,GRUNDY,2022,53153,8770,0.164995
17063,IL,Grundy County,GRUNDY,2023,53587,8842,0.165003
17063,IL,Grundy County,GRUNDY,2024,53835,8883,0.165004
17065,IL,Hamilton County,HAMILTON,2020,7993,1319,0.165019
17065,IL,Hamilton County,HAMILTON,2021,7908,1305,0.165023
17065,IL,Hamilton County,HAMILTON,2022,7976,1316,0.164995
17065,IL,Hamilton County,HAMILTON,2023,7886,1301,0.164976
17065,IL,Hamilton County,HAMILTON,2024,7818,1290,0.165004
17067,IL,Hancock County,HANCOCK,2020,17558,2897,0.164996
17067,IL,Hancock County,HANCOCK,2021,17395,2870,0.16499
17067,IL,Hancock County,HANCOCK,2022,17250,2846,0.164986
17067,IL,Hancock County,HANCOCK,2023,17195,2837,0.16499
17067,IL,Hancock County,HANCOCK,2024,17008,2806,0.164981
17069,IL,Hardin County,HARDIN,2020,3646,602,0.165112
17069,IL,Hardin County,HARDIN,2021,3640,601,0.16511
17069,IL,Hardin County,HARDIN,2022,3588,592,0.164994
17069,IL,Hardin County,HARDIN,2023,3599,594,0.165046
17069,IL,Hardin County,HARDIN,2024,3550,586,0.16507
17071,IL,Henderson County,HENDERSON,2020,6335,1045,0.164957
17071,IL,Henderson County,HENDERSON,2021,6309,1041,0.165002
17071,IL,Henderson County,HENDERSON,2022,6168,1018,0.165045
17071,IL,Henderson County,HENDERSON,2023,6105,1007,0.164947
17071,IL,Henderson County,HENDERSON,2024,6048,998,0.165013
17073,IL,Henry County,HENRY,2020,49178,8114,0.164992
17073,IL,Henry County,HENRY,2021,48929,8073,0.164994
17073,IL,Henry County,HENRY,2022,48567,8013,0.164989
17073,IL,Henry County,HENRY,2023,48362,7980,0.165006
17073,IL,Henry County,HENRY,2024,48177,7949,0.164996
17075,IL,Iroquois County,IROQUOIS,2020,26966,4449,0.164986
17075,IL,Iroquois County,IROQUOIS,2021,26761,4416,0.165016
17075,IL,Iroquois County,IROQUOIS,2022,26417,4359,0.165007
17075,IL,Iroquois County,IROQUOIS,2023,26033,4295,0.164983
17075,IL,Iroquois County,IROQUOIS,2024,26067,4301,0.164998
17077,IL,Jackson County,JACKSON,2020,53264,8789,0.165008
17077,IL,Jackson County,JACKSON,2021,52986,8743,0.165006
17077,IL,Jackson County,JACKSON,2022,53004,8746,0.165006
17077,IL,Jackson County,JACKSON,2023,52867,8723,0.164999
17077,IL,Jackson County,JACKSON,2024,53199,8778,0.165003
17079,IL,Jasper County,JASPER,2020,9255,1527,0.164992
17079,IL,Jasper County,JASPER,2021,9210,1519,0.164929
17079,IL,Jasper County,JASPER,2022,9185,1515,0.164943
17079,IL,Jasper County,JASPER,2023,9156,1511,0.165028
17079,IL,Jasper County,JASPER,2024,9092,1500,0.16498
17081,IL,Jefferson County,JEFFERSON,2020,37000,6105,0.165
17081,IL,Jefferson County,JEFFERSON,2021,36899,6089,0.165018
17081,IL,Jefferson County,JEFFERSON,2022,36415,6009,0.165014
17081,IL,Jefferson County,JEFFERSON,2023,36331,5995,0.165011
17081,IL,Jefferson County,JEFFERSON,2024,36107,5958,0.16501
17083,IL,Jersey County,JERSEY,2020,21492,3546,0.164992
17083,IL,Jersey County,JERSEY,2021,21350,3523,0.165012
17083,IL,Jersey County,JERSEY,2022,21222,3502,0.165017
17083,IL,Jersey County,JERSEY,2023,21158,3491,0.164997
17083,IL,Jersey County,JERSEY,2024,21150,3490,0.165012
17085,IL,Jo Daviess County,JO DAVIESS,2020,22098,3646,0.164992
17085,IL,Jo Daviess County,JO DAVIESS,2021,22016,3633,0.165016
17085,IL,Jo Daviess County,JO DAVIESS,2022,21863,3607,0.164982
17085,IL,Jo Daviess County,JO DAVIESS,2023,21749,3588,0.164973
17085,IL,Jo Daviess County,JO DAVIESS,2024,21528,3552,0.164994
17087,IL,Johnson County,JOHNSON,2020,13322,2198,0.16499
17087,IL,Johnson County,JOHNSON,2021,13481,2225,0.165047
17087,IL,Johnson County,JOHNSON,2022,13401,2211,0.164988
17087,IL,Johnson County,JOHNSON,2023,13355,2204,0.165032
17087,IL,Johnson County,JOHNSON,2024,13320,2198,0.165015
17089,IL,Kane County,KANE,2020,516403,85207,0.165001
17089,IL,Kane County,KANE,2021,516564,85234,0.165002
17089,IL,Kane County,KANE,2022,515070,84987,0.165001
17089,IL,Kane County,KANE,2023,517241,85345,0.165
17089,IL,Kane County,KANE,2024,520997,85965,0.165001
17091,IL,Kankakee County,KANKAKEE,2020,107403,17722,0.165005
17091,IL,Kankakee County,KANKAKEE,2021,106757,17615,0.165001
17091,IL,Kankakee County,KANKAKEE,2022,106221,17527,0.165005
17091,IL,Kankakee County,KANKAKEE,2023,106386,17554,0.165003
17091,IL,Kankakee County,KANKAKEE,2024,106410,17558,0.165003
17093,IL,Kendall County,KENDALL,2020,132351,21838,0.165001
17093,IL,Kendall County,KENDALL,2021,135023,22279,0.165002
17093,IL,Kendall County,KENDALL,2022,137602,22704,0.164998
17093,IL,Kendall County,KENDALL,2023,140229,23138,0.165002
17093,IL,Kendall County,KENDALL,2024,143171,23623,0.164998
17095,IL,Knox County,KNOX,2020,49806,8218,0.165
17095,IL,Knox County,KNOX,2021,49333,8140,0.165001
17095,IL,Knox County,KNOX,2022,48713,8038,0.165007
17095,IL,Knox County,KNOX,2023,48663,8029,0.164992
17095,IL,Knox County,KNOX,2024,48716,8038,0.164997
17097,IL,Lake County,LAKE,2020,713426,117716,0.165001
17097,IL,Lake County,LAKE,2021,712733,117601,0.165
17097,IL,Lake County,LAKE,2022,712143,117504,0.165001
17097,IL,Lake County,LAKE,2023,714207,117844,0.165
17097,IL,Lake County,LAKE,2024,718604,118570,0.165
17099,IL,LaSalle County,LASALLE,2020,109409,18052,0.164996
17099,IL,LaSalle County,LASALLE,2021,109166,18012,0.164996
17099,IL,LaSalle County,LASALLE,2022,108210,17854,0.164994
17099,IL,LaSalle County,LASALLE,2023,108397,17885,0.164995
17099,IL,LaSalle County,LASALLE,2024,108390,17884,0.164997
17101,IL,Lawrence County,LAWRENCE,2020,15283,2522,0.16502
17101,IL,Lawrence County,LAWRENCE,2021,15246,2515,0.164961
17101,IL,Lawrence County,LAWRENCE,2022,14937,2464,0.164959
17101,IL,Lawrence County,LAWRENCE,2023,14886,2456,0.164987
17101,IL,Lawrence County,LAWRENCE,2024,14801,2442,0.164989
17103,IL,Lee County,LEE,2020,34063,5621,0.165018
17103,IL,Lee County,LEE,2021,34202,5644,0.16502
17103,IL,Lee County,LEE,2022,33928,5598,0.164996
17103,IL,Lee County,LEE,2023,33606,5545,0.165
17103,IL,Lee County,LEE,2024,33544,5535,0.165007
17105,IL,Livingston County,LIVINGSTON,2020,35816,5910,0.16501
17105,IL,Livingston County,LIVINGSTON,2021,35799,5907,0.165005
17105,IL,Livingston County,LIVINGSTON,2022,35513,5860,0.16501
17105,IL,Livingston County,LIVINGSTON,2023,35321,5828,0.165001
17105,IL,Livingston County,LIVINGSTON,2024,35375,5837,0.165004
17107,IL,Logan County,LOGAN,2020,27905,4604,0.164988
17107,IL,Logan County,LOGAN,2021,27978,4616,0.164987
17107,IL,Logan County,LOGAN,2022,27654,4562,0.164967
17107,IL,Logan County,LOGAN,2023,27508,4538,0.16497
17107,IL,Logan County,LOGAN,2024,27518,4540,0.164983
17109,IL,McDonough County,MCDONOUGH,2020,27116,4474,0.164995
17109,IL,McDonough County,MCDONOUGH,2021,26906,4439,0.164982
17109,IL,McDonough County,MCDONOUGH,2022,26965,4449,0.164992
17109,IL,McDonough County,MCDONOUGH,2023,26952,4447,0.164997
17109,IL,McDonough County,MCDONOUGH,2024,26662,4399,0.164991
17111,IL,McHenry County,MCHENRY,2020,309973,51145,0.164998
17111,IL,McHenry County,MCHENRY,2021,311669,51425,0.164999
17111,IL,McHenry County,MCHENRY,2022,311921,51467,0.165
17111,IL,McHenry County,MCHENRY,2023,313435,51717,0.165001
17111,IL,McHenry County,MCHENRY,2024,315959,52133,0.164999
17113,IL,McLean County,MCLEAN,2020,171236,28254,0.165
17113,IL,McLean County,MCLEAN,2021,171411,28282,0.164995
17113,IL,McLean County,MCLEAN,2022,171571,28309,0.164999
17113,IL,McLean County,MCLEAN,2023,171493,28296,0.164998
17113,IL,McLean County,MCLEAN,2024,172069,28391,0.164998
17115,IL,Macon County,MACON,2020,103764,17121,0.164999
17115,IL,Macon County,MACON,2021,102619,16933,0.165008
17115,IL,Macon County,MACON,2022,101369,16726,0.165001
17115,IL,Macon County,MACON,2023,100754,16625,0.165006
17115,IL,Macon County,MACON,2024,100737,16622,0.165004
17117,IL,Macoupin County,MACOUPIN,2020,44924,7413,0.165012
17117,IL,Macoupin County,MACOUPIN,2021,44563,7353,0.165002
17117,IL,Macoupin County,MACOUPIN,2022,44239,7300,0.165013
17117,IL,Macoupin County,MACOUPIN,2023,44127,7281,0.165001
17117,IL,Macoupin County,MACOUPIN,2024,43895,7243,0.165007
17119,IL,Madison County,MADISON,2020,265749,43849,0.165002
17119,IL,Madison County,MADISON,2021,265001,43725,0.164999
17119,IL,Madison County,MADISON,2022,263981,43557,0.165001
17119,IL,Madison County,MADISON,2023,263442,43468,0.165
17119,IL,Madison County,MADISON,2024,263017,43398,0.165001
17121,IL,Marion County,MARION,2020,37657,6213,0.164989
17121,IL,Marion County,MARION,2021,37390,6169,0.164991
17121,IL,Marion County,MARION,2022,36878,6085,0.165004
17121,IL,Marion County,MARION,2023,36640,6045,0.164984
17121,IL,Marion County,MARION,2024,36437,6012,0.164997
17123,IL,Marshall County,MARSHALL,2020,11710,1932,0.164987
17123,IL,Marshall County,MARSHALL,2021,11665,1925,0.165024
17123,IL,Marshall County,MARSHALL,2022,11657,1923,0.164965
17123,IL,Marshall County,MARSHALL,2023,11650,1922,0.164979
17123,IL,Marshall County,MARSHALL,2024,11552,1906,0.164993
17125,IL,Mason County,MASON,2020,13053,2154,0.16502
17125,IL,Mason County,MASON,2021,12826,2117,0.165055
17125,IL,Mason County,MASON,2022,12717,2099,0.165055
17125,IL,Mason County,MASON,2023,12588,2077,0.164998
17125,IL,Mason County,MASON,2024,12543,2070,0.165032
17127,IL,Massac County,MASSAC,2020,14137,2332,0.164957
17127,IL,Massac County,MASSAC,2021,13953,2302,0.164982
17127,IL,Massac County,MASSAC,2022,13858,2286,0.164959
17127,IL,Massac County,MASSAC,2023,13751,2268,0.164933
17127,IL,Massac County,MASSAC,2024,13627,2248,0.164967
17129,IL,Menard County,MENARD,2020,12272,2025,0.16501
17129,IL,Menard County,MENARD,2021,12170,2008,0.164996
17129,IL,Menard County,MENARD,2022,12076,1993,0.165038
17129,IL,Menard County,MENARD,2023,11996,1979,0.164972
17129,IL,Menard County,MENARD,2024,11963,1974,0.165009
17131,IL,Mercer County,MERCER,2020,15632,2579,0.164982
17131,IL,Mercer County,MERCER,2021,15583,2571,0.164987
17131,IL,Mercer County,MERCER,2022,15512,2559,0.164969
17131,IL,Mercer County,MERCER,2023,15456,2550,0.164984
17131,IL,Mercer County,MERCER,2024,15292,2523,0.164988
17133,IL,Monroe County,MONROE,2020,34953,5767,0.164993
17133,IL,Monroe County,MONROE,2021,35007,5776,0.164996
17133,IL,Monroe County,MONROE,2022,35107,5793,0.16501
17133,IL,Monroe County,MONROE,2023,35144,5799,0.165007
17133,IL,Monroe County,MONROE,2024,34969,5770,0.165003
17135,IL,Montgomery County,MONTGOMERY,2020,28242,4659,0.164967
17135,IL,Montgomery County,MONTGOMERY,2021,28128,4641,0.164996
17135,IL,Montgomery County,MONTGOMERY,2022,27971,4615,0.164992
17135,IL,Montgomery County,MONTGOMERY,2023,27756,4579,0.164973
17135,IL,Montgomery County,MONTGOMERY,2024,27615,4556,0.164983
17137,IL,Morgan County,MORGAN,2020,33494,5527,0.165015
17137,IL,Morgan County,MORGAN,2021,33289,5493,0.165009
17137,IL,Morgan County,MORGAN,2022,32931,5434,0.165012
17137,IL,Morgan County,MORGAN,2023,32773,5408,0.165014
17137,IL,Morgan County,MORGAN,2024,32618,5382,0.165001
17139,IL,Moultrie County,MOULTRIE,2020,14492,2391,0.164988
17139,IL,Moultrie County,MOULTRIE,2021,14573,2404,0.164963
17139,IL,Moultrie County,MOULTRIE,2022,14361,2369,0.164961
17139,IL,Moultrie County,MOULTRIE,2023,14327,2364,0.165003
17139,IL,Moultrie County,MOULTRIE,2024,14365,2370,0.164984
17141,IL,Ogle County,OGLE,2020,51762,8541,0.165005
17141,IL,Ogle County,OGLE,2021,51540,8504,0.164998
17141,IL,Ogle County,OGLE,2022,51437,8487,0.164998
17141,IL,Ogle County,OGLE,2023,51391,8480,0.165009
17141,IL,Ogle County,OGLE,2024,51345,8472,0.165001
17143,IL,Peoria County,PEORIA,2020,181512,29950,0.165003
17143,IL,Peoria County,PEORIA,2021,179847,29675,0.165001
17143,IL,Peoria County,PEORIA,2022,178503,29453,0.165
17143,IL,Peoria County,PEORIA,2023,178735,29491,0.164998
17143,IL,Peoria County,PEORIA,2024,179630,29639,0.165
17145,IL,Perry County,PERRY,2020,20892,3447,0.164991
17145,IL,Perry County,PERRY,2021,21027,3470,0.165026
17145,IL,Perry County,PERRY,2022,20503,3383,0.165
17145,IL,Perry County,PERRY,2023,20499,3382,0.164984
17145,IL,Perry County,PERRY,2024,20272,3345,0.165006
17147,IL,Piatt County,PIATT,2020,16683,2753,0.165018
17147,IL,Piatt County,PIATT,2021,16764,2766,0.164996
17147,IL,Piatt County,PIATT,2022,16678,2752,0.165008
17147,IL,Piatt County,PIATT,2023,16720,2759,0.165012
17147,IL,Piatt County,PIATT,2024,16628,2744,0.165023
17149,IL,Pike County,PIKE,2020,14637,2416,0.165061
17149,IL,Pike County,PIKE,2021,14621,2413,0.165037
17149,IL,Pike County,PIKE,2022,14492,2392,0.165057
17149,IL,Pike County,PIKE,2023,14339,2366,0.165005
17149,IL,Pike County,PIKE,2024,14258,2353,0.16503
17151,IL,Pope County,POPE,2020,3758,620,0.164981
17151,IL,Pope County,POPE,2021,3763,621,0.165028
17151,IL,Pope County,POPE,2022,3757,620,0.165025
17151,IL,Pope County,POPE,2023,3715,613,0.165007
17151,IL,Pope County,POPE,2024,3703,611,0.165001
17153,IL,Pulaski County,PULASKI,2020,5179,854,0.164897
17153,IL,Pulaski County,PULASKI,2021,5093,840,0.164932
17153,IL,Pulaski County,PULASKI,2022,4966,819,0.164921
17153,IL,Pulaski County,PULASKI,2023,4957,818,0.165019
17153,IL,Pulaski County,PULASKI,2024,4879,805,0.164993
17155,IL,Putnam County,PUTNAM,2020,5631,929,0.16498
17155,IL,Putnam County,PUTNAM,2021,5589,922,0.164967
17155,IL,Putnam County,PUTNAM,2022,5562,917,0.164869
17155,IL,Putnam County,PUTNAM,2023,5588,922,0.164996
17155,IL,Putnam County,PUTNAM,2024,5633,929,0.164921
17157,IL,Randolph County,RANDOLPH,2020,30084,4964,0.165005
17157,IL,Randolph County,RANDOLPH,2021,30207,4984,0.164995
17157,IL,Randolph County,RANDOLPH,2022,30101,4967,0.165011
17157,IL,Randolph County,RANDOLPH,2023,29993,4949,0.165005
17157,IL,Randolph County,RANDOLPH,2024,29903,4934,0.165
17159,IL,Richland County,RICHLAND,2020,15805,2608,0.165011
17159,IL,Richland County,RICHLAND,2021,15784,2605,0.165041
17159,IL,Richland County,RICHLAND,2022,15536,2564,0.165036
17159,IL,Richland County,RICHLAND,2023,15502,2558,0.165011
17159,IL,Richland County,RICHLAND,2024,15362,2535,0.165018
17161,IL,Rock Island County,ROCK ISLAND,2020,144360,23820,0.165004
17161,IL,Rock Island County,ROCK ISLAND,2021,142943,23586,0.165003
17161,IL,Rock Island County,ROCK ISLAND,2022,141812,23399,0.165
17161,IL,Rock Island County,ROCK ISLAND,2023,141939,23420,0.165
17161,IL,Rock Island County,ROCK ISLAND,2024,142731,23551,0.165003
17163,IL,St. Clair County,ST. CLAIR,2020,257070,42417,0.165002
17163,IL,St. Clair County,ST. CLAIR,2021,255210,42110,0.165001
17163,IL,St. Clair County,ST. CLAIR,2022,252947,41737,0.165003
17163,IL,St. Clair County,ST. CLAIR,2023,252094,41596,0.165002
17163,IL,St. Clair County,ST. CLAIR,2024,251149,41440,0.165002
17165,IL,Saline County,SALINE,2020,23741,3917,0.164989
17165,IL,Saline County,SALINE,2021,23368,3855,0.164969
17165,IL,Saline County,SALINE,2022,23141,3818,0.164989
17165,IL,Saline County,SALINE,2023,22988,3793,0.164999
17165,IL,Saline County,SALINE,2024,22826,3766,0.164987
17167,IL,Sangamon County,SANGAMON,2020,196223,32377,0.165001
17167,IL,Sangamon County,SANGAMON,2021,195468,32252,0.164999
17167,IL,Sangamon County,SANGAMON,2022,194483,32090,0.165002
17167,IL,Sangamon County,SANGAMON,2023,194216,32046,0.165002
17167,IL,Sangamon County,SANGAMON,2024,194345,32067,0.165
17169,IL,Schuyler County,SCHUYLER,2020,6870,1134,0.165066
17169,IL,Schuyler County,SCHUYLER,2021,6835,1128,0.165033
17169,IL,Schuyler County,SCHUYLER,2022,6755,1115,0.165063
17169,IL,Schuyler County,SCHUYLER,2023,6725,1110,0.165056
17169,IL,Schuyler County,SCHUYLER,2024,6750,1114,0.165037
17171,IL,Scott County,SCOTT,2020,5074,837,0.164959
17171,IL,Scott County,SCOTT,2021,4984,822,0.164928
17171,IL,Scott County,SCOTT,2022,4898,808,0.164965
17171,IL,Scott County,SCOTT,2023,4850,800,0.164948
17171,IL,Scott County,SCOTT,2024,4880,805,0.164959
17173,IL,Shelby County,SHELBY,2020,20907,3449,0.164969
17173,IL,Shelby County,SHELBY,2021,20853,3440,0.164964
17173,IL,Shelby County,SHELBY,2022,20706,3416,0.164976
17173,IL,Shelby County,SHELBY,2023,20593,3397,0.164959
17173,IL,Shelby County,SHELBY,2024,20542,3389,0.164979
17175,IL,Stark County,STARK,2020,5388,889,0.164996
17175,IL,Stark County,STARK,2021,5291,873,0.164997
17175,IL,Stark County,STARK,2022,5324,879,0.165101
17175,IL,Stark County,STARK,2023,5267,869,0.16499
17175,IL,Stark County,STARK,2024,5272,870,0.165023
17177,IL,Stephenson County,STEPHENSON,2020,44573,7355,0.16501
17177,IL,Stephenson County,STEPHENSON,2021,44130,7282,0.165012
17177,IL,Stephenson County,STEPHENSON,2022,43702,7211,0.165004
17177,IL,Stephenson County,STEPHENSON,2023,43347,7153,0.165017
17177,IL,Stephenson County,STEPHENSON,2024,43088,7110,0.165011
17179,IL,Tazewell County,TAZEWELL,2020,131296,21663,0.164994
17179,IL,Tazewell County,TAZEWELL,2021,130640,21555,0.164995
17179,IL,Tazewell County,TAZEWELL,2022,129859,21426,0.164994
17179,IL,Tazewell County,TAZEWELL,2023,129835,21422,0.164994
17179,IL,Tazewell County,TAZEWELL,2024,129821,21420,0.164996
17181,IL,Union County,UNION,2020,17298,2854,0.16499
17181,IL,Union County,UNION,2021,17035,2811,0.165013
17181,IL,Union County,UNION,2022,16901,2788,0.164961
17181,IL,Union County,UNION,2023,16866,2783,0.165007
17181,IL,Union County,UNION,2024,16886,2786,0.164989
17183,IL,Vermilion County,VERMILION,2020,74010,12211,0.164991
17183,IL,Vermilion County,VERMILION,2021,73175,12073,0.164988
17183,IL,Vermilion County,VERMILION,2022,72089,11894,0.16499
17183,IL,Vermilion County,VERMILION,2023,71551,11805,0.164987
17183,IL,Vermilion County,VERMILION,2024,71106,11732,0.164993
17185,IL,Wabash County,WABASH,2020,11315,1867,0.165002
17185,IL,Wabash County,WABASH,2021,11209,1850,0.165046
17185,IL,Wabash County,WABASH,2022,11061,1826,0.165085
17185,IL,Wabash County,WABASH,2023,11032,1821,0.165065
17185,IL,Wabash County,WABASH,2024,10979,1812,0.165042
17187,IL,Warren County,WARREN,2020,16832,2777,0.164983
17187,IL,Warren County,WARREN,2021,16595,2738,0.164989
17187,IL,Warren County,WARREN,2022,16368,2701,0.165017
17187,IL,Warren County,WARREN,2023,16224,2677,0.165002
17187,IL,Warren County,WARREN,2024,16217,2676,0.165012
17189,IL,Washington County,WASHINGTON,2020,13731,2265,0.164955
17189,IL,Washington County,WASHINGTON,2021,13651,2252,0.16497
17189,IL,Washington County,WASHINGTON,2022,13650,2252,0.164982
17189,IL,Washington County,WASHINGTON,2023,13570,2239,0.164996
17189,IL,Washington County,WASHINGTON,2024,13535,2233,0.16498
17191,IL,Wayne County,WAYNE,2020,16161,2666,0.164965
17191,IL,Wayne County,WAYNE,2021,15995,2639,0.164989
17191,IL,Wayne County,WAYNE,2022,15903,2624,0.165
17191,IL,Wayne County,WAYNE,2023,15875,2619,0.164976
17191,IL,Wayne County,WAYNE,2024,15928,2628,0.164992
17193,IL,White County,WHITE,2020,13814,2279,0.164978
17193,IL,White County,WHITE,2021,13767,2271,0.16496
17193,IL,White County,WHITE,2022,13636,2250,0.165004
17193,IL,White County,WHITE,2023,13482,2224,0.164961
17193,IL,White County,WHITE,2024,13395,2210,0.164987
17195,IL,Whiteside County,WHITESIDE,2020,55574,9169,0.164987
17195,IL,Whiteside County,WHITESIDE,2021,55320,9127,0.164986
17195,IL,Whiteside County,WHITESIDE,2022,54602,9009,0.164994
17195,IL,Whiteside County,WHITESIDE,2023,54582,9006,0.164999
17195,IL,Whiteside County,WHITESIDE,2024,54657,9018,0.164993
17197,IL,Will County,WILL,2020,696909,114990,0.165
17197,IL,Will County,WILL,2021,699327,115389,0.165
17197,IL,Will County,WILL,2022,699110,115353,0.165
17197,IL,Will County,WILL,2023,703383,116058,0.165
17197,IL,Will County,WILL,2024,708583,116916,0.165
17199,IL,Williamson County,WILLIAMSON,2020,67121,11075,0.165001
17199,IL,Williamson County,WILLIAMSON,2021,66895,11038,0.165005
17199,IL,Williamson County,WILLIAMSON,2022,66565,10984,0.165012
17199,IL,Williamson County,WILLIAMSON,2023,66737,11012,0.165006
17199,IL,Williamson County,WILLIAMSON,2024,67064,11066,0.165007
17201,IL,Winnebago County,WINNEBAGO,2020,284963,47019,0.165
17201,IL,Winnebago County,WINNEBAGO,2021,283413,46763,0.164999
17201,IL,Winnebago County,WINNEBAGO,2022,282081,46543,0.164999
17201,IL,Winnebago County,WINNEBAGO,2023,282214,46565,0.164999
17201,IL,Winnebago County,WINNEBAGO,2024,283790,46825,0.164999
17203,IL,Woodford County,WOODFORD,2020,38407,6337,0.164996
17203,IL,Woodford County,WOODFORD,2021,38220,6306,0.164992
17203,IL,Woodford County,WOODFORD,2022,38254,6312,0.165002
17203,IL,Woodford County,WOODFORD,2023,38387,6334,0.165004
17203,IL,Woodford County,WOODFORD,2024,38290,6318,0.165004
18001,IN,Adams County,ADAMS,2020,35865,5917,0.16498
18001,IN,Adams County,ADAMS,2021,36012,5942,0.165001
18001,IN,Adams County,ADAMS,2022,36204,5973,0.164982
18001,IN,Adams County,ADAMS,2023,36469,6017,0.164989
18001,IN,Adams County,ADAMS,2024,36584,6036,0.16499
18003,IN,Allen County,ALLEN,2020,386123,63711,0.165002
18003,IN,Allen County,ALLEN,2021,389220,64222,0.165002
18003,IN,Allen County,ALLEN,2022,392119,64700,0.165001
18003,IN,Allen County,ALLEN,2023,395131,65197,0.165001
18003,IN,Allen County,ALLEN,2024,399295,65884,0.165001
18005,IN,Bartholomew County,BARTHOLOMEW,2020,82215,13565,0.164994
18005,IN,Bartholomew County,BARTHOLOMEW,2021,82732,13651,0.165003
18005,IN,Bartholomew County,BARTHOLOMEW,2022,83746,13818,0.164999
18005,IN,Bartholomew County,BARTHOLOMEW,2023,84248,13901,0.165001
18005,IN,Bartholomew County,BARTHOLOMEW,2024,84741,13982,0.164997
18007,IN,Benton County,BENTON,2020,8707,1437,0.16504
18007,IN,Benton County,BENTON,2021,8678,1432,0.165015
18007,IN,Benton County,BENTON,2022,8676,1432,0.165053
18007,IN,Benton County,BENTON,2023,8761,1446,0.16505
18007,IN,Benton County,BENTON,2024,8853,1461,0.165029
18009,IN,Blackford County,BLACKFORD,2020,12109,1998,0.165001
18009,IN,Blackford County,BLACKFORD,2021,12047,1988,0.16502
18009,IN,Blackford County,BLACKFORD,2022,11905,1965,0.165057
18009,IN,Blackford County,BLACKFORD,2023,11875,1960,0.165053
18009,IN,Blackford County,BLACKFORD,2024,11816,1950,0.16503
18011,IN,Boone County,BOONE,2020,71133,11737,0.165001
18011,IN,Boone County,BOONE,2021,73087,12060,0.165009
18011,IN,Boone County,BOONE,2022,74403,12277,0.165007
18011,IN,Boone County,BOONE,2023,76195,12573,0.165011
18011,IN,Boone County,BOONE,2024,78773,12998,0.165006
18013,IN,Brown County,BROWN,2020,15480,2554,0.164987
18013,IN,Brown County,BROWN,2021,15590,2572,0.164978
18013,IN,Brown County,BROWN,2022,15617,2577,0.165012
18013,IN,Brown County,BROWN,2023,15691,2589,0.164999
18013,IN,Brown County,BROWN,2024,15650,2582,0.164984
18015,IN,Carroll County,CARROLL,2020,20331,3354,0.16497
18015,IN,Carroll County,CARROLL,2021,20519,3385,0.164969
18015,IN,Carroll County,CARROLL,2022,20507,3383,0.164968
18015,IN,Carroll County,CARROLL,2023,20570,3394,0.164998
18015,IN,Carroll County,CARROLL,2024,20747,3423,0.164988
18017,IN,Cass County,CASS,2020,37794,6236,0.165
18017,IN,Cass County,CASS,2021,37573,6199,0.164985
18017,IN,Cass County,CASS,2022,37670,6215,0.164985
18017,IN,Cass County,CASS,2023,37802,6237,0.164991
18017,IN,Cass County,CASS,2024,37559,6197,0.164994
18019,IN,Clark County,CLARK,2020,121377,20027,0.164998
18019,IN,Clark County,CLARK,2021,122922,20282,0.164999
18019,IN,Clark County,CLARK,2022,124306,20510,0.164996
18019,IN,Clark County,CLARK,2023,125686,20738,0.164998
18019,IN,Clark County,CLARK,2024,127479,21034,0.165
18021,IN,Clay County,CLAY,2020,26427,4360,0.164983
18021,IN,Clay County,CLAY,2021,26399,4356,0.165006
18021,IN,Clay County,CLAY,2022,26378,4352,0.164986
18021,IN,Clay County,CLAY,2023,26419,4359,0.164995
18021,IN,Clay County,CLAY,2024,26424,4360,0.165002
18023,IN,Clinton County,CLINTON,2020,33172,5474,0.165019
18023,IN,Clinton County,CLINTON,2021,32982,5442,0.164999
18023,IN,Clinton County,CLINTON,2022,32794,5411,0.165
18023,IN,Clinton County,CLINTON,2023,32879,5425,0.164999
18023,IN,Clinton County,CLINTON,2024,32895,5428,0.16501
18025,IN,Crawford County,CRAWFORD,2020,10522,1736,0.164988
18025,IN,Crawford County,CRAWFORD,2021,10490,1731,0.165014
18025,IN,Crawford County,CRAWFORD,2022,10520,1736,0.165019
18025,IN,Crawford County,CRAWFORD,2023,10442,1723,0.165007
18025,IN,Crawford County,CRAWFORD,2024,10523,1736,0.164972
18027,IN,Daviess County,DAVIESS,2020,33368,5506,0.165008
18027,IN,Daviess County,DAVIESS,2021,33410,5513,0.16501
18027,IN,Daviess County,DAVIESS,2022,33613,5546,0.164996
18027,IN,Daviess County,DAVIESS,2023,33801,5577,0.164995
18027,IN,Daviess County,DAVIESS,2024,34097,5626,0.165
18029,IN,Dearborn County,DEARBORN,2020,50756,8375,0.165005
18029,IN,Dearborn County,DEARBORN,2021,50888,8397,0.165009
18029,IN,Dearborn County,DEARBORN,2022,50976,8411,0.164999
18029,IN,Dearborn County,DEARBORN,2023,51414,8484,0.165013
18029,IN,Dearborn County,DEARBORN,2024,51435,8487,0.165004
18031,IN,Decatur County,DECATUR,2020,26476,4368,0.16498
18031,IN,Decatur County,DECATUR,2021,26360,4349,0.164985
18031,IN,Decatur County,DECATUR,2022,26458,4365,0.164978
18031,IN,Decatur County,DECATUR,2023,26395,4355,0.164993
18031,IN,Decatur County,DECATUR,2024,26421,4359,0.164982
18033,IN,DeKalb County,DEKALB,2020,43306,7145,0.164989
18033,IN,DeKalb County,DEKALB,2021,43417,7163,0.164981
18033,IN,DeKalb County,DEKALB,2022,43804,7227,0.164985
18033,IN,DeKalb County,DEKALB,2023,44177,7289,0.164995
18033,IN,DeKalb County,DEKALB,2024,44330,7314,0.16499
18035,IN,Delaware County,DELAWARE,2020,111757,18440,0.165001
18035,IN,Delaware County,DELAWARE,2021,112059,18490,0.165002
18035,IN,Delaware County,DELAWARE,2022,112183,18510,0.164998
18035,IN,Delaware County,DELAWARE,2023,112448,18554,0.165001
18035,IN,Delaware County,DELAWARE,2024,112951,18637,0.165001
18037,IN,Dubois County,DUBOIS,2020,43644,7201,0.164994
18037,IN,Dubois County,DUBOIS,2021,43569,7189,0.165003
18037,IN,Dubois County,DUBOIS,2022,43550,7186,0.165006
18037,IN,Dubois County,DUBOIS,2023,43678,7207,0.165003
18037,IN,Dubois County,DUBOIS,2024,43629,7199,0.165005
18039,IN,Elkhart County,ELKHART,2020,207009,34157,0.165002
18039,IN,Elkhart County,ELKHART,2021,207093,34170,0.164998
18039,IN,Elkhart County,ELKHART,2022,207161,34182,0.165002
18039,IN,Elkhart County,ELKHART,2023,206963,34149,0.165001
18039,IN,Elkhart County,ELKHART,2024,207436,34227,0.165
18041,IN,Fayette County,FAYETTE,2020,23356,3853,0.164968
18041,IN,Fayette County,FAYETTE,2021,23381,3858,0.165006
18041,IN,Fayette County,FAYETTE,2022,23342,3851,0.164982
18041,IN,Fayette County,FAYETTE,2023,23256,3837,0.16499
18041,IN,Fayette County,FAYETTE,2024,23335,3850,0.164988
18043,IN,Floyd County,FLOYD,2020,80515,13285,0.165
18043,IN,Floyd County,FLOYD,2021,80598,13299,0.165004
18043,IN,Floyd County,FLOYD,2022,80662,13310,0.16501
18043,IN,Floyd County,FLOYD,2023,80882,13346,0.165006
18043,IN,Floyd County,FLOYD,2024,81931,13519,0.165005
18045,IN,Fountain County,FOUNTAIN,2020,16493,2721,0.164979
18045,IN,Fountain County,FOUNTAIN,2021,16485,2720,0.164998
18045,IN,Fountain County,FOUNTAIN,2022,16601,2739,0.16499
18045,IN,Fountain County,FOUNTAIN,2023,16674,2751,0.164987
18045,IN,Fountain County,FOUNTAIN,2024,16833,2777,0.164974
18047,IN,Franklin County,FRANKLIN,2020,22789,3760,0.164992
18047,IN,Franklin County,FRANKLIN,2021,22892,3777,0.164992
18047,IN,Franklin County,FRANKLIN,2022,23107,3812,0.164972
18047,IN,Franklin County,FRANKLIN,2023,23174,3823,0.164969
18047,IN,Franklin County,FRANKLIN,2024,23136,3817,0.164981
18049,IN,Fulton County,FULTON,2020,20468,3378,0.165038
18049,IN,Fulton County,FULTON,2021,20415,3369,0.165026
18049,IN,Fulton County,FULTON,2022,20353,3359,0.165037
18049,IN,Fulton County,FULTON,2023,20319,3353,0.165018
18049,IN,Fulton County,FULTON,2024,20004,3301,0.165017
18051,IN,Gibson County,GIBSON,2020,33058,5454,0.164983
18051,IN,Gibson County,GIBSON,2021,32981,5442,0.165004
18051,IN,Gibson County,GIBSON,2022,33004,5445,0.16498
18051,IN,Gibson County,GIBSON,2023,32919,5431,0.164981
18051,IN,Gibson County,GIBSON,2024,33038,5451,0.164992
18053,IN,Grant County,GRANT,2020,66507,10974,0.165005
18053,IN,Grant County,GRANT,2021,66189,10922,0.165012
18053,IN,Grant County,GRANT,2022,66020,10894,0.165011
18053,IN,Grant County,GRANT,2023,66303,10940,0.165
18053,IN,Grant County,GRANT,2024,66458,10966,0.165006
18055,IN,Greene County,GREENE,2020,30805,5083,0.165006
18055,IN,Greene County,GREENE,2021,30874,5094,0.164993
18055,IN,Greene County,GREENE,2022,31076,5127,0.164983
18055,IN,Greene County,GREENE,2023,31132,5137,0.165007
18055,IN,Greene County,GREENE,2024,31219,5151,0.164996
18057,IN,Hamilton County,HAMILTON,2020,349031,57590,0.165
18057,IN,Hamilton County,HAMILTON,2021,357691,59019,0.165
18057,IN,Hamilton County,HAMILTON,2022,366264,60433,0.164998
18057,IN,Hamilton County,HAMILTON,2023,372588,61477,0.165
18057,IN,Hamilton County,HAMILTON,2024,379704,62651,0.165
18059,IN,Hancock County,HANCOCK,2020,80180,13230,0.165004
18059,IN,Hancock County,HANCOCK,2021,81899,13514,0.165008
18059,IN,Hancock County,HANCOCK,2022,83119,13715,0.165004
18059,IN,Hancock County,HANCOCK,2023,86176,14219,0.165
18059,IN,Hancock County,HANCOCK,2024,88810,14654,0.165004
18061,IN,Harrison County,HARRISON,2020,39673,6546,0.164999
18061,IN,Harrison County,HARRISON,2021,39808,6568,0.164992
18061,IN,Harrison County,HARRISON,2022,39823,6570,0.16498
18061,IN,Harrison County,HARRISON,2023,40011,6601,0.16498
18061,IN,Harrison County,HARRISON,2024,39978,6596,0.164991
18063,IN,Hendricks County,HENDRICKS,2020,175615,28977,0.165003
18063,IN,Hendricks County,HENDRICKS,2021,179830,29672,0.165
18063,IN,Hendricks County,HENDRICKS,2022,183507,30279,0.165002
18063,IN,Hendricks County,HENDRICKS,2023,187141,30878,0.164999
18063,IN,Hendricks County,HENDRICKS,2024,190629,31454,0.165001
18065,IN,Henry County,HENRY,2020,48910,8070,0.164997
18065,IN,Henry County,HENRY,2021,49038,8091,0.164994
18065,IN,Henry County,HENRY,2022,48829,8056,0.164984
18065,IN,Henry County,HENRY,2023,48993,8083,0.164983
18065,IN,Henry County,HENRY,2024,49081,8098,0.164993
18067,IN,Howard County,HOWARD,2020,83587,13792,0.165002
18067,IN,Howard County,HOWARD,2021,83653,13803,0.165003
18067,IN,Howard County,HOWARD,2022,83574,13790,0.165003
18067,IN,Howard County,HOWARD,2023,83857,13837,0.165007
18067,IN,Howard County,HOWARD,2024,84082,13874,0.165006
18069,IN,Huntington County,HUNTINGTON,2020,36642,6046,0.165002
18069,IN,Huntington County,HUNTINGTON,2021,36788,6070,0.164999
18069,IN,Huntington County,HUNTINGTON,2022,36799,6072,0.165004
18069,IN,Huntington County,HUNTINGTON,2023,36818,6075,0.165001
18069,IN,Huntington County,HUNTINGTON,2024,36944,6096,0.165006
18071,IN,Jackson County,JACKSON,2020,46479,7669,0.164999
18071,IN,Jackson County,JACKSON,2021,46231,7628,0.164998
18071,IN,Jackson County,JACKSON,2022,46385,7653,0.164989
18071,IN,Jackson County,JACKSON,2023,46787,7720,0.165003
18071,IN,Jackson County,JACKSON,2024,47420,7824,0.164994
18073,IN,Jasper County,JASPER,2020,32893,5427,0.16499
18073,IN,Jasper County,JASPER,2021,33155,5471,0.165013
18073,IN,Jasper County,JASPER,2022,33280,5491,0.164994
18073,IN,Jasper County,JASPER,2023,33456,5520,0.164993
18073,IN,Jasper County,JASPER,2024,33387,5509,0.165004
18075,IN,Jay County,JAY,2020,20481,3379,0.164982
18075,IN,Jay County,JAY,2021,20293,3348,0.164983
18075,IN,Jay County,JAY,2022,20137,3323,0.16502
18075,IN,Jay County,JAY,2023,20069,3311,0.164981
18075,IN,Jay County,JAY,2024,20164,3327,0.164997
18077,IN,Jefferson County,JEFFERSON,2020,33103,5462,0.165
18077,IN,Jefferson County,JEFFERSON,2021,33124,5465,0.164986
18077,IN,Jefferson County,JEFFERSON,2022,32902,5429,0.165005
18077,IN,Jefferson County,JEFFERSON,2023,32938,5435,0.165007
18077,IN,Jefferson County,JEFFERSON,2024,32921,5432,0.165001
18079,IN,Jennings County,JENNINGS,2020,27579,4551,0.165017
18079,IN,Jennings County,JENNINGS,2021,27513,4540,0.165013
18079,IN,Jennings County,JENNINGS,2022,27468,4533,0.165028
18079,IN,Jennings County,JENNINGS,2023,27614,4557,0.165025
18079,IN,Jennings County,JENNINGS,2024,27634,4560,0.165014
18081,IN,Johnson County,JOHNSON,2020,162263,26773,0.164998
18081,IN,Johnson County,JOHNSON,2021,164440,27132,0.164996
18081,IN,Johnson County,JOHNSON,2022,165951,27382,0.165001
18081,IN,Johnson County,JOHNSON,2023,168305,27770,0.164998
18081,IN,Johnson County,JOHNSON,2024,170614,28151,0.164998
18083,IN,Knox County,KNOX,2020,36257,5983,0.165016
18083,IN,Knox County,KNOX,2021,35982,5937,0.164999
18083,IN,Knox County,KNOX,2022,35895,5923,0.165009
18083,IN,Knox County,KNOX,2023,36027,5945,0.165015
18083,IN,Knox County,KNOX,2024,35872,5919,0.165003
18085,IN,Kosciusko County,KOSCIUSKO,2020,80161,13226,0.164993
18085,IN,Kosciusko County,KOSCIUSKO,2021,80265,13243,0.164991
18085,IN,Kosciusko County,KOSCIUSKO,2022,80676,13311,0.164993
18085,IN,Kosciusko County,KOSCIUSKO,2023,80441,13272,0.16499
18085,IN,Kosciusko County,KOSCIUSKO,2024,80669,13310,0.164995
18087,IN,LaGrange County,LAGRANGE,2020,40533,6688,0.165001
18087,IN,LaGrange County,LAGRANGE,2021,40527,6687,0.165001
18087,IN,LaGrange County,LAGRANGE,2022,40865,6743,0.165007
18087,IN,LaGrange County,LAGRANGE,2023,40979,6761,0.164987
18087,IN,LaGrange County,LAGRANGE,2024,41122,6785,0.164997
18089,IN,Lake County,LAKE,2020,498963,82329,0.165
18089,IN,Lake County,LAKE,2021,499319,82388,0.165001
18089,IN,Lake County,LAKE,2022,500065,82511,0.165001
18089,IN,Lake County,LAKE,2023,500591,82598,0.165001
18089,IN,Lake County,LAKE,2024,502955,82988,0.165001
18091,IN,LaPorte County,LAPORTE,2020,112287,18527,0.164997
18091,IN,LaPorte County,LAPORTE,2021,112552,18571,0.164999
18091,IN,LaPorte County,LAPORTE,2022,111810,18448,0.164994
18091,IN,LaPorte County,LAPORTE,2023,111586,18411,0.164994
18091,IN,LaPorte County,LAPORTE,2024,111348,18372,0.164996
18093,IN,Lawrence County,LAWRENCE,2020,45009,7427,0.165011
18093,IN,Lawrence County,LAWRENCE,2021,45063,7436,0.165013
18093,IN,Lawrence County,LAWRENCE,2022,45213,7460,0.164997
18093,IN,Lawrence County,LAWRENCE,2023,45034,7431,0.165009
18093,IN,Lawrence County,LAWRENCE,2024,45192,7457,0.165007
18095,IN,Madison County,MADISON,2020,130160,21477,0.165005
18095,IN,Madison County,MADISON,2021,130846,21590,0.165003
18095,IN,Madison County,MADISON,2022,131524,21702,0.165004
18095,IN,Madison County,MADISON,2023,132746,21903,0.164999
18095,IN,Madison County,MADISON,2024,134222,22147,0.165003
18097,IN,Marion County,MARION,2020,976706,161157,0.165001
18097,IN,Marion County,MARION,2021,971682,160328,0.165
18097,IN,Marion County,MARION,2022,973375,160607,0.165
18097,IN,Marion County,MARION,2023,975654,160983,0.165
18097,IN,Marion County,MARION,2024,981628,161969,0.165
18099,IN,Marshall County,MARSHALL,2020,46073,7602,0.164999
18099,IN,Marshall County,MARSHALL,2021,46168,7618,0.165006
18099,IN,Marshall County,MARSHALL,2022,46394,7655,0.165
18099,IN,Marshall County,MARSHALL,2023,46323,7644,0.165015
18099,IN,Marshall County,MARSHALL,2024,46464,7667,0.165009
18101,IN,Martin County,MARTIN,2020,9810,1619,0.165036
18101,IN,Martin County,MARTIN,2021,9807,1619,0.165086
18101,IN,Martin County,MARTIN,2022,9808,1619,0.165069
18101,IN,Martin County,MARTIN,2023,9862,1628,0.165078
18101,IN,Martin County,MARTIN,2024,9864,1628,0.165045
18103,IN,Miami County,MIAMI,2020,35906,5924,0.164986
18103,IN,Miami County,MIAMI,2021,36003,5940,0.164986
18103,IN,Miami County,MIAMI,2022,35562,5868,0.165008
18103,IN,Miami County,MIAMI,2023,35477,5854,0.165008
18103,IN,Miami County,MIAMI,2024,35613,5876,0.164996
18105,IN,Monroe County,MONROE,2020,140645,23207,0.165004
18105,IN,Monroe County,MONROE,2021,141243,23305,0.164999
18105,IN,Monroe County,MONROE,2022,141181,23295,0.165001
18105,IN,Monroe County,MONROE,2023,141052,23274,0.165003
18105,IN,Monroe County,MONROE,2024,140702,23216,0.165001
18107,IN,Montgomery County,MONTGOMERY,2020,37943,6260,0.164984
18107,IN,Montgomery County,MONTGOMERY,2021,38069,6281,0.16499
18107,IN,Montgomery County,MONTGOMERY,2022,38345,6326,0.164976
18107,IN,Montgomery County,MONTGOMERY,2023,38571,6364,0.164994
18107,IN,Montgomery County,MONTGOMERY,2024,38633,6374,0.164988
18109,IN,Morgan County,MORGAN,2020,71842,11854,0.165001
18109,IN,Morgan County,MORGAN,2021,72289,11928,0.165004
18109,IN,Morgan County,MORGAN,2022,72239,11919,0.164994
18109,IN,Morgan County,MORGAN,2023,73100,12061,0.164993
18109,IN,Morgan County,MORGAN,2024,73825,12181,0.164998
18111,IN,Newton County,NEWTON,2020,13792,2276,0.165023
18111,IN,Newton County,NEWTON,2021,13815,2280,0.165038
18111,IN,Newton County,NEWTON,2022,13841,2284,0.165017
18111,IN,Newton County,NEWTON,2023,14033,2316,0.16504
18111,IN,Newton County,NEWTON,2024,14131,2332,0.165027
18113,IN,Noble County,NOBLE,2020,47468,7832,0.164995
18113,IN,Noble County,NOBLE,2021,47408,7823,0.165014
18113,IN,Noble County,NOBLE,2022,47281,7802,0.165013
18113,IN,Noble County,NOBLE,2023,47508,7839,0.165004
18113,IN,Noble County,NOBLE,2024,47811,7889,0.165004
18115,IN,Ohio County,OHIO,2020,5925,977,0.164895
18115,IN,Ohio County,OHIO,2021,5992,988,0.164887
18115,IN,Ohio County,OHIO,2022,6089,1004,0.164888
18115,IN,Ohio County,OHIO,2023,5993,989,0.165026
18115,IN,Ohio County,OHIO,2024,5996,989,0.164943
18117,IN,Orange County,ORANGE,2020,19853,3276,0.165013
18117,IN,Orange County,ORANGE,2021,19816,3270,0.165018
18117,IN,Orange County,ORANGE,2022,19633,3239,0.164977
18117,IN,Orange County,ORANGE,2023,19711,3252,0.164984
18117,IN,Orange County,ORANGE,2024,19824,3271,0.165002
18119,IN,Owen County,OWEN,2020,21324,3518,0.164978
18119,IN,Owen County,OWEN,2021,21519,3550,0.16497
18119,IN,Owen County,OWEN,2022,21552,3556,0.164996
18119,IN,Owen County,OWEN,2023,21775,3592,0.16496
18119,IN,Owen County,OWEN,2024,21851,3605,0.164981
18121,IN,Parke County,PARKE,2020,16167,2668,0.165028
18121,IN,Parke County,PARKE,2021,16506,2724,0.165031
18121,IN,Parke County,PARKE,2022,16365,2700,0.164986
18121,IN,Parke County,PARKE,2023,16483,2720,0.165019
18121,IN,Parke County,PARKE,2024,16508,2724,0.165011
18123,IN,Perry County,PERRY,2020,19157,3161,0.165005
18123,IN,Perry County,PERRY,2021,19341,3191,0.164986
18123,IN,Perry County,PERRY,2022,19241,3175,0.165012
18123,IN,Perry County,PERRY,2023,19291,3183,0.164999
18123,IN,Perry County,PERRY,2024,19320,3188,0.16501
18125,IN,Pike County,PIKE,2020,12252,2021,0.164953
18125,IN,Pike County,PIKE,2021,12176,2009,0.164997
18125,IN,Pike County,PIKE,2022,12139,2003,0.165005
18125,IN,Pike County,PIKE,2023,12089,1995,0.165026
18125,IN,Pike County,PIKE,2024,12116,1999,0.164988
18127,IN,Porter County,PORTER,2020,173338,28601,0.165001
18127,IN,Porter County,PORTER,2021,174591,28808,0.165003
18127,IN,Porter County,PORTER,2022,175014,28877,0.164998
18127,IN,Porter County,PORTER,2023,175289,28923,0.165002
18127,IN,Porter County,PORTER,2024,175860,29017,0.165001
18129,IN,Posey County,POSEY,2020,25185,4155,0.164979
18129,IN,Posey County,POSEY,2021,25170,4153,0.164998
18129,IN,Posey County,POSEY,2022,25111,4143,0.164987
18129,IN,Posey County,POSEY,2023,25047,4133,0.16501
18129,IN,Posey County,POSEY,2024,25067,4136,0.164998
18131,IN,Pulaski County,PULASKI,2020,12520,2065,0.164936
18131,IN,Pulaski County,PULASKI,2021,12368,2040,0.164942
18131,IN,Pulaski County,PULASKI,2022,12461,2056,0.164995
18131,IN,Pulaski County,PULASKI,2023,12434,2051,0.164951
18131,IN,Pulaski County,PULASKI,2024,12421,2049,0.164963
18133,IN,Putnam County,PUTNAM,2020,36682,6053,0.165013
18133,IN,Putnam County,PUTNAM,2021,37036,6111,0.165002
18133,IN,Putnam County,PUTNAM,2022,37300,6155,0.165013
18133,IN,Putnam County,PUTNAM,2023,37578,6201,0.165017
18133,IN,Putnam County,PUTNAM,2024,37804,6238,0.165009
18135,IN,Randolph County,RANDOLPH,2020,24415,4029,0.165022
18135,IN,Randolph County,RANDOLPH,2021,24415,4029,0.165022
18135,IN,Randolph County,RANDOLPH,2022,24407,4028,0.165035
18135,IN,Randolph County,RANDOLPH,2023,24360,4020,0.165025
18135,IN,Randolph County,RANDOLPH,2024,24337,4016,0.165016
18137,IN,Ripley County,RIPLEY,2020,28985,4782,0.164982
18137,IN,Ripley County,RIPLEY,2021,29025,4789,0.164996
18137,IN,Ripley County,RIPLEY,2022,29042,4792,0.165002
18137,IN,Ripley County,RIPLEY,2023,29208,4819,0.164989
18137,IN,Ripley County,RIPLEY,2024,29214,4820,0.164989
18139,IN,Rush County,RUSH,2020,16769,2767,0.165007
18139,IN,Rush County,RUSH,2021,16689,2753,0.164959
18139,IN,Rush County,RUSH,2022,16661,2749,0.164996
18139,IN,Rush County,RUSH,2023,16815,2774,0.164972
18139,IN,Rush County,RUSH,2024,16759,2765,0.164986
18141,IN,St. Joseph County,ST. JOSEPH,2020,272688,44994,0.165002
18141,IN,St. Joseph County,ST. JOSEPH,2021,272315,44932,0.165
18141,IN,St. Joseph County,ST. JOSEPH,2022,272796,45012,0.165002
18141,IN,St. Joseph County,ST. JOSEPH,2023,273658,45154,0.165002
18141,IN,St. Joseph County,ST. JOSEPH,2024,273744,45168,0.165001
18143,IN,Scott County,SCOTT,2020,24376,4022,0.164998
18143,IN,Scott County,SCOTT,2021,24423,4030,0.165008
18143,IN,Scott County,SCOTT,2022,24455,4035,0.164997
18143,IN,Scott County,SCOTT,2023,24625,4063,0.164995
18143,IN,Scott County,SCOTT,2024,24751,4084,0.165003
18145,IN,Shelby County,SHELBY,2020,45066,7436,0.165002
18145,IN,Shelby County,SHELBY,2021,45113,7444,0.165008
18145,IN,Shelby County,SHELBY,2022,45213,7460,0.164997
18145,IN,Shelby County,SHELBY,2023,45281,7471,0.164992
18145,IN,Shelby County,SHELBY,2024,45654,7533,0.165002
18147,IN,Spencer County,SPENCER,2020,19833,3273,0.165028
18147,IN,Spencer County,SPENCER,2021,19841,3274,0.165012
18147,IN,Spencer County,SPENCER,2022,19890,3282,0.165008
18147,IN,Spencer County,SPENCER,2023,20018,3303,0.165001
18147,IN,Spencer County,SPENCER,2024,20192,3332,0.165016
18149,IN,Starke County,STARKE,2020,23399,3860,0.164964
18149,IN,Starke County,STARKE,2021,23380,3857,0.16497
18149,IN,Starke County,STARKE,2022,23251,3836,0.164982
18149,IN,Starke County,STARKE,2023,23334,3850,0.164995
18149,IN,Starke County,STARKE,2024,23463,3871,0.164983
18151,IN,Steuben County,STEUBEN,2020,34447,5684,0.165007
18151,IN,Steuben County,STEUBEN,2021,34712,5727,0.164986
18151,IN,Steuben County,STEUBEN,2022,34731,5730,0.164982
18151,IN,Steuben County,STEUBEN,2023,34876,5754,0.164985
18151,IN,Steuben County,STEUBEN,2024,34862,5752,0.164993
18153,IN,Sullivan County,SULLIVAN,2020,20819,3435,0.164994
18153,IN,Sullivan County,SULLIVAN,2021,20787,3430,0.165007
18153,IN,Sullivan County,SULLIVAN,2022,20702,3416,0.165008
18153,IN,Sullivan County,SULLIVAN,2023,20822,3436,0.165018
18153,IN,Sullivan County,SULLIVAN,2024,20768,3427,0.165013
18155,IN,Switzerland County,SWITZERLAND,2020,9742,1607,0.164956
18155,IN,Switzerland County,SWITZERLAND,2021,9863,1627,0.16496
18155,IN,Switzerland County,SWITZERLAND,2022,9985,1648,0.165048
18155,IN,Switzerland County,SWITZERLAND,2023,9965,1644,0.164977
18155,IN,Switzerland County,SWITZERLAND,2024,9988,1648,0.164998
18157,IN,Tippecanoe County,TIPPECANOE,2020,186391,30754,0.164997
18157,IN,Tippecanoe County,TIPPECANOE,2021,187428,30925,0.164997
18157,IN,Tippecanoe County,TIPPECANOE,2022,189402,31251,0.164998
18157,IN,Tippecanoe County,TIPPECANOE,2023,190482,31429,0.164997
18157,IN,Tippecanoe County,TIPPECANOE,2024,191650,31622,0.164999
18159,IN,Tipton County,TIPTON,2020,15388,2539,0.164999
18159,IN,Tipton County,TIPTON,2021,15393,2539,0.164945
18159,IN,Tipton County,TIPTON,2022,15329,2529,0.164981
18159,IN,Tipton County,TIPTON,2023,15295,2523,0.164956
18159,IN,Tipton County,TIPTON,2024,15324,2528,0.16497
18161,IN,Union County,UNION,2020,7079,1168,0.164995
18161,IN,Union County,UNION,2021,7016,1158,0.165051
18161,IN,Union County,UNION,2022,6975,1151,0.165018
18161,IN,Union County,UNION,2023,6972,1151,0.165089
18161,IN,Union County,UNION,2024,6884,1136,0.16502
18163,IN,Vanderburgh County,VANDERBURGH,2020,180345,29757,0.165
18163,IN,Vanderburgh County,VANDERBURGH,2021,180188,29731,0.165
18163,IN,Vanderburgh County,VANDERBURGH,2022,179725,29655,0.165002
18163,IN,Vanderburgh County,VANDERBURGH,2023,179942,29691,0.165003
18163,IN,Vanderburgh County,VANDERBURGH,2024,180387,29764,0.165001
18165,IN,Vermillion County,VERMILLION,2020,15400,2541,0.165
18165,IN,Vermillion County,VERMILLION,2021,15429,2546,0.165014
18165,IN,Vermillion County,VERMILLION,2022,15397,2540,0.164967
18165,IN,Vermillion County,VERMILLION,2023,15363,2535,0.165007
18165,IN,Vermillion County,VERMILLION,2024,15516,2560,0.164991
18167,IN,Vigo County,VIGO,2020,106133,17512,0.165001
18167,IN,Vigo County,VIGO,2021,106127,17511,0.165
18167,IN,Vigo County,VIGO,2022,106066,17501,0.165001
18167,IN,Vigo County,VIGO,2023,106053,17498,0.164993
18167,IN,Vigo County,VIGO,2024,106166,17517,0.164996
18169,IN,Wabash County,WABASH,2020,30926,5103,0.165007
18169,IN,Wabash County,WABASH,2021,30888,5096,0.164983
18169,IN,Wabash County,WABASH,2022,30869,5093,0.164988
18169,IN,Wabash County,WABASH,2023,30762,5076,0.165009
18169,IN,Wabash County,WABASH,2024,30777,5078,0.164993
18171,IN,Warren County,WARREN,2020,8425,1390,0.164985
18171,IN,Warren County,WARREN,2021,8453,1394,0.164912
18171,IN,Warren County,WARREN,2022,8492,1401,0.164979
18171,IN,Warren County,WARREN,2023,8498,1402,0.16498
18171,IN,Warren County,WARREN,2024,8451,1394,0.164951
18173,IN,Warrick County,WARRICK,2020,63994,10559,0.165
18173,IN,Warrick County,WARRICK,2021,64660,10669,0.165002
18173,IN,Warrick County,WARRICK,2022,65297,10774,0.165
18173,IN,Warrick County,WARRICK,2023,66013,10892,0.164998
18173,IN,Warrick County,WARRICK,2024,66339,10946,0.165001
18175,IN,Washington County,WASHINGTON,2020,28233,4659,0.16502
18175,IN,Washington County,WASHINGTON,2021,28137,4643,0.165014
18175,IN,Washington County,WASHINGTON,2022,28158,4646,0.164998
18175,IN,Washington County,WASHINGTON,2023,28189,4651,0.164993
18175,IN,Washington County,WASHINGTON,2024,28345,4677,0.165003
18177,IN,Wayne County,WAYNE,2020,66514,10975,0.165003
18177,IN,Wayne County,WAYNE,2021,66453,10965,0.165004
18177,IN,Wayne County,WAYNE,2022,66337,10946,0.165006
18177,IN,Wayne County,WAYNE,2023,66273,10935,0.164999
18177,IN,Wayne County,WAYNE,2024,66410,10958,0.165005
18179,IN,Wells County,WELLS,2020,28160,4647,0.165021
18179,IN,Wells County,WELLS,2021,28165,4648,0.165028
18179,IN,Wells County,WELLS,2022,28339,4676,0.165002
18179,IN,Wells County,WELLS,2023,28636,4725,0.165002
18179,IN,Wells County,WELLS,2024,28798,4752,0.165011
18181,IN,White County,WHITE,2020,24674,4071,0.164991
18181,IN,White County,WHITE,2021,24648,4066,0.164963
18181,IN,White County,WHITE,2022,24654,4067,0.164963
18181,IN,White County,WHITE,2023,24775,4087,0.164965
18181,IN,White County,WHITE,2024,24833,4097,0.164982
18183,IN,Whitley County,WHITLEY,2020,34340,5666,0.164997
18183,IN,Whitley County,WHITLEY,2021,34481,5689,0.164989
18183,IN,Whitley County,WHITLEY,2022,34600,5709,0.165
18183,IN,Whitley County,WHITLEY,2023,34786,5740,0.165009
18183,IN,Whitley County,WHITLEY,2024,34885,5756,0.164999
19001,IA,Adair County,ADAIR,2020,7489,1333,0.177994
19001,IA,Adair County,ADAIR,2021,7522,1339,0.178011
19001,IA,Adair County,ADAIR,2022,7457,1328,0.178088
19001,IA,Adair County,ADAIR,2023,7399,1317,0.177997
19001,IA,Adair County,ADAIR,2024,7431,1323,0.178038
19003,IA,Adams County,ADAMS,2020,3710,661,0.178167
19003,IA,Adams County,ADAMS,2021,3641,648,0.177973
19003,IA,Adams County,ADAMS,2022,3602,641,0.177957
19003,IA,Adams County,ADAMS,2023,3553,633,0.178159
19003,IA,Adams County,ADAMS,2024,3606,642,0.178037
19005,IA,Allamakee County,ALLAMAKEE,2020,14069,2505,0.178051
19005,IA,Allamakee County,ALLAMAKEE,2021,13965,2486,0.178016
19005,IA,Allamakee County,ALLAMAKEE,2022,14072,2505,0.178013
19005,IA,Allamakee County,ALLAMAKEE,2023,14168,2522,0.178007
19005,IA,Allamakee County,ALLAMAKEE,2024,14184,2525,0.178017
19007,IA,Appanoose County,APPANOOSE,2020,12283,2187,0.178051
19007,IA,Appanoose County,APPANOOSE,2021,12269,2184,0.17801
19007,IA,Appanoose County,APPANOOSE,2022,12135,2160,0.177998
19007,IA,Appanoose County,APPANOOSE,2023,12129,2159,0.178003
19007,IA,Appanoose County,APPANOOSE,2024,12106,2155,0.178011
19009,IA,Audubon County,AUDUBON,2020,5680,1011,0.177993
19009,IA,Audubon County,AUDUBON,2021,5645,1005,0.178034
19009,IA,Audubon County,AUDUBON,2022,5573,992,0.178001
19009,IA,Audubon County,AUDUBON,2023,5533,985,0.178023
19009,IA,Audubon County,AUDUBON,2024,5562,990,0.177994
19011,IA,Benton County,BENTON,2020,25550,4548,0.178004
19011,IA,Benton County,BENTON,2021,25745,4582,0.177976
19011,IA,Benton County,BENTON,2022,25756,4584,0.177978
19011,IA,Benton County,BENTON,2023,25769,4587,0.178005
19011,IA,Benton County,BENTON,2024,25799,4592,0.177991
19013,IA,Black Hawk County,BLACK HAWK,2020,131049,23327,0.178002
19013,IA,Black Hawk County,BLACK HAWK,2021,130587,23245,0.178004
19013,IA,Black Hawk County,BLACK HAWK,2022,130081,23154,0.177997
19013,IA,Black Hawk County,BLACK HAWK,2023,131179,23350,0.178001
19013,IA,Black Hawk County,BLACK HAWK,2024,132348,23558,0.178
19015,IA,Boone County,BOONE,2020,26702,4753,0.178002
19015,IA,Boone County,BOONE,2021,26770,4765,0.177998
19015,IA,Boone County,BOONE,2022,26570,4730,0.17802
19015,IA,Boone County,BOONE,2023,26567,4729,0.178003
19015,IA,Boone County,BOONE,2024,26729,4758,0.178009
19017,IA,Bremer County,BREMER,2020,25007,4451,0.17799
19017,IA,Bremer County,BREMER,2021,25119,4471,0.177993
19017,IA,Bremer County,BREMER,2022,25260,4496,0.177989
19017,IA,Bremer County,BREMER,2023,25304,4504,0.177996
19017,IA,Bremer County,BREMER,2024,25328,4508,0.177985
19019,IA,Buchanan County,BUCHANAN,2020,20606,3667,0.177958
19019,IA,Buchanan County,BUCHANAN,2021,20707,3685,0.177959
19019,IA,Buchanan County,BUCHANAN,2022,20700,3684,0.177971
19019,IA,Buchanan County,BUCHANAN,2023,20725,3689,0.177998
19019,IA,Buchanan County,BUCHANAN,2024,20733,3690,0.177977
19021,IA,Buena Vista County,BUENA VISTA,2020,20808,3704,0.178008
19021,IA,Buena Vista County,BUENA VISTA,2021,20794,3701,0.177984
19021,IA,Buena Vista County,BUENA VISTA,2022,20651,3676,0.178006
19021,IA,Buena Vista County,BUENA VISTA,2023,20698,3684,0.177988
19021,IA,Buena Vista County,BUENA VISTA,2024,20816,3705,0.177988
19023,IA,Butler County,BUTLER,2020,14334,2552,0.178038
19023,IA,Butler County,BUTLER,2021,14351,2555,0.178036
19023,IA,Butler County,BUTLER,2022,14275,2541,0.178004
19023,IA,Butler County,BUTLER,2023,14225,2532,0.177996
19023,IA,Butler County,BUTLER,2024,14156,2520,0.178016
19025,IA,Calhoun County,CALHOUN,2020,9895,1762,0.17807
19025,IA,Calhoun County,CALHOUN,2021,9894,1762,0.178088
19025,IA,Calhoun County,CALHOUN,2022,9725,1731,0.177995
19025,IA,Calhoun County,CALHOUN,2023,9790,1743,0.178039
19025,IA,Calhoun County,CALHOUN,2024,9711,1729,0.178046
19027,IA,Carroll County,CARROLL,2020,20734,3690,0.177969
19027,IA,Carroll County,CARROLL,2021,20754,3694,0.17799
19027,IA,Carroll County,CARROLL,2022,20565,3660,0.177972
19027,IA,Carroll County,CARROLL,2023,20512,3651,0.177993
19027,IA,Carroll County,CARROLL,2024,20407,3632,0.177978
19029,IA,Cass County,CASS,2020,13115,2334,0.177964
19029,IA,Cass County,CASS,2021,13085,2329,0.17799
19029,IA,Cass County,CASS,2022,13125,2336,0.177981
19029,IA,Cass County,CASS,2023,13131,2337,0.177976
19029,IA,Cass County,CASS,2024,13024,2318,0.177979
19031,IA,Cedar County,CEDAR,2020,18483,3290,0.178001
19031,IA,Cedar County,CEDAR,2021,18429,3280,0.17798
19031,IA,Cedar County,CEDAR,2022,18331,3263,0.178004
19031,IA,Cedar County,CEDAR,2023,18269,3252,0.178006
19031,IA,Cedar County,CEDAR,2024,18231,3245,0.177994
19033,IA,Cerro Gordo County,CERRO GORDO,2020,43021,7658,0.178006
19033,IA,Cerro Gordo County,CERRO GORDO,2021,42767,7613,0.178011
19033,IA,Cerro Gordo County,CERRO GORDO,2022,42408,7549,0.178009
19033,IA,Cerro Gordo County,CERRO GORDO,2023,42470,7560,0.178008
19033,IA,Cerro Gordo County,CERRO GORDO,2024,42493,7564,0.178006
19035,IA,Cherokee County,CHEROKEE,2020,11658,2075,0.177989
19035,IA,Cherokee County,CHEROKEE,2021,11539,2054,0.178005
19035,IA,Cherokee County,CHEROKEE,2022,11492,2045,0.17795
19035,IA,Cherokee County,CHEROKEE,2023,11652,2074,0.177995
19035,IA,Cherokee County,CHEROKEE,2024,11658,2075,0.177989
19037,IA,Chickasaw County,CHICKASAW,2020,11985,2133,0.177972
19037,IA,Chickasaw County,CHICKASAW,2021,11882,2115,0.178
19037,IA,Chickasaw County,CHICKASAW,2022,11755,2092,0.177967
19037,IA,Chickasaw County,CHICKASAW,2023,11694,2082,0.17804
19037,IA,Chickasaw County,CHICKASAW,2024,11719,2086,0.178002
19039,IA,Clarke County,CLARKE,2020,9730,1732,0.178006
19039,IA,Clarke County,CLARKE,2021,9751,1735,0.17793
19039,IA,Clarke County,CLARKE,2022,9676,1722,0.177966
19039,IA,Clarke County,CLARKE,2023,9631,1714,0.177967
19039,IA,Clarke County,CLARKE,2024,9524,1695,0.177971
19041,IA,Clay County,CLAY,2020,16337,2908,0.178001
19041,IA,Clay County,CLAY,2021,16459,2929,0.177957
19041,IA,Clay County,CLAY,2022,16506,2938,0.177996
19041,IA,Clay County,CLAY,2023,16530,2942,0.177979
19041,IA,Clay County,CLAY,2024,16474,2932,0.177977
19043,IA,Clayton County,CLAYTON,2020,17034,3032,0.177997
19043,IA,Clayton County,CLAYTON,2021,17058,3037,0.17804
19043,IA,Clayton County,CLAYTON,2022,17058,3037,0.17804
19043,IA,Clayton County,CLAYTON,2023,16985,3024,0.178039
19043,IA,Clayton County,CLAYTON,2024,16931,3014,0.178017
19045,IA,Clinton County,CLINTON,2020,46432,8265,0.178002
19045,IA,Clinton County,CLINTON,2021,46491,8276,0.178013
19045,IA,Clinton County,CLINTON,2022,46268,8236,0.178006
19045,IA,Clinton County,CLINTON,2023,46134,8212,0.178003
19045,IA,Clinton County,CLINTON,2024,46015,8191,0.178007
19047,IA,Crawford County,CRAWFORD,2020,16492,2935,0.177965
19047,IA,Crawford County,CRAWFORD,2021,16242,2891,0.177995
19047,IA,Crawford County,CRAWFORD,2022,16135,2872,0.177998
19047,IA,Crawford County,CRAWFORD,2023,16138,2872,0.177965
19047,IA,Crawford County,CRAWFORD,2024,16378,2915,0.177983
19049,IA,Dallas County,DALLAS,2020,100544,17897,0.178002
19049,IA,Dallas County,DALLAS,2021,104194,18546,0.177995
19049,IA,Dallas County,DALLAS,2022,108164,19253,0.177998
19049,IA,Dallas County,DALLAS,2023,111593,19864,0.178004
19049,IA,Dallas County,DALLAS,2024,115343,20531,0.178
19051,IA,Davis County,DAVIS,2020,9115,1622,0.177948
19051,IA,Davis County,DAVIS,2021,9155,1629,0.177936
19051,IA,Davis County,DAVIS,2022,9158,1630,0.177986
19051,IA,Davis County,DAVIS,2023,9165,1631,0.17796
19051,IA,Davis County,DAVIS,2024,9193,1636,0.177961
19053,IA,Decatur County,DECATUR,2020,7733,1377,0.178068
19053,IA,Decatur County,DECATUR,2021,7797,1388,0.178017
19053,IA,Decatur County,DECATUR,2022,7822,1393,0.178087
19053,IA,Decatur County,DECATUR,2023,7781,1385,0.177998
19053,IA,Decatur County,DECATUR,2024,7656,1363,0.17803
19055,IA,Delaware County,DELAWARE,2020,17454,3106,0.177953
19055,IA,Delaware County,DELAWARE,2021,17552,3124,0.177985
19055,IA,Delaware County,DELAWARE,2022,17590,3131,0.177999
19055,IA,Delaware County,DELAWARE,2023,17583,3129,0.177956
19055,IA,Delaware County,DELAWARE,2024,17609,3134,0.177977
19057,IA,Des Moines County,DES MOINES,2020,38856,6916,0.177991
19057,IA,Des Moines County,DES MOINES,2021,38545,6861,0.178
19057,IA,Des Moines County,DES MOINES,2022,38258,6810,0.178002
19057,IA,Des Moines County,DES MOINES,2023,38360,6828,0.177998
19057,IA,Des Moines County,DES MOINES,2024,38411,6837,0.177996
19059,IA,Dickinson County,DICKINSON,2020,17773,3163,0.177967
19059,IA,Dickinson County,DICKINSON,2021,17876,3182,0.178004
19059,IA,Dickinson County,DICKINSON,2022,18052,3213,0.177986
19059,IA,Dickinson County,DICKINSON,2023,18087,3219,0.177973
19059,IA,Dickinson County,DICKINSON,2024,18158,3232,0.177993
19061,IA,Dubuque County,DUBUQUE,2020,99310,17677,0.177998
19061,IA,Dubuque County,DUBUQUE,2021,98863,17598,0.178004
19061,IA,Dubuque County,DUBUQUE,2022,98748,17577,0.177999
19061,IA,Dubuque County,DUBUQUE,2023,98988,17620,0.178001
19061,IA,Dubuque County,DUBUQUE,2024,99242,17665,0.177999
19063,IA,Emmet County,EMMET,2020,9342,1663,0.178013
19063,IA,Emmet County,EMMET,2021,9333,1661,0.177971
19063,IA,Emmet County,EMMET,2022,9197,1637,0.177993
19063,IA,Emmet County,EMMET,2023,9277,1651,0.177967
19063,IA,Emmet County,EMMET,2024,9162,1631,0.178018
19065,IA,Fayette County,FAYETTE,2020,19448,3462,0.178013
19065,IA,Fayette County,FAYETTE,2021,19303,3436,0.178003
19065,IA,Fayette County,FAYETTE,2022,19292,3434,0.178001
19065,IA,Fayette County,FAYETTE,2023,19239,3424,0.177972
19065,IA,Fayette County,FAYETTE,2024,19152,3409,0.177997
19067,IA,Floyd County,FLOYD,2020,15593,2775,0.177964
19067,IA,Floyd County,FLOYD,2021,15458,2751,0.177966
19067,IA,Floyd County,FLOYD,2022,15316,2726,0.177984
19067,IA,Floyd County,FLOYD,2023,15266,2717,0.177977
19067,IA,Floyd County,FLOYD,2024,15008,2671,0.177972
19069,IA,Franklin County,FRANKLIN,2020,9995,1779,0.177989
19069,IA,Franklin County,FRANKLIN,2021,9949,1771,0.178008
19069,IA,Franklin County,FRANKLIN,2022,9918,1765,0.177959
19069,IA,Franklin County,FRANKLIN,2023,9895,1761,0.177969
19069,IA,Franklin County,FRANKLIN,2024,10024,1784,0.177973
19071,IA,Fremont County,FREMONT,2020,6567,1169,0.178011
19071,IA,Fremont County,FREMONT,2021,6584,1172,0.178007
19071,IA,Fremont County,FREMONT,2022,6465,1151,0.178036
19071,IA,Fremont County,FREMONT,2023,6458,1150,0.178074
19071,IA,Fremont County,FREMONT,2024,6494,1156,0.17801
19073,IA,Greene County,GREENE,2020,8750,1558,0.178057
19073,IA,Greene County,GREENE,2021,8726,1553,0.177974
19073,IA,Greene County,GREENE,2022,8707,1550,0.178018
19073,IA,Greene County,GREENE,2023,8597,1530,0.177969
19073,IA,Greene County,GREENE,2024,8662,1542,0.178019
19075,IA,Grundy County,GRUNDY,2020,12347,2198,0.178019
19075,IA,Grundy County,GRUNDY,2021,12376,2203,0.178006
19075,IA,Grundy County,GRUNDY,2022,12379,2203,0.177963
19075,IA,Grundy County,GRUNDY,2023,12412,2209,0.177973
19075,IA,Grundy County,GRUNDY,2024,12405,2208,0.177993
19077,IA,Guthrie County,GUTHRIE,2020,10619,1890,0.177983
19077,IA,Guthrie County,GUTHRIE,2021,10598,1887,0.178052
19077,IA,Guthrie County,GUTHRIE,2022,10687,1903,0.178067
19077,IA,Guthrie County,GUTHRIE,2023,10763,1916,0.178017
19077,IA,Guthrie County,GUTHRIE,2024,10774,1918,0.178021
19079,IA,Hamilton County,HAMILTON,2020,15011,2672,0.178003
19079,IA,Hamilton County,HAMILTON,2021,14866,2646,0.17799
19079,IA,Hamilton County,HAMILTON,2022,14848,2643,0.178004
19079,IA,Hamilton County,HAMILTON,2023,14848,2643,0.178004
19079,IA,Hamilton County,HAMILTON,2024,14856,2644,0.177975
19081,IA,Hancock County,HANCOCK,2020,10758,1915,0.178007
19081,IA,Hancock County,HANCOCK,2021,10687,1903,0.178067
19081,IA,Hancock County,HANCOCK,2022,10664,1899,0.178076
19081,IA,Hancock County,HANCOCK,2023,10631,1893,0.178064
19081,IA,Hancock County,HANCOCK,2024,10616,1890,0.178033
19083,IA,Hardin County,HARDIN,2020,16826,2995,0.177998
19083,IA,Hardin County,HARDIN,2021,16705,2974,0.178031
19083,IA,Hardin County,HARDIN,2022,16677,2969,0.17803
19083,IA,Hardin County,HARDIN,2023,16523,2942,0.178055
19083,IA,Hardin County,HARDIN,2024,16464,2931,0.178025
19085,IA,Harrison County,HARRISON,2020,14567,2592,0.177936
19085,IA,Harrison County,HARRISON,2021,14692,2615,0.177988
19085,IA,Harrison County,HARRISON,2022,14635,2605,0.177998
19085,IA,Harrison County,HARRISON,2023,14638,2605,0.177961
19085,IA,Harrison County,HARRISON,2024,14626,2603,0.177971
19087,IA,Henry County,HENRY,2020,20447,3639,0.177972
19087,IA,Henry County,HENRY,2021,20387,3629,0.178006
19087,IA,Henry County,HENRY,2022,20253,3605,0.177998
19087,IA,Henry County,HENRY,2023,19573,3484,0.178
19087,IA,Henry County,HENRY,2024,19361,3446,0.177987
19089,IA,Howard County,HOWARD,2020,9497,1690,0.177951
19089,IA,Howard County,HOWARD,2021,9509,1693,0.178042
19089,IA,Howard County,HOWARD,2022,9502,1691,0.177963
19089,IA,Howard County,HOWARD,2023,9357,1665,0.177942
19089,IA,Howard County,HOWARD,2024,9360,1666,0.177991
19091,IA,Humboldt County,HUMBOLDT,2020,9597,1708,0.177972
19091,IA,Humboldt County,HUMBOLDT,2021,9630,1714,0.177985
19091,IA,Humboldt County,HUMBOLDT,2022,9545,1699,0.177999
19091,IA,Humboldt County,HUMBOLDT,2023,9564,1703,0.178064
19091,IA,Humboldt County,HUMBOLDT,2024,9617,1712,0.178018
19093,IA,Ida County,IDA,2020,7029,1251,0.177977
19093,IA,Ida County,IDA,2021,6980,1242,0.177937
19093,IA,Ida County,IDA,2022,6900,1228,0.177971
19093,IA,Ida County,IDA,2023,6835,1216,0.177908
19093,IA,Ida County,IDA,2024,6810,1212,0.177974
19095,IA,Iowa County,IOWA,2020,16653,2964,0.177986
19095,IA,Iowa County,IOWA,2021,16583,2951,0.177953
19095,IA,Iowa County,IOWA,2022,16491,2935,0.177976
19095,IA,Iowa County,IOWA,2023,16386,2916,0.177957
19095,IA,Iowa County,IOWA,2024,16423,2923,0.177982
19097,IA,Jackson County,JACKSON,2020,19453,3462,0.177967
19097,IA,Jackson County,JACKSON,2021,19402,3453,0.177971
19097,IA,Jackson County,JACKSON,2022,19350,3444,0.177984
19097,IA,Jackson County,JACKSON,2023,19353,3444,0.177957
19097,IA,Jackson County,JACKSON,2024,19390,3451,0.177978
19099,IA,Jasper County,JASPER,2020,37818,6732,0.17801
19099,IA,Jasper County,JASPER,2021,37887,6744,0.178003
19099,IA,Jasper County,JASPER,2022,37966,6758,0.178001
19099,IA,Jasper County,JASPER,2023,37991,6762,0.17799
19099,IA,Jasper County,JASPER,2024,38107,6783,0.177999
19101,IA,Jefferson County,JEFFERSON,2020,15699,2794,0.177973
19101,IA,Jefferson County,JEFFERSON,2021,15786,2810,0.178006
19101,IA,Jefferson County,JEFFERSON,2022,15632,2782,0.177968
19101,IA,Jefferson County,JEFFERSON,2023,15626,2781,0.177973
19101,IA,Jefferson County,JEFFERSON,2024,15781,2809,0.177999
19103,IA,Johnson County,JOHNSON,2020,153052,27243,0.177998
19103,IA,Johnson County,JOHNSON,2021,155047,27598,0.177998
19103,IA,Johnson County,JOHNSON,2022,156815,27913,0.178
19103,IA,Johnson County,JOHNSON,2023,158202,28160,0.178
19103,IA,Johnson County,JOHNSON,2024,160080,28494,0.177999
19105,IA,Jones County,JONES,2020,20654,3677,0.178028
19105,IA,Jones County,JONES,2021,20832,3708,0.177995
19105,IA,Jones County,JONES,2022,20960,3731,0.178006
19105,IA,Jones County,JONES,2023,20917,3724,0.178037
19105,IA,Jones County,JONES,2024,21116,3759,0.178017
19107,IA,Keokuk County,KEOKUK,2020,10012,1782,0.177986
19107,IA,Keokuk County,KEOKUK,2021,9912,1764,0.177966
19107,IA,Keokuk County,KEOKUK,2022,9895,1761,0.177969
19107,IA,Keokuk County,KEOKUK,2023,9947,1770,0.177943
19107,IA,Keokuk County,KEOKUK,2024,9855,1754,0.177981
19109,IA,Kossuth County,KOSSUTH,2020,14791,2633,0.178014
19109,IA,Kossuth County,KOSSUTH,2021,14511,2583,0.178003
19109,IA,Kossuth County,KOSSUTH,2022,14462,2575,0.178053
19109,IA,Kossuth County,KOSSUTH,2023,14410,2565,0.178001
19109,IA,Kossuth County,KOSSUTH,2024,14408,2565,0.178026
19111,IA,Lee County,LEE,2020,33529,5968,0.177995
19111,IA,Lee County,LEE,2021,33260,5920,0.177992
19111,IA,Lee County,LEE,2022,32793,5837,0.177995
19111,IA,Lee County,LEE,2023,32509,5787,0.178012
19111,IA,Lee County,LEE,2024,32376,5763,0.178002
19113,IA,Linn County,LINN,2020,230433,41017,0.178
19113,IA,Linn County,LINN,2021,229474,40847,0.178003
19113,IA,Linn County,LINN,2022,228947,40753,0.178002
19113,IA,Linn County,LINN,2023,229402,40834,0.178002
19113,IA,Linn County,LINN,2024,231762,41254,0.178002
19115,IA,Louisa County,LOUISA,2020,10825,1927,0.178014
19115,IA,Louisa County,LOUISA,2021,10736,1911,0.177999
19115,IA,Louisa County,LOUISA,2022,10657,1897,0.178005
19115,IA,Louisa County,LOUISA,2023,10540,1876,0.177989
19115,IA,Louisa County,LOUISA,2024,10630,1892,0.177987
19117,IA,Lucas County,LUCAS,2020,8620,1534,0.177958
19117,IA,Lucas County,LUCAS,2021,8708,1550,0.177997
19117,IA,Lucas County,LUCAS,2022,8720,1552,0.177982
19117,IA,Lucas County,LUCAS,2023,8775,1562,0.178006
19117,IA,Lucas County,LUCAS,2024,8758,1559,0.178009
19119,IA,Lyon County,LYON,2020,11923,2122,0.177975
19119,IA,Lyon County,LYON,2021,12035,2142,0.177981
19119,IA,Lyon County,LYON,2022,12185,2169,0.178006
19119,IA,Lyon County,LYON,2023,12288,2187,0.177979
19119,IA,Lyon County,LYON,2024,12378,2203,0.177977
19121,IA,Madison County,MADISON,2020,16628,2960,0.178013
19121,IA,Madison County,MADISON,2021,16792,2989,0.178001
19121,IA,Madison County,MADISON,2022,17050,3035,0.178006
19121,IA,Madison County,MADISON,2023,16999,3026,0.17801
19121,IA,Madison County,MADISON,2024,17161,3055,0.17802
19123,IA,Mahaska County,MAHASKA,2020,22162,3945,0.178007
19123,IA,Mahaska County,MAHASKA,2021,21982,3913,0.178009
19123,IA,Mahaska County,MAHASKA,2022,21959,3909,0.178014
19123,IA,Mahaska County,MAHASKA,2023,21967,3910,0.177994
19123,IA,Mahaska County,MAHASKA,2024,22034,3922,0.177998
19125,IA,Marion County,MARION,2020,33414,5948,0.178009
19125,IA,Marion County,MARION,2021,33450,5955,0.178027
19125,IA,Marion County,MARION,2022,33582,5978,0.178012
19125,IA,Marion County,MARION,2023,33718,6002,0.178006
19125,IA,Marion County,MARION,2024,34048,6061,0.178013
19127,IA,Marshall County,MARSHALL,2020,40091,7136,0.177995
19127,IA,Marshall County,MARSHALL,2021,39915,7105,0.178003
19127,IA,Marshall County,MARSHALL,2022,39940,7110,0.178017
19127,IA,Marshall County,MARSHALL,2023,40230,7161,0.178001
19127,IA,Marshall County,MARSHALL,2024,40392,7190,0.178006
19129,IA,Mills County,MILLS,2020,14418,2567,0.178041
19129,IA,Mills County,MILLS,2021,14491,2580,0.178042
19129,IA,Mills County,MILLS,2022,14572,2594,0.178013
19129,IA,Mills County,MILLS,2023,14642,2607,0.178049
19129,IA,Mills County,MILLS,2024,14717,2620,0.178025
19131,IA,Mitchell County,MITCHELL,2020,10586,1884,0.177971
19131,IA,Mitchell County,MITCHELL,2021,10555,1878,0.177925
19131,IA,Mitchell County,MITCHELL,2022,10557,1879,0.177986
19131,IA,Mitchell County,MITCHELL,2023,10544,1876,0.177921
19131,IA,Mitchell County,MITCHELL,2024,10632,1892,0.177953
19133,IA,Monona County,MONONA,2020,8742,1556,0.177991
19133,IA,Monona County,MONONA,2021,8595,1530,0.17801
19133,IA,Monona County,MONONA,2022,8515,1515,0.177921
19133,IA,Monona County,MONONA,2023,8503,1513,0.177937
19133,IA,Monona County,MONONA,2024,8429,1500,0.177957
19135,IA,Monroe County,MONROE,2020,7596,1352,0.177988
19135,IA,Monroe County,MONROE,2021,7586,1350,0.177959
19135,IA,Monroe County,MONROE,2022,7524,1339,0.177964
19135,IA,Monroe County,MONROE,2023,7486,1332,0.177932
19135,IA,Monroe County,MONROE,2024,7373,1312,0.177947
19137,IA,Montgomery County,MONTGOMERY,2020,10330,1839,0.178025
19137,IA,Montgomery County,MONTGOMERY,2021,10317,1836,0.177959
19137,IA,Montgomery County,MONTGOMERY,2022,10210,1817,0.177963
19137,IA,Montgomery County,MONTGOMERY,2023,10148,1806,0.177966
19137,IA,Montgomery County,MONTGOMERY,2024,10063,1791,0.177979
19139,IA,Muscatine County,MUSCATINE,2020,43155,7681,0.177986
19139,IA,Muscatine County,MUSCATINE,2021,42693,7599,0.177992
19139,IA,Muscatine County,MUSCATINE,2022,42501,7565,0.177996
19139,IA,Muscatine County,MUSCATINE,2023,42316,7532,0.177994
19139,IA,Muscatine County,MUSCATINE,2024,42132,7499,0.177988
19141,IA,O'Brien County,O'BRIEN,2020,14149,2518,0.177963
19141,IA,O'Brien County,O'BRIEN,2021,14048,2500,0.177961
19141,IA,O'Brien County,O'BRIEN,2022,14107,2511,0.177997
19141,IA,O'Brien County,O'BRIEN,2023,14067,2504,0.178005
19141,IA,O'Brien County,O'BRIEN,2024,14260,2538,0.17798
19143,IA,Osceola County,OSCEOLA,2020,6200,1103,0.177903
19143,IA,Osceola County,OSCEOLA,2021,6174,1099,0.178005
19143,IA,Osceola County,OSCEOLA,2022,6073,1081,0.178001
19143,IA,Osceola County,OSCEOLA,2023,6016,1070,0.177859
19143,IA,Osceola County,OSCEOLA,2024,6036,1074,0.177932
19145,IA,Page County,PAGE,2020,15200,2706,0.178026
19145,IA,Page County,PAGE,2021,15232,2712,0.178046
19145,IA,Page County,PAGE,2022,15169,2700,0.177995
19145,IA,Page County,PAGE,2023,15012,2672,0.177991
19145,IA,Page County,PAGE,2024,15038,2677,0.178016
19147,IA,Palo Alto County,PALO ALTO,2020,8993,1601,0.178027
19147,IA,Palo Alto County,PALO ALTO,2021,8932,1590,0.178012
19147,IA,Palo Alto County,PALO ALTO,2022,8772,1561,0.177953
19147,IA,Palo Alto County,PALO ALTO,2023,8807,1568,0.17804
19147,IA,Palo Alto County,PALO ALTO,2024,8809,1568,0.178
19149,IA,Plymouth County,PLYMOUTH,2020,25694,4574,0.178018
19149,IA,Plymouth County,PLYMOUTH,2021,25738,4582,0.178025
19149,IA,Plymouth County,PLYMOUTH,2022,25714,4577,0.177996
19149,IA,Plymouth County,PLYMOUTH,2023,25765,4586,0.177993
19149,IA,Plymouth County,PLYMOUTH,2024,25825,4597,0.178006
19151,IA,Pocahontas County,POCAHONTAS,2020,7068,1258,0.177985
19151,IA,Pocahontas County,POCAHONTAS,2021,7043,1254,0.178049
19151,IA,Pocahontas County,POCAHONTAS,2022,7090,1262,0.177997
19151,IA,Pocahontas County,POCAHONTAS,2023,7024,1250,0.177961
19151,IA,Pocahontas County,POCAHONTAS,2024,7006,1247,0.17799
19153,IA,Polk County,POLK,2020,493039,87761,0.178
19153,IA,Polk County,POLK,2021,497903,88627,0.178001
19153,IA,Polk County,POLK,2022,501261,89225,0.178001
19153,IA,Polk County,POLK,2023,507487,90333,0.178001
19153,IA,Polk County,POLK,2024,516185,91881,0.178
19155,IA,Pottawattamie County,POTTAWATTAMIE,2020,93655,16670,0.177994
19155,IA,Pottawattamie County,POTTAWATTAMIE,2021,93403,16626,0.178003
19155,IA,Pottawattamie County,POTTAWATTAMIE,2022,93180,16586,0.178
19155,IA,Pottawattamie County,POTTAWATTAMIE,2023,93353,16617,0.178002
19155,IA,Pottawattamie County,POTTAWATTAMIE,2024,93529,16648,0.177998
19157,IA,Poweshiek County,POWESHIEK,2020,18628,3316,0.178012
19157,IA,Poweshiek County,POWESHIEK,2021,18623,3315,0.178006
19157,IA,Poweshiek County,POWESHIEK,2022,18521,3297,0.178014
19157,IA,Poweshiek County,POWESHIEK,2023,18497,3293,0.178029
19157,IA,Poweshiek County,POWESHIEK,2024,18454,3285,0.17801
19159,IA,Ringgold County,RINGGOLD,2020,4643,826,0.177902
19159,IA,Ringgold County,RINGGOLD,2021,4636,825,0.177955
19159,IA,Ringgold County,RINGGOLD,2022,4692,835,0.177962
19159,IA,Ringgold County,RINGGOLD,2023,4646,827,0.178003
19159,IA,Ringgold County,RINGGOLD,2024,4608,820,0.177951
19161,IA,Sac County,SAC,2020,9800,1745,0.178061
19161,IA,Sac County,SAC,2021,9771,1739,0.177976
19161,IA,Sac County,SAC,2022,9680,1723,0.177996
19161,IA,Sac County,SAC,2023,9663,1720,0.177999
19161,IA,Sac County,SAC,2024,9533,1697,0.178013
19163,IA,Scott County,SCOTT,2020,174617,31082,0.178001
19163,IA,Scott County,SCOTT,2021,174250,31017,0.178003
19163,IA,Scott County,SCOTT,2022,173985,30969,0.177998
19163,IA,Scott County,SCOTT,2023,174589,31077,0.178001
19163,IA,Scott County,SCOTT,2024,175601,31257,0.178
19165,IA,Shelby County,SHELBY,2020,11727,2087,0.177965
19165,IA,Shelby County,SHELBY,2021,11776,2096,0.177989
19165,IA,Shelby County,SHELBY,2022,11745,2090,0.177948
19165,IA,Shelby County,SHELBY,2023,11823,2104,0.177958
19165,IA,Shelby County,SHELBY,2024,11821,2104,0.177988
19167,IA,Sioux County,SIOUX,2020,35897,6390,0.178009
19167,IA,Sioux County,SIOUX,2021,35979,6405,0.178021
19167,IA,Sioux County,SIOUX,2022,36231,6450,0.178024
19167,IA,Sioux County,SIOUX,2023,36399,6479,0.177999
19167,IA,Sioux County,SIOUX,2024,36554,6507,0.178011
19169,IA,Story County,STORY,2020,98651,17560,0.178001
19169,IA,Story County,STORY,2021,99683,17744,0.178004
19169,IA,Story County,STORY,2022,99995,17799,0.177999
19169,IA,Story County,STORY,2023,101501,18068,0.178008
19169,IA,Story County,STORY,2024,102498,18245,0.178003
19171,IA,Tama County,TAMA,2020,17044,3033,0.177951
19171,IA,Tama County,TAMA,2021,16862,3001,0.177974
19171,IA,Tama County,TAMA,2022,16910,3010,0.178001
19171,IA,Tama County,TAMA,2023,16787,2988,0.177995
19171,IA,Tama County,TAMA,2024,16738,2979,0.177978
19173,IA,Taylor County,TAYLOR,2020,5861,1043,0.177956
19173,IA,Taylor County,TAYLOR,2021,5868,1045,0.178085
19173,IA,Taylor County,TAYLOR,2022,5870,1045,0.178024
19173,IA,Taylor County,TAYLOR,2023,5917,1053,0.177962
19173,IA,Taylor County,TAYLOR,2024,5825,1037,0.178026
19175,IA,Union County,UNION,2020,12128,2159,0.178018
19175,IA,Union County,UNION,2021,12048,2145,0.178038
19175,IA,Union County,UNION,2022,11922,2122,0.17799
19175,IA,Union County,UNION,2023,11913,2121,0.178041
19175,IA,Union County,UNION,2024,11955,2128,0.178001
19177,IA,Van Buren County,VAN BUREN,2020,7218,1285,0.178027
19177,IA,Van Buren County,VAN BUREN,2021,7256,1292,0.17806
19177,IA,Van Buren County,VAN BUREN,2022,7250,1291,0.178069
19177,IA,Van Buren County,VAN BUREN,2023,7266,1294,0.17809
19177,IA,Van Buren County,VAN BUREN,2024,7217,1285,0.178052
19179,IA,Wapello County,WAPELLO,2020,35327,6288,0.177994
19179,IA,Wapello County,WAPELLO,2021,35304,6284,0.177997
19179,IA,Wapello County,WAPELLO,2022,35080,6244,0.177993
19179,IA,Wapello County,WAPELLO,2023,35417,6304,0.177994
19179,IA,Wapello County,WAPELLO,2024,35681,6351,0.177994
19181,IA,Warren County,WARREN,2020,52591,9361,0.177996
19181,IA,Warren County,WARREN,2021,53487,9521,0.178006
19181,IA,Warren County,WARREN,2022,54325,9670,0.178003
19181,IA,Warren County,WARREN,2023,55298,9843,0.177999
19181,IA,Warren County,WARREN,2024,56343,10029,0.177999
19183,IA,Washington County,WASHINGTON,2020,22541,4012,0.177987
19183,IA,Washington County,WASHINGTON,2021,22526,4009,0.177972
19183,IA,Washington County,WASHINGTON,2022,22541,4012,0.177987
19183,IA,Washington County,WASHINGTON,2023,22554,4014,0.177973
19183,IA,Washington County,WASHINGTON,2024,22631,4028,0.177986
19185,IA,Wayne County,WAYNE,2020,6502,1158,0.178099
19185,IA,Wayne County,WAYNE,2021,6522,1161,0.178013
19185,IA,Wayne County,WAYNE,2022,6472,1152,0.177998
19185,IA,Wayne County,WAYNE,2023,6542,1165,0.17808
19185,IA,Wayne County,WAYNE,2024,6622,1179,0.178043
19187,IA,Webster County,WEBSTER,2020,36991,6585,0.178016
19187,IA,Webster County,WEBSTER,2021,37172,6617,0.17801
19187,IA,Webster County,WEBSTER,2022,36703,6533,0.177996
19187,IA,Webster County,WEBSTER,2023,36653,6524,0.177994
19187,IA,Webster County,WEBSTER,2024,36909,6570,0.178005
19189,IA,Winnebago County,WINNEBAGO,2020,10656,1897,0.178022
19189,IA,Winnebago County,WINNEBAGO,2021,10657,1897,0.178005
19189,IA,Winnebago County,WINNEBAGO,2022,10651,1896,0.178011
19189,IA,Winnebago County,WINNEBAGO,2023,10563,1880,0.17798
19189,IA,Winnebago County,WINNEBAGO,2024,10383,1848,0.177983
19191,IA,Winneshiek County,WINNESHIEK,2020,20051,3569,0.177996
19191,IA,Winneshiek County,WINNESHIEK,2021,19944,3550,0.177998
19191,IA,Winneshiek County,WINNESHIEK,2022,19915,3545,0.178007
19191,IA,Winneshiek County,WINNESHIEK,2023,19728,3512,0.178021
19191,IA,Winneshiek County,WINNESHIEK,2024,19723,3511,0.178016
19193,IA,Woodbury County,WOODBURY,2020,105952,18860,0.178005
19193,IA,Woodbury County,WOODBURY,2021,105801,18833,0.178004
19193,IA,Woodbury County,WOODBURY,2022,105674,18810,0.178
19193,IA,Woodbury County,WOODBURY,2023,106544,18965,0.178002
19193,IA,Woodbury County,WOODBURY,2024,107257,19092,0.178002
19195,IA,Worth County,WORTH,2020,7430,1323,0.178062
19195,IA,Worth County,WORTH,2021,7374,1313,0.178058
19195,IA,Worth County,WORTH,2022,7316,1303,0.178103
19195,IA,Worth County,WORTH,2023,7322,1304,0.178093
19195,IA,Worth County,WORTH,2024,7307,1301,0.178048
19197,IA,Wright County,WRIGHT,2020,12923,2301,0.178055
19197,IA,Wright County,WRIGHT,2021,12821,2282,0.177989
19197,IA,Wright County,WRIGHT,2022,12740,2268,0.178022
19197,IA,Wright County,WRIGHT,2023,12744,2269,0.178045
19197,IA,Wright County,WRIGHT,2024,12729,2266,0.178019
20001,KS,Allen County,ALLEN,2020,12537,2043,0.162958
20001,KS,Allen County,ALLEN,2021,12506,2038,0.162962
20001,KS,Allen County,ALLEN,2022,12479,2034,0.162994
20001,KS,Allen County,ALLEN,2023,12466,2032,0.163003
20001,KS,Allen County,ALLEN,2024,12425,2025,0.162978
20003,KS,Anderson County,ANDERSON,2020,7841,1278,0.162989
20003,KS,Anderson County,ANDERSON,2021,7811,1273,0.162975
20003,KS,Anderson County,ANDERSON,2022,7787,1269,0.162964
20003,KS,Anderson County,ANDERSON,2023,7813,1274,0.163062
20003,KS,Anderson County,ANDERSON,2024,7908,1289,0.162999
20005,KS,Atchison County,ATCHISON,2020,16325,2661,0.163002
20005,KS,Atchison County,ATCHISON,2021,16235,2647,0.163043
20005,KS,Atchison County,ATCHISON,2022,16091,2623,0.16301
20005,KS,Atchison County,ATCHISON,2023,16142,2632,0.163053
20005,KS,Atchison County,ATCHISON,2024,16249,2649,0.163025
20007,KS,Barber County,BARBER,2020,4203,685,0.162979
20007,KS,Barber County,BARBER,2021,4105,669,0.162972
20007,KS,Barber County,BARBER,2022,4125,672,0.162909
20007,KS,Barber County,BARBER,2023,4078,664,0.162825
20007,KS,Barber County,BARBER,2024,4070,663,0.162899
20009,KS,Barton County,BARTON,2020,25426,4144,0.162983
20009,KS,Barton County,BARTON,2021,25267,4118,0.162979
20009,KS,Barton County,BARTON,2022,25055,4084,0.163001
20009,KS,Barton County,BARTON,2023,24901,4059,0.163006
20009,KS,Barton County,BARTON,2024,24835,4048,0.162996
20011,KS,Bourbon County,BOURBON,2020,14333,2336,0.162981
20011,KS,Bourbon County,BOURBON,2021,14327,2335,0.162979
20011,KS,Bourbon County,BOURBON,2022,14454,2356,0.163
20011,KS,Bourbon County,BOURBON,2023,14432,2352,0.162971
20011,KS,Bourbon County,BOURBON,2024,14424,2351,0.162992
20013,KS,Brown County,BROWN,2020,9479,1545,0.162992
20013,KS,Brown County,BROWN,2021,9456,1541,0.162965
20013,KS,Brown County,BROWN,2022,9371,1527,0.16295
20013,KS,Brown County,BROWN,2023,9267,1510,0.162944
20013,KS,Brown County,BROWN,2024,9142,1490,0.162984
20015,KS,Butler County,BUTLER,2020,67389,10985,0.163009
20015,KS,Butler County,BUTLER,2021,67984,11082,0.163009
20015,KS,Butler County,BUTLER,2022,68264,11127,0.163
20015,KS,Butler County,BUTLER,2023,68638,11188,0.163
20015,KS,Butler County,BUTLER,2024,69158,11273,0.163004
20017,KS,Chase County,CHASE,2020,2575,420,0.163107
20017,KS,Chase County,CHASE,2021,2608,425,0.16296
20017,KS,Chase County,CHASE,2022,2559,417,0.162954
20017,KS,Chase County,CHASE,2023,2555,417,0.163209
20017,KS,Chase County,CHASE,2024,2507,409,0.163143
20019,KS,Chautauqua County,CHAUTAUQUA,2020,3380,551,0.163018
20019,KS,Chautauqua County,CHAUTAUQUA,2021,3384,551,0.162825
20019,KS,Chautauqua County,CHAUTAUQUA,2022,3387,552,0.162976
20019,KS,Chautauqua County,CHAUTAUQUA,2023,3360,547,0.162798
20019,KS,Chautauqua County,CHAUTAUQUA,2024,3339,544,0.162923
20021,KS,Cherokee County,CHEROKEE,2020,19301,3146,0.162997
20021,KS,Cherokee County,CHEROKEE,2021,19182,3127,0.163017
20021,KS,Cherokee County,CHEROKEE,2022,19043,3104,0.163
20021,KS,Cherokee County,CHEROKEE,2023,19095,3113,0.163027
20021,KS,Cherokee County,CHEROKEE,2024,19133,3119,0.163017
20023,KS,Cheyenne County,CHEYENNE,2020,2612,425,0.162711
20023,KS,Cheyenne County,CHEYENNE,2021,2635,429,0.162808
20023,KS,Cheyenne County,CHEYENNE,2022,2613,426,0.163031
20023,KS,Cheyenne County,CHEYENNE,2023,2634,429,0.16287
20023,KS,Cheyenne County,CHEYENNE,2024,2646,431,0.162887
20025,KS,Clark County,CLARK,2020,1977,322,0.162873
20025,KS,Clark County,CLARK,2021,1957,319,0.163005
20025,KS,Clark County,CLARK,2022,1947,317,0.162815
20025,KS,Clark County,CLARK,2023,1861,303,0.162816
20025,KS,Clark County,CLARK,2024,1873,305,0.16284
20027,KS,Clay County,CLAY,2020,8127,1325,0.163037
20027,KS,Clay County,CLAY,2021,8099,1320,0.162983
20027,KS,Clay County,CLAY,2022,8048,1312,0.163022
20027,KS,Clay County,CLAY,2023,7996,1303,0.162956
20027,KS,Clay County,CLAY,2024,7969,1299,0.163007
20029,KS,Cloud County,CLOUD,2020,9018,1470,0.163007
20029,KS,Cloud County,CLOUD,2021,8965,1461,0.162967
20029,KS,Cloud County,CLOUD,2022,8937,1457,0.16303
20029,KS,Cloud County,CLOUD,2023,8849,1443,0.163069
20029,KS,Cloud County,CLOUD,2024,8723,1422,0.163017
20031,KS,Coffey County,COFFEY,2020,8362,1363,0.162999
20031,KS,Coffey County,COFFEY,2021,8343,1360,0.163011
20031,KS,Coffey County,COFFEY,2022,8261,1346,0.162934
20031,KS,Coffey County,COFFEY,2023,8272,1348,0.162959
20031,KS,Coffey County,COFFEY,2024,8301,1353,0.162992
20033,KS,Comanche County,COMANCHE,2020,1682,274,0.162901
20033,KS,Comanche County,COMANCHE,2021,1667,272,0.163167
20033,KS,Comanche County,COMANCHE,2022,1695,276,0.162832
20033,KS,Comanche County,COMANCHE,2023,1674,273,0.163082
20033,KS,Comanche County,COMANCHE,2024,1694,276,0.162928
20035,KS,Cowley County,COWLEY,2020,34535,5629,0.162994
20035,KS,Cowley County,COWLEY,2021,34631,5645,0.163004
20035,KS,Cowley County,COWLEY,2022,34457,5616,0.162986
20035,KS,Cowley County,COWLEY,2023,34245,5582,0.163002
20035,KS,Cowley County,COWLEY,2024,34186,5572,0.162991
20037,KS,Crawford County,CRAWFORD,2020,38951,6349,0.163
20037,KS,Crawford County,CRAWFORD,2021,39034,6362,0.162986
20037,KS,Crawford County,CRAWFORD,2022,39180,6386,0.162991
20037,KS,Crawford County,CRAWFORD,2023,38969,6352,0.163001
20037,KS,Crawford County,CRAWFORD,2024,38904,6341,0.162991
20039,KS,Decatur County,DECATUR,2020,2747,448,0.163087
20039,KS,Decatur County,DECATUR,2021,2756,450,0.16328
20039,KS,Decatur County,DECATUR,2022,2681,437,0.162999
20039,KS,Decatur County,DECATUR,2023,2732,446,0.16325
20039,KS,Decatur County,DECATUR,2024,2716,443,0.163108
20041,KS,Dickinson County,DICKINSON,2020,18367,2994,0.16301
20041,KS,Dickinson County,DICKINSON,2021,18463,3009,0.162975
20041,KS,Dickinson County,DICKINSON,2022,18344,2990,0.162996
20041,KS,Dickinson County,DICKINSON,2023,18432,3004,0.162977
20041,KS,Dickinson County,DICKINSON,2024,18621,3035,0.162988
20043,KS,Doniphan County,DONIPHAN,2020,7468,1218,0.163096
20043,KS,Doniphan County,DONIPHAN,2021,7455,1215,0.162978
20043,KS,Doniphan County,DONIPHAN,2022,7488,1221,0.163061
20043,KS,Doniphan County,DONIPHAN,2023,7530,1228,0.163081
20043,KS,Doniphan County,DONIPHAN,2024,7575,1235,0.163036
20045,KS,Douglas County,DOUGLAS,2020,118787,19362,0.162998
20045,KS,Douglas County,DOUGLAS,2021,119503,19479,0.163
20045,KS,Douglas County,DOUGLAS,2022,120053,19568,0.162995
20045,KS,Douglas County,DOUGLAS,2023,121179,19752,0.162999
20045,KS,Douglas County,DOUGLAS,2024,121989,19884,0.162998
20047,KS,Edwards County,EDWARDS,2020,2884,470,0.162968
20047,KS,Edwards County,EDWARDS,2021,2802,457,0.163098
20047,KS,Edwards County,EDWARDS,2022,2747,448,0.163087
20047,KS,Edwards County,EDWARDS,2023,2731,445,0.162944
20047,KS,Edwards County,EDWARDS,2024,2731,445,0.162944
20049,KS,Elk County,ELK,2020,2472,403,0.163026
20049,KS,Elk County,ELK,2021,2431,396,0.162896
20049,KS,Elk County,ELK,2022,2448,399,0.16299
20049,KS,Elk County,ELK,2023,2478,404,0.163035
20049,KS,Elk County,ELK,2024,2436,397,0.162972
20051,KS,Ellis County,ELLIS,2020,28951,4719,0.163
20051,KS,Ellis County,ELLIS,2021,28856,4703,0.162982
20051,KS,Ellis County,ELLIS,2022,28868,4705,0.162983
20051,KS,Ellis County,ELLIS,2023,28920,4714,0.163001
20051,KS,Ellis County,ELLIS,2024,29007,4728,0.162995
20053,KS,Ellsworth County,ELLSWORTH,2020,6371,1039,0.163083
20053,KS,Ellsworth County,ELLSWORTH,2021,6328,1032,0.163085
20053,KS,Ellsworth County,ELLSWORTH,2022,6398,1043,0.16302
20053,KS,Ellsworth County,ELLSWORTH,2023,6387,1042,0.163144
20053,KS,Ellsworth County,ELLSWORTH,2024,6316,1030,0.163078
20055,KS,Finney County,FINNEY,2020,38310,6245,0.163012
20055,KS,Finney County,FINNEY,2021,38091,6209,0.163004
20055,KS,Finney County,FINNEY,2022,37665,6140,0.163016
20055,KS,Finney County,FINNEY,2023,37999,6194,0.163004
20055,KS,Finney County,FINNEY,2024,38354,6252,0.163008
20057,KS,Ford County,FORD,2020,34218,5578,0.163014
20057,KS,Ford County,FORD,2021,34190,5573,0.163001
20057,KS,Ford County,FORD,2022,33842,5517,0.163022
20057,KS,Ford County,FORD,2023,34047,5550,0.16301
20057,KS,Ford County,FORD,2024,34072,5554,0.163008
20059,KS,Franklin County,FRANKLIN,2020,26015,4240,0.162983
20059,KS,Franklin County,FRANKLIN,2021,26024,4241,0.162965
20059,KS,Franklin County,FRANKLIN,2022,25994,4237,0.162999
20059,KS,Franklin County,FRANKLIN,2023,26223,4274,0.162987
20059,KS,Franklin County,FRANKLIN,2024,26273,4282,0.162981
20061,KS,Geary County,GEARY,2020,36766,5993,0.163004
20061,KS,Geary County,GEARY,2021,36131,5890,0.163018
20061,KS,Geary County,GEARY,2022,35525,5791,0.163012
20061,KS,Geary County,GEARY,2023,35192,5736,0.162992
20061,KS,Geary County,GEARY,2024,35459,5780,0.163005
20063,KS,Gove County,GOVE,2020,2716,442,0.162739
20063,KS,Gove County,GOVE,2021,2750,448,0.162909
20063,KS,Gove County,GOVE,2022,2741,447,0.163079
20063,KS,Gove County,GOVE,2023,2733,445,0.162825
20063,KS,Gove County,GOVE,2024,2658,433,0.162904
20065,KS,Graham County,GRAHAM,2020,2406,392,0.162926
20065,KS,Graham County,GRAHAM,2021,2403,391,0.162713
20065,KS,Graham County,GRAHAM,2022,2395,390,0.162839
20065,KS,Graham County,GRAHAM,2023,2371,386,0.162801
20065,KS,Graham County,GRAHAM,2024,2370,386,0.162869
20067,KS,Grant County,GRANT,2020,7326,1194,0.162981
20067,KS,Grant County,GRANT,2021,7335,1196,0.163054
20067,KS,Grant County,GRANT,2022,7230,1179,0.163071
20067,KS,Grant County,GRANT,2023,7158,1167,0.163034
20067,KS,Grant County,GRANT,2024,7097,1157,0.163027
20069,KS,Gray County,GRAY,2020,5640,919,0.162943
20069,KS,Gray County,GRAY,2021,5661,923,0.163045
20069,KS,Gray County,GRAY,2022,5707,930,0.162958
20069,KS,Gray County,GRAY,2023,5765,940,0.163053
20069,KS,Gray County,GRAY,2024,5730,934,0.163002
20071,KS,Greeley County,GREELEY,2020,1275,208,0.163137
20071,KS,Greeley County,GREELEY,2021,1283,209,0.162899
20071,KS,Greeley County,GREELEY,2022,1230,201,0.163415
20071,KS,Greeley County,GREELEY,2023,1174,192,0.163543
20071,KS,Greeley County,GREELEY,2024,1152,188,0.163194
20073,KS,Greenwood County,GREENWOOD,2020,5975,974,0.163013
20073,KS,Greenwood County,GREENWOOD,2021,5921,965,0.162979
20073,KS,Greenwood County,GREENWOOD,2022,5917,964,0.16292
20073,KS,Greenwood County,GREENWOOD,2023,5909,963,0.162972
20073,KS,Greenwood County,GREENWOOD,2024,5871,957,0.163005
20075,KS,Hamilton County,HAMILTON,2020,2487,406,0.163249
20075,KS,Hamilton County,HAMILTON,2021,2478,404,0.163035
20075,KS,Hamilton County,HAMILTON,2022,2445,399,0.16319
20075,KS,Hamilton County,HAMILTON,2023,2459,401,0.163074
20075,KS,Hamilton County,HAMILTON,2024,2488,406,0.163183
20077,KS,Harper County,HARPER,2020,5467,891,0.162978
20077,KS,Harper County,HARPER,2021,5352,872,0.16293
20077,KS,Harper County,HARPER,2022,5374,876,0.163007
20077,KS,Harper County,HARPER,2023,5392,879,0.163019
20077,KS,Harper County,HARPER,2024,5413,882,0.162941
20079,KS,Harvey County,HARVEY,2020,33996,5542,0.163019
20079,KS,Harvey County,HARVEY,2021,33799,5510,0.163023
20079,KS,Harvey County,HARVEY,2022,33710,5495,0.163008
20079,KS,Harvey County,HARVEY,2023,33635,5483,0.163015
20079,KS,Harvey County,HARVEY,2024,33642,5484,0.163011
20081,KS,Haskell County,HASKELL,2020,3760,613,0.163032
20081,KS,Haskell County,HASKELL,2021,3653,595,0.16288
20081,KS,Haskell County,HASKELL,2022,3573,582,0.162888
20081,KS,Haskell County,HASKELL,2023,3630,591,0.16281
20081,KS,Haskell County,HASKELL,2024,3591,585,0.162907
20083,KS,Hodgeman County,HODGEMAN,2020,1738,284,0.163406
20083,KS,Hodgeman County,HODGEMAN,2021,1724,281,0.162993
20083,KS,Hodgeman County,HODGEMAN,2022,1707,279,0.163445
20083,KS,Hodgeman County,HODGEMAN,2023,1681,274,0.162998
20083,KS,Hodgeman County,HODGEMAN,2024,1673,273,0.16318
20085,KS,Jackson County,JACKSON,2020,13238,2158,0.163016
20085,KS,Jackson County,JACKSON,2021,13264,2162,0.162998
20085,KS,Jackson County,JACKSON,2022,13285,2166,0.163041
20085,KS,Jackson County,JACKSON,2023,13392,2183,0.163008
20085,KS,Jackson County,JACKSON,2024,13525,2205,0.163031
20087,KS,Jefferson County,JEFFERSON,2020,18325,2987,0.163001
20087,KS,Jefferson County,JEFFERSON,2021,18435,3005,0.163005
20087,KS,Jefferson County,JEFFERSON,2022,18344,2990,0.162996
20087,KS,Jefferson County,JEFFERSON,2023,18307,2984,0.162998
20087,KS,Jefferson County,JEFFERSON,2024,18332,2988,0.162994
20089,KS,Jewell County,JEWELL,2020,2929,478,0.163196
20089,KS,Jewell County,JEWELL,2021,2947,481,0.163217
20089,KS,Jewell County,JEWELL,2022,2906,474,0.163111
20089,KS,Jewell County,JEWELL,2023,2901,473,0.163047
20089,KS,Jewell County,JEWELL,2024,2899,473,0.16316
20091,KS,Johnson County,JOHNSON,2020,611161,99619,0.163
20091,KS,Johnson County,JOHNSON,2021,614962,100239,0.163
20091,KS,Johnson County,JOHNSON,2022,619311,100948,0.163
20091,KS,Johnson County,JOHNSON,2023,625444,101947,0.162999
20091,KS,Johnson County,JOHNSON,2024,632276,103061,0.163
20093,KS,Kearny County,KEARNY,2020,3960,646,0.163131
20093,KS,Kearny County,KEARNY,2021,3895,635,0.16303
20093,KS,Kearny County,KEARNY,2022,3854,629,0.163207
20093,KS,Kearny County,KEARNY,2023,3803,620,0.163029
20093,KS,Kearny County,KEARNY,2024,3808,621,0.163078
20095,KS,Kingman County,KINGMAN,2020,7420,1209,0.162938
20095,KS,Kingman County,KINGMAN,2021,7288,1188,0.163008
20095,KS,Kingman County,KINGMAN,2022,7184,1171,0.163001
20095,KS,Kingman County,KINGMAN,2023,7091,1156,0.163024
20095,KS,Kingman County,KINGMAN,2024,6946,1132,0.162971
20097,KS,Kiowa County,KIOWA,2020,2453,400,0.163066
20097,KS,Kiowa County,KIOWA,2021,2407,392,0.162858
20097,KS,Kiowa County,KIOWA,2022,2410,393,0.163071
20097,KS,Kiowa County,KIOWA,2023,2404,392,0.163062
20097,KS,Kiowa County,KIOWA,2024,2436,397,0.162972
20099,KS,Labette County,LABETTE,2020,20160,3286,0.162996
20099,KS,Labette County,LABETTE,2021,19908,3245,0.163
20099,KS,Labette County,LABETTE,2022,19750,3219,0.162987
20099,KS,Labette County,LABETTE,2023,19833,3233,0.163011
20099,KS,Labette County,LABETTE,2024,19692,3210,0.16301
20101,KS,Lane County,LANE,2020,1570,256,0.163057
20101,KS,Lane County,LANE,2021,1564,255,0.163043
20101,KS,Lane County,LANE,2022,1552,253,0.163015
20101,KS,Lane County,LANE,2023,1533,250,0.163079
20101,KS,Lane County,LANE,2024,1482,242,0.163293
20103,KS,Leavenworth County,LEAVENWORTH,2020,81961,13359,0.162992
20103,KS,Leavenworth County,LEAVENWORTH,2021,82395,13430,0.162995
20103,KS,Leavenworth County,LEAVENWORTH,2022,82852,13505,0.163001
20103,KS,Leavenworth County,LEAVENWORTH,2023,83735,13649,0.163002
20103,KS,Leavenworth County,LEAVENWORTH,2024,84670,13801,0.162998
20105,KS,Lincoln County,LINCOLN,2020,2946,480,0.162933
20105,KS,Lincoln County,LINCOLN,2021,2907,474,0.163055
20105,KS,Lincoln County,LINCOLN,2022,2909,474,0.162943
20105,KS,Lincoln County,LINCOLN,2023,2924,476,0.162791
20105,KS,Lincoln County,LINCOLN,2024,2928,477,0.16291
20107,KS,Linn County,LINN,2020,9591,1563,0.162965
20107,KS,Linn County,LINN,2021,9745,1588,0.162955
20107,KS,Linn County,LINN,2022,9771,1593,0.163033
20107,KS,Linn County,LINN,2023,9885,1611,0.162974
20107,KS,Linn County,LINN,2024,9841,1604,0.162992
20109,KS,Logan County,LOGAN,2020,2743,447,0.16296
20109,KS,Logan County,LOGAN,2021,2713,442,0.162919
20109,KS,Logan County,LOGAN,2022,2706,441,0.162971
20109,KS,Logan County,LOGAN,2023,2678,436,0.162808
20109,KS,Logan County,LOGAN,2024,2694,439,0.162955
20111,KS,Lyon County,LYON,2020,32113,5235,0.163018
20111,KS,Lyon County,LYON,2021,32034,5222,0.163014
20111,KS,Lyon County,LYON,2022,31994,5215,0.162999
20111,KS,Lyon County,LYON,2023,32267,5260,0.163015
20111,KS,Lyon County,LYON,2024,32520,5301,0.163007
20113,KS,McPherson County,MCPHERSON,2020,30184,4920,0.163
20113,KS,McPherson County,MCPHERSON,2021,30167,4917,0.162993
20113,KS,McPherson County,MCPHERSON,2022,30106,4907,0.162991
20113,KS,McPherson County,MCPHERSON,2023,30236,4928,0.162985
20113,KS,McPherson County,MCPHERSON,2024,30334,4944,0.162985
20115,KS,Marion County,MARION,2020,11787,1921,0.162976
20115,KS,Marion County,MARION,2021,11744,1914,0.162977
20115,KS,Marion County,MARION,2022,11800,1923,0.162966
20115,KS,Marion County,MARION,2023,11768,1918,0.162984
20115,KS,Marion County,MARION,2024,11670,1902,0.162982
20117,KS,Marshall County,MARSHALL,2020,10022,1634,0.163041
20117,KS,Marshall County,MARSHALL,2021,10023,1634,0.163025
20117,KS,Marshall County,MARSHALL,2022,10007,1631,0.162986
20117,KS,Marshall County,MARSHALL,2023,9963,1624,0.163003
20117,KS,Marshall County,MARSHALL,2024,9950,1622,0.163015
20119,KS,Meade County,MEADE,2020,4062,662,0.162974
20119,KS,Meade County,MEADE,2021,3998,651,0.162831
20119,KS,Meade County,MEADE,2022,3905,636,0.162868
20119,KS,Meade County,MEADE,2023,3911,637,0.162874
20119,KS,Meade County,MEADE,2024,3892,634,0.162898
20121,KS,Miami County,MIAMI,2020,34219,5578,0.163009
20121,KS,Miami County,MIAMI,2021,34641,5646,0.162986
20121,KS,Miami County,MIAMI,2022,34759,5666,0.163008
20121,KS,Miami County,MIAMI,2023,35333,5759,0.162992
20121,KS,Miami County,MIAMI,2024,35737,5825,0.162996
20123,KS,Mitchell County,MITCHELL,2020,5778,942,0.163032
20123,KS,Mitchell County,MITCHELL,2021,5750,937,0.162957
20123,KS,Mitchell County,MITCHELL,2022,5774,941,0.162972
20123,KS,Mitchell County,MITCHELL,2023,5789,944,0.163068
20123,KS,Mitchell County,MITCHELL,2024,5803,946,0.163019
20125,KS,Montgomery County,MONTGOMERY,2020,31400,5118,0.162994
20125,KS,Montgomery County,MONTGOMERY,2021,31180,5083,0.163021
20125,KS,Montgomery County,MONTGOMERY,2022,30905,5038,0.163016
20125,KS,Montgomery County,MONTGOMERY,2023,30756,5013,0.162993
20125,KS,Montgomery County,MONTGOMERY,2024,30459,4965,0.163006
20127,KS,Morris County,MORRIS,2020,5370,875,0.162942
20127,KS,Morris County,MORRIS,2021,5388,878,0.162955
20127,KS,Morris County,MORRIS,2022,5376,876,0.162946
20127,KS,Morris County,MORRIS,2023,5289,862,0.16298
20127,KS,Morris County,MORRIS,2024,5279,860,0.16291
20129,KS,Morton County,MORTON,2020,2703,441,0.163152
20129,KS,Morton County,MORTON,2021,2674,436,0.163052
20129,KS,Morton County,MORTON,2022,2600,424,0.163077
20129,KS,Morton County,MORTON,2023,2592,422,0.162809
20129,KS,Morton County,MORTON,2024,2485,405,0.162978
20131,KS,Nemaha County,NEMAHA,2020,10263,1673,0.163013
20131,KS,Nemaha County,NEMAHA,2021,10228,1667,0.162984
20131,KS,Nemaha County,NEMAHA,2022,10151,1655,0.163038
20131,KS,Nemaha County,NEMAHA,2023,10094,1645,0.162968
20131,KS,Nemaha County,NEMAHA,2024,10062,1640,0.162989
20133,KS,Neosho County,NEOSHO,2020,15905,2593,0.16303
20133,KS,Neosho County,NEOSHO,2021,15791,2574,0.163004
20133,KS,Neosho County,NEOSHO,2022,15583,2540,0.162998
20133,KS,Neosho County,NEOSHO,2023,15451,2519,0.163032
20133,KS,Neosho County,NEOSHO,2024,15552,2535,0.163002
20135,KS,Ness County,NESS,2020,2679,437,0.163121
20135,KS,Ness County,NESS,2021,2658,434,0.163281
20135,KS,Ness County,NESS,2022,2671,436,0.163235
20135,KS,Ness County,NESS,2023,2639,431,0.163319
20135,KS,Ness County,NESS,2024,2617,427,0.163164
20137,KS,Norton County,NORTON,2020,5452,889,0.163059
20137,KS,Norton County,NORTON,2021,5370,876,0.163128
20137,KS,Norton County,NORTON,2022,5322,868,0.163097
20137,KS,Norton County,NORTON,2023,5314,867,0.163154
20137,KS,Norton County,NORTON,2024,5335,870,0.163074
20139,KS,Osage County,OSAGE,2020,15740,2565,0.162961
20139,KS,Osage County,OSAGE,2021,15754,2568,0.163006
20139,KS,Osage County,OSAGE,2022,15690,2557,0.16297
20139,KS,Osage County,OSAGE,2023,15798,2575,0.162995
20139,KS,Osage County,OSAGE,2024,15737,2565,0.162992
20141,KS,Osborne County,OSBORNE,2020,3491,570,0.163277
20141,KS,Osborne County,OSBORNE,2021,3487,569,0.163178
20141,KS,Osborne County,OSBORNE,2022,3488,569,0.163131
20141,KS,Osborne County,OSBORNE,2023,3440,561,0.163081
20141,KS,Osborne County,OSBORNE,2024,3353,547,0.163137
20143,KS,Ottawa County,OTTAWA,2020,5731,934,0.162973
20143,KS,Ottawa County,OTTAWA,2021,5835,951,0.162982
20143,KS,Ottawa County,OTTAWA,2022,5833,951,0.163038
20143,KS,Ottawa County,OTTAWA,2023,5842,952,0.162958
20143,KS,Ottawa County,OTTAWA,2024,5853,954,0.162993
20145,KS,Pawnee County,PAWNEE,2020,6248,1018,0.162932
20145,KS,Pawnee County,PAWNEE,2021,6240,1017,0.162981
20145,KS,Pawnee County,PAWNEE,2022,6153,1003,0.16301
20145,KS,Pawnee County,PAWNEE,2023,6068,989,0.162986
20145,KS,Pawnee County,PAWNEE,2024,6012,980,0.163007
20147,KS,Phillips County,PHILLIPS,2020,4959,808,0.162936
20147,KS,Phillips County,PHILLIPS,2021,4818,785,0.162931
20147,KS,Phillips County,PHILLIPS,2022,4792,781,0.16298
20147,KS,Phillips County,PHILLIPS,2023,4762,776,0.162957
20147,KS,Phillips County,PHILLIPS,2024,4733,771,0.162899
20149,KS,Pottawatomie County,POTTAWATOMIE,2020,25421,4144,0.163015
20149,KS,Pottawatomie County,POTTAWATOMIE,2021,25884,4219,0.162996
20149,KS,Pottawatomie County,POTTAWATOMIE,2022,26331,4292,0.163002
20149,KS,Pottawatomie County,POTTAWATOMIE,2023,26506,4321,0.16302
20149,KS,Pottawatomie County,POTTAWATOMIE,2024,26876,4381,0.163008
20151,KS,Pratt County,PRATT,2020,9139,1489,0.162928
20151,KS,Pratt County,PRATT,2021,9168,1494,0.162958
20151,KS,Pratt County,PRATT,2022,9080,1480,0.162996
20151,KS,Pratt County,PRATT,2023,9107,1484,0.162952
20151,KS,Pratt County,PRATT,2024,9137,1489,0.162964
20153,KS,Rawlins County,RAWLINS,2020,2574,419,0.162782
20153,KS,Rawlins County,RAWLINS,2021,2561,417,0.162827
20153,KS,Rawlins County,RAWLINS,2022,2531,412,0.162782
20153,KS,Rawlins County,RAWLINS,2023,2480,404,0.162903
20153,KS,Rawlins County,RAWLINS,2024,2432,396,0.162829
20155,KS,Reno County,RENO,2020,61894,10089,0.163004
20155,KS,Reno County,RENO,2021,61523,10028,0.162996
20155,KS,Reno County,RENO,2022,61514,10027,0.163004
20155,KS,Reno County,RENO,2023,61419,10011,0.162995
20155,KS,Reno County,RENO,2024,61417,10011,0.163
20157,KS,Republic County,REPUBLIC,2020,4672,762,0.163099
20157,KS,Republic County,REPUBLIC,2021,4699,766,0.163013
20157,KS,Republic County,REPUBLIC,2022,4638,756,0.163001
20157,KS,Republic County,REPUBLIC,2023,4608,751,0.162977
20157,KS,Republic County,REPUBLIC,2024,4613,752,0.163018
20159,KS,Rice County,RICE,2020,9385,1529,0.16292
20159,KS,Rice County,RICE,2021,9388,1530,0.162974
20159,KS,Rice County,RICE,2022,9387,1530,0.162991
20159,KS,Rice County,RICE,2023,9305,1516,0.162923
20159,KS,Rice County,RICE,2024,9284,1513,0.162969
20161,KS,Riley County,RILEY,2020,72011,11738,0.163003
20161,KS,Riley County,RILEY,2021,71870,11715,0.163003
20161,KS,Riley County,RILEY,2022,71618,11674,0.163004
20161,KS,Riley County,RILEY,2023,71673,11683,0.163004
20161,KS,Riley County,RILEY,2024,72557,11827,0.163003
20163,KS,Rooks County,ROOKS,2020,4886,796,0.162914
20163,KS,Rooks County,ROOKS,2021,4859,792,0.162997
20163,KS,Rooks County,ROOKS,2022,4798,782,0.162985
20163,KS,Rooks County,ROOKS,2023,4776,779,0.163107
20163,KS,Rooks County,ROOKS,2024,4748,774,0.163016
20165,KS,Rush County,RUSH,2020,2944,480,0.163043
20165,KS,Rush County,RUSH,2021,2935,478,0.162862
20165,KS,Rush County,RUSH,2022,2949,481,0.163106
20165,KS,Rush County,RUSH,2023,2833,462,0.163078
20165,KS,Rush County,RUSH,2024,2810,458,0.162989
20167,KS,Russell County,RUSSELL,2020,6673,1088,0.163045
20167,KS,Russell County,RUSSELL,2021,6694,1091,0.162982
20167,KS,Russell County,RUSSELL,2022,6726,1096,0.16295
20167,KS,Russell County,RUSSELL,2023,6683,1089,0.162951
20167,KS,Russell County,RUSSELL,2024,6620,1079,0.162991
20169,KS,Saline County,SALINE,2020,54248,8843,0.163011
20169,KS,Saline County,SALINE,2021,53829,8774,0.162998
20169,KS,Saline County,SALINE,2022,53461,8714,0.162997
20169,KS,Saline County,SALINE,2023,53342,8695,0.163005
20169,KS,Saline County,SALINE,2024,53459,8714,0.163003
20171,KS,Scott County,SCOTT,2020,5133,837,0.163063
20171,KS,Scott County,SCOTT,2021,5115,834,0.16305
20171,KS,Scott County,SCOTT,2022,5010,817,0.163074
20171,KS,Scott County,SCOTT,2023,4962,809,0.163039
20171,KS,Scott County,SCOTT,2024,4914,801,0.163004
20173,KS,Sedgwick County,SEDGWICK,2020,524837,85548,0.162999
20173,KS,Sedgwick County,SEDGWICK,2021,524470,85488,0.162999
20173,KS,Sedgwick County,SEDGWICK,2022,525488,85654,0.162999
20173,KS,Sedgwick County,SEDGWICK,2023,530254,86431,0.162999
20173,KS,Sedgwick County,SEDGWICK,2024,536081,87381,0.163
20175,KS,Seward County,SEWARD,2020,21857,3563,0.163014
20175,KS,Seward County,SEWARD,2021,21764,3548,0.163022
20175,KS,Seward County,SEWARD,2022,21326,3476,0.162994
20175,KS,Seward County,SEWARD,2023,21209,3457,0.162997
20175,KS,Seward County,SEWARD,2024,21276,3468,0.163001
20177,KS,Shawnee County,SHAWNEE,2020,178711,29130,0.163001
20177,KS,Shawnee County,SHAWNEE,2021,178424,29084,0.163005
20177,KS,Shawnee County,SHAWNEE,2022,177454,28925,0.163
20177,KS,Shawnee County,SHAWNEE,2023,177596,28949,0.163005
20177,KS,Shawnee County,SHAWNEE,2024,177942,29005,0.163003
20179,KS,Sheridan County,SHERIDAN,2020,2443,399,0.163324
20179,KS,Sheridan County,SHERIDAN,2021,2451,400,0.163199
20179,KS,Sheridan County,SHERIDAN,2022,2428,396,0.163097
20179,KS,Sheridan County,SHERIDAN,2023,2409,393,0.163138
20179,KS,Sheridan County,SHERIDAN,2024,2397,391,0.163121
20181,KS,Sherman County,SHERMAN,2020,5902,962,0.162996
20181,KS,Sherman County,SHERMAN,2021,5939,968,0.16299
20181,KS,Sherman County,SHERMAN,2022,5857,955,0.163053
20181,KS,Sherman County,SHERMAN,2023,5791,944,0.163012
20181,KS,Sherman County,SHERMAN,2024,5796,945,0.163043
20183,KS,Smith County,SMITH,2020,3559,580,0.162967
20183,KS,Smith County,SMITH,2021,3566,581,0.162928
20183,KS,Smith County,SMITH,2022,3553,579,0.162961
20183,KS,Smith County,SMITH,2023,3541,577,0.162948
20183,KS,Smith County,SMITH,2024,3541,577,0.162948
20185,KS,Stafford County,STAFFORD,2020,4052,661,0.163129
20185,KS,Stafford County,STAFFORD,2021,4012,654,0.163011
20185,KS,Stafford County,STAFFORD,2022,3979,649,0.163106
20185,KS,Stafford County,STAFFORD,2023,3948,644,0.163121
20185,KS,Stafford County,STAFFORD,2024,3901,636,0.163035
20187,KS,Stanton County,STANTON,2020,2085,340,0.16307
20187,KS,Stanton County,STANTON,2021,2046,334,0.163245
20187,KS,Stanton County,STANTON,2022,1977,323,0.163379
20187,KS,Stanton County,STANTON,2023,2012,328,0.163022
20187,KS,Stanton County,STANTON,2024,2071,338,0.163206
20189,KS,Stevens County,STEVENS,2020,5246,855,0.162981
20189,KS,Stevens County,STEVENS,2021,5305,865,0.163054
20189,KS,Stevens County,STEVENS,2022,5151,840,0.163075
20189,KS,Stevens County,STEVENS,2023,5074,827,0.162988
20189,KS,Stevens County,STEVENS,2024,5035,821,0.163059
20191,KS,Sumner County,SUMNER,2020,22323,3639,0.163016
20191,KS,Sumner County,SUMNER,2021,22327,3640,0.163031
20191,KS,Sumner County,SUMNER,2022,22384,3649,0.163018
20191,KS,Sumner County,SUMNER,2023,22393,3650,0.162997
20191,KS,Sumner County,SUMNER,2024,22336,3641,0.16301
20193,KS,Thomas County,THOMAS,2020,7933,1293,0.16299
20193,KS,Thomas County,THOMAS,2021,7950,1296,0.163019
20193,KS,Thomas County,THOMAS,2022,7882,1285,0.16303
20193,KS,Thomas County,THOMAS,2023,7858,1281,0.163019
20193,KS,Thomas County,THOMAS,2024,7802,1272,0.163035
20195,KS,Trego County,TREGO,2020,2804,457,0.162981
20195,KS,Trego County,TREGO,2021,2791,455,0.163024
20195,KS,Trego County,TREGO,2022,2757,449,0.162858
20195,KS,Trego County,TREGO,2023,2758,449,0.162799
20195,KS,Trego County,TREGO,2024,2774,452,0.162942
20197,KS,Wabaunsee County,WABAUNSEE,2020,6890,1123,0.16299
20197,KS,Wabaunsee County,WABAUNSEE,2021,6970,1136,0.162984
20197,KS,Wabaunsee County,WABAUNSEE,2022,7002,1141,0.162953
20197,KS,Wabaunsee County,WABAUNSEE,2023,7073,1153,0.163014
20197,KS,Wabaunsee County,WABAUNSEE,2024,7112,1159,0.162964
20199,KS,Wallace County,WALLACE,2020,1512,247,0.16336
20199,KS,Wallace County,WALLACE,2021,1513,247,0.163252
20199,KS,Wallace County,WALLACE,2022,1491,243,0.162978
20199,KS,Wallace County,WALLACE,2023,1501,245,0.163225
20199,KS,Wallace County,WALLACE,2024,1472,240,0.163043
20201,KS,Washington County,WASHINGTON,2020,5526,901,0.163047
20201,KS,Washington County,WASHINGTON,2021,5521,900,0.163014
20201,KS,Washington County,WASHINGTON,2022,5495,895,0.162875
20201,KS,Washington County,WASHINGTON,2023,5553,905,0.162975
20201,KS,Washington County,WASHINGTON,2024,5572,908,0.162958
20203,KS,Wichita County,WICHITA,2020,2149,351,0.163332
20203,KS,Wichita County,WICHITA,2021,2079,339,0.163059
20203,KS,Wichita County,WICHITA,2022,2061,336,0.163028
20203,KS,Wichita County,WICHITA,2023,2093,341,0.162924
20203,KS,Wichita County,WICHITA,2024,2072,338,0.163127
20205,KS,Wilson County,WILSON,2020,8586,1400,0.163056
20205,KS,Wilson County,WILSON,2021,8525,1390,0.16305
20205,KS,Wilson County,WILSON,2022,8577,1398,0.162994
20205,KS,Wilson County,WILSON,2023,8438,1376,0.163072
20205,KS,Wilson County,WILSON,2024,8398,1369,0.163015
20207,KS,Woodson County,WOODSON,2020,3099,505,0.162956
20207,KS,Woodson County,WOODSON,2021,3086,503,0.162994
20207,KS,Woodson County,WOODSON,2022,3122,509,0.163037
20207,KS,Woodson County,WOODSON,2023,3127,510,0.163096
20207,KS,Woodson County,WOODSON,2024,3111,507,0.16297
20209,KS,Wyandotte County,WYANDOTTE,2020,168920,27534,0.163
20209,KS,Wyandotte County,WYANDOTTE,2021,167279,27266,0.162997
20209,KS,Wyandotte County,WYANDOTTE,2022,165719,27012,0.162999
20209,KS,Wyandotte County,WYANDOTTE,2023,166932,27210,0.163001
20209,KS,Wyandotte County,WYANDOTTE,2024,169418,27615,0.162999
21001,KY,Adair County,ADAIR,2020,18881,3266,0.172978
21001,KY,Adair County,ADAIR,2021,18928,3274,0.172971
21001,KY,Adair County,ADAIR,2022,19089,3302,0.172979
21001,KY,Adair County,ADAIR,2023,19306,3340,0.173003
21001,KY,Adair County,ADAIR,2024,19239,3328,0.172982
21003,KY,Allen County,ALLEN,2020,20572,3559,0.173002
21003,KY,Allen County,ALLEN,2021,20833,3604,0.172995
21003,KY,Allen County,ALLEN,2022,21246,3675,0.172974
21003,KY,Allen County,ALLEN,2023,21779,3767,0.172965
21003,KY,Allen County,ALLEN,2024,22037,3812,0.172982
21005,KY,Anderson County,ANDERSON,2020,23892,4134,0.173029
21005,KY,Anderson County,ANDERSON,2021,24093,4168,0.172996
21005,KY,Anderson County,ANDERSON,2022,24279,4201,0.17303
21005,KY,Anderson County,ANDERSON,2023,24618,4259,0.173003
21005,KY,Anderson County,ANDERSON,2024,24883,4305,0.17301
21007,KY,Ballard County,BALLARD,2020,7714,1334,0.172932
21007,KY,Ballard County,BALLARD,2021,7689,1330,0.172974
21007,KY,Ballard County,BALLARD,2022,7633,1320,0.172933
21007,KY,Ballard County,BALLARD,2023,7608,1316,0.172976
21007,KY,Ballard County,BALLARD,2024,7626,1319,0.172961
21009,KY,Barren County,BARREN,2020,44511,7700,0.172991
21009,KY,Barren County,BARREN,2021,44588,7713,0.172984
21009,KY,Barren County,BARREN,2022,44851,7759,0.172995
21009,KY,Barren County,BARREN,2023,45132,7807,0.172981
21009,KY,Barren County,BARREN,2024,45609,7890,0.172992
21011,KY,Bath County,BATH,2020,12717,2201,0.173075
21011,KY,Bath County,BATH,2021,12797,2214,0.173009
21011,KY,Bath County,BATH,2022,12818,2218,0.173038
21011,KY,Bath County,BATH,2023,12972,2245,0.173065
21011,KY,Bath County,BATH,2024,12951,2241,0.173037
21013,KY,Bell County,BELL,2020,23982,4149,0.173005
21013,KY,Bell County,BELL,2021,23788,4116,0.173028
21013,KY,Bell County,BELL,2022,23514,4068,0.173003
21013,KY,Bell County,BELL,2023,23208,4015,0.173001
21013,KY,Bell County,BELL,2024,23051,3988,0.173008
21015,KY,Boone County,BOONE,2020,136476,23610,0.172997
21015,KY,Boone County,BOONE,2021,137707,23823,0.172998
21015,KY,Boone County,BOONE,2022,139377,24112,0.172998
21015,KY,Boone County,BOONE,2023,141511,24481,0.172997
21015,KY,Boone County,BOONE,2024,144135,24935,0.172998
21017,KY,Bourbon County,BOURBON,2020,20284,3510,0.173043
21017,KY,Bourbon County,BOURBON,2021,20220,3498,0.172997
21017,KY,Bourbon County,BOURBON,2022,20144,3485,0.173004
21017,KY,Bourbon County,BOURBON,2023,20220,3498,0.172997
21017,KY,Bourbon County,BOURBON,2024,20333,3518,0.173019
21019,KY,Boyd County,BOYD,2020,48206,8339,0.172987
21019,KY,Boyd County,BOYD,2021,47754,8261,0.172991
21019,KY,Boyd County,BOYD,2022,48048,8312,0.172994
21019,KY,Boyd County,BOYD,2023,47771,8264,0.172992
21019,KY,Boyd County,BOYD,2024,47777,8265,0.172991
21021,KY,Boyle County,BOYLE,2020,30761,5321,0.172979
21021,KY,Boyle County,BOYLE,2021,30600,5294,0.173007
21021,KY,Boyle County,BOYLE,2022,30854,5338,0.173008
21021,KY,Boyle County,BOYLE,2023,31096,5379,0.17298
21021,KY,Boyle County,BOYLE,2024,31394,5431,0.172995
21023,KY,Bracken County,BRACKEN,2020,8405,1454,0.172992
21023,KY,Bracken County,BRACKEN,2021,8445,1461,0.173002
21023,KY,Bracken County,BRACKEN,2022,8436,1459,0.172949
21023,KY,Bracken County,BRACKEN,2023,8435,1459,0.17297
21023,KY,Bracken County,BRACKEN,2024,8497,1470,0.173002
21025,KY,Breathitt County,BREATHITT,2020,13701,2370,0.17298
21025,KY,Breathitt County,BREATHITT,2021,13558,2345,0.172961
21025,KY,Breathitt County,BREATHITT,2022,13353,2310,0.172995
21025,KY,Breathitt County,BREATHITT,2023,12962,2242,0.172967
21025,KY,Breathitt County,BREATHITT,2024,12804,2215,0.172993
21027,KY,Breckinridge County,BRECKINRIDGE,2020,20445,3537,0.173001
21027,KY,Breckinridge County,BRECKINRIDGE,2021,20679,3577,0.172977
21027,KY,Breckinridge County,BRECKINRIDGE,2022,20942,3623,0.173002
21027,KY,Breckinridge County,BRECKINRIDGE,2023,21117,3653,0.172989
21027,KY,Breckinridge County,BRECKINRIDGE,2024,21221,3671,0.172989
21029,KY,Bullitt County,BULLITT,2020,82364,14249,0.173
21029,KY,Bullitt County,BULLITT,2021,83068,14371,0.173003
21029,KY,Bullitt County,BULLITT,2022,83901,14515,0.173002
21029,KY,Bullitt County,BULLITT,2023,85000,14705,0.173
21029,KY,Bullitt County,BULLITT,2024,85802,14844,0.173003
21031,KY,Butler County,BUTLER,2020,12317,2131,0.173013
21031,KY,Butler County,BUTLER,2021,12297,2127,0.172969
21031,KY,Butler County,BUTLER,2022,12371,2140,0.172985
21031,KY,Butler County,BUTLER,2023,12430,2150,0.172969
21031,KY,Butler County,BUTLER,2024,12551,2171,0.172974
21033,KY,Caldwell County,CALDWELL,2020,12636,2186,0.172998
21033,KY,Caldwell County,CALDWELL,2021,12682,2194,0.173001
21033,KY,Caldwell County,CALDWELL,2022,12601,2180,0.173002
21033,KY,Caldwell County,CALDWELL,2023,12561,2173,0.172996
21033,KY,Caldwell County,CALDWELL,2024,12611,2182,0.173024
21035,KY,Calloway County,CALLOWAY,2020,37601,6505,0.173001
21035,KY,Calloway County,CALLOWAY,2021,37904,6558,0.173016
21035,KY,Calloway County,CALLOWAY,2022,38119,6595,0.173011
21035,KY,Calloway County,CALLOWAY,2023,38520,6664,0.173001
21035,KY,Calloway County,CALLOWAY,2024,38975,6743,0.173008
21037,KY,Campbell County,CAMPBELL,2020,93134,16112,0.172998
21037,KY,Campbell County,CAMPBELL,2021,92824,16058,0.172994
21037,KY,Campbell County,CAMPBELL,2022,93305,16141,0.172992
21037,KY,Campbell County,CAMPBELL,2023,93859,16237,0.172994
21037,KY,Campbell County,CAMPBELL,2024,94008,16263,0.172996
21039,KY,Carlisle County,CARLISLE,2020,4805,831,0.172945
21039,KY,Carlisle County,CARLISLE,2021,4761,823,0.172863
21039,KY,Carlisle County,CARLISLE,2022,4723,817,0.172983
21039,KY,Carlisle County,CARLISLE,2023,4742,820,0.172923
21039,KY,Carlisle County,CARLISLE,2024,4777,826,0.172912
21041,KY,Carroll County,CARROLL,2020,10835,1874,0.172958
21041,KY,Carroll County,CARROLL,2021,10899,1885,0.172952
21041,KY,Carroll County,CARROLL,2022,10935,1892,0.173022
21041,KY,Carroll County,CARROLL,2023,10986,1900,0.172947
21041,KY,Carroll County,CARROLL,2024,11111,1922,0.172982
21043,KY,Carter County,CARTER,2020,26614,4604,0.172992
21043,KY,Carter County,CARTER,2021,26438,4574,0.173009
21043,KY,Carter County,CARTER,2022,26300,4550,0.173004
21043,KY,Carter County,CARTER,2023,26255,4542,0.172996
21043,KY,Carter County,CARTER,2024,26098,4515,0.173002
21045,KY,Casey County,CASEY,2020,15921,2754,0.172979
21045,KY,Casey County,CASEY,2021,15922,2755,0.173031
21045,KY,Casey County,CASEY,2022,15893,2749,0.172969
21045,KY,Casey County,CASEY,2023,15887,2748,0.172972
21045,KY,Casey County,CASEY,2024,15948,2759,0.173
21047,KY,Christian County,CHRISTIAN,2020,72748,12585,0.172994
21047,KY,Christian County,CHRISTIAN,2021,73144,12654,0.173001
21047,KY,Christian County,CHRISTIAN,2022,72213,12493,0.173002
21047,KY,Christian County,CHRISTIAN,2023,71235,12324,0.173005
21047,KY,Christian County,CHRISTIAN,2024,71006,12284,0.172999
21049,KY,Clark County,CLARK,2020,37047,6409,0.172996
21049,KY,Clark County,CLARK,2021,36892,6382,0.172991
21049,KY,Clark County,CLARK,2022,37012,6403,0.172998
21049,KY,Clark County,CLARK,2023,37337,6459,0.172992
21049,KY,Clark County,CLARK,2024,37673,6517,0.172989
21051,KY,Clay County,CLAY,2020,20309,3513,0.172977
21051,KY,Clay County,CLAY,2021,20162,3488,0.172999
21051,KY,Clay County,CLAY,2022,19884,3440,0.173003
21051,KY,Clay County,CLAY,2023,19658,3400,0.172958
21051,KY,Clay County,CLAY,2024,19592,3389,0.172979
21053,KY,Clinton County,CLINTON,2020,9228,1597,0.17306
21053,KY,Clinton County,CLINTON,2021,9281,1606,0.173042
21053,KY,Clinton County,CLINTON,2022,9140,1582,0.173085
21053,KY,Clinton County,CLINTON,2023,9178,1588,0.173022
21053,KY,Clinton County,CLINTON,2024,9183,1589,0.173037
21055,KY,Crittenden County,CRITTENDEN,2020,9003,1558,0.173053
21055,KY,Crittenden County,CRITTENDEN,2021,8944,1547,0.172965
21055,KY,Crittenden County,CRITTENDEN,2022,8971,1552,0.173002
21055,KY,Crittenden County,CRITTENDEN,2023,8996,1556,0.172966
21055,KY,Crittenden County,CRITTENDEN,2024,8982,1554,0.173013
21057,KY,Cumberland County,CUMBERLAND,2020,5859,1013,0.172896
21057,KY,Cumberland County,CUMBERLAND,2021,5902,1021,0.172992
21057,KY,Cumberland County,CUMBERLAND,2022,5950,1029,0.172941
21057,KY,Cumberland County,CUMBERLAND,2023,5980,1034,0.17291
21057,KY,Cumberland County,CUMBERLAND,2024,6047,1046,0.172978
21059,KY,Daviess County,DAVIESS,2020,103398,17888,0.173001
21059,KY,Daviess County,DAVIESS,2021,103087,17834,0.173
21059,KY,Daviess County,DAVIESS,2022,103373,17883,0.172995
21059,KY,Daviess County,DAVIESS,2023,103927,17979,0.172996
21059,KY,Daviess County,DAVIESS,2024,104457,18071,0.172999
21061,KY,Edmonson County,EDMONSON,2020,12147,2102,0.173047
21061,KY,Edmonson County,EDMONSON,2021,12228,2116,0.173045
21061,KY,Edmonson County,EDMONSON,2022,12300,2128,0.173008
21061,KY,Edmonson County,EDMONSON,2023,12466,2157,0.173031
21061,KY,Edmonson County,EDMONSON,2024,12635,2186,0.173011
21063,KY,Elliott County,ELLIOTT,2020,7335,1268,0.17287
21063,KY,Elliott County,ELLIOTT,2021,7364,1273,0.172868
21063,KY,Elliott County,ELLIOTT,2022,7301,1263,0.17299
21063,KY,Elliott County,ELLIOTT,2023,7271,1257,0.172879
21063,KY,Elliott County,ELLIOTT,2024,7263,1256,0.172931
21065,KY,Estill County,ESTILL,2020,14160,2449,0.172952
21065,KY,Estill County,ESTILL,2021,14083,2436,0.172975
21065,KY,Estill County,ESTILL,2022,13994,2421,0.173003
21065,KY,Estill County,ESTILL,2023,13937,2411,0.172993
21065,KY,Estill County,ESTILL,2024,14002,2422,0.172975
21067,KY,Fayette County,FAYETTE,2020,322628,55815,0.173001
21067,KY,Fayette County,FAYETTE,2021,320431,55435,0.173001
21067,KY,Fayette County,FAYETTE,2022,321505,55621,0.173002
21067,KY,Fayette County,FAYETTE,2023,324624,56160,0.173
21067,KY,Fayette County,FAYETTE,2024,329437,56993,0.173001
21069,KY,Fleming County,FLEMING,2020,15098,2612,0.173003
21069,KY,Fleming County,FLEMING,2021,15262,2640,0.172979
21069,KY,Fleming County,FLEMING,2022,15257,2639,0.17297
21069,KY,Fleming County,FLEMING,2023,15405,2665,0.172996
21069,KY,Fleming County,FLEMING,2024,15591,2697,0.172984
21071,KY,Floyd County,FLOYD,2020,35802,6194,0.173007
21071,KY,Floyd County,FLOYD,2021,35298,6107,0.173013
21071,KY,Floyd County,FLOYD,2022,35519,6145,0.173006
21071,KY,Floyd County,FLOYD,2023,34971,6050,0.173
21071,KY,Floyd County,FLOYD,2024,34532,5974,0.172999
21073,KY,Franklin County,FRANKLIN,2020,51603,8927,0.172994
21073,KY,Franklin County,FRANKLIN,2021,51721,8947,0.172986
21073,KY,Franklin County,FRANKLIN,2022,51617,8929,0.172986
21073,KY,Franklin County,FRANKLIN,2023,51826,8965,0.172983
21073,KY,Franklin County,FRANKLIN,2024,52442,9072,0.172991
21075,KY,Fulton County,FULTON,2020,6511,1127,0.173092
21075,KY,Fulton County,FULTON,2021,6486,1122,0.172988
21075,KY,Fulton County,FULTON,2022,6389,1106,0.17311
21075,KY,Fulton County,FULTON,2023,6378,1104,0.173095
21075,KY,Fulton County,FULTON,2024,6282,1087,0.173034
21077,KY,Gallatin County,GALLATIN,2020,8675,1501,0.173026
21077,KY,Gallatin County,GALLATIN,2021,8756,1515,0.173024
21077,KY,Gallatin County,GALLATIN,2022,8786,1520,0.173003
21077,KY,Gallatin County,GALLATIN,2023,8823,1526,0.172957
21077,KY,Gallatin County,GALLATIN,2024,8805,1523,0.17297
21079,KY,Garrard County,GARRARD,2020,16964,2935,0.173013
21079,KY,Garrard County,GARRARD,2021,17368,3005,0.173019
21079,KY,Garrard County,GARRARD,2022,17580,3041,0.172981
21079,KY,Garrard County,GARRARD,2023,17888,3095,0.173021
21079,KY,Garrard County,GARRARD,2024,18040,3121,0.173004
21081,KY,Grant County,GRANT,2020,25014,4328,0.173023
21081,KY,Grant County,GRANT,2021,25293,4376,0.173012
21081,KY,Grant County,GRANT,2022,25466,4406,0.173015
21081,KY,Grant County,GRANT,2023,25596,4428,0.172996
21081,KY,Grant County,GRANT,2024,25722,4450,0.173004
21083,KY,Graves County,GRAVES,2020,36530,6320,0.173008
21083,KY,Graves County,GRAVES,2021,36665,6343,0.172999
21083,KY,Graves County,GRAVES,2022,36532,6320,0.172999
21083,KY,Graves County,GRAVES,2023,36600,6332,0.173005
21083,KY,Graves County,GRAVES,2024,36821,6370,0.172999
21085,KY,Grayson County,GRAYSON,2020,26456,4577,0.173004
21085,KY,Grayson County,GRAYSON,2021,26582,4599,0.173012
21085,KY,Grayson County,GRAYSON,2022,26623,4606,0.173008
21085,KY,Grayson County,GRAYSON,2023,26806,4637,0.172984
21085,KY,Grayson County,GRAYSON,2024,27070,4683,0.172996
21087,KY,Green County,GREEN,2020,11131,1925,0.17294
21087,KY,Green County,GREEN,2021,11328,1959,0.172934
21087,KY,Green County,GREEN,2022,11379,1968,0.17295
21087,KY,Green County,GREEN,2023,11454,1981,0.172953
21087,KY,Green County,GREEN,2024,11552,1998,0.172957
21089,KY,Greenup County,GREENUP,2020,35890,6209,0.173001
21089,KY,Greenup County,GREENUP,2021,35660,6169,0.172995
21089,KY,Greenup County,GREENUP,2022,35384,6121,0.172988
21089,KY,Greenup County,GREENUP,2023,35299,6106,0.172979
21089,KY,Greenup County,GREENUP,2024,35273,6102,0.172994
21091,KY,Hancock County,HANCOCK,2020,9104,1575,0.173001
21091,KY,Hancock County,HANCOCK,2021,9076,1570,0.172984
21091,KY,Hancock County,HANCOCK,2022,9043,1564,0.172951
21091,KY,Hancock County,HANCOCK,2023,8936,1546,0.173008
21091,KY,Hancock County,HANCOCK,2024,9013,1559,0.172972
21093,KY,Hardin County,HARDIN,2020,110840,19175,0.172997
21093,KY,Hardin County,HARDIN,2021,111870,19354,0.173004
21093,KY,Hardin County,HARDIN,2022,111776,19337,0.172998
21093,KY,Hardin County,HARDIN,2023,112396,19445,0.173004
21093,KY,Hardin County,HARDIN,2024,112826,19519,0.173001
21095,KY,Harlan County,HARLAN,2020,26758,4629,0.172995
21095,KY,Harlan County,HARLAN,2021,26139,4522,0.172998
21095,KY,Harlan County,HARLAN,2022,25610,4431,0.173018
21095,KY,Harlan County,HARLAN,2023,25302,4377,0.17299
21095,KY,Harlan County,HARLAN,2024,25052,4334,0.173
21097,KY,Harrison County,HARRISON,2020,18721,3239,0.173014
21097,KY,Harrison County,HARRISON,2021,18961,3280,0.172987
21097,KY,Harrison County,HARRISON,2022,19085,3302,0.173015
21097,KY,Harrison County,HARRISON,2023,19409,3358,0.173013
21097,KY,Harrison County,HARRISON,2024,19525,3378,0.173009
21099,KY,Hart County,HART,2020,19296,3339,0.173041
21099,KY,Hart County,HART,2021,19476,3370,0.173033
21099,KY,Hart County,HART,2022,19592,3390,0.17303
21099,KY,Hart County,HART,2023,19726,3413,0.17302
21099,KY,Hart County,HART,2024,19923,3447,0.173016
21101,KY,Henderson County,HENDERSON,2020,44673,7728,0.17299
21101,KY,Henderson County,HENDERSON,2021,44409,7682,0.172983
21101,KY,Henderson County,HENDERSON,2022,44017,7615,0.173001
21101,KY,Henderson County,HENDERSON,2023,44127,7634,0.173001
21101,KY,Henderson County,HENDERSON,2024,44175,7642,0.172994
21103,KY,Henry County,HENRY,2020,15693,2715,0.173007
21103,KY,Henry County,HENRY,2021,15707,2717,0.17298
21103,KY,Henry County,HENRY,2022,15730,2721,0.172982
21103,KY,Henry County,HENRY,2023,15951,2759,0.172967
21103,KY,Henry County,HENRY,2024,16198,2802,0.172984
21105,KY,Hickman County,HICKMAN,2020,4530,784,0.173068
21105,KY,Hickman County,HICKMAN,2021,4427,766,0.173029
21105,KY,Hickman County,HICKMAN,2022,4422,765,0.172999
21105,KY,Hickman County,HICKMAN,2023,4423,765,0.17296
21105,KY,Hickman County,HICKMAN,2024,4393,760,0.173003
21107,KY,Hopkins County,HOPKINS,2020,45365,7848,0.172997
21107,KY,Hopkins County,HOPKINS,2021,45149,7811,0.173005
21107,KY,Hopkins County,HOPKINS,2022,44879,7764,0.172999
21107,KY,Hopkins County,HOPKINS,2023,44985,7783,0.173013
21107,KY,Hopkins County,HOPKINS,2024,45218,7823,0.173006
21109,KY,Jackson County,JACKSON,2020,12968,2244,0.173041
21109,KY,Jackson County,JACKSON,2021,12975,2245,0.173025
21109,KY,Jackson County,JACKSON,2022,12989,2247,0.172993
21109,KY,Jackson County,JACKSON,2023,13138,2273,0.17301
21109,KY,Jackson County,JACKSON,2024,13358,2311,0.173005
21111,KY,Jefferson County,JEFFERSON,2020,782896,135441,0.173
21111,KY,Jefferson County,JEFFERSON,2021,777624,134529,0.173
21111,KY,Jefferson County,JEFFERSON,2022,777329,134478,0.173
21111,KY,Jefferson County,JEFFERSON,2023,783381,135525,0.173
21111,KY,Jefferson County,JEFFERSON,2024,793881,137341,0.172999
21113,KY,Jessamine County,JESSAMINE,2020,53019,9173,0.173013
21113,KY,Jessamine County,JESSAMINE,2021,53583,9270,0.173003
21113,KY,Jessamine County,JESSAMINE,2022,54333,9400,0.173007
21113,KY,Jessamine County,JESSAMINE,2023,55511,9604,0.173011
21113,KY,Jessamine County,JESSAMINE,2024,56495,9774,0.173006
21115,KY,Johnson County,JOHNSON,2020,22648,3918,0.172995
21115,KY,Johnson County,JOHNSON,2021,22550,3901,0.172993
21115,KY,Johnson County,JOHNSON,2022,22234,3847,0.173023
21115,KY,Johnson County,JOHNSON,2023,22139,3830,0.172998
21115,KY,Johnson County,JOHNSON,2024,22098,3823,0.173002
21117,KY,Kenton County,KENTON,2020,169276,29285,0.173001
21117,KY,Kenton County,KENTON,2021,169641,29348,0.173001
21117,KY,Kenton County,KENTON,2022,170413,29481,0.172997
21117,KY,Kenton County,KENTON,2023,172248,29799,0.173001
21117,KY,Kenton County,KENTON,2024,174862,30251,0.172999
21119,KY,Knott County,KNOTT,2020,14163,2450,0.172986
21119,KY,Knott County,KNOTT,2021,14040,2429,0.173006
21119,KY,Knott County,KNOTT,2022,13848,2396,0.173021
21119,KY,Knott County,KNOTT,2023,13660,2363,0.172987
21119,KY,Knott County,KNOTT,2024,13438,2325,0.173017
21121,KY,Knox County,KNOX,2020,30185,5222,0.173
21121,KY,Knox County,KNOX,2021,30028,5195,0.173005
21121,KY,Knox County,KNOX,2022,29734,5144,0.173001
21121,KY,Knox County,KNOX,2023,29723,5142,0.172997
21121,KY,Knox County,KNOX,2024,29657,5131,0.173011
21123,KY,Larue County,LARUE,2020,14877,2574,0.173019
21123,KY,Larue County,LARUE,2021,15035,2601,0.172996
21123,KY,Larue County,LARUE,2022,15165,2623,0.172964
21123,KY,Larue County,LARUE,2023,15328,2652,0.173017
21123,KY,Larue County,LARUE,2024,15128,2617,0.17299
21125,KY,Laurel County,LAUREL,2020,62735,10853,0.172998
21125,KY,Laurel County,LAUREL,2021,62582,10827,0.173005
21125,KY,Laurel County,LAUREL,2022,62891,10880,0.172998
21125,KY,Laurel County,LAUREL,2023,63352,10960,0.173002
21125,KY,Laurel County,LAUREL,2024,63353,10960,0.172999
21127,KY,Lawrence County,LAWRENCE,2020,16302,2820,0.172985
21127,KY,Lawrence County,LAWRENCE,2021,16273,2815,0.172986
21127,KY,Lawrence County,LAWRENCE,2022,16037,2774,0.172975
21127,KY,Lawrence County,LAWRENCE,2023,15974,2763,0.172969
21127,KY,Lawrence County,LAWRENCE,2024,15798,2733,0.172997
21129,KY,Lee County,LEE,2020,7364,1274,0.173004
21129,KY,Lee County,LEE,2021,7457,1290,0.172992
21129,KY,Lee County,LEE,2022,7259,1256,0.173027
21129,KY,Lee County,LEE,2023,7301,1263,0.17299
21129,KY,Lee County,LEE,2024,7313,1265,0.17298
21131,KY,Leslie County,LESLIE,2020,10471,1811,0.172954
21131,KY,Leslie County,LESLIE,2021,10284,1779,0.172987
21131,KY,Leslie County,LESLIE,2022,10044,1737,0.172939
21131,KY,Leslie County,LESLIE,2023,9865,1707,0.173036
21131,KY,Leslie County,LESLIE,2024,9729,1683,0.172988
21133,KY,Letcher County,LETCHER,2020,21468,3714,0.173002
21133,KY,Letcher County,LETCHER,2021,21229,3673,0.173018
21133,KY,Letcher County,LETCHER,2022,20792,3597,0.172999
21133,KY,Letcher County,LETCHER,2023,20414,3532,0.173019
21133,KY,Letcher County,LETCHER,2024,20139,3484,0.172998
21135,KY,Lewis County,LEWIS,2020,13088,2264,0.172983
21135,KY,Lewis County,LEWIS,2021,12982,2246,0.173009
21135,KY,Lewis County,LEWIS,2022,12924,2235,0.172934
21135,KY,Lewis County,LEWIS,2023,12956,2241,0.17297
21135,KY,Lewis County,LEWIS,2024,12875,2227,0.172971
21137,KY,Lincoln County,LINCOLN,2020,24248,4194,0.172963
21137,KY,Lincoln County,LINCOLN,2021,24232,4192,0.172994
21137,KY,Lincoln County,LINCOLN,2022,24392,4219,0.172967
21137,KY,Lincoln County,LINCOLN,2023,24738,4279,0.172973
21137,KY,Lincoln County,LINCOLN,2024,24910,4309,0.172983
21139,KY,Livingston County,LIVINGSTON,2020,8872,1535,0.173016
21139,KY,Livingston County,LIVINGSTON,2021,8981,1554,0.173032
21139,KY,Livingston County,LIVINGSTON,2022,8960,1550,0.172991
21139,KY,Livingston County,LIVINGSTON,2023,8889,1538,0.173023
21139,KY,Livingston County,LIVINGSTON,2024,8815,1525,0.173001
21141,KY,Logan County,LOGAN,2020,27515,4760,0.172997
21141,KY,Logan County,LOGAN,2021,27807,4811,0.173014
21141,KY,Logan County,LOGAN,2022,27855,4819,0.173003
21141,KY,Logan County,LOGAN,2023,28285,4894,0.173025
21141,KY,Logan County,LOGAN,2024,28467,4925,0.173007
21143,KY,Lyon County,LYON,2020,8678,1501,0.172966
21143,KY,Lyon County,LYON,2021,8434,1459,0.17299
21143,KY,Lyon County,LYON,2022,9119,1577,0.172936
21143,KY,Lyon County,LYON,2023,9190,1589,0.172905
21143,KY,Lyon County,LYON,2024,9078,1570,0.172946
21145,KY,McCracken County,MCCRACKEN,2020,67926,11751,0.172997
21145,KY,McCracken County,MCCRACKEN,2021,67554,11687,0.173002
21145,KY,McCracken County,MCCRACKEN,2022,67333,11648,0.172991
21145,KY,McCracken County,MCCRACKEN,2023,67456,11670,0.173002
21145,KY,McCracken County,MCCRACKEN,2024,67550,11686,0.172998
21147,KY,McCreary County,MCCREARY,2020,16852,2916,0.173036
21147,KY,McCreary County,MCCREARY,2021,16800,2907,0.173036
21147,KY,McCreary County,MCCREARY,2022,16788,2905,0.17304
21147,KY,McCreary County,MCCREARY,2023,17069,2953,0.173004
21147,KY,McCreary County,MCCREARY,2024,16824,2911,0.173027
21149,KY,McLean County,MCLEAN,2020,9133,1580,0.172999
21149,KY,McLean County,MCLEAN,2021,9121,1578,0.173007
21149,KY,McLean County,MCLEAN,2022,9112,1577,0.173068
21149,KY,McLean County,MCLEAN,2023,9076,1570,0.172984
21149,KY,McLean County,MCLEAN,2024,9126,1579,0.173022
21151,KY,Madison County,MADISON,2020,92990,16088,0.173008
21151,KY,Madison County,MADISON,2021,93453,16168,0.173007
21151,KY,Madison County,MADISON,2022,95219,16473,0.173001
21151,KY,Madison County,MADISON,2023,97599,16885,0.173004
21151,KY,Madison County,MADISON,2024,99582,17228,0.173003
21153,KY,Magoffin County,MAGOFFIN,2020,11605,2007,0.172943
21153,KY,Magoffin County,MAGOFFIN,2021,11490,1987,0.172933
21153,KY,Magoffin County,MAGOFFIN,2022,11325,1959,0.17298
21153,KY,Magoffin County,MAGOFFIN,2023,11202,1938,0.173005
21153,KY,Magoffin County,MAGOFFIN,2024,11118,1923,0.172963
21155,KY,Marion County,MARION,2020,19594,3390,0.173012
21155,KY,Marion County,MARION,2021,19728,3413,0.173003
21155,KY,Marion County,MARION,2022,19731,3413,0.172977
21155,KY,Marion County,MARION,2023,19840,3432,0.172984
21155,KY,Marion County,MARION,2024,19851,3434,0.172989
21157,KY,Marshall County,MARSHALL,2020,31688,5482,0.172999
21157,KY,Marshall County,MARSHALL,2021,31810,5503,0.172996
21157,KY,Marshall County,MARSHALL,2022,31766,5496,0.173015
21157,KY,Marshall County,MARSHALL,2023,31717,5487,0.172999
21157,KY,Marshall County,MARSHALL,2024,31734,5490,0.173001
21159,KY,Martin County,MARTIN,2020,11250,1946,0.172978
21159,KY,Martin County,MARTIN,2021,11165,1931,0.172951
21159,KY,Martin County,MARTIN,2022,11095,1919,0.172961
21159,KY,Martin County,MARTIN,2023,10927,1890,0.172966
21159,KY,Martin County,MARTIN,2024,10696,1850,0.172962
21161,KY,Mason County,MASON,2020,17137,2964,0.172959
21161,KY,Mason County,MASON,2021,16952,2932,0.172959
21161,KY,Mason County,MASON,2022,16880,2920,0.172986
21161,KY,Mason County,MASON,2023,16857,2916,0.172985
21161,KY,Mason County,MASON,2024,16956,2933,0.172977
21163,KY,Meade County,MEADE,2020,30028,5194,0.172972
21163,KY,Meade County,MEADE,2021,30125,5211,0.172979
21163,KY,Meade County,MEADE,2022,30028,5194,0.172972
21163,KY,Meade County,MEADE,2023,30166,5218,0.172976
21163,KY,Meade County,MEADE,2024,30442,5266,0.172985
21165,KY,Menifee County,MENIFEE,2020,6142,1063,0.173071
21165,KY,Menifee County,MENIFEE,2021,6175,1068,0.172955
21165,KY,Menifee County,MENIFEE,2022,6215,1075,0.172969
21165,KY,Menifee County,MENIFEE,2023,6279,1086,0.172957
21165,KY,Menifee County,MENIFEE,2024,6341,1097,0.173001
21167,KY,Mercer County,MERCER,2020,22652,3919,0.173009
21167,KY,Mercer County,MERCER,2021,22859,3955,0.173017
21167,KY,Mercer County,MERCER,2022,22927,3966,0.172984
21167,KY,Mercer County,MERCER,2023,23189,4012,0.173013
21167,KY,Mercer County,MERCER,2024,23515,4068,0.172996
21169,KY,Metcalfe County,METCALFE,2020,10285,1780,0.173068
21169,KY,Metcalfe County,METCALFE,2021,10387,1797,0.173005
21169,KY,Metcalfe County,METCALFE,2022,10401,1800,0.17306
21169,KY,Metcalfe County,METCALFE,2023,10495,1816,0.173035
21169,KY,Metcalfe County,METCALFE,2024,10558,1827,0.173044
21171,KY,Monroe County,MONROE,2020,11320,1958,0.172968
21171,KY,Monroe County,MONROE,2021,11263,1948,0.172956
21171,KY,Monroe County,MONROE,2022,11328,1960,0.173023
21171,KY,Monroe County,MONROE,2023,11271,1950,0.17301
21171,KY,Monroe County,MONROE,2024,11163,1931,0.172982
21173,KY,Montgomery County,MONTGOMERY,2020,28105,4862,0.172994
21173,KY,Montgomery County,MONTGOMERY,2021,28218,4881,0.172975
21173,KY,Montgomery County,MONTGOMERY,2022,28348,4904,0.172993
21173,KY,Montgomery County,MONTGOMERY,2023,28531,4935,0.17297
21173,KY,Montgomery County,MONTGOMERY,2024,28771,4977,0.172987
21175,KY,Morgan County,MORGAN,2020,13732,2376,0.173027
21175,KY,Morgan County,MORGAN,2021,13691,2369,0.173033
21175,KY,Morgan County,MORGAN,2022,14156,2449,0.173001
21175,KY,Morgan County,MORGAN,2023,14385,2489,0.173027
21175,KY,Morgan County,MORGAN,2024,14300,2474,0.173007
21177,KY,Muhlenberg County,MUHLENBERG,2020,30897,5346,0.173027
21177,KY,Muhlenberg County,MUHLENBERG,2021,30334,5248,0.173007
21177,KY,Muhlenberg County,MUHLENBERG,2022,30684,5309,0.173022
21177,KY,Muhlenberg County,MUHLENBERG,2023,30527,5282,0.173027
21177,KY,Muhlenberg County,MUHLENBERG,2024,30512,5279,0.173014
21179,KY,Nelson County,NELSON,2020,46779,8093,0.173005
21179,KY,Nelson County,NELSON,2021,47135,8154,0.172992
21179,KY,Nelson County,NELSON,2022,47429,8205,0.172995
21179,KY,Nelson County,NELSON,2023,47981,8301,0.173006
21179,KY,Nelson County,NELSON,2024,48706,8426,0.172997
21181,KY,Nicholas County,NICHOLAS,2020,7540,1304,0.172944
21181,KY,Nicholas County,NICHOLAS,2021,7733,1338,0.173025
21181,KY,Nicholas County,NICHOLAS,2022,7776,1345,0.172968
21181,KY,Nicholas County,NICHOLAS,2023,7674,1327,0.172922
21181,KY,Nicholas County,NICHOLAS,2024,7816,1352,0.172979
21183,KY,Ohio County,OHIO,2020,23744,4107,0.17297
21183,KY,Ohio County,OHIO,2021,23729,4105,0.172995
21183,KY,Ohio County,OHIO,2022,23549,4074,0.173001
21183,KY,Ohio County,OHIO,2023,23719,4103,0.172984
21183,KY,Ohio County,OHIO,2024,23933,4140,0.172983
21185,KY,Oldham County,OLDHAM,2020,67696,11712,0.173009
21185,KY,Oldham County,OLDHAM,2021,68251,11808,0.173008
21185,KY,Oldham County,OLDHAM,2022,69506,12025,0.173007
21185,KY,Oldham County,OLDHAM,2023,70308,12163,0.172996
21185,KY,Oldham County,OLDHAM,2024,70525,12201,0.173002
21187,KY,Owen County,OWEN,2020,11302,1955,0.172978
21187,KY,Owen County,OWEN,2021,11301,1955,0.172994
21187,KY,Owen County,OWEN,2022,11292,1953,0.172954
21187,KY,Owen County,OWEN,2023,11309,1956,0.17296
21187,KY,Owen County,OWEN,2024,11435,1978,0.172978
21189,KY,Owsley County,OWSLEY,2020,4032,698,0.173115
21189,KY,Owsley County,OWSLEY,2021,3971,687,0.173004
21189,KY,Owsley County,OWSLEY,2022,3941,682,0.173053
21189,KY,Owsley County,OWSLEY,2023,3984,690,0.173193
21189,KY,Owsley County,OWSLEY,2024,3928,680,0.173116
21191,KY,Pendleton County,PENDLETON,2020,14647,2534,0.173005
21191,KY,Pendleton County,PENDLETON,2021,14632,2531,0.172977
21191,KY,Pendleton County,PENDLETON,2022,14688,2541,0.172998
21191,KY,Pendleton County,PENDLETON,2023,14804,2561,0.172994
21191,KY,Pendleton County,PENDLETON,2024,14844,2568,0.172999
21193,KY,Perry County,PERRY,2020,28369,4908,0.173006
21193,KY,Perry County,PERRY,2021,27929,4832,0.17301
21193,KY,Perry County,PERRY,2022,27378,4737,0.173022
21193,KY,Perry County,PERRY,2023,27082,4685,0.172993
21193,KY,Perry County,PERRY,2024,26739,4626,0.173006
21195,KY,Pike County,PIKE,2020,58447,10111,0.172994
21195,KY,Pike County,PIKE,2021,57434,9936,0.172999
21195,KY,Pike County,PIKE,2022,56328,9744,0.172987
21195,KY,Pike County,PIKE,2023,55998,9687,0.172988
21195,KY,Pike County,PIKE,2024,55430,9589,0.172993
21197,KY,Powell County,POWELL,2020,13099,2267,0.173067
21197,KY,Powell County,POWELL,2021,13095,2266,0.173043
21197,KY,Powell County,POWELL,2022,13067,2261,0.173031
21197,KY,Powell County,POWELL,2023,13003,2250,0.173037
21197,KY,Powell County,POWELL,2024,12928,2237,0.173035
21199,KY,Pulaski County,PULASKI,2020,65112,11265,0.17301
21199,KY,Pulaski County,PULASKI,2021,65538,11338,0.172999
21199,KY,Pulaski County,PULASKI,2022,65776,11380,0.173011
21199,KY,Pulaski County,PULASKI,2023,66219,11456,0.173002
21199,KY,Pulaski County,PULASKI,2024,66842,11564,0.173005
21201,KY,Robertson County,ROBERTSON,2020,2184,378,0.173077
21201,KY,Robertson County,ROBERTSON,2021,2259,391,0.173085
21201,KY,Robertson County,ROBERTSON,2022,2254,390,0.173026
21201,KY,Robertson County,ROBERTSON,2023,2334,404,0.173093
21201,KY,Robertson County,ROBERTSON,2024,2382,412,0.172964
21203,KY,Rockcastle County,ROCKCASTLE,2020,16063,2779,0.173006
21203,KY,Rockcastle County,ROCKCASTLE,2021,16141,2792,0.172976
21203,KY,Rockcastle County,ROCKCASTLE,2022,16213,2805,0.173009
21203,KY,Rockcastle County,ROCKCASTLE,2023,16171,2797,0.172964
21203,KY,Rockcastle County,ROCKCASTLE,2024,16226,2807,0.172994
21205,KY,Rowan County,ROWAN,2020,24721,4277,0.173011
21205,KY,Rowan County,ROWAN,2021,24565,4250,0.17301
21205,KY,Rowan County,ROWAN,2022,24428,4226,0.172998
21205,KY,Rowan County,ROWAN,2023,24503,4239,0.172999
21205,KY,Rowan County,ROWAN,2024,24675,4269,0.173009
21207,KY,Russell County,RUSSELL,2020,17997,3113,0.172973
21207,KY,Russell County,RUSSELL,2021,18166,3142,0.17296
21207,KY,Russell County,RUSSELL,2022,18177,3144,0.172966
21207,KY,Russell County,RUSSELL,2023,18308,3167,0.172984
21207,KY,Russell County,RUSSELL,2024,18458,3193,0.172987
21209,KY,Scott County,SCOTT,2020,57535,9953,0.17299
21209,KY,Scott County,SCOTT,2021,58431,10108,0.17299
21209,KY,Scott County,SCOTT,2022,59413,10278,0.172992
21209,KY,Scott County,SCOTT,2023,60600,10484,0.173003
21209,KY,Scott County,SCOTT,2024,61700,10674,0.172998
21211,KY,Shelby County,SHELBY,2020,48255,8348,0.172998
21211,KY,Shelby County,SHELBY,2021,48600,8407,0.172984
21211,KY,Shelby County,SHELBY,2022,48884,8456,0.172981
21211,KY,Shelby County,SHELBY,2023,49617,8583,0.172985
21211,KY,Shelby County,SHELBY,2024,50124,8671,0.172991
21213,KY,Simpson County,SIMPSON,2020,19629,3396,0.173009
21213,KY,Simpson County,SIMPSON,2021,19734,3414,0.173001
21213,KY,Simpson County,SIMPSON,2022,19926,3448,0.17304
21213,KY,Simpson County,SIMPSON,2023,20223,3499,0.173021
21213,KY,Simpson County,SIMPSON,2024,20350,3521,0.173022
21215,KY,Spencer County,SPENCER,2020,19503,3374,0.172999
21215,KY,Spencer County,SPENCER,2021,19879,3439,0.172997
21215,KY,Spencer County,SPENCER,2022,20204,3495,0.172986
21215,KY,Spencer County,SPENCER,2023,20557,3556,0.172982
21215,KY,Spencer County,SPENCER,2024,20823,3602,0.172982
21217,KY,Taylor County,TAYLOR,2020,25994,4497,0.173001
21217,KY,Taylor County,TAYLOR,2021,26179,4529,0.173001
21217,KY,Taylor County,TAYLOR,2022,26421,4571,0.173006
21217,KY,Taylor County,TAYLOR,2023,26582,4599,0.173012
21217,KY,Taylor County,TAYLOR,2024,26809,4638,0.173002
21219,KY,Todd County,TODD,2020,12283,2125,0.173003
21219,KY,Todd County,TODD,2021,12296,2127,0.172983
21219,KY,Todd County,TODD,2022,12431,2151,0.173035
21219,KY,Todd County,TODD,2023,12576,2176,0.173028
21219,KY,Todd County,TODD,2024,12757,2207,0.173003
21221,KY,Trigg County,TRIGG,2020,14081,2436,0.172999
21221,KY,Trigg County,TRIGG,2021,14225,2461,0.173005
21221,KY,Trigg County,TRIGG,2022,14338,2481,0.173037
21221,KY,Trigg County,TRIGG,2023,14370,2486,0.172999
21221,KY,Trigg County,TRIGG,2024,14559,2519,0.17302
21223,KY,Trimble County,TRIMBLE,2020,8463,1464,0.172988
21223,KY,Trimble County,TRIMBLE,2021,8553,1479,0.172922
21223,KY,Trimble County,TRIMBLE,2022,8525,1475,0.173021
21223,KY,Trimble County,TRIMBLE,2023,8616,1490,0.172934
21223,KY,Trimble County,TRIMBLE,2024,8591,1486,0.172972
21225,KY,Union County,UNION,2020,13650,2362,0.17304
21225,KY,Union County,UNION,2021,13251,2293,0.173044
21225,KY,Union County,UNION,2022,13107,2268,0.173037
21225,KY,Union County,UNION,2023,13116,2269,0.172995
21225,KY,Union County,UNION,2024,13178,2280,0.173016
21227,KY,Warren County,WARREN,2020,135033,23361,0.173002
21227,KY,Warren County,WARREN,2021,137191,23734,0.173
21227,KY,Warren County,WARREN,2022,140503,24307,0.173
21227,KY,Warren County,WARREN,2023,143929,24900,0.173002
21227,KY,Warren County,WARREN,2024,147936,25593,0.173
21229,KY,Washington County,WASHINGTON,2020,12038,2083,0.173035
21229,KY,Washington County,WASHINGTON,2021,12076,2090,0.173071
21229,KY,Washington County,WASHINGTON,2022,12062,2087,0.173023
21229,KY,Washington County,WASHINGTON,2023,12257,2121,0.173044
21229,KY,Washington County,WASHINGTON,2024,12269,2123,0.173038
21231,KY,Wayne County,WAYNE,2020,19543,3381,0.173003
21231,KY,Wayne County,WAYNE,2021,19543,3381,0.173003
21231,KY,Wayne County,WAYNE,2022,19663,3402,0.173015
21231,KY,Wayne County,WAYNE,2023,19630,3396,0.173001
21231,KY,Wayne County,WAYNE,2024,19629,3396,0.173009
21233,KY,Webster County,WEBSTER,2020,13022,2253,0.173015
21233,KY,Webster County,WEBSTER,2021,12858,2225,0.173044
21233,KY,Webster County,WEBSTER,2022,12724,2202,0.173059
21233,KY,Webster County,WEBSTER,2023,12753,2207,0.173057
21233,KY,Webster County,WEBSTER,2024,12854,2224,0.17302
21235,KY,Whitley County,WHITLEY,2020,36694,6348,0.172998
21235,KY,Whitley County,WHITLEY,2021,36805,6367,0.172993
21235,KY,Whitley County,WHITLEY,2022,36950,6392,0.172991
21235,KY,Whitley County,WHITLEY,2023,36917,6386,0.172983
21235,KY,Whitley County,WHITLEY,2024,37233,6441,0.172992
21237,KY,Wolfe County,WOLFE,2020,6557,1134,0.172945
21237,KY,Wolfe County,WOLFE,2021,6507,1126,0.173044
21237,KY,Wolfe County,WOLFE,2022,6415,1110,0.173032
21237,KY,Wolfe County,WOLFE,2023,6370,1102,0.172998
21237,KY,Wolfe County,WOLFE,2024,6364,1101,0.173004
21239,KY,Woodford County,WOODFORD,2020,26907,4655,0.173003
21239,KY,Woodford County,WOODFORD,2021,27089,4686,0.172985
21239,KY,Woodford County,WOODFORD,2022,27150,4697,0.173002
21239,KY,Woodford County,WOODFORD,2023,27522,4761,0.172989
21239,KY,Woodford County,WOODFORD,2024,27728,4797,0.173002
22001,LA,Acadia Parish,ACADIA,2020,57481,9427,0.164002
22001,LA,Acadia Parish,ACADIA,2021,57228,9385,0.163993
22001,LA,Acadia Parish,ACADIA,2022,56812,9317,0.163997
22001,LA,Acadia Parish,ACADIA,2023,56649,9290,0.163992
22001,LA,Acadia Parish,ACADIA,2024,56604,9283,0.163999
22003,LA,Allen Parish,ALLEN,2020,22688,3721,0.164007
22003,LA,Allen Parish,ALLEN,2021,22594,3705,0.163982
22003,LA,Allen Parish,ALLEN,2022,22297,3657,0.164013
22003,LA,Allen Parish,ALLEN,2023,22304,3658,0.164006
22003,LA,Allen Parish,ALLEN,2024,22501,3690,0.163993
22005,LA,Ascension Parish,ASCENSION,2020,126983,20826,0.164006
22005,LA,Ascension Parish,ASCENSION,2021,128592,21089,0.163999
22005,LA,Ascension Parish,ASCENSION,2022,130505,21403,0.164001
22005,LA,Ascension Parish,ASCENSION,2023,131954,21641,0.164004
22005,LA,Ascension Parish,ASCENSION,2024,133534,21900,0.164003
22007,LA,Assumption Parish,ASSUMPTION,2020,20963,3438,0.164003
22007,LA,Assumption Parish,ASSUMPTION,2021,20701,3395,0.164002
22007,LA,Assumption Parish,ASSUMPTION,2022,20482,3359,0.163998
22007,LA,Assumption Parish,ASSUMPTION,2023,20223,3316,0.163972
22007,LA,Assumption Parish,ASSUMPTION,2024,20050,3288,0.16399
22009,LA,Avoyelles Parish,AVOYELLES,2020,39640,6501,0.164001
22009,LA,Avoyelles Parish,AVOYELLES,2021,39261,6439,0.164005
22009,LA,Avoyelles Parish,AVOYELLES,2022,38733,6352,0.163995
22009,LA,Avoyelles Parish,AVOYELLES,2023,38520,6317,0.163993
22009,LA,Avoyelles Parish,AVOYELLES,2024,38373,6293,0.163996
22011,LA,Beauregard Parish,BEAUREGARD,2020,36608,6004,0.164008
22011,LA,Beauregard Parish,BEAUREGARD,2021,36678,6015,0.163995
22011,LA,Beauregard Parish,BEAUREGARD,2022,36587,6000,0.163993
22011,LA,Beauregard Parish,BEAUREGARD,2023,36812,6037,0.163995
22011,LA,Beauregard Parish,BEAUREGARD,2024,36695,6018,0.164001
22013,LA,Bienville Parish,BIENVILLE,2020,12918,2119,0.164035
22013,LA,Bienville Parish,BIENVILLE,2021,12787,2098,0.164073
22013,LA,Bienville Parish,BIENVILLE,2022,12627,2071,0.164014
22013,LA,Bienville Parish,BIENVILLE,2023,12440,2041,0.164068
22013,LA,Bienville Parish,BIENVILLE,2024,12412,2036,0.164035
22015,LA,Bossier Parish,BOSSIER,2020,128759,21117,0.164004
22015,LA,Bossier Parish,BOSSIER,2021,129381,21219,0.164004
22015,LA,Bossier Parish,BOSSIER,2022,129324,21209,0.163999
22015,LA,Bossier Parish,BOSSIER,2023,130380,21383,0.164005
22015,LA,Bossier Parish,BOSSIER,2024,131102,21501,0.164002
22017,LA,Caddo Parish,CADDO,2020,236912,38853,0.163998
22017,LA,Caddo Parish,CADDO,2021,232645,38153,0.163997
22017,LA,Caddo Parish,CADDO,2022,229109,37573,0.163996
22017,LA,Caddo Parish,CADDO,2023,226460,37139,0.163998
22017,LA,Caddo Parish,CADDO,2024,224893,36882,0.163998
22019,LA,Calcasieu Parish,CALCASIEU,2020,216493,35505,0.164001
22019,LA,Calcasieu Parish,CALCASIEU,2021,205668,33729,0.163997
22019,LA,Calcasieu Parish,CALCASIEU,2022,202664,33237,0.164001
22019,LA,Calcasieu Parish,CALCASIEU,2023,204474,33534,0.164001
22019,LA,Calcasieu Parish,CALCASIEU,2024,206861,33925,0.163999
22021,LA,Caldwell Parish,CALDWELL,2020,9616,1577,0.163998
22021,LA,Caldwell Parish,CALDWELL,2021,9580,1571,0.163987
22021,LA,Caldwell Parish,CALDWELL,2022,9508,1559,0.163967
22021,LA,Caldwell Parish,CALDWELL,2023,9402,1541,0.163901
22021,LA,Caldwell Parish,CALDWELL,2024,9393,1540,0.163952
22023,LA,Cameron Parish,CAMERON,2020,5624,922,0.16394
22023,LA,Cameron Parish,CAMERON,2021,5343,876,0.163953
22023,LA,Cameron Parish,CAMERON,2022,4907,805,0.164051
22023,LA,Cameron Parish,CAMERON,2023,4773,783,0.164048
22023,LA,Cameron Parish,CAMERON,2024,4678,767,0.163959
22025,LA,Catahoula Parish,CATAHOULA,2020,8847,1451,0.16401
22025,LA,Catahoula Parish,CATAHOULA,2021,8725,1431,0.164011
22025,LA,Catahoula Parish,CATAHOULA,2022,8625,1415,0.164058
22025,LA,Catahoula Parish,CATAHOULA,2023,8438,1384,0.16402
22025,LA,Catahoula Parish,CATAHOULA,2024,8280,1358,0.16401
22027,LA,Claiborne Parish,CLAIBORNE,2020,14108,2314,0.16402
22027,LA,Claiborne Parish,CLAIBORNE,2021,14051,2304,0.163974
22027,LA,Claiborne Parish,CLAIBORNE,2022,13825,2267,0.163978
22027,LA,Claiborne Parish,CLAIBORNE,2023,13643,2237,0.163967
22027,LA,Claiborne Parish,CLAIBORNE,2024,13537,2220,0.163995
22029,LA,Concordia Parish,CONCORDIA,2020,18570,3046,0.164028
22029,LA,Concordia Parish,CONCORDIA,2021,18354,3010,0.163997
22029,LA,Concordia Parish,CONCORDIA,2022,18138,2975,0.16402
22029,LA,Concordia Parish,CONCORDIA,2023,18009,2954,0.164029
22029,LA,Concordia Parish,CONCORDIA,2024,17797,2919,0.164016
22031,LA,De Soto Parish,DE SOTO,2020,26851,4404,0.164016
22031,LA,De Soto Parish,DE SOTO,2021,26960,4422,0.164021
22031,LA,De Soto Parish,DE SOTO,2022,26883,4409,0.164007
22031,LA,De Soto Parish,DE SOTO,2023,27161,4454,0.163985
22031,LA,De Soto Parish,DE SOTO,2024,27274,4473,0.164002
22033,LA,East Baton Rouge Parish,EAST BATON ROUGE,2020,455916,74771,0.164002
22033,LA,East Baton Rouge Parish,EAST BATON ROUGE,2021,453685,74405,0.164001
22033,LA,East Baton Rouge Parish,EAST BATON ROUGE,2022,451122,73984,0.164
22033,LA,East Baton Rouge Parish,EAST BATON ROUGE,2023,450943,73955,0.164001
22033,LA,East Baton Rouge Parish,EAST BATON ROUGE,2024,453022,74296,0.164001
22035,LA,East Carroll Parish,EAST CARROLL,2020,7394,1212,0.163917
22035,LA,East Carroll Parish,EAST CARROLL,2021,7227,1185,0.163968
22035,LA,East Carroll Parish,EAST CARROLL,2022,6966,1142,0.163939
22035,LA,East Carroll Parish,EAST CARROLL,2023,6879,1128,0.163977
22035,LA,East Carroll Parish,EAST CARROLL,2024,6892,1130,0.163958
22037,LA,East Feliciana Parish,EAST FELICIANA,2020,19442,3188,0.163975
22037,LA,East Feliciana Parish,EAST FELICIANA,2021,19361,3175,0.163989
22037,LA,East Feliciana Parish,EAST FELICIANA,2022,19180,3145,0.163973
22037,LA,East Feliciana Parish,EAST FELICIANA,2023,19258,3158,0.163984
22037,LA,East Feliciana Parish,EAST FELICIANA,2024,19112,3134,0.163981
22039,LA,Evangeline Parish,EVANGELINE,2020,32301,5297,0.163989
22039,LA,Evangeline Parish,EVANGELINE,2021,32223,5284,0.163982
22039,LA,Evangeline Parish,EVANGELINE,2022,32084,5262,0.164007
22039,LA,Evangeline Parish,EVANGELINE,2023,31945,5239,0.164001
22039,LA,Evangeline Parish,EVANGELINE,2024,31745,5206,0.163994
22041,LA,Franklin Parish,FRANKLIN,2020,19714,3234,0.164046
22041,LA,Franklin Parish,FRANKLIN,2021,19613,3217,0.164024
22041,LA,Franklin Parish,FRANKLIN,2022,19341,3172,0.164004
22041,LA,Franklin Parish,FRANKLIN,2023,19265,3160,0.164028
22041,LA,Franklin Parish,FRANKLIN,2024,19107,3134,0.164024
22043,LA,Grant Parish,GRANT,2020,22153,3633,0.163996
22043,LA,Grant Parish,GRANT,2021,22264,3651,0.163987
22043,LA,Grant Parish,GRANT,2022,22022,3612,0.164018
22043,LA,Grant Parish,GRANT,2023,21929,3596,0.163984
22043,LA,Grant Parish,GRANT,2024,22109,3626,0.164006
22045,LA,Iberia Parish,IBERIA,2020,70064,11491,0.164007
22045,LA,Iberia Parish,IBERIA,2021,69342,11373,0.164013
22045,LA,Iberia Parish,IBERIA,2022,68344,11209,0.164009
22045,LA,Iberia Parish,IBERIA,2023,67702,11104,0.164013
22045,LA,Iberia Parish,IBERIA,2024,67540,11077,0.164007
22047,LA,Iberville Parish,IBERVILLE,2020,30071,4932,0.164012
22047,LA,Iberville Parish,IBERVILLE,2021,29749,4879,0.164006
22047,LA,Iberville Parish,IBERVILLE,2022,29696,4871,0.164029
22047,LA,Iberville Parish,IBERVILLE,2023,29794,4887,0.164026
22047,LA,Iberville Parish,IBERVILLE,2024,29766,4882,0.164013
22049,LA,Jackson Parish,JACKSON,2020,14996,2460,0.164044
22049,LA,Jackson Parish,JACKSON,2021,14901,2444,0.164016
22049,LA,Jackson Parish,JACKSON,2022,14859,2437,0.164008
22049,LA,Jackson Parish,JACKSON,2023,14867,2438,0.163987
22049,LA,Jackson Parish,JACKSON,2024,14797,2427,0.16402
22051,LA,Jefferson Parish,JEFFERSON,2020,439747,72118,0.163999
22051,LA,Jefferson Parish,JEFFERSON,2021,434206,71209,0.163998
22051,LA,Jefferson Parish,JEFFERSON,2022,427739,70149,0.164
22051,LA,Jefferson Parish,JEFFERSON,2023,425657,69807,0.163998
22051,LA,Jefferson Parish,JEFFERSON,2024,427253,70069,0.163999
22053,LA,Jefferson Davis Parish,JEFFERSON DAVIS,2020,32212,5283,0.164007
22053,LA,Jefferson Davis Parish,JEFFERSON DAVIS,2021,32381,5311,0.164016
22053,LA,Jefferson Davis Parish,JEFFERSON DAVIS,2022,31971,5244,0.164024
22053,LA,Jefferson Davis Parish,JEFFERSON DAVIS,2023,31620,5186,0.16401
22053,LA,Jefferson Davis Parish,JEFFERSON DAVIS,2024,31436,5156,0.164016
22055,LA,Lafayette Parish,LAFAYETTE,2020,242178,39718,0.164003
22055,LA,Lafayette Parish,LAFAYETTE,2021,244933,40169,0.164
22055,LA,Lafayette Parish,LAFAYETTE,2022,248145,40696,0.164001
22055,LA,Lafayette Parish,LAFAYETTE,2023,250486,41080,0.164001
22055,LA,Lafayette Parish,LAFAYETTE,2024,254241,41696,0.164002
22057,LA,Lafourche Parish,LAFOURCHE,2020,97446,15981,0.163999
22057,LA,Lafourche Parish,LAFOURCHE,2021,97607,16007,0.163994
22057,LA,Lafourche Parish,LAFOURCHE,2022,95717,15697,0.163994
22057,LA,Lafourche Parish,LAFOURCHE,2023,95146,15604,0.164001
22057,LA,Lafourche Parish,LAFOURCHE,2024,95342,15636,0.163999
22059,LA,LaSalle Parish,LASALLE,2020,14829,2432,0.164003
22059,LA,LaSalle Parish,LASALLE,2021,14850,2435,0.163973
22059,LA,LaSalle Parish,LASALLE,2022,14799,2427,0.163998
22059,LA,LaSalle Parish,LASALLE,2023,14764,2421,0.16398
22059,LA,LaSalle Parish,LASALLE,2024,14702,2411,0.163991
22061,LA,Lincoln Parish,LINCOLN,2020,48306,7922,0.163996
22061,LA,Lincoln Parish,LINCOLN,2021,48132,7894,0.164007
22061,LA,Lincoln Parish,LINCOLN,2022,48056,7881,0.163996
22061,LA,Lincoln Parish,LINCOLN,2023,48133,7894,0.164004
22061,LA,Lincoln Parish,LINCOLN,2024,48243,7912,0.164003
22063,LA,Livingston Parish,LIVINGSTON,2020,142846,23426,0.163995
22063,LA,Livingston Parish,LIVINGSTON,2021,146143,23967,0.163997
22063,LA,Livingston Parish,LIVINGSTON,2022,148131,24293,0.163997
22063,LA,Livingston Parish,LIVINGSTON,2023,150570,24693,0.163997
22063,LA,Livingston Parish,LIVINGSTON,2024,152886,25073,0.163998
22065,LA,Madison Parish,MADISON,2020,9918,1626,0.163944
22065,LA,Madison Parish,MADISON,2021,9794,1606,0.163978
22065,LA,Madison Parish,MADISON,2022,9492,1556,0.163928
22065,LA,Madison Parish,MADISON,2023,9268,1520,0.164005
22065,LA,Madison Parish,MADISON,2024,9093,1491,0.163972
22067,LA,Morehouse Parish,MOREHOUSE,2020,25460,4175,0.163983
22067,LA,Morehouse Parish,MOREHOUSE,2021,25018,4103,0.164002
22067,LA,Morehouse Parish,MOREHOUSE,2022,24435,4007,0.163986
22067,LA,Morehouse Parish,MOREHOUSE,2023,24055,3945,0.163999
22067,LA,Morehouse Parish,MOREHOUSE,2024,23787,3901,0.163997
22069,LA,Natchitoches Parish,NATCHITOCHES,2020,37391,6132,0.163997
22069,LA,Natchitoches Parish,NATCHITOCHES,2021,36989,6066,0.163995
22069,LA,Natchitoches Parish,NATCHITOCHES,2022,36711,6021,0.164011
22069,LA,Natchitoches Parish,NATCHITOCHES,2023,36391,5968,0.163997
22069,LA,Natchitoches Parish,NATCHITOCHES,2024,35982,5901,0.163999
22071,LA,Orleans Parish,ORLEANS,2020,383374,62873,0.163999
22071,LA,Orleans Parish,ORLEANS,2021,377547,61918,0.164001
22071,LA,Orleans Parish,ORLEANS,2022,370473,60758,0.164001
22071,LA,Orleans Parish,ORLEANS,2023,365167,59887,0.163999
22071,LA,Orleans Parish,ORLEANS,2024,362701,59483,0.164
22073,LA,Ouachita Parish,OUACHITA,2020,160114,26258,0.163996
22073,LA,Ouachita Parish,OUACHITA,2021,158889,26057,0.163995
22073,LA,Ouachita Parish,OUACHITA,2022,157812,25881,0.163999
22073,LA,Ouachita Parish,OUACHITA,2023,157712,25864,0.163995
22073,LA,Ouachita Parish,OUACHITA,2024,157874,25891,0.163998
22075,LA,Plaquemines Parish,PLAQUEMINES,2020,23457,3847,0.164002
22075,LA,Plaquemines Parish,PLAQUEMINES,2021,23312,3823,0.163993
22075,LA,Plaquemines Parish,PLAQUEMINES,2022,22603,3706,0.163961
22075,LA,Plaquemines Parish,PLAQUEMINES,2023,22356,3666,0.163983
22075,LA,Plaquemines Parish,PLAQUEMINES,2024,22289,3655,0.163982
22077,LA,Pointe Coupee Parish,POINTE COUPEE,2020,20674,3391,0.164022
22077,LA,Pointe Coupee Parish,POINTE COUPEE,2021,20352,3338,0.164013
22077,LA,Pointe Coupee Parish,POINTE COUPEE,2022,20221,3317,0.164037
22077,LA,Pointe Coupee Parish,POINTE COUPEE,2023,19995,3280,0.164041
22077,LA,Pointe Coupee Parish,POINTE COUPEE,2024,19845,3255,0.164021
22079,LA,Rapides Parish,RAPIDES,2020,129658,21263,0.163993
22079,LA,Rapides Parish,RAPIDES,2021,128646,21097,0.163993
22079,LA,Rapides Parish,RAPIDES,2022,126977,20824,0.163998
22079,LA,Rapides Parish,RAPIDES,2023,126453,20738,0.163998
22079,LA,Rapides Parish,RAPIDES,2024,125899,20647,0.163997
22081,LA,Red River Parish,RED RIVER,2020,7585,1244,0.164008
22081,LA,Red River Parish,RED RIVER,2021,7510,1232,0.164048
22081,LA,Red River Parish,RED RIVER,2022,7487,1228,0.164018
22081,LA,Red River Parish,RED RIVER,2023,7395,1213,0.16403
22081,LA,Red River Parish,RED RIVER,2024,7238,1187,0.163996
22083,LA,Richland Parish,RICHLAND,2020,20030,3284,0.163954
22083,LA,Richland Parish,RICHLAND,2021,19863,3257,0.163973
22083,LA,Richland Parish,RICHLAND,2022,19828,3251,0.16396
22083,LA,Richland Parish,RICHLAND,2023,19744,3238,0.163999
22083,LA,Richland Parish,RICHLAND,2024,19643,3221,0.163977
22085,LA,Sabine Parish,SABINE,2020,22108,3625,0.163968
22085,LA,Sabine Parish,SABINE,2021,22109,3626,0.164006
22085,LA,Sabine Parish,SABINE,2022,21984,3605,0.163983
22085,LA,Sabine Parish,SABINE,2023,21936,3597,0.163977
22085,LA,Sabine Parish,SABINE,2024,21746,3566,0.163984
22087,LA,St. Bernard Parish,ST. BERNARD,2020,43859,7192,0.16398
22087,LA,St. Bernard Parish,ST. BERNARD,2021,44333,7270,0.163986
22087,LA,St. Bernard Parish,ST. BERNARD,2022,44474,7293,0.163983
22087,LA,St. Bernard Parish,ST. BERNARD,2023,44645,7321,0.163983
22087,LA,St. Bernard Parish,ST. BERNARD,2024,44783,7344,0.163991
22089,LA,St. Charles Parish,ST. CHARLES,2020,52516,8613,0.164007
22089,LA,St. Charles Parish,ST. CHARLES,2021,52480,8607,0.164005
22089,LA,St. Charles Parish,ST. CHARLES,2022,51038,8371,0.164015
22089,LA,St. Charles Parish,ST. CHARLES,2023,50547,8290,0.164006
22089,LA,St. Charles Parish,ST. CHARLES,2024,50400,8266,0.164008
22091,LA,St. Helena Parish,ST. HELENA,2020,10900,1788,0.164037
22091,LA,St. Helena Parish,ST. HELENA,2021,10906,1789,0.164038
22091,LA,St. Helena Parish,ST. HELENA,2022,10814,1774,0.164047
22091,LA,St. Helena Parish,ST. HELENA,2023,10815,1774,0.164031
22091,LA,St. Helena Parish,ST. HELENA,2024,10857,1781,0.164042
22093,LA,St. James Parish,ST. JAMES,2020,20119,3299,0.163974
22093,LA,St. James Parish,ST. JAMES,2021,19796,3247,0.164023
22093,LA,St. James Parish,ST. JAMES,2022,19397,3181,0.163994
22093,LA,St. James Parish,ST. JAMES,2023,19218,3152,0.164013
22093,LA,St. James Parish,ST. JAMES,2024,19110,3134,0.163998
22095,LA,St. John the Baptist Parish,ST. JOHN THE BAPTIST,2020,42359,6947,0.164003
22095,LA,St. John the Baptist Parish,ST. JOHN THE BAPTIST,2021,42107,6906,0.164011
22095,LA,St. John the Baptist Parish,ST. JOHN THE BAPTIST,2022,40002,6561,0.164017
22095,LA,St. John the Baptist Parish,ST. JOHN THE BAPTIST,2023,39615,6497,0.164004
22095,LA,St. John the Baptist Parish,ST. JOHN THE BAPTIST,2024,39694,6510,0.164005
22097,LA,St. Landry Parish,ST. LANDRY,2020,82310,13499,0.164002
22097,LA,St. Landry Parish,ST. LANDRY,2021,82199,13481,0.164004
22097,LA,St. Landry Parish,ST. LANDRY,2022,81642,13390,0.164009
22097,LA,St. Landry Parish,ST. LANDRY,2023,81329,13338,0.164001
22097,LA,St. Landry Parish,ST. LANDRY,2024,80869,13263,0.164006
22099,LA,St. Martin Parish,ST. MARTIN,2020,51614,8465,0.164006
22099,LA,St. Martin Parish,ST. MARTIN,2021,51550,8454,0.163996
22099,LA,St. Martin Parish,ST. MARTIN,2022,51260,8407,0.164007
22099,LA,St. Martin Parish,ST. MARTIN,2023,51122,8384,0.164
22099,LA,St. Martin Parish,ST. MARTIN,2024,51218,8400,0.164005
22101,LA,St. Mary Parish,ST. MARY,2020,49155,8061,0.163991
22101,LA,St. Mary Parish,ST. MARY,2021,48240,7911,0.163993
22101,LA,St. Mary Parish,ST. MARY,2022,47816,7842,0.164004
22101,LA,St. Mary Parish,ST. MARY,2023,47131,7729,0.16399
22101,LA,St. Mary Parish,ST. MARY,2024,46799,7675,0.163999
22103,LA,St. Tammany Parish,ST. TAMMANY,2020,265007,43461,0.163999
22103,LA,St. Tammany Parish,ST. TAMMANY,2021,270188,44311,0.164001
22103,LA,St. Tammany Parish,ST. TAMMANY,2022,273494,44853,0.164
22103,LA,St. Tammany Parish,ST. TAMMANY,2023,275801,45232,0.164002
22103,LA,St. Tammany Parish,ST. TAMMANY,2024,277615,45529,0.164001
22105,LA,Tangipahoa Parish,TANGIPAHOA,2020,133642,21917,0.163998
22105,LA,Tangipahoa Parish,TANGIPAHOA,2021,135487,22220,0.164001
22105,LA,Tangipahoa Parish,TANGIPAHOA,2022,136734,22424,0.163997
22105,LA,Tangipahoa Parish,TANGIPAHOA,2023,137999,22632,0.164001
22105,LA,Tangipahoa Parish,TANGIPAHOA,2024,139823,22931,0.164
22107,LA,Tensas Parish,TENSAS,2020,4108,673,0.163827
22107,LA,Tensas Parish,TENSAS,2021,4026,660,0.163934
22107,LA,Tensas Parish,TENSAS,2022,3848,631,0.163981
22107,LA,Tensas Parish,TENSAS,2023,3848,631,0.163981
22107,LA,Tensas Parish,TENSAS,2024,3844,630,0.163892
22109,LA,Terrebonne Parish,TERREBONNE,2020,109413,17944,0.164002
22109,LA,Terrebonne Parish,TERREBONNE,2021,108973,17872,0.164004
22109,LA,Terrebonne Parish,TERREBONNE,2022,104642,17162,0.164007
22109,LA,Terrebonne Parish,TERREBONNE,2023,104036,17062,0.164001
22109,LA,Terrebonne Parish,TERREBONNE,2024,103864,17034,0.164003
22111,LA,Union Parish,UNION,2020,21100,3460,0.163981
22111,LA,Union Parish,UNION,2021,21013,3446,0.163994
22111,LA,Union Parish,UNION,2022,20691,3393,0.163984
22111,LA,Union Parish,UNION,2023,20686,3392,0.163976
22111,LA,Union Parish,UNION,2024,20617,3381,0.163991
22113,LA,Vermilion Parish,VERMILION,2020,56954,9340,0.163992
22113,LA,Vermilion Parish,VERMILION,2021,56882,9329,0.164006
22113,LA,Vermilion Parish,VERMILION,2022,56958,9341,0.163998
22113,LA,Vermilion Parish,VERMILION,2023,57181,9378,0.164006
22113,LA,Vermilion Parish,VERMILION,2024,57641,9453,0.163998
22115,LA,Vernon Parish,VERNON,2020,48624,7974,0.163993
22115,LA,Vernon Parish,VERNON,2021,48032,7877,0.163995
22115,LA,Vernon Parish,VERNON,2022,46861,7685,0.163996
22115,LA,Vernon Parish,VERNON,2023,46247,7584,0.163989
22115,LA,Vernon Parish,VERNON,2024,45819,7514,0.163993
22117,LA,Washington Parish,WASHINGTON,2020,45354,7438,0.163999
22117,LA,Washington Parish,WASHINGTON,2021,45202,7413,0.163997
22117,LA,Washington Parish,WASHINGTON,2022,45002,7381,0.164015
22117,LA,Washington Parish,WASHINGTON,2023,44951,7372,0.164001
22117,LA,Washington Parish,WASHINGTON,2024,45090,7395,0.164005
22119,LA,Webster Parish,WEBSTER,2020,36887,6049,0.163987
22119,LA,Webster Parish,WEBSTER,2021,35949,5895,0.163982
22119,LA,Webster Parish,WEBSTER,2022,35635,5844,0.163996
22119,LA,Webster Parish,WEBSTER,2023,35444,5813,0.164005
22119,LA,Webster Parish,WEBSTER,2024,35184,5770,0.163995
22121,LA,West Baton Rouge Parish,WEST BATON ROUGE,2020,27262,4471,0.164001
22121,LA,West Baton Rouge Parish,WEST BATON ROUGE,2021,27802,4560,0.164017
22121,LA,West Baton Rouge Parish,WEST BATON ROUGE,2022,28045,4600,0.164022
22121,LA,West Baton Rouge Parish,WEST BATON ROUGE,2023,28338,4648,0.16402
22121,LA,West Baton Rouge Parish,WEST BATON ROUGE,2024,28425,4662,0.164011
22123,LA,West Carroll Parish,WEST CARROLL,2020,9693,1590,0.164036
22123,LA,West Carroll Parish,WEST CARROLL,2021,9582,1572,0.164058
22123,LA,West Carroll Parish,WEST CARROLL,2022,9482,1555,0.163995
22123,LA,West Carroll Parish,WEST CARROLL,2023,9307,1527,0.16407
22123,LA,West Carroll Parish,WEST CARROLL,2024,9254,1518,0.164037
22125,LA,West Feliciana Parish,WEST FELICIANA,2020,15262,2503,0.164002
22125,LA,West Feliciana Parish,WEST FELICIANA,2021,15503,2542,0.163968
22125,LA,West Feliciana Parish,WEST FELICIANA,2022,15390,2524,0.164003
22125,LA,West Feliciana Parish,WEST FELICIANA,2023,15327,2513,0.163959
22125,LA,West Feliciana Parish,WEST FELICIANA,2024,15155,2485,0.163972
22127,LA,Winn Parish,WINN,2020,13718,2249,0.163945
22127,LA,Winn Parish,WINN,2021,13496,2213,0.163975
22127,LA,Winn Parish,WINN,2022,13305,2182,0.163998
22127,LA,Winn Parish,WINN,2023,13412,2199,0.163958
22127,LA,Winn Parish,WINN,2024,13405,2198,0.163969
23001,ME,Androscoggin County,ANDROSCOGGIN,2020,111178,24459,0.219999
23001,ME,Androscoggin County,ANDROSCOGGIN,2021,112733,24801,0.219998
23001,ME,Androscoggin County,ANDROSCOGGIN,2022,113454,24960,0.220001
23001,ME,Androscoggin County,ANDROSCOGGIN,2023,114477,25185,0.220001
23001,ME,Androscoggin County,ANDROSCOGGIN,2024,115272,25360,0.220001
23003,ME,Aroostook County,AROOSTOOK,2020,67053,14752,0.220005
23003,ME,Aroostook County,AROOSTOOK,2021,67062,14754,0.220005
23003,ME,Aroostook County,AROOSTOOK,2022,67250,14795,0.22
23003,ME,Aroostook County,AROOSTOOK,2023,67149,14773,0.220003
23003,ME,Aroostook County,AROOSTOOK,2024,66776,14691,0.220004
23005,ME,Cumberland County,CUMBERLAND,2020,303606,66793,0.219999
23005,ME,Cumberland County,CUMBERLAND,2021,306152,67353,0.219999
23005,ME,Cumberland County,CUMBERLAND,2022,309309,68048,0.22
23005,ME,Cumberland County,CUMBERLAND,2023,311258,68477,0.220001
23005,ME,Cumberland County,CUMBERLAND,2024,313809,69038,0.22
23007,ME,Franklin County,FRANKLIN,2020,29468,6483,0.220001
23007,ME,Franklin County,FRANKLIN,2021,30265,6658,0.21999
23007,ME,Franklin County,FRANKLIN,2022,30604,6732,0.219971
23007,ME,Franklin County,FRANKLIN,2023,30826,6781,0.219977
23007,ME,Franklin County,FRANKLIN,2024,30902,6798,0.219986
23009,ME,Hancock County,HANCOCK,2020,55512,12213,0.220006
23009,ME,Hancock County,HANCOCK,2021,56362,12400,0.220006
23009,ME,Hancock County,HANCOCK,2022,56677,12469,0.220001
23009,ME,Hancock County,HANCOCK,2023,56801,12496,0.219996
23009,ME,Hancock County,HANCOCK,2024,56946,12528,0.219998
23011,ME,Kennebec County,KENNEBEC,2020,124723,27439,0.22
23011,ME,Kennebec County,KENNEBEC,2021,125775,27670,0.219996
23011,ME,Kennebec County,KENNEBEC,2022,127143,27971,0.219996
23011,ME,Kennebec County,KENNEBEC,2023,127936,28146,0.220001
23011,ME,Kennebec County,KENNEBEC,2024,128461,28261,0.219997
23013,ME,Knox County,KNOX,2020,40663,8946,0.220003
23013,ME,Knox County,KNOX,2021,41078,9037,0.219996
23013,ME,Knox County,KNOX,2022,41251,9075,0.219995
23013,ME,Knox County,KNOX,2023,41044,9030,0.220008
23013,ME,Knox County,KNOX,2024,40981,9016,0.220004
23015,ME,Lincoln County,LINCOLN,2020,35256,7756,0.219991
23015,ME,Lincoln County,LINCOLN,2021,36024,7925,0.219992
23015,ME,Lincoln County,LINCOLN,2022,36263,7978,0.220004
23015,ME,Lincoln County,LINCOLN,2023,36460,8021,0.219995
23015,ME,Lincoln County,LINCOLN,2024,36491,8028,0.219999
23017,ME,Oxford County,OXFORD,2020,57892,12737,0.220013
23017,ME,Oxford County,OXFORD,2021,58690,12912,0.220003
23017,ME,Oxford County,OXFORD,2022,59539,13099,0.220007
23017,ME,Oxford County,OXFORD,2023,60115,13226,0.220012
23017,ME,Oxford County,OXFORD,2024,60039,13209,0.220007
23019,ME,Penobscot County,PENOBSCOT,2020,152179,33480,0.220004
23019,ME,Penobscot County,PENOBSCOT,2021,153383,33744,0.219998
23019,ME,Penobscot County,PENOBSCOT,2022,154817,34060,0.220002
23019,ME,Penobscot County,PENOBSCOT,2023,156329,34393,0.220004
23019,ME,Penobscot County,PENOBSCOT,2024,156840,34505,0.220001
23021,ME,Piscataquis County,PISCATAQUIS,2020,16801,3696,0.219987
23021,ME,Piscataquis County,PISCATAQUIS,2021,17211,3786,0.219976
23021,ME,Piscataquis County,PISCATAQUIS,2022,17383,3824,0.219985
23021,ME,Piscataquis County,PISCATAQUIS,2023,17486,3847,0.220005
23021,ME,Piscataquis County,PISCATAQUIS,2024,17432,3835,0.219998
23023,ME,Sagadahoc County,SAGADAHOC,2020,36730,8081,0.220011
23023,ME,Sagadahoc County,SAGADAHOC,2021,37171,8178,0.22001
23023,ME,Sagadahoc County,SAGADAHOC,2022,37402,8228,0.219988
23023,ME,Sagadahoc County,SAGADAHOC,2023,37541,8259,0.219999
23023,ME,Sagadahoc County,SAGADAHOC,2024,37582,8268,0.219999
23025,ME,Somerset County,SOMERSET,2020,50473,11104,0.219999
23025,ME,Somerset County,SOMERSET,2021,50788,11173,0.219993
23025,ME,Somerset County,SOMERSET,2022,51027,11226,0.220001
23025,ME,Somerset County,SOMERSET,2023,51171,11257,0.219988
23025,ME,Somerset County,SOMERSET,2024,51338,11294,0.219993
23027,ME,Waldo County,WALDO,2020,39666,8727,0.220012
23027,ME,Waldo County,WALDO,2021,39974,8795,0.220018
23027,ME,Waldo County,WALDO,2022,40212,8847,0.220009
23027,ME,Waldo County,WALDO,2023,40490,8908,0.220005
23027,ME,Waldo County,WALDO,2024,40617,8936,0.220006
23029,ME,Washington County,WASHINGTON,2020,31108,6844,0.220008
23029,ME,Washington County,WASHINGTON,2021,31213,6867,0.220004
23029,ME,Washington County,WASHINGTON,2022,31507,6931,0.219983
23029,ME,Washington County,WASHINGTON,2023,31446,6918,0.219996
23029,ME,Washington County,WASHINGTON,2024,31383,6904,0.219992
23031,ME,York County,YORK,2020,212263,46697,0.219996
23031,ME,York County,YORK,2021,215050,47311,0.22
23031,ME,York County,YORK,2022,217084,47758,0.219998
23031,ME,York County,YORK,2023,219117,48205,0.219997
23031,ME,York County,YORK,2024,220143,48431,0.219998
24001,MD,Allegany County,ALLEGANY,2020,67950,11212,0.165004
24001,MD,Allegany County,ALLEGANY,2021,67671,11166,0.165004
24001,MD,Allegany County,ALLEGANY,2022,67241,11095,0.165003
24001,MD,Allegany County,ALLEGANY,2023,67296,11104,0.165002
24001,MD,Allegany County,ALLEGANY,2024,67097,11071,0.165
24003,MD,Anne Arundel County,ANNE ARUNDEL,2020,593412,97913,0.165
24003,MD,Anne Arundel County,ANNE ARUNDEL,2021,596354,98399,0.165001
24003,MD,Anne Arundel County,ANNE ARUNDEL,2022,598751,98794,0.165
24003,MD,Anne Arundel County,ANNE ARUNDEL,2023,599965,98994,0.165
24003,MD,Anne Arundel County,ANNE ARUNDEL,2024,602350,99388,0.165
24005,MD,Baltimore County,BALTIMORE,2020,853338,140801,0.165
24005,MD,Baltimore County,BALTIMORE,2021,850670,140360,0.164999
24005,MD,Baltimore County,BALTIMORE,2022,848873,140064,0.165
24005,MD,Baltimore County,BALTIMORE,2023,848676,140031,0.164999
24005,MD,Baltimore County,BALTIMORE,2024,852425,140650,0.165
24009,MD,Calvert County,CALVERT,2020,92921,15332,0.165
24009,MD,Calvert County,CALVERT,2021,94249,15551,0.164999
24009,MD,Calvert County,CALVERT,2022,94652,15618,0.165004
24009,MD,Calvert County,CALVERT,2023,94828,15647,0.165004
24009,MD,Calvert County,CALVERT,2024,94913,15661,0.165004
24011,MD,Caroline County,CAROLINE,2020,33277,5491,0.165009
24011,MD,Caroline County,CAROLINE,2021,33443,5518,0.164997
24011,MD,Caroline County,CAROLINE,2022,33539,5534,0.165002
24011,MD,Caroline County,CAROLINE,2023,33838,5583,0.164992
24011,MD,Caroline County,CAROLINE,2024,34248,5651,0.165002
24013,MD,Carroll County,CARROLL,2020,172910,28530,0.164999
24013,MD,Carroll County,CARROLL,2021,174282,28757,0.165003
24013,MD,Carroll County,CARROLL,2022,175569,28969,0.165001
24013,MD,Carroll County,CARROLL,2023,176735,29161,0.164998
24013,MD,Carroll County,CARROLL,2024,177108,29223,0.165001
24015,MD,Cecil County,CECIL,2020,103805,17128,0.165002
24015,MD,Cecil County,CECIL,2021,104073,17172,0.165
24015,MD,Cecil County,CECIL,2022,104939,17315,0.165001
24015,MD,Cecil County,CECIL,2023,105676,17436,0.164995
24015,MD,Cecil County,CECIL,2024,106305,17540,0.164997
24017,MD,Charles County,CHARLES,2020,166692,27504,0.164999
24017,MD,Charles County,CHARLES,2021,168822,27856,0.165002
24017,MD,Charles County,CHARLES,2022,170376,28112,0.165
24017,MD,Charles County,CHARLES,2023,172268,28424,0.164999
24017,MD,Charles County,CHARLES,2024,174478,28789,0.165001
24019,MD,Dorchester County,DORCHESTER,2020,32523,5367,0.165022
24019,MD,Dorchester County,DORCHESTER,2021,32590,5378,0.16502
24019,MD,Dorchester County,DORCHESTER,2022,32599,5379,0.165005
24019,MD,Dorchester County,DORCHESTER,2023,32922,5432,0.164996
24019,MD,Dorchester County,DORCHESTER,2024,33138,5468,0.165007
24021,MD,Frederick County,FREDERICK,2020,272787,45010,0.165001
24021,MD,Frederick County,FREDERICK,2021,280666,46310,0.165
24021,MD,Frederick County,FREDERICK,2022,288316,47572,0.165
24021,MD,Frederick County,FREDERICK,2023,294154,48535,0.164999
24021,MD,Frederick County,FREDERICK,2024,299317,49387,0.164999
24023,MD,Garrett County,GARRETT,2020,28797,4752,0.165017
24023,MD,Garrett County,GARRETT,2021,28766,4747,0.165021
24023,MD,Garrett County,GARRETT,2022,28619,4722,0.164995
24023,MD,Garrett County,GARRETT,2023,28502,4703,0.165006
24023,MD,Garrett County,GARRETT,2024,28393,4685,0.165005
24025,MD,Harford County,HARFORD,2020,261245,43106,0.165002
24025,MD,Harford County,HARFORD,2021,263348,43453,0.165002
24025,MD,Harford County,HARFORD,2022,263908,43545,0.165001
24025,MD,Harford County,HARFORD,2023,264771,43687,0.164999
24025,MD,Harford County,HARFORD,2024,265514,43810,0.165001
24027,MD,Howard County,HOWARD,2020,332821,54915,0.164999
24027,MD,Howard County,HOWARD,2021,335370,55336,0.165
24027,MD,Howard County,HOWARD,2022,336439,55512,0.164999
24027,MD,Howard County,HOWARD,2023,337341,55661,0.164999
24027,MD,Howard County,HOWARD,2024,339668,56045,0.164999
24029,MD,Kent County,KENT,2020,19124,3156,0.165028
24029,MD,Kent County,KENT,2021,19249,3176,0.164996
24029,MD,Kent County,KENT,2022,19360,3194,0.164979
24029,MD,Kent County,KENT,2023,19441,3208,0.165012
24029,MD,Kent County,KENT,2024,19557,3227,0.165005
24031,MD,Montgomery County,MONTGOMERY,2020,1060856,175041,0.165
24031,MD,Montgomery County,MONTGOMERY,2021,1056087,174254,0.165
24031,MD,Montgomery County,MONTGOMERY,2022,1061132,175087,0.165
24031,MD,Montgomery County,MONTGOMERY,2023,1069397,176450,0.165
24031,MD,Montgomery County,MONTGOMERY,2024,1082273,178575,0.165
24033,MD,Prince George's County,PRINCE GEORGE'S,2020,965398,159291,0.165
24033,MD,Prince George's County,PRINCE GEORGE'S,2021,956603,157840,0.165001
24033,MD,Prince George's County,PRINCE GEORGE'S,2022,953609,157346,0.165001
24033,MD,Prince George's County,PRINCE GEORGE'S,2023,956533,157828,0.165
24033,MD,Prince George's County,PRINCE GEORGE'S,2024,966629,159494,0.165
24035,MD,Queen Anne's County,QUEEN ANNE'S,2020,50033,8256,0.165011
24035,MD,Queen Anne's County,QUEEN ANNE'S,2021,50921,8402,0.165001
24035,MD,Queen Anne's County,QUEEN ANNE'S,2022,51803,8548,0.16501
24035,MD,Queen Anne's County,QUEEN ANNE'S,2023,52682,8693,0.165009
24035,MD,Queen Anne's County,QUEEN ANNE'S,2024,53688,8859,0.165009
24037,MD,St. Mary's County,ST. MARY'S,2020,114006,18811,0.165
24037,MD,St. Mary's County,ST. MARY'S,2021,114674,18921,0.164998
24037,MD,St. Mary's County,ST. MARY'S,2022,115001,18975,0.164999
24037,MD,St. Mary's County,ST. MARY'S,2023,115479,19054,0.165
24037,MD,St. Mary's County,ST. MARY'S,2024,116469,19217,0.164997
24039,MD,Somerset County,SOMERSET,2020,24567,4054,0.165018
24039,MD,Somerset County,SOMERSET,2021,24563,4053,0.165004
24039,MD,Somerset County,SOMERSET,2022,24696,4075,0.165006
24039,MD,Somerset County,SOMERSET,2023,25044,4132,0.16499
24039,MD,Somerset County,SOMERSET,2024,25241,4165,0.165009
24041,MD,Talbot County,TALBOT,2020,37522,6191,0.164997
24041,MD,Talbot County,TALBOT,2021,37792,6235,0.164982
24041,MD,Talbot County,TALBOT,2022,37959,6263,0.164994
24041,MD,Talbot County,TALBOT,2023,38067,6281,0.164999
24041,MD,Talbot County,TALBOT,2024,38244,6310,0.164993
24043,MD,Washington County,WASHINGTON,2020,154677,25522,0.165002
24043,MD,Washington County,WASHINGTON,2021,155117,25595,0.165004
24043,MD,Washington County,WASHINGTON,2022,155407,25643,0.165005
24043,MD,Washington County,WASHINGTON,2023,156116,25760,0.165006
24043,MD,Washington County,WASHINGTON,2024,157228,25943,0.165002
24045,MD,Wicomico County,WICOMICO,2020,103563,17088,0.165001
24045,MD,Wicomico County,WICOMICO,2021,104110,17178,0.164999
24045,MD,Wicomico County,WICOMICO,2022,104985,17322,0.164995
24045,MD,Wicomico County,WICOMICO,2023,105585,17421,0.164995
24045,MD,Wicomico County,WICOMICO,2024,106329,17544,0.164997
24047,MD,Worcester County,WORCESTER,2020,52522,8667,0.165017
24047,MD,Worcester County,WORCESTER,2021,53408,8813,0.165013
24047,MD,Worcester County,WORCESTER,2022,54004,8911,0.165006
24047,MD,Worcester County,WORCESTER,2023,54229,8948,0.165004
24047,MD,Worcester County,WORCESTER,2024,54337,8966,0.165007
24510,MD,Baltimore city,BALTIMORE,2020,583189,96226,0.165
24510,MD,Baltimore city,BALTIMORE,2021,576575,95135,0.165
24510,MD,Baltimore city,BALTIMORE,2022,570663,94160,0.165001
24510,MD,Baltimore city,BALTIMORE,2023,567517,93641,0.165001
24510,MD,Baltimore city,BALTIMORE,2024,568271,93765,0.165001
25001,MA,Barnstable County,BARNSTABLE,2020,228060,39911,0.175002
25001,MA,Barnstable County,BARNSTABLE,2021,232379,40667,0.175003
25001,MA,Barnstable County,BARNSTABLE,2022,232571,40700,0.175
25001,MA,Barnstable County,BARNSTABLE,2023,232759,40733,0.175001
25001,MA,Barnstable County,BARNSTABLE,2024,232570,40700,0.175001
25003,MA,Berkshire County,BERKSHIRE,2020,129812,22717,0.174999
25003,MA,Berkshire County,BERKSHIRE,2021,130199,22785,0.175001
25003,MA,Berkshire County,BERKSHIRE,2022,129551,22671,0.174997
25003,MA,Berkshire County,BERKSHIRE,2023,128863,22551,0.175
25003,MA,Berkshire County,BERKSHIRE,2024,128726,22527,0.175
25005,MA,Bristol County,BRISTOL,2020,576776,100936,0.175
25005,MA,Bristol County,BRISTOL,2021,579729,101453,0.175001
25005,MA,Bristol County,BRISTOL,2022,581201,101710,0.175
25005,MA,Bristol County,BRISTOL,2023,585053,102384,0.175
25005,MA,Bristol County,BRISTOL,2024,588593,103004,0.175
25007,MA,Dukes County,DUKES,2020,20580,3602,0.175024
25007,MA,Dukes County,DUKES,2021,21112,3695,0.175019
25007,MA,Dukes County,DUKES,2022,21033,3681,0.175011
25007,MA,Dukes County,DUKES,2023,20879,3654,0.175008
25007,MA,Dukes County,DUKES,2024,21061,3686,0.175015
25009,MA,Essex County,ESSEX,2020,807781,141362,0.175
25009,MA,Essex County,ESSEX,2021,807315,141280,0.175
25009,MA,Essex County,ESSEX,2022,810039,141757,0.175
25009,MA,Essex County,ESSEX,2023,816197,142834,0.174999
25009,MA,Essex County,ESSEX,2024,823938,144189,0.175
25011,MA,Franklin County,FRANKLIN,2020,70934,12413,0.174994
25011,MA,Franklin County,FRANKLIN,2021,71007,12426,0.174997
25011,MA,Franklin County,FRANKLIN,2022,71050,12433,0.174989
25011,MA,Franklin County,FRANKLIN,2023,70860,12400,0.174993
25011,MA,Franklin County,FRANKLIN,2024,70871,12402,0.174994
25013,MA,Hampden County,HAMPDEN,2020,463714,81150,0.175
25013,MA,Hampden County,HAMPDEN,2021,462640,80962,0.175
25013,MA,Hampden County,HAMPDEN,2022,461440,80752,0.175
25013,MA,Hampden County,HAMPDEN,2023,462128,80872,0.174999
25013,MA,Hampden County,HAMPDEN,2024,464151,81226,0.174999
25015,MA,Hampshire County,HAMPSHIRE,2020,148589,26003,0.174999
25015,MA,Hampshire County,HAMPSHIRE,2021,165069,28887,0.175
25015,MA,Hampshire County,HAMPSHIRE,2022,165397,28945,0.175003
25015,MA,Hampshire County,HAMPSHIRE,2023,165686,28995,0.175
25015,MA,Hampshire County,HAMPSHIRE,2024,165399,28945,0.175001
25017,MA,Middlesex County,MIDDLESEX,2020,1316181,292067,0.221905
25017,MA,Middlesex County,MIDDLESEX,2021,1316181,292067,0.221905
25017,MA,Middlesex County,MIDDLESEX,2022,1316181,292067,0.221905
25017,MA,Middlesex County,MIDDLESEX,2023,1316181,292067,0.221905
25017,MA,Middlesex County,MIDDLESEX,2024,1316181,292067,0.221905
25019,MA,Nantucket County,NANTUCKET,2020,14239,2492,0.175012
25019,MA,Nantucket County,NANTUCKET,2021,14507,2538,0.17495
25019,MA,Nantucket County,NANTUCKET,2022,14464,2531,0.174986
25019,MA,Nantucket County,NANTUCKET,2023,14534,2543,0.174969
25019,MA,Nantucket County,NANTUCKET,2024,14670,2567,0.174983
25021,MA,Norfolk County,NORFOLK,2020,723750,126656,0.175
25021,MA,Norfolk County,NORFOLK,2021,724906,126859,0.175001
25021,MA,Norfolk County,NORFOLK,2022,728619,127508,0.175
25021,MA,Norfolk County,NORFOLK,2023,732379,128166,0.175
25021,MA,Norfolk County,NORFOLK,2024,740754,129632,0.175
25023,MA,Plymouth County,PLYMOUTH,2020,528454,92480,0.175001
25023,MA,Plymouth County,PLYMOUTH,2021,532726,93227,0.175
25023,MA,Plymouth County,PLYMOUTH,2022,534297,93502,0.175
25023,MA,Plymouth County,PLYMOUTH,2023,537807,94116,0.175
25023,MA,Plymouth County,PLYMOUTH,2024,542090,94866,0.175
25025,MA,Suffolk County,SUFFOLK,2020,797239,139517,0.175
25025,MA,Suffolk County,SUFFOLK,2021,776280,135849,0.175
25025,MA,Suffolk County,SUFFOLK,2022,777266,136021,0.174999
25025,MA,Suffolk County,SUFFOLK,2023,781678,136793,0.174999
25025,MA,Suffolk County,SUFFOLK,2024,793144,138800,0.175
25027,MA,Worcester County,WORCESTER,2020,857092,149991,0.175
25027,MA,Worcester County,WORCESTER,2021,862052,150859,0.175
25027,MA,Worcester County,WORCESTER,2022,865735,151503,0.174999
25027,MA,Worcester County,WORCESTER,2023,872813,152742,0.175
25027,MA,Worcester County,WORCESTER,2024,881248,154218,0.175
26001,MI,Alcona County,ALCONA,2020,10185,1833,0.179971
26001,MI,Alcona County,ALCONA,2021,10285,1851,0.179971
26001,MI,Alcona County,ALCONA,2022,10375,1867,0.179952
26001,MI,Alcona County,ALCONA,2023,10513,1892,0.179968
26001,MI,Alcona County,ALCONA,2024,10624,1912,0.17997
26003,MI,Alger County,ALGER,2020,8839,1591,0.179998
26003,MI,Alger County,ALGER,2021,8770,1578,0.179932
26003,MI,Alger County,ALGER,2022,8767,1578,0.179993
26003,MI,Alger County,ALGER,2023,8740,1573,0.179977
26003,MI,Alger County,ALGER,2024,8695,1565,0.179988
26005,MI,Allegan County,ALLEGAN,2020,120661,21719,0.18
26005,MI,Allegan County,ALLEGAN,2021,121055,21790,0.180001
26005,MI,Allegan County,ALLEGAN,2022,121262,21827,0.179999
26005,MI,Allegan County,ALLEGAN,2023,121874,21937,0.179997
26005,MI,Allegan County,ALLEGAN,2024,122429,22037,0.179998
26007,MI,Alpena County,ALPENA,2020,28879,5199,0.180027
26007,MI,Alpena County,ALPENA,2021,28933,5208,0.180002
26007,MI,Alpena County,ALPENA,2022,28813,5187,0.180023
26007,MI,Alpena County,ALPENA,2023,28870,5197,0.180014
26007,MI,Alpena County,ALPENA,2024,28903,5203,0.180016
26009,MI,Antrim County,ANTRIM,2020,23460,4222,0.179966
26009,MI,Antrim County,ANTRIM,2021,23877,4297,0.179964
26009,MI,Antrim County,ANTRIM,2022,24296,4373,0.179988
26009,MI,Antrim County,ANTRIM,2023,24466,4403,0.179964
26009,MI,Antrim County,ANTRIM,2024,24536,4416,0.17998
26011,MI,Arenac County,ARENAC,2020,15009,2702,0.180025
26011,MI,Arenac County,ARENAC,2021,15023,2704,0.179991
26011,MI,Arenac County,ARENAC,2022,15115,2721,0.18002
26011,MI,Arenac County,ARENAC,2023,15152,2728,0.180042
26011,MI,Arenac County,ARENAC,2024,15087,2716,0.180023
26013,MI,Baraga County,BARAGA,2020,8141,1465,0.179953
26013,MI,Baraga County,BARAGA,2021,8231,1481,0.17993
26013,MI,Baraga County,BARAGA,2022,8194,1474,0.179888
26013,MI,Baraga County,BARAGA,2023,8222,1480,0.180005
26013,MI,Baraga County,BARAGA,2024,8169,1470,0.179949
26015,MI,Barry County,BARRY,2020,62607,11269,0.179996
26015,MI,Barry County,BARRY,2021,63141,11365,0.179994
26015,MI,Barry County,BARRY,2022,63389,11410,0.18
26015,MI,Barry County,BARRY,2023,63881,11498,0.179991
26015,MI,Barry County,BARRY,2024,64025,11524,0.179992
26017,MI,Bay County,BAY,2020,103747,18674,0.179996
26017,MI,Bay County,BAY,2021,103116,18561,0.180001
26017,MI,Bay County,BAY,2022,102754,18496,0.180003
26017,MI,Bay County,BAY,2023,102774,18499,0.179997
26017,MI,Bay County,BAY,2024,102651,18477,0.179998
26019,MI,Benzie County,BENZIE,2020,17993,3239,0.180014
26019,MI,Benzie County,BENZIE,2021,18240,3284,0.180044
26019,MI,Benzie County,BENZIE,2022,18336,3301,0.180028
26019,MI,Benzie County,BENZIE,2023,18460,3323,0.180011
26019,MI,Benzie County,BENZIE,2024,18520,3334,0.180022
26021,MI,Berrien County,BERRIEN,2020,154426,27797,0.180002
26021,MI,Berrien County,BERRIEN,2021,153598,27648,0.180002
26021,MI,Berrien County,BERRIEN,2022,153064,27552,0.180003
26021,MI,Berrien County,BERRIEN,2023,152651,27478,0.180005
26021,MI,Berrien County,BERRIEN,2024,152703,27487,0.180003
26023,MI,Branch County,BRANCH,2020,44878,8078,0.179999
26023,MI,Branch County,BRANCH,2021,45209,8138,0.180008
26023,MI,Branch County,BRANCH,2022,44612,8030,0.179996
26023,MI,Branch County,BRANCH,2023,45613,8211,0.180014
26023,MI,Branch County,BRANCH,2024,46187,8314,0.180007
26025,MI,Calhoun County,CALHOUN,2020,134219,24159,0.179997
26025,MI,Calhoun County,CALHOUN,2021,133905,24103,0.180001
26025,MI,Calhoun County,CALHOUN,2022,133475,24025,0.179996
26025,MI,Calhoun County,CALHOUN,2023,133505,24031,0.180001
26025,MI,Calhoun County,CALHOUN,2024,133785,24081,0.179998
26027,MI,Cass County,CASS,2020,51553,9280,0.180009
26027,MI,Cass County,CASS,2021,51523,9274,0.179997
26027,MI,Cass County,CASS,2022,51409,9254,0.180007
26027,MI,Cass County,CASS,2023,51566,9282,0.180002
26027,MI,Cass County,CASS,2024,51550,9279,0.18
26029,MI,Charlevoix County,CHARLEVOIX,2020,26035,4686,0.179988
26029,MI,Charlevoix County,CHARLEVOIX,2021,26192,4715,0.180017
26029,MI,Charlevoix County,CHARLEVOIX,2022,26117,4701,0.179998
26029,MI,Charlevoix County,CHARLEVOIX,2023,26089,4696,0.179999
26029,MI,Charlevoix County,CHARLEVOIX,2024,26105,4699,0.180004
26031,MI,Cheboygan County,CHEBOYGAN,2020,25585,4606,0.180027
26031,MI,Cheboygan County,CHEBOYGAN,2021,25746,4635,0.180028
26031,MI,Cheboygan County,CHEBOYGAN,2022,25946,4671,0.180028
26031,MI,Cheboygan County,CHEBOYGAN,2023,26078,4695,0.180037
26031,MI,Cheboygan County,CHEBOYGAN,2024,25964,4674,0.180018
26033,MI,Chippewa County,CHIPPEWA,2020,36787,6622,0.180009
26033,MI,Chippewa County,CHIPPEWA,2021,35861,6455,0.180001
26033,MI,Chippewa County,CHIPPEWA,2022,36236,6523,0.180014
26033,MI,Chippewa County,CHIPPEWA,2023,36340,6542,0.180022
26033,MI,Chippewa County,CHIPPEWA,2024,36253,6526,0.180013
26035,MI,Clare County,CLARE,2020,30843,5552,0.180008
26035,MI,Clare County,CLARE,2021,31143,5606,0.180008
26035,MI,Clare County,CLARE,2022,31321,5638,0.180007
26035,MI,Clare County,CLARE,2023,31376,5648,0.18001
26035,MI,Clare County,CLARE,2024,31405,5653,0.180003
26037,MI,Clinton County,CLINTON,2020,79171,14251,0.180003
26037,MI,Clinton County,CLINTON,2021,79432,14298,0.180003
26037,MI,Clinton County,CLINTON,2022,79652,14337,0.179995
26037,MI,Clinton County,CLINTON,2023,79823,14368,0.179998
26037,MI,Clinton County,CLINTON,2024,80050,14409,0.18
26039,MI,Crawford County,CRAWFORD,2020,12987,2338,0.180026
26039,MI,Crawford County,CRAWFORD,2021,13271,2389,0.180017
26039,MI,Crawford County,CRAWFORD,2022,13431,2418,0.180031
26039,MI,Crawford County,CRAWFORD,2023,13557,2440,0.179981
26039,MI,Crawford County,CRAWFORD,2024,13599,2448,0.180013
26041,MI,Delta County,DELTA,2020,36874,6638,0.180018
26041,MI,Delta County,DELTA,2021,36838,6631,0.180004
26041,MI,Delta County,DELTA,2022,36818,6628,0.180021
26041,MI,Delta County,DELTA,2023,36846,6633,0.18002
26041,MI,Delta County,DELTA,2024,36687,6604,0.180009
26043,MI,Dickinson County,DICKINSON,2020,25907,4663,0.17999
26043,MI,Dickinson County,DICKINSON,2021,25824,4648,0.179988
26043,MI,Dickinson County,DICKINSON,2022,25977,4676,0.180005
26043,MI,Dickinson County,DICKINSON,2023,26069,4692,0.179984
26043,MI,Dickinson County,DICKINSON,2024,25995,4679,0.179996
26045,MI,Eaton County,EATON,2020,109199,19656,0.180002
26045,MI,Eaton County,EATON,2021,108921,19606,0.180002
26045,MI,Eaton County,EATON,2022,108962,19613,0.179999
26045,MI,Eaton County,EATON,2023,109072,19633,0.18
26045,MI,Eaton County,EATON,2024,109494,19709,0.180001
26047,MI,Emmet County,EMMET,2020,34113,6141,0.180019
26047,MI,Emmet County,EMMET,2021,34303,6175,0.180013
26047,MI,Emmet County,EMMET,2022,34204,6157,0.180008
26047,MI,Emmet County,EMMET,2023,34039,6127,0.179999
26047,MI,Emmet County,EMMET,2024,33949,6111,0.180005
26049,MI,Genesee County,GENESEE,2020,405793,73043,0.180001
26049,MI,Genesee County,GENESEE,2021,404713,72848,0.179999
26049,MI,Genesee County,GENESEE,2022,402031,72365,0.179999
26049,MI,Genesee County,GENESEE,2023,401711,72308,0.18
26049,MI,Genesee County,GENESEE,2024,402279,72410,0.179999
26051,MI,Gladwin County,GLADWIN,2020,25370,4567,0.180016
26051,MI,Gladwin County,GLADWIN,2021,25475,4585,0.17998
26051,MI,Gladwin County,GLADWIN,2022,25667,4620,0.179998
26051,MI,Gladwin County,GLADWIN,2023,25959,4673,0.180015
26051,MI,Gladwin County,GLADWIN,2024,25995,4679,0.179996
26053,MI,Gogebic County,GOGEBIC,2020,14346,2582,0.17998
26053,MI,Gogebic County,GOGEBIC,2021,14372,2587,0.180003
26053,MI,Gogebic County,GOGEBIC,2022,14399,2592,0.180013
26053,MI,Gogebic County,GOGEBIC,2023,14263,2567,0.179976
26053,MI,Gogebic County,GOGEBIC,2024,14217,2559,0.179996
26055,MI,Grand Traverse County,GRAND TRAVERSE,2020,95427,17176,0.179991
26055,MI,Grand Traverse County,GRAND TRAVERSE,2021,95985,17277,0.179997
26055,MI,Grand Traverse County,GRAND TRAVERSE,2022,96337,17340,0.179993
26055,MI,Grand Traverse County,GRAND TRAVERSE,2023,96457,17362,0.179997
26055,MI,Grand Traverse County,GRAND TRAVERSE,2024,96625,17392,0.179995
26057,MI,Gratiot County,GRATIOT,2020,41687,7504,0.180008
26057,MI,Gratiot County,GRATIOT,2021,41298,7434,0.180009
26057,MI,Gratiot County,GRATIOT,2022,41134,7404,0.179997
26057,MI,Gratiot County,GRATIOT,2023,41434,7458,0.179997
26057,MI,Gratiot County,GRATIOT,2024,41372,7447,0.180001
26059,MI,Hillsdale County,HILLSDALE,2020,45730,8231,0.179991
26059,MI,Hillsdale County,HILLSDALE,2021,45622,8212,0.180001
26059,MI,Hillsdale County,HILLSDALE,2022,45714,8228,0.179989
26059,MI,Hillsdale County,HILLSDALE,2023,45616,8211,0.180003
26059,MI,Hillsdale County,HILLSDALE,2024,45590,8206,0.179996
26061,MI,Houghton County,HOUGHTON,2020,37256,6706,0.179998
26061,MI,Houghton County,HOUGHTON,2021,37528,6755,0.179999
26061,MI,Houghton County,HOUGHTON,2022,37792,6802,0.179985
26061,MI,Houghton County,HOUGHTON,2023,37847,6812,0.179988
26061,MI,Houghton County,HOUGHTON,2024,38041,6847,0.17999
26063,MI,Huron County,HURON,2020,31372,5647,0.180001
26063,MI,Huron County,HURON,2021,31319,5637,0.179987
26063,MI,Huron County,HURON,2022,31150,5607,0.18
26063,MI,Huron County,HURON,2023,30943,5569,0.179976
26063,MI,Huron County,HURON,2024,30780,5540,0.179987
26065,MI,Ingham County,INGHAM,2020,285007,51301,0.179999
26065,MI,Ingham County,INGHAM,2021,271662,48899,0.179999
26065,MI,Ingham County,INGHAM,2022,284761,51257,0.18
26065,MI,Ingham County,INGHAM,2023,287710,51788,0.180001
26065,MI,Ingham County,INGHAM,2024,290427,52277,0.18
26067,MI,Ionia County,IONIA,2020,66891,12040,0.179994
26067,MI,Ionia County,IONIA,2021,66853,12034,0.180007
26067,MI,Ionia County,IONIA,2022,66774,12019,0.179995
26067,MI,Ionia County,IONIA,2023,66104,11899,0.180004
26067,MI,Ionia County,IONIA,2024,66250,11925,0.18
26069,MI,Iosco County,IOSCO,2020,25189,4534,0.179999
26069,MI,Iosco County,IOSCO,2021,25362,4565,0.179994
26069,MI,Iosco County,IOSCO,2022,25460,4583,0.180008
26069,MI,Iosco County,IOSCO,2023,25361,4565,0.180001
26069,MI,Iosco County,IOSCO,2024,25361,4565,0.180001
26071,MI,Iron County,IRON,2020,11619,2092,0.18005
26071,MI,Iron County,IRON,2021,11597,2088,0.180047
26071,MI,Iron County,IRON,2022,11686,2104,0.180044
26071,MI,Iron County,IRON,2023,11722,2110,0.180003
26071,MI,Iron County,IRON,2024,11709,2108,0.180032
26073,MI,Isabella County,ISABELLA,2020,64521,11614,0.180003
26073,MI,Isabella County,ISABELLA,2021,64264,11568,0.180007
26073,MI,Isabella County,ISABELLA,2022,64483,11607,0.180001
26073,MI,Isabella County,ISABELLA,2023,64485,11607,0.179995
26073,MI,Isabella County,ISABELLA,2024,65072,11713,0.180001
26075,MI,Jackson County,JACKSON,2020,160223,28840,0.179999
26075,MI,Jackson County,JACKSON,2021,160181,28833,0.180003
26075,MI,Jackson County,JACKSON,2022,159828,28769,0.18
26075,MI,Jackson County,JACKSON,2023,159835,28770,0.179998
26075,MI,Jackson County,JACKSON,2024,160233,28842,0.18
26077,MI,Kalamazoo County,KALAMAZOO,2020,261814,47126,0.179998
26077,MI,Kalamazoo County,KALAMAZOO,2021,260566,46901,0.179997
26077,MI,Kalamazoo County,KALAMAZOO,2022,261417,47055,0.18
26077,MI,Kalamazoo County,KALAMAZOO,2023,263297,47393,0.179998
26077,MI,Kalamazoo County,KALAMAZOO,2024,264780,47660,0.179998
26079,MI,Kalkaska County,KALKASKA,2020,17929,3227,0.179988
26079,MI,Kalkaska County,KALKASKA,2021,17994,3239,0.180004
26079,MI,Kalkaska County,KALKASKA,2022,18230,3281,0.179978
26079,MI,Kalkaska County,KALKASKA,2023,18422,3316,0.180002
26079,MI,Kalkaska County,KALKASKA,2024,18618,3351,0.179987
26081,MI,Kent County,KENT,2020,658524,118534,0.18
26081,MI,Kent County,KENT,2021,658979,118616,0.18
26081,MI,Kent County,KENT,2022,660134,118824,0.18
26081,MI,Kent County,KENT,2023,665109,119719,0.179999
26081,MI,Kent County,KENT,2024,673002,121140,0.179999
26083,MI,Keweenaw County,KEWEENAW,2020,2059,371,0.180185
26083,MI,Keweenaw County,KEWEENAW,2021,2108,379,0.179791
26083,MI,Keweenaw County,KEWEENAW,2022,2151,387,0.179916
26083,MI,Keweenaw County,KEWEENAW,2023,2181,393,0.180193
26083,MI,Keweenaw County,KEWEENAW,2024,2161,389,0.180009
26085,MI,Lake County,LAKE,2020,12098,2178,0.18003
26085,MI,Lake County,LAKE,2021,12281,2211,0.180034
26085,MI,Lake County,LAKE,2022,12665,2280,0.180024
26085,MI,Lake County,LAKE,2023,12766,2298,0.180009
26085,MI,Lake County,LAKE,2024,13005,2341,0.180008
26087,MI,Lapeer County,LAPEER,2020,88587,15945,0.179993
26087,MI,Lapeer County,LAPEER,2021,88667,15960,0.179999
26087,MI,Lapeer County,LAPEER,2022,88701,15966,0.179998
26087,MI,Lapeer County,LAPEER,2023,89060,16031,0.180002
26087,MI,Lapeer County,LAPEER,2024,89168,16050,0.179997
26089,MI,Leelanau County,LEELANAU,2020,22308,4016,0.180025
26089,MI,Leelanau County,LEELANAU,2021,22630,4074,0.180027
26089,MI,Leelanau County,LEELANAU,2022,22891,4121,0.180027
26089,MI,Leelanau County,LEELANAU,2023,22970,4135,0.180017
26089,MI,Leelanau County,LEELANAU,2024,22871,4117,0.18001
26091,MI,Lenawee County,LENAWEE,2020,99318,17877,0.179998
26091,MI,Lenawee County,LENAWEE,2021,99105,17839,0.180001
26091,MI,Lenawee County,LENAWEE,2022,98284,17691,0.179999
26091,MI,Lenawee County,LENAWEE,2023,97621,17572,0.180002
26091,MI,Lenawee County,LENAWEE,2024,97746,17594,0.179997
26093,MI,Livingston County,LIVINGSTON,2020,193989,34918,0.18
26093,MI,Livingston County,LIVINGSTON,2021,195344,35162,0.18
26093,MI,Livingston County,LIVINGSTON,2022,196083,35295,0.18
26093,MI,Livingston County,LIVINGSTON,2023,196772,35419,0.18
26093,MI,Livingston County,LIVINGSTON,2024,196976,35456,0.180002
26095,MI,Luce County,LUCE,2020,6410,1154,0.180031
26095,MI,Luce County,LUCE,2021,6090,1096,0.179967
26095,MI,Luce County,LUCE,2022,6254,1126,0.180045
26095,MI,Luce County,LUCE,2023,6389,1150,0.179997
26095,MI,Luce County,LUCE,2024,6328,1139,0.179994
26097,MI,Mackinac County,MACKINAC,2020,10811,1946,0.180002
26097,MI,Mackinac County,MACKINAC,2021,10906,1963,0.179993
26097,MI,Mackinac County,MACKINAC,2022,10983,1977,0.180005
26097,MI,Mackinac County,MACKINAC,2023,10942,1970,0.18004
26097,MI,Mackinac County,MACKINAC,2024,11144,2006,0.180007
26099,MI,Macomb County,MACOMB,2020,880294,158453,0.18
26099,MI,Macomb County,MACOMB,2021,877789,158003,0.180001
26099,MI,Macomb County,MACOMB,2022,875735,157633,0.180001
26099,MI,Macomb County,MACOMB,2023,879271,158269,0.18
26099,MI,Macomb County,MACOMB,2024,886175,159512,0.180001
26101,MI,Manistee County,MANISTEE,2020,25070,4512,0.179976
26101,MI,Manistee County,MANISTEE,2021,25340,4561,0.179992
26101,MI,Manistee County,MANISTEE,2022,25334,4560,0.179995
26101,MI,Manistee County,MANISTEE,2023,25485,4587,0.179988
26101,MI,Manistee County,MANISTEE,2024,25519,4593,0.179984
26103,MI,Marquette County,MARQUETTE,2020,66544,11978,0.180001
26103,MI,Marquette County,MARQUETTE,2021,66278,11930,0.179999
26103,MI,Marquette County,MARQUETTE,2022,67103,12078,0.179992
26103,MI,Marquette County,MARQUETTE,2023,67654,12178,0.180004
26103,MI,Marquette County,MARQUETTE,2024,67979,12236,0.179997
26105,MI,Mason County,MASON,2020,29037,5227,0.180012
26105,MI,Mason County,MASON,2021,29350,5283,0.18
26105,MI,Mason County,MASON,2022,29357,5285,0.180025
26105,MI,Mason County,MASON,2023,29199,5256,0.180006
26105,MI,Mason County,MASON,2024,29093,5237,0.180009
26107,MI,Mecosta County,MECOSTA,2020,40426,7276,0.179983
26107,MI,Mecosta County,MECOSTA,2021,40692,7324,0.179986
26107,MI,Mecosta County,MECOSTA,2022,41424,7456,0.179992
26107,MI,Mecosta County,MECOSTA,2023,41722,7510,0.180001
26107,MI,Mecosta County,MECOSTA,2024,41947,7550,0.179989
26109,MI,Menominee County,MENOMINEE,2020,23450,4221,0.18
26109,MI,Menominee County,MENOMINEE,2021,23325,4198,0.179979
26109,MI,Menominee County,MENOMINEE,2022,23289,4192,0.179999
26109,MI,Menominee County,MENOMINEE,2023,23123,4162,0.179994
26109,MI,Menominee County,MENOMINEE,2024,23050,4149,0.18
26111,MI,Midland County,MIDLAND,2020,83493,15029,0.180003
26111,MI,Midland County,MIDLAND,2021,83504,15031,0.180003
26111,MI,Midland County,MIDLAND,2022,83761,15077,0.18
26111,MI,Midland County,MIDLAND,2023,84007,15121,0.179997
26111,MI,Midland County,MIDLAND,2024,84022,15124,0.18
26113,MI,Missaukee County,MISSAUKEE,2020,15067,2712,0.179996
26113,MI,Missaukee County,MISSAUKEE,2021,15176,2732,0.180021
26113,MI,Missaukee County,MISSAUKEE,2022,15228,2741,0.179997
26113,MI,Missaukee County,MISSAUKEE,2023,15325,2758,0.179967
26113,MI,Missaukee County,MISSAUKEE,2024,15239,2743,0.179999
26115,MI,Monroe County,MONROE,2020,154909,27884,0.180002
26115,MI,Monroe County,MONROE,2021,155569,28002,0.179997
26115,MI,Monroe County,MONROE,2022,155412,27974,0.179999
26115,MI,Monroe County,MONROE,2023,155590,28006,0.179999
26115,MI,Monroe County,MONROE,2024,156045,28088,0.179999
26117,MI,Montcalm County,MONTCALM,2020,66659,11999,0.180006
26117,MI,Montcalm County,MONTCALM,2021,67361,12125,0.18
26117,MI,Montcalm County,MONTCALM,2022,67317,12118,0.180014
26117,MI,Montcalm County,MONTCALM,2023,68431,12318,0.180006
26117,MI,Montcalm County,MONTCALM,2024,69314,12477,0.180007
26119,MI,Montmorency County,MONTMORENCY,2020,9170,1651,0.180044
26119,MI,Montmorency County,MONTMORENCY,2021,9304,1675,0.18003
26119,MI,Montmorency County,MONTMORENCY,2022,9563,1721,0.179964
26119,MI,Montmorency County,MONTMORENCY,2023,9714,1748,0.179946
26119,MI,Montmorency County,MONTMORENCY,2024,9828,1769,0.179996
26121,MI,Muskegon County,MUSKEGON,2020,174794,31463,0.18
26121,MI,Muskegon County,MUSKEGON,2021,175581,31605,0.180002
26121,MI,Muskegon County,MUSKEGON,2022,175526,31595,0.180002
26121,MI,Muskegon County,MUSKEGON,2023,176476,31766,0.180002
26121,MI,Muskegon County,MUSKEGON,2024,177428,31937,0.18
26123,MI,Newaygo County,NEWAYGO,2020,50095,9017,0.179998
26123,MI,Newaygo County,NEWAYGO,2021,50401,9072,0.179996
26123,MI,Newaygo County,NEWAYGO,2022,50771,9139,0.180004
26123,MI,Newaygo County,NEWAYGO,2023,51189,9214,0.18
26123,MI,Newaygo County,NEWAYGO,2024,51504,9271,0.180005
26125,MI,Oakland County,OAKLAND,2020,1272526,229055,0.18
26125,MI,Oakland County,OAKLAND,2021,1272776,229100,0.18
26125,MI,Oakland County,OAKLAND,2022,1275098,229518,0.18
26125,MI,Oakland County,OAKLAND,2023,1281836,230731,0.18
26125,MI,Oakland County,OAKLAND,2024,1296888,233440,0.18
26127,MI,Oceana County,OCEANA,2020,26716,4809,0.180004
26127,MI,Oceana County,OCEANA,2021,26873,4838,0.180032
26127,MI,Oceana County,OCEANA,2022,26964,4854,0.180018
26127,MI,Oceana County,OCEANA,2023,27010,4862,0.180007
26127,MI,Oceana County,OCEANA,2024,27014,4863,0.180018
26129,MI,Ogemaw County,OGEMAW,2020,20785,3741,0.179986
26129,MI,Ogemaw County,OGEMAW,2021,20781,3740,0.179972
26129,MI,Ogemaw County,OGEMAW,2022,20890,3760,0.17999
26129,MI,Ogemaw County,OGEMAW,2023,20983,3777,0.180003
26129,MI,Ogemaw County,OGEMAW,2024,20985,3777,0.179986
26131,MI,Ontonagon County,ONTONAGON,2020,5803,1044,0.179907
26131,MI,Ontonagon County,ONTONAGON,2021,5872,1057,0.180007
26131,MI,Ontonagon County,ONTONAGON,2022,5895,1061,0.179983
26131,MI,Ontonagon County,ONTONAGON,2023,5857,1054,0.179956
26131,MI,Ontonagon County,ONTONAGON,2024,5824,1048,0.179945
26133,MI,Osceola County,OSCEOLA,2020,22902,4122,0.179984
26133,MI,Osceola County,OSCEOLA,2021,23190,4174,0.179991
26133,MI,Osceola County,OSCEOLA,2022,23257,4186,0.179989
26133,MI,Osceola County,OSCEOLA,2023,23289,4192,0.179999
26133,MI,Osceola County,OSCEOLA,2024,23484,4227,0.179995
26135,MI,Oscoda County,OSCODA,2020,8235,1482,0.179964
26135,MI,Oscoda County,OSCODA,2021,8322,1498,0.180005
26135,MI,Oscoda County,OSCODA,2022,8400,1512,0.18
26135,MI,Oscoda County,OSCODA,2023,8572,1543,0.180005
26135,MI,Oscoda County,OSCODA,2024,8596,1547,0.179967
26137,MI,Otsego County,OTSEGO,2020,25135,4524,0.179988
26137,MI,Otsego County,OTSEGO,2021,25335,4560,0.179988
26137,MI,Otsego County,OTSEGO,2022,25583,4605,0.180002
26137,MI,Otsego County,OTSEGO,2023,25785,4641,0.179988
26137,MI,Otsego County,OTSEGO,2024,26083,4695,0.180002
26139,MI,Ottawa County,OTTAWA,2020,296899,53442,0.180001
26139,MI,Ottawa County,OTTAWA,2021,298394,53711,0.18
26139,MI,Ottawa County,OTTAWA,2022,300910,54164,0.180001
26139,MI,Ottawa County,OTTAWA,2023,303575,54643,0.179998
26139,MI,Ottawa County,OTTAWA,2024,306235,55122,0.179999
26141,MI,Presque Isle County,PRESQUE ISLE,2020,12999,2339,0.179937
26141,MI,Presque Isle County,PRESQUE ISLE,2021,13174,2371,0.179976
26141,MI,Presque Isle County,PRESQUE ISLE,2022,13357,2404,0.179981
26141,MI,Presque Isle County,PRESQUE ISLE,2023,13278,2390,0.179997
26141,MI,Presque Isle County,PRESQUE ISLE,2024,13230,2381,0.17997
26143,MI,Roscommon County,ROSCOMMON,2020,23465,4224,0.180013
26143,MI,Roscommon County,ROSCOMMON,2021,23651,4257,0.179992
26143,MI,Roscommon County,ROSCOMMON,2022,23711,4268,0.180001
26143,MI,Roscommon County,ROSCOMMON,2023,23920,4306,0.180017
26143,MI,Roscommon County,ROSCOMMON,2024,23932,4308,0.18001
26145,MI,Saginaw County,SAGINAW,2020,189883,34179,0.18
26145,MI,Saginaw County,SAGINAW,2021,189533,34116,0.18
26145,MI,Saginaw County,SAGINAW,2022,188425,33917,0.180003
26145,MI,Saginaw County,SAGINAW,2023,187769,33799,0.180003
26145,MI,Saginaw County,SAGINAW,2024,187714,33789,0.180003
26147,MI,St. Clair County,ST. CLAIR,2020,160394,28870,0.179994
26147,MI,St. Clair County,ST. CLAIR,2021,160243,28843,0.179995
26147,MI,St. Clair County,ST. CLAIR,2022,159882,28778,0.179995
26147,MI,St. Clair County,ST. CLAIR,2023,160280,28850,0.179998
26147,MI,St. Clair County,ST. CLAIR,2024,160308,28855,0.179997
26149,MI,St. Joseph County,ST. JOSEPH,2020,60942,10970,0.180007
26149,MI,St. Joseph County,ST. JOSEPH,2021,60857,10954,0.179996
26149,MI,St. Joseph County,ST. JOSEPH,2022,60814,10947,0.180008
26149,MI,St. Joseph County,ST. JOSEPH,2023,61062,10991,0.179997
26149,MI,St. Joseph County,ST. JOSEPH,2024,61171,11011,0.180004
26151,MI,Sanilac County,SANILAC,2020,40504,7291,0.180007
26151,MI,Sanilac County,SANILAC,2021,40545,7298,0.179998
26151,MI,Sanilac County,SANILAC,2022,40536,7297,0.180013
26151,MI,Sanilac County,SANILAC,2023,40434,7278,0.179997
26151,MI,Sanilac County,SANILAC,2024,40293,7253,0.180006
26153,MI,Schoolcraft County,SCHOOLCRAFT,2020,8057,1450,0.179968
26153,MI,Schoolcraft County,SCHOOLCRAFT,2021,8048,1449,0.180045
26153,MI,Schoolcraft County,SCHOOLCRAFT,2022,8189,1474,0.179998
26153,MI,Schoolcraft County,SCHOOLCRAFT,2023,8167,1470,0.179993
26153,MI,Schoolcraft County,SCHOOLCRAFT,2024,8178,1472,0.179995
26155,MI,Shiawassee County,SHIAWASSEE,2020,68004,12241,0.180004
26155,MI,Shiawassee County,SHIAWASSEE,2021,67992,12239,0.180006
26155,MI,Shiawassee County,SHIAWASSEE,2022,67970,12235,0.180006
26155,MI,Shiawassee County,SHIAWASSEE,2023,68005,12241,0.180001
26155,MI,Shiawassee County,SHIAWASSEE,2024,67982,12237,0.180004
26157,MI,Tuscola County,TUSCOLA,2020,53311,9596,0.18
26157,MI,Tuscola County,TUSCOLA,2021,53043,9547,0.179986
26157,MI,Tuscola County,TUSCOLA,2022,52932,9527,0.179986
26157,MI,Tuscola County,TUSCOLA,2023,52856,9514,0.179998
26157,MI,Tuscola County,TUSCOLA,2024,52757,9496,0.179995
26159,MI,Van Buren County,VAN BUREN,2020,75566,13602,0.180002
26159,MI,Van Buren County,VAN BUREN,2021,75685,13623,0.179996
26159,MI,Van Buren County,VAN BUREN,2022,75690,13624,0.179997
26159,MI,Van Buren County,VAN BUREN,2023,75905,13663,0.180001
26159,MI,Van Buren County,VAN BUREN,2024,76129,13703,0.179997
26161,MI,Washtenaw County,WASHTENAW,2020,371849,66933,0.18
26161,MI,Washtenaw County,WASHTENAW,2021,365041,65708,0.180002
26161,MI,Washtenaw County,WASHTENAW,2022,367947,66231,0.180001
26161,MI,Washtenaw County,WASHTENAW,2023,370398,66672,0.180001
26161,MI,Washtenaw County,WASHTENAW,2024,373875,67298,0.180001
26163,MI,Wayne County,WAYNE,2020,1316181,318791,0.242209
26163,MI,Wayne County,WAYNE,2021,1316181,318791,0.242209
26163,MI,Wayne County,WAYNE,2022,1316181,318791,0.242209
26163,MI,Wayne County,WAYNE,2023,1316181,318791,0.242209
26163,MI,Wayne County,WAYNE,2024,1316181,318791,0.242209
26165,MI,Wexford County,WEXFORD,2020,33689,6064,0.179999
26165,MI,Wexford County,WEXFORD,2021,33906,6103,0.179998
26165,MI,Wexford County,WEXFORD,2022,34062,6131,0.179995
26165,MI,Wexford County,WEXFORD,2023,34266,6168,0.180004
26165,MI,Wexford County,WEXFORD,2024,34460,6203,0.180006
27001,MN,Aitkin County,AITKIN,2020,15714,2593,0.165012
27001,MN,Aitkin County,AITKIN,2021,15951,2632,0.165005
27001,MN,Aitkin County,AITKIN,2022,16142,2663,0.164973
27001,MN,Aitkin County,AITKIN,2023,16139,2663,0.165004
27001,MN,Aitkin County,AITKIN,2024,16335,2695,0.164983
27003,MN,Anoka County,ANOKA,2020,364502,60143,0.165
27003,MN,Anoka County,ANOKA,2021,367835,60693,0.165001
27003,MN,Anoka County,ANOKA,2022,369479,60964,0.165
27003,MN,Anoka County,ANOKA,2023,373090,61560,0.165
27003,MN,Anoka County,ANOKA,2024,376840,62179,0.165001
27005,MN,Becker County,BECKER,2020,35205,5809,0.165005
27005,MN,Becker County,BECKER,2021,35348,5832,0.164988
27005,MN,Becker County,BECKER,2022,35387,5839,0.165004
27005,MN,Becker County,BECKER,2023,35330,5829,0.164987
27005,MN,Becker County,BECKER,2024,35444,5848,0.164993
27007,MN,Beltrami County,BELTRAMI,2020,46246,7631,0.165009
27007,MN,Beltrami County,BELTRAMI,2021,46477,7669,0.165006
27007,MN,Beltrami County,BELTRAMI,2022,46440,7663,0.165009
27007,MN,Beltrami County,BELTRAMI,2023,46635,7695,0.165005
27007,MN,Beltrami County,BELTRAMI,2024,46762,7716,0.165006
27009,MN,Benton County,BENTON,2020,41358,6824,0.164998
27009,MN,Benton County,BENTON,2021,41538,6853,0.164981
27009,MN,Benton County,BENTON,2022,41570,6859,0.164999
27009,MN,Benton County,BENTON,2023,41617,6866,0.164981
27009,MN,Benton County,BENTON,2024,41881,6910,0.164991
27011,MN,Big Stone County,BIG STONE,2020,5160,851,0.164922
27011,MN,Big Stone County,BIG STONE,2021,5169,853,0.165022
27011,MN,Big Stone County,BIG STONE,2022,5145,849,0.165015
27011,MN,Big Stone County,BIG STONE,2023,5095,841,0.165064
27011,MN,Big Stone County,BIG STONE,2024,5067,836,0.164989
27013,MN,Blue Earth County,BLUE EARTH,2020,69196,11418,0.16501
27013,MN,Blue Earth County,BLUE EARTH,2021,69382,11449,0.165014
27013,MN,Blue Earth County,BLUE EARTH,2022,69681,11498,0.165009
27013,MN,Blue Earth County,BLUE EARTH,2023,70396,11616,0.165009
27013,MN,Blue Earth County,BLUE EARTH,2024,70700,11666,0.165007
27015,MN,Brown County,BROWN,2020,25911,4275,0.164988
27015,MN,Brown County,BROWN,2021,25896,4273,0.165006
27015,MN,Brown County,BROWN,2022,25786,4255,0.165012
27015,MN,Brown County,BROWN,2023,25699,4240,0.164987
27015,MN,Brown County,BROWN,2024,25710,4242,0.164994
27017,MN,Carlton County,CARLTON,2020,36187,5971,0.165004
27017,MN,Carlton County,CARLTON,2021,36442,6013,0.165002
27017,MN,Carlton County,CARLTON,2022,36501,6023,0.165009
27017,MN,Carlton County,CARLTON,2023,36717,6058,0.164992
27017,MN,Carlton County,CARLTON,2024,36745,6063,0.165002
27019,MN,Carver County,CARVER,2020,107307,17706,0.165003
27019,MN,Carver County,CARVER,2021,108873,17964,0.165
27019,MN,Carver County,CARVER,2022,110215,18186,0.165005
27019,MN,Carver County,CARVER,2023,111180,18345,0.165003
27019,MN,Carver County,CARVER,2024,112628,18584,0.165003
27021,MN,Cass County,CASS,2020,30162,4977,0.165009
27021,MN,Cass County,CASS,2021,30677,5062,0.16501
27021,MN,Cass County,CASS,2022,31287,5162,0.164989
27021,MN,Cass County,CASS,2023,31393,5180,0.165005
27021,MN,Cass County,CASS,2024,31442,5188,0.165002
27023,MN,Chippewa County,CHIPPEWA,2020,12610,2080,0.164948
27023,MN,Chippewa County,CHIPPEWA,2021,12378,2042,0.16497
27023,MN,Chippewa County,CHIPPEWA,2022,12335,2035,0.164978
27023,MN,Chippewa County,CHIPPEWA,2023,12265,2023,0.164941
27023,MN,Chippewa County,CHIPPEWA,2024,12299,2029,0.164973
27025,MN,Chisago County,CHISAGO,2020,56718,9358,0.164992
27025,MN,Chisago County,CHISAGO,2021,57556,9496,0.164987
27025,MN,Chisago County,CHISAGO,2022,57918,9556,0.164992
27025,MN,Chisago County,CHISAGO,2023,58657,9678,0.164993
27025,MN,Chisago County,CHISAGO,2024,59105,9752,0.164995
27027,MN,Clay County,CLAY,2020,65359,10784,0.164996
27027,MN,Clay County,CLAY,2021,65674,10836,0.164997
27027,MN,Clay County,CLAY,2022,65989,10888,0.164997
27027,MN,Clay County,CLAY,2023,66425,10960,0.164998
27027,MN,Clay County,CLAY,2024,66848,11030,0.165001
27029,MN,Clearwater County,CLEARWATER,2020,8566,1413,0.164954
27029,MN,Clearwater County,CLEARWATER,2021,8568,1414,0.165033
27029,MN,Clearwater County,CLEARWATER,2022,8636,1425,0.165007
27029,MN,Clearwater County,CLEARWATER,2023,8680,1432,0.164977
27029,MN,Clearwater County,CLEARWATER,2024,8630,1424,0.165006
27031,MN,Cook County,COOK,2020,5599,924,0.165029
27031,MN,Cook County,COOK,2021,5632,929,0.16495
27031,MN,Cook County,COOK,2022,5732,946,0.165038
27031,MN,Cook County,COOK,2023,5643,931,0.164983
27031,MN,Cook County,COOK,2024,5571,919,0.164961
27033,MN,Cottonwood County,COTTONWOOD,2020,11521,1901,0.165003
27033,MN,Cottonwood County,COTTONWOOD,2021,11600,1914,0.165
27033,MN,Cottonwood County,COTTONWOOD,2022,11416,1884,0.165032
27033,MN,Cottonwood County,COTTONWOOD,2023,11417,1884,0.165017
27033,MN,Cottonwood County,COTTONWOOD,2024,11338,1871,0.16502
27035,MN,Crow Wing County,CROW WING,2020,66285,10937,0.165
27035,MN,Crow Wing County,CROW WING,2021,67355,11114,0.165006
27035,MN,Crow Wing County,CROW WING,2022,67862,11197,0.164997
27035,MN,Crow Wing County,CROW WING,2023,68286,11267,0.164997
27035,MN,Crow Wing County,CROW WING,2024,68642,11326,0.165001
27037,MN,Dakota County,DAKOTA,2020,440436,72672,0.165
27037,MN,Dakota County,DAKOTA,2021,442784,73060,0.165001
27037,MN,Dakota County,DAKOTA,2022,443982,73257,0.165
27037,MN,Dakota County,DAKOTA,2023,448495,74002,0.165001
27037,MN,Dakota County,DAKOTA,2024,453156,74771,0.165001
27039,MN,Dodge County,DODGE,2020,20888,3447,0.165023
27039,MN,Dodge County,DODGE,2021,20954,3457,0.16498
27039,MN,Dodge County,DODGE,2022,21027,3470,0.165026
27039,MN,Dodge County,DODGE,2023,21113,3484,0.165017
27039,MN,Dodge County,DODGE,2024,21242,3505,0.165003
27041,MN,Douglas County,DOUGLAS,2020,39093,6450,0.164991
27041,MN,Douglas County,DOUGLAS,2021,39312,6487,0.165013
27041,MN,Douglas County,DOUGLAS,2022,39665,6545,0.165007
27041,MN,Douglas County,DOUGLAS,2023,39874,6579,0.164995
27041,MN,Douglas County,DOUGLAS,2024,39933,6589,0.165001
27043,MN,Faribault County,FARIBAULT,2020,13896,2293,0.165012
27043,MN,Faribault County,FARIBAULT,2021,13905,2294,0.164977
27043,MN,Faribault County,FARIBAULT,2022,13957,2303,0.165007
27043,MN,Faribault County,FARIBAULT,2023,13926,2298,0.165015
27043,MN,Faribault County,FARIBAULT,2024,13886,2291,0.164986
27045,MN,Fillmore County,FILLMORE,2020,21245,3506,0.165027
27045,MN,Fillmore County,FILLMORE,2021,21335,3520,0.164987
27045,MN,Fillmore County,FILLMORE,2022,21475,3544,0.165029
27045,MN,Fillmore County,FILLMORE,2023,21512,3550,0.165024
27045,MN,Fillmore County,FILLMORE,2024,21502,3548,0.165008
27047,MN,Freeborn County,FREEBORN,2020,30891,5097,0.165
27047,MN,Freeborn County,FREEBORN,2021,30803,5083,0.165016
27047,MN,Freeborn County,FREEBORN,2022,30674,5061,0.164993
27047,MN,Freeborn County,FREEBORN,2023,30433,5022,0.165018
27047,MN,Freeborn County,FREEBORN,2024,30314,5002,0.165006
27049,MN,Goodhue County,GOODHUE,2020,47579,7851,0.16501
27049,MN,Goodhue County,GOODHUE,2021,48049,7928,0.164998
27049,MN,Goodhue County,GOODHUE,2022,48055,7929,0.164998
27049,MN,Goodhue County,GOODHUE,2023,48050,7928,0.164995
27049,MN,Goodhue County,GOODHUE,2024,47982,7917,0.164999
27051,MN,Grant County,GRANT,2020,6090,1005,0.165025
27051,MN,Grant County,GRANT,2021,6147,1014,0.164959
27051,MN,Grant County,GRANT,2022,6134,1012,0.164982
27051,MN,Grant County,GRANT,2023,6155,1016,0.165069
27051,MN,Grant County,GRANT,2024,6109,1008,0.165002
27053,MN,Hennepin County,HENNEPIN,2020,1281722,211484,0.165
27053,MN,Hennepin County,HENNEPIN,2021,1270232,209588,0.165
27053,MN,Hennepin County,HENNEPIN,2022,1258981,207732,0.165
27053,MN,Hennepin County,HENNEPIN,2023,1263210,208430,0.165
27053,MN,Hennepin County,HENNEPIN,2024,1273334,210100,0.165
27055,MN,Houston County,HOUSTON,2020,18823,3106,0.165011
27055,MN,Houston County,HOUSTON,2021,18796,3101,0.164982
27055,MN,Houston County,HOUSTON,2022,18715,3088,0.165001
27055,MN,Houston County,HOUSTON,2023,18577,3065,0.164989
27055,MN,Houston County,HOUSTON,2024,18352,3028,0.164996
27057,MN,Hubbard County,HUBBARD,2020,21389,3529,0.164991
27057,MN,Hubbard County,HUBBARD,2021,21744,3588,0.165011
27057,MN,Hubbard County,HUBBARD,2022,21925,3617,0.164971
27057,MN,Hubbard County,HUBBARD,2023,22045,3637,0.164981
27057,MN,Hubbard County,HUBBARD,2024,22050,3638,0.164989
27059,MN,Isanti County,ISANTI,2020,41390,6829,0.164992
27059,MN,Isanti County,ISANTI,2021,41964,6924,0.164999
27059,MN,Isanti County,ISANTI,2022,42725,7049,0.164985
27059,MN,Isanti County,ISANTI,2023,43212,7130,0.165
27059,MN,Isanti County,ISANTI,2024,43687,7208,0.164992
27061,MN,Itasca County,ITASCA,2020,45043,7432,0.164998
27061,MN,Itasca County,ITASCA,2021,45113,7444,0.165008
27061,MN,Itasca County,ITASCA,2022,45258,7468,0.16501
27061,MN,Itasca County,ITASCA,2023,45518,7511,0.165012
27061,MN,Itasca County,ITASCA,2024,45442,7498,0.165002
27063,MN,Jackson County,JACKSON,2020,9990,1648,0.164965
27063,MN,Jackson County,JACKSON,2021,10003,1650,0.164951
27063,MN,Jackson County,JACKSON,2022,9905,1634,0.164967
27063,MN,Jackson County,JACKSON,2023,9904,1634,0.164984
27063,MN,Jackson County,JACKSON,2024,9861,1627,0.164993
27065,MN,Kanabec County,KANABEC,2020,16058,2649,0.164965
27065,MN,Kanabec County,KANABEC,2021,16179,2669,0.164967
27065,MN,Kanabec County,KANABEC,2022,16465,2716,0.164956
27065,MN,Kanabec County,KANABEC,2023,16639,2745,0.164974
27065,MN,Kanabec County,KANABEC,2024,16608,2740,0.164981
27067,MN,Kandiyohi County,KANDIYOHI,2020,43723,7214,0.164993
27067,MN,Kandiyohi County,KANDIYOHI,2021,43818,7230,0.165001
27067,MN,Kandiyohi County,KANDIYOHI,2022,43904,7244,0.164996
27067,MN,Kandiyohi County,KANDIYOHI,2023,44277,7305,0.164984
27067,MN,Kandiyohi County,KANDIYOHI,2024,44674,7371,0.164995
27069,MN,Kittson County,KITTSON,2020,4190,692,0.165155
27069,MN,Kittson County,KITTSON,2021,4162,687,0.165065
27069,MN,Kittson County,KITTSON,2022,4058,670,0.165106
27069,MN,Kittson County,KITTSON,2023,4020,664,0.165174
27069,MN,Kittson County,KITTSON,2024,3992,659,0.16508
27071,MN,Koochiching County,KOOCHICHING,2020,12032,1985,0.164977
27071,MN,Koochiching County,KOOCHICHING,2021,11945,1971,0.165006
27071,MN,Koochiching County,KOOCHICHING,2022,11846,1955,0.165035
27071,MN,Koochiching County,KOOCHICHING,2023,11750,1939,0.165021
27071,MN,Koochiching County,KOOCHICHING,2024,11594,1913,0.164999
27073,MN,Lac qui Parle County,LAC QUI PARLE,2020,6700,1106,0.165075
27073,MN,Lac qui Parle County,LAC QUI PARLE,2021,6703,1106,0.165001
27073,MN,Lac qui Parle County,LAC QUI PARLE,2022,6688,1104,0.165072
27073,MN,Lac qui Parle County,LAC QUI PARLE,2023,6684,1103,0.165021
27073,MN,Lac qui Parle County,LAC QUI PARLE,2024,6636,1095,0.165009
27075,MN,Lake County,LAKE,2020,10911,1800,0.164971
27075,MN,Lake County,LAKE,2021,11006,1816,0.165001
27075,MN,Lake County,LAKE,2022,10919,1801,0.164942
27075,MN,Lake County,LAKE,2023,10861,1792,0.164994
27075,MN,Lake County,LAKE,2024,10698,1765,0.164984
27077,MN,Lake of the Woods County,LAKE OF THE WOODS,2020,3770,623,0.165252
27077,MN,Lake of the Woods County,LAKE OF THE WOODS,2021,3831,633,0.165231
27077,MN,Lake of the Woods County,LAKE OF THE WOODS,2022,3902,644,0.165044
27077,MN,Lake of the Woods County,LAKE OF THE WOODS,2023,3804,628,0.165089
27077,MN,Lake of the Woods County,LAKE OF THE WOODS,2024,3797,627,0.16513
27079,MN,Le Sueur County,LE SUEUR,2020,28648,4727,0.165003
27079,MN,Le Sueur County,LE SUEUR,2021,28918,4772,0.165018
27079,MN,Le Sueur County,LE SUEUR,2022,29205,4819,0.165006
27079,MN,Le Sueur County,LE SUEUR,2023,29334,4841,0.16503
27079,MN,Le Sueur County,LE SUEUR,2024,29458,4861,0.165015
27081,MN,Lincoln County,LINCOLN,2020,5639,930,0.164923
27081,MN,Lincoln County,LINCOLN,2021,5593,923,0.165028
27081,MN,Lincoln County,LINCOLN,2022,5626,928,0.164948
27081,MN,Lincoln County,LINCOLN,2023,5594,923,0.164998
27081,MN,Lincoln County,LINCOLN,2024,5564,918,0.164989
27083,MN,Lyon County,LYON,2020,25426,4195,0.164989
27083,MN,Lyon County,LYON,2021,25495,4206,0.164974
27083,MN,Lyon County,LYON,2022,25513,4209,0.164975
27083,MN,Lyon County,LYON,2023,25503,4208,0.165
27083,MN,Lyon County,LYON,2024,25577,4220,0.164992
27085,MN,McLeod County,MCLEOD,2020,36751,6064,0.165002
27085,MN,McLeod County,MCLEOD,2021,36819,6075,0.164996
27085,MN,McLeod County,MCLEOD,2022,36791,6071,0.165013
27085,MN,McLeod County,MCLEOD,2023,36850,6081,0.16502
27085,MN,McLeod County,MCLEOD,2024,36780,6069,0.165008
27087,MN,Mahnomen County,MAHNOMEN,2020,5391,890,0.16509
27087,MN,Mahnomen County,MAHNOMEN,2021,5415,894,0.165097
27087,MN,Mahnomen County,MAHNOMEN,2022,5354,884,0.16511
27087,MN,Mahnomen County,MAHNOMEN,2023,5332,880,0.165041
27087,MN,Mahnomen County,MAHNOMEN,2024,5296,874,0.16503
27089,MN,Marshall County,MARSHALL,2020,9043,1492,0.164989
27089,MN,Marshall County,MARSHALL,2021,9013,1487,0.164984
27089,MN,Marshall County,MARSHALL,2022,8890,1467,0.165017
27089,MN,Marshall County,MARSHALL,2023,8822,1455,0.164929
27089,MN,Marshall County,MARSHALL,2024,8771,1447,0.164975
27091,MN,Martin County,MARTIN,2020,19993,3299,0.165008
27091,MN,Martin County,MARTIN,2021,19933,3289,0.165003
27091,MN,Martin County,MARTIN,2022,19687,3249,0.165033
27091,MN,Martin County,MARTIN,2023,19728,3256,0.165045
27091,MN,Martin County,MARTIN,2024,19561,3228,0.165022
27093,MN,Meeker County,MEEKER,2020,23433,3866,0.164981
27093,MN,Meeker County,MEEKER,2021,23403,3861,0.164979
27093,MN,Meeker County,MEEKER,2022,23526,3882,0.165009
27093,MN,Meeker County,MEEKER,2023,23485,3875,0.164999
27093,MN,Meeker County,MEEKER,2024,23491,3876,0.164999
27095,MN,Mille Lacs County,MILLE LACS,2020,26456,4365,0.164991
27095,MN,Mille Lacs County,MILLE LACS,2021,26903,4439,0.165
27095,MN,Mille Lacs County,MILLE LACS,2022,27270,4499,0.16498
27095,MN,Mille Lacs County,MILLE LACS,2023,27418,4524,0.165001
27095,MN,Mille Lacs County,MILLE LACS,2024,27577,4550,0.164993
27097,MN,Morrison County,MORRISON,2020,34003,5611,0.165015
27097,MN,Morrison County,MORRISON,2021,34072,5622,0.165004
27097,MN,Morrison County,MORRISON,2022,34284,5657,0.165004
27097,MN,Morrison County,MORRISON,2023,34366,5671,0.165018
27097,MN,Morrison County,MORRISON,2024,34520,5696,0.165006
27099,MN,Mower County,MOWER,2020,40062,6610,0.164994
27099,MN,Mower County,MOWER,2021,40229,6637,0.16498
27099,MN,Mower County,MOWER,2022,40174,6628,0.164982
27099,MN,Mower County,MOWER,2023,40352,6658,0.164998
27099,MN,Mower County,MOWER,2024,40900,6748,0.164988
27101,MN,Murray County,MURRAY,2020,8166,1347,0.164952
27101,MN,Murray County,MURRAY,2021,8135,1342,0.164966
27101,MN,Murray County,MURRAY,2022,8051,1328,0.164948
27101,MN,Murray County,MURRAY,2023,8087,1334,0.164956
27101,MN,Murray County,MURRAY,2024,8044,1327,0.164968
27103,MN,Nicollet County,NICOLLET,2020,34498,5692,0.164995
27103,MN,Nicollet County,NICOLLET,2021,34361,5669,0.164984
27103,MN,Nicollet County,NICOLLET,2022,34381,5673,0.165004
27103,MN,Nicollet County,NICOLLET,2023,34320,5662,0.164977
27103,MN,Nicollet County,NICOLLET,2024,34493,5691,0.16499
27105,MN,Nobles County,NOBLES,2020,22207,3664,0.164993
27105,MN,Nobles County,NOBLES,2021,22076,3643,0.165021
27105,MN,Nobles County,NOBLES,2022,22030,3635,0.165002
27105,MN,Nobles County,NOBLES,2023,21921,3617,0.165002
27105,MN,Nobles County,NOBLES,2024,21969,3625,0.165005
27107,MN,Norman County,NORMAN,2020,6436,1062,0.165009
27107,MN,Norman County,NORMAN,2021,6443,1063,0.164985
27107,MN,Norman County,NORMAN,2022,6354,1049,0.165093
27107,MN,Norman County,NORMAN,2023,6318,1043,0.165084
27107,MN,Norman County,NORMAN,2024,6284,1037,0.165022
27109,MN,Olmsted County,OLMSTED,2020,163041,26902,0.165001
27109,MN,Olmsted County,OLMSTED,2021,163755,27020,0.165003
27109,MN,Olmsted County,OLMSTED,2022,164151,27085,0.165001
27109,MN,Olmsted County,OLMSTED,2023,165119,27245,0.165002
27109,MN,Olmsted County,OLMSTED,2024,166424,27460,0.165
27111,MN,Otter Tail County,OTTER TAIL,2020,60068,9911,0.164996
27111,MN,Otter Tail County,OTTER TAIL,2021,60206,9934,0.165
27111,MN,Otter Tail County,OTTER TAIL,2022,60530,9988,0.165009
27111,MN,Otter Tail County,OTTER TAIL,2023,60687,10013,0.164994
27111,MN,Otter Tail County,OTTER TAIL,2024,60884,10046,0.165002
27113,MN,Pennington County,PENNINGTON,2020,13950,2302,0.165018
27113,MN,Pennington County,PENNINGTON,2021,13790,2276,0.165047
27113,MN,Pennington County,PENNINGTON,2022,13832,2283,0.165052
27113,MN,Pennington County,PENNINGTON,2023,13732,2266,0.165016
27113,MN,Pennington County,PENNINGTON,2024,13652,2253,0.165031
27115,MN,Pine County,PINE,2020,28891,4767,0.164999
27115,MN,Pine County,PINE,2021,29410,4853,0.165012
27115,MN,Pine County,PINE,2022,29458,4861,0.165015
27115,MN,Pine County,PINE,2023,30124,4971,0.165018
27115,MN,Pine County,PINE,2024,30319,5003,0.165012
27117,MN,Pipestone County,PIPESTONE,2020,9414,1554,0.165073
27117,MN,Pipestone County,PIPESTONE,2021,9352,1544,0.165098
27117,MN,Pipestone County,PIPESTONE,2022,9320,1538,0.165021
27117,MN,Pipestone County,PIPESTONE,2023,9235,1524,0.165024
27117,MN,Pipestone County,PIPESTONE,2024,9100,1502,0.165055
27119,MN,Polk County,POLK,2020,31081,5128,0.164988
27119,MN,Polk County,POLK,2021,30831,5087,0.164996
27119,MN,Polk County,POLK,2022,30760,5075,0.164987
27119,MN,Polk County,POLK,2023,30438,5022,0.164991
27119,MN,Polk County,POLK,2024,30413,5018,0.164995
27121,MN,Pope County,POPE,2020,11330,1870,0.165049
27121,MN,Pope County,POPE,2021,11418,1884,0.165003
27121,MN,Pope County,POPE,2022,11429,1886,0.165019
27121,MN,Pope County,POPE,2023,11419,1884,0.164988
27121,MN,Pope County,POPE,2024,11495,1897,0.165028
27123,MN,Ramsey County,RAMSEY,2020,551739,91036,0.164998
27123,MN,Ramsey County,RAMSEY,2021,544068,89771,0.165
27123,MN,Ramsey County,RAMSEY,2022,538430,88840,0.164998
27123,MN,Ramsey County,RAMSEY,2023,538474,88848,0.165
27123,MN,Ramsey County,RAMSEY,2024,542015,89432,0.164999
27125,MN,Red Lake County,RED LAKE,2020,3942,651,0.165145
27125,MN,Red Lake County,RED LAKE,2021,3949,652,0.165105
27125,MN,Red Lake County,RED LAKE,2022,3888,642,0.165123
27125,MN,Red Lake County,RED LAKE,2023,3913,646,0.165091
27125,MN,Red Lake County,RED LAKE,2024,3882,641,0.165121
27127,MN,Redwood County,REDWOOD,2020,15422,2545,0.165024
27127,MN,Redwood County,REDWOOD,2021,15394,2540,0.164999
27127,MN,Redwood County,REDWOOD,2022,15362,2535,0.165018
27127,MN,Redwood County,REDWOOD,2023,15320,2528,0.165013
27127,MN,Redwood County,REDWOOD,2024,15254,2517,0.165006
27129,MN,Renville County,RENVILLE,2020,14686,2423,0.164987
27129,MN,Renville County,RENVILLE,2021,14600,2409,0.165
27129,MN,Renville County,RENVILLE,2022,14540,2399,0.164993
27129,MN,Renville County,RENVILLE,2023,14509,2394,0.165001
27129,MN,Renville County,RENVILLE,2024,14453,2385,0.165018
27131,MN,Rice County,RICE,2020,67100,11071,0.164993
27131,MN,Rice County,RICE,2021,67344,11112,0.165004
27131,MN,Rice County,RICE,2022,67696,11170,0.165002
27131,MN,Rice County,RICE,2023,68420,11289,0.164996
27131,MN,Rice County,RICE,2024,69025,11389,0.164998
27133,MN,Rock County,ROCK,2020,9687,1599,0.165067
27133,MN,Rock County,ROCK,2021,9697,1600,0.164999
27133,MN,Rock County,ROCK,2022,9596,1584,0.165069
27133,MN,Rock County,ROCK,2023,9601,1585,0.165087
27133,MN,Rock County,ROCK,2024,9525,1572,0.165039
27135,MN,Roseau County,ROSEAU,2020,15310,2526,0.16499
27135,MN,Roseau County,ROSEAU,2021,15284,2522,0.165009
27135,MN,Roseau County,ROSEAU,2022,15359,2535,0.16505
27135,MN,Roseau County,ROSEAU,2023,15293,2524,0.165043
27135,MN,Roseau County,ROSEAU,2024,15265,2519,0.165018
27137,MN,St. Louis County,ST. LOUIS,2020,200083,33014,0.165002
27137,MN,St. Louis County,ST. LOUIS,2021,199522,32921,0.164999
27137,MN,St. Louis County,ST. LOUIS,2022,199598,32934,0.165002
27137,MN,St. Louis County,ST. LOUIS,2023,200618,33102,0.165
27137,MN,St. Louis County,ST. LOUIS,2024,200794,33131,0.165
27139,MN,Scott County,SCOTT,2020,151356,24974,0.165002
27139,MN,Scott County,SCOTT,2021,153633,25349,0.164997
27139,MN,Scott County,SCOTT,2022,154606,25510,0.165
27139,MN,Scott County,SCOTT,2023,155986,25738,0.165002
27139,MN,Scott County,SCOTT,2024,157206,25939,0.165
27141,MN,Sherburne County,SHERBURNE,2020,97589,16102,0.164998
27141,MN,Sherburne County,SHERBURNE,2021,99220,16372,0.165007
27141,MN,Sherburne County,SHERBURNE,2022,100617,16602,0.165002
27141,MN,Sherburne County,SHERBURNE,2023,102313,16882,0.165003
27141,MN,Sherburne County,SHERBURNE,2024,103059,17005,0.165003
27143,MN,Sibley County,SIBLEY,2020,14801,2442,0.164989
27143,MN,Sibley County,SIBLEY,2021,14935,2464,0.164982
27143,MN,Sibley County,SIBLEY,2022,14964,2469,0.164996
27143,MN,Sibley County,SIBLEY,2023,15131,2497,0.165025
27143,MN,Sibley County,SIBLEY,2024,15194,2507,0.164999
27145,MN,Stearns County,STEARNS,2020,158488,26151,0.165003
27145,MN,Stearns County,STEARNS,2021,159222,26272,0.165002
27145,MN,Stearns County,STEARNS,2022,160556,26492,0.165002
27145,MN,Stearns County,STEARNS,2023,162060,26740,0.165001
27145,MN,Stearns County,STEARNS,2024,163997,27060,0.165003
27147,MN,Steele County,STEELE,2020,37381,6168,0.165004
27147,MN,Steele County,STEELE,2021,37432,6177,0.165019
27147,MN,Steele County,STEELE,2022,37470,6183,0.165012
27147,MN,Steele County,STEELE,2023,37476,6184,0.165012
27147,MN,Steele County,STEELE,2024,37434,6177,0.16501
27149,MN,Stevens County,STEVENS,2020,9664,1594,0.164942
27149,MN,Stevens County,STEVENS,2021,9687,1598,0.164963
27149,MN,Stevens County,STEVENS,2022,9692,1599,0.164981
27149,MN,Stevens County,STEVENS,2023,9834,1622,0.164938
27149,MN,Stevens County,STEVENS,2024,9819,1620,0.164986
27151,MN,Swift County,SWIFT,2020,9816,1620,0.165037
27151,MN,Swift County,SWIFT,2021,9800,1617,0.165
27151,MN,Swift County,SWIFT,2022,9774,1613,0.16503
27151,MN,Swift County,SWIFT,2023,9686,1598,0.16498
27151,MN,Swift County,SWIFT,2024,9666,1595,0.165011
27153,MN,Todd County,TODD,2020,25290,4173,0.165006
27153,MN,Todd County,TODD,2021,25289,4173,0.165012
27153,MN,Todd County,TODD,2022,25568,4219,0.165011
27153,MN,Todd County,TODD,2023,25773,4253,0.165018
27153,MN,Todd County,TODD,2024,25955,4283,0.165016
27155,MN,Traverse County,TRAVERSE,2020,3360,554,0.164881
27155,MN,Traverse County,TRAVERSE,2021,3280,541,0.164939
27155,MN,Traverse County,TRAVERSE,2022,3261,538,0.16498
27155,MN,Traverse County,TRAVERSE,2023,3175,524,0.165039
27155,MN,Traverse County,TRAVERSE,2024,3134,517,0.164965
27157,MN,Wabasha County,WABASHA,2020,21399,3531,0.165008
27157,MN,Wabasha County,WABASHA,2021,21512,3550,0.165024
27157,MN,Wabasha County,WABASHA,2022,21654,3573,0.165004
27157,MN,Wabasha County,WABASHA,2023,21685,3578,0.164999
27157,MN,Wabasha County,WABASHA,2024,21574,3560,0.165013
27159,MN,Wadena County,WADENA,2020,14120,2330,0.165014
27159,MN,Wadena County,WADENA,2021,14146,2334,0.164994
27159,MN,Wadena County,WADENA,2022,14284,2357,0.16501
27159,MN,Wadena County,WADENA,2023,14293,2358,0.164976
27159,MN,Wadena County,WADENA,2024,14437,2382,0.164993
27161,MN,Waseca County,WASECA,2020,18955,3128,0.165022
27161,MN,Waseca County,WASECA,2021,18997,3135,0.165026
27161,MN,Waseca County,WASECA,2022,18884,3116,0.165007
27161,MN,Waseca County,WASECA,2023,18905,3119,0.164983
27161,MN,Waseca County,WASECA,2024,18684,3083,0.165007
27163,MN,Washington County,WASHINGTON,2020,268400,44286,0.165
27163,MN,Washington County,WASHINGTON,2021,272904,45029,0.164999
27163,MN,Washington County,WASHINGTON,2022,276530,45627,0.164998
27163,MN,Washington County,WASHINGTON,2023,279398,46100,0.164998
27163,MN,Washington County,WASHINGTON,2024,283960,46853,0.164999
27165,MN,Watonwan County,WATONWAN,2020,11238,1855,0.165065
27165,MN,Watonwan County,WATONWAN,2021,11161,1842,0.165039
27165,MN,Watonwan County,WATONWAN,2022,11245,1856,0.165051
27165,MN,Watonwan County,WATONWAN,2023,11179,1845,0.165042
27165,MN,Watonwan County,WATONWAN,2024,11204,1849,0.16503
27167,MN,Wilkin County,WILKIN,2020,6480,1069,0.164969
27167,MN,Wilkin County,WILKIN,2021,6413,1058,0.164977
27167,MN,Wilkin County,WILKIN,2022,6363,1050,0.165017
27167,MN,Wilkin County,WILKIN,2023,6330,1044,0.164929
27167,MN,Wilkin County,WILKIN,2024,6268,1034,0.164965
27169,MN,Winona County,WINONA,2020,49672,8196,0.165002
27169,MN,Winona County,WINONA,2021,49819,8221,0.165017
27169,MN,Winona County,WINONA,2022,49585,8182,0.16501
27169,MN,Winona County,WINONA,2023,49846,8225,0.165008
27169,MN,Winona County,WINONA,2024,49973,8246,0.165009
27171,MN,Wright County,WRIGHT,2020,141875,23410,0.165004
27171,MN,Wright County,WRIGHT,2021,145209,23960,0.165004
27171,MN,Wright County,WRIGHT,2022,148218,24456,0.165
27171,MN,Wright County,WRIGHT,2023,151452,24990,0.165003
27171,MN,Wright County,WRIGHT,2024,154593,25508,0.165001
27173,MN,Yellow Medicine County,YELLOW MEDICINE,2020,9490,1566,0.165016
27173,MN,Yellow Medicine County,YELLOW MEDICINE,2021,9437,1558,0.165095
27173,MN,Yellow Medicine County,YELLOW MEDICINE,2022,9484,1565,0.165015
27173,MN,Yellow Medicine County,YELLOW MEDICINE,2023,9471,1563,0.16503
27173,MN,Yellow Medicine County,YELLOW MEDICINE,2024,9373,1547,0.165049
28001,MS,Adams County,ADAMS,2020,29427,5003,0.170014
28001,MS,Adams County,ADAMS,2021,28504,4846,0.170011
28001,MS,Adams County,ADAMS,2022,28558,4855,0.170005
28001,MS,Adams County,ADAMS,2023,28854,4906,0.170028
28001,MS,Adams County,ADAMS,2024,28674,4875,0.170015
28003,MS,Alcorn County,ALCORN,2020,34732,5905,0.170016
28003,MS,Alcorn County,ALCORN,2021,34344,5839,0.170015
28003,MS,Alcorn County,ALCORN,2022,34094,5796,0.170001
28003,MS,Alcorn County,ALCORN,2023,34046,5788,0.170005
28003,MS,Alcorn County,ALCORN,2024,34228,5819,0.170007
28005,MS,Amite County,AMITE,2020,12702,2160,0.170052
28005,MS,Amite County,AMITE,2021,12626,2147,0.170046
28005,MS,Amite County,AMITE,2022,12572,2138,0.17006
28005,MS,Amite County,AMITE,2023,12474,2121,0.170034
28005,MS,Amite County,AMITE,2024,12451,2117,0.170027
28007,MS,Attala County,ATTALA,2020,17817,3029,0.170006
28007,MS,Attala County,ATTALA,2021,17716,3012,0.170016
28007,MS,Attala County,ATTALA,2022,17529,2980,0.170004
28007,MS,Attala County,ATTALA,2023,17346,2949,0.17001
28007,MS,Attala County,ATTALA,2024,17222,2928,0.170015
28009,MS,Benton County,BENTON,2020,7669,1304,0.170035
28009,MS,Benton County,BENTON,2021,7645,1299,0.169915
28009,MS,Benton County,BENTON,2022,7574,1287,0.169923
28009,MS,Benton County,BENTON,2023,7491,1273,0.169937
28009,MS,Benton County,BENTON,2024,7566,1286,0.169971
28011,MS,Bolivar County,BOLIVAR,2020,30843,5243,0.16999
28011,MS,Bolivar County,BOLIVAR,2021,30140,5124,0.170007
28011,MS,Bolivar County,BOLIVAR,2022,29443,5005,0.169989
28011,MS,Bolivar County,BOLIVAR,2023,28850,4904,0.169983
28011,MS,Bolivar County,BOLIVAR,2024,28395,4827,0.169995
28013,MS,Calhoun County,CALHOUN,2020,13216,2247,0.170021
28013,MS,Calhoun County,CALHOUN,2021,12962,2203,0.169958
28013,MS,Calhoun County,CALHOUN,2022,12913,2195,0.169984
28013,MS,Calhoun County,CALHOUN,2023,12766,2170,0.169983
28013,MS,Calhoun County,CALHOUN,2024,12754,2168,0.169986
28015,MS,Carroll County,CARROLL,2020,9940,1690,0.17002
28015,MS,Carroll County,CARROLL,2021,9831,1671,0.169973
28015,MS,Carroll County,CARROLL,2022,9747,1657,0.170001
28015,MS,Carroll County,CARROLL,2023,9532,1620,0.169954
28015,MS,Carroll County,CARROLL,2024,9378,1594,0.169972
28017,MS,Chickasaw County,CHICKASAW,2020,17083,2905,0.170052
28017,MS,Chickasaw County,CHICKASAW,2021,17011,2892,0.170008
28017,MS,Chickasaw County,CHICKASAW,2022,16870,2868,0.170006
28017,MS,Chickasaw County,CHICKASAW,2023,16838,2863,0.170032
28017,MS,Chickasaw County,CHICKASAW,2024,16774,2852,0.170025
28019,MS,Choctaw County,CHOCTAW,2020,8207,1395,0.169977
28019,MS,Choctaw County,CHOCTAW,2021,8134,1382,0.169904
28019,MS,Choctaw County,CHOCTAW,2022,8086,1374,0.169923
28019,MS,Choctaw County,CHOCTAW,2023,8072,1372,0.16997
28019,MS,Choctaw County,CHOCTAW,2024,8091,1375,0.169942
28021,MS,Claiborne County,CLAIBORNE,2020,9096,1547,0.170075
28021,MS,Claiborne County,CLAIBORNE,2021,8668,1474,0.170051
28021,MS,Claiborne County,CLAIBORNE,2022,8599,1462,0.17002
28021,MS,Claiborne County,CLAIBORNE,2023,8425,1433,0.170089
28021,MS,Claiborne County,CLAIBORNE,2024,8122,1381,0.170032
28023,MS,Clarke County,CLARKE,2020,15547,2643,0.170001
28023,MS,Clarke County,CLARKE,2021,15417,2621,0.170007
28023,MS,Clarke County,CLARKE,2022,15212,2586,0.169997
28023,MS,Clarke County,CLARKE,2023,15240,2590,0.169948
28023,MS,Clarke County,CLARKE,2024,15155,2576,0.169977
28025,MS,Clay County,CLAY,2020,18621,3165,0.169969
28025,MS,Clay County,CLAY,2021,18482,3142,0.170003
28025,MS,Clay County,CLAY,2022,18334,3117,0.170012
28025,MS,Clay County,CLAY,2023,18265,3105,0.169997
28025,MS,Clay County,CLAY,2024,18213,3096,0.169988
28027,MS,Coahoma County,COAHOMA,2020,21228,3609,0.170011
28027,MS,Coahoma County,COAHOMA,2021,20712,3521,0.169998
28027,MS,Coahoma County,COAHOMA,2022,20404,3469,0.170016
28027,MS,Coahoma County,COAHOMA,2023,20253,3443,0.17
28027,MS,Coahoma County,COAHOMA,2024,20105,3418,0.170007
28029,MS,Copiah County,COPIAH,2020,28271,4806,0.169998
28029,MS,Copiah County,COPIAH,2021,27918,4746,0.169998
28029,MS,Copiah County,COPIAH,2022,27811,4728,0.170005
28029,MS,Copiah County,COPIAH,2023,27737,4715,0.16999
28029,MS,Copiah County,COPIAH,2024,27536,4681,0.169996
28031,MS,Covington County,COVINGTON,2020,18301,3112,0.170045
28031,MS,Covington County,COVINGTON,2021,18280,3108,0.170022
28031,MS,Covington County,COVINGTON,2022,18126,3082,0.170032
28031,MS,Covington County,COVINGTON,2023,18020,3064,0.170033
28031,MS,Covington County,COVINGTON,2024,18015,3063,0.170025
28033,MS,DeSoto County,DESOTO,2020,186129,31642,0.17
28033,MS,DeSoto County,DESOTO,2021,188957,32123,0.170002
28033,MS,DeSoto County,DESOTO,2022,191585,32569,0.169998
28033,MS,DeSoto County,DESOTO,2023,193961,32973,0.169998
28033,MS,DeSoto County,DESOTO,2024,195871,33298,0.17
28035,MS,Forrest County,FORREST,2020,78212,13296,0.169999
28035,MS,Forrest County,FORREST,2021,77996,13259,0.169996
28035,MS,Forrest County,FORREST,2022,78284,13308,0.169996
28035,MS,Forrest County,FORREST,2023,78432,13333,0.169994
28035,MS,Forrest County,FORREST,2024,78435,13334,0.170001
28037,MS,Franklin County,FRANKLIN,2020,7661,1303,0.170082
28037,MS,Franklin County,FRANKLIN,2021,7686,1307,0.170049
28037,MS,Franklin County,FRANKLIN,2022,7619,1296,0.170101
28037,MS,Franklin County,FRANKLIN,2023,7626,1297,0.170076
28037,MS,Franklin County,FRANKLIN,2024,7516,1278,0.170037
28039,MS,George County,GEORGE,2020,24367,4143,0.170025
28039,MS,George County,GEORGE,2021,24795,4216,0.170034
28039,MS,George County,GEORGE,2022,25219,4288,0.170031
28039,MS,George County,GEORGE,2023,25589,4351,0.170034
28039,MS,George County,GEORGE,2024,25880,4400,0.170015
28041,MS,Greene County,GREENE,2020,13529,2300,0.170005
28041,MS,Greene County,GREENE,2021,13664,2323,0.170009
28041,MS,Greene County,GREENE,2022,13583,2309,0.169992
28041,MS,Greene County,GREENE,2023,13625,2316,0.169982
28041,MS,Greene County,GREENE,2024,13675,2325,0.170018
28043,MS,Grenada County,GRENADA,2020,21577,3668,0.169996
28043,MS,Grenada County,GRENADA,2021,21324,3625,0.169996
28043,MS,Grenada County,GRENADA,2022,21152,3596,0.170008
28043,MS,Grenada County,GRENADA,2023,21103,3587,0.169976
28043,MS,Grenada County,GRENADA,2024,20931,3558,0.169987
28045,MS,Hancock County,HANCOCK,2020,46130,7842,0.169998
28045,MS,Hancock County,HANCOCK,2021,46004,7821,0.170007
28045,MS,Hancock County,HANCOCK,2022,46047,7828,0.17
28045,MS,Hancock County,HANCOCK,2023,46161,7848,0.170014
28045,MS,Hancock County,HANCOCK,2024,46492,7904,0.170008
28047,MS,Harrison County,HARRISON,2020,208835,35502,0.17
28047,MS,Harrison County,HARRISON,2021,209526,35619,0.169998
28047,MS,Harrison County,HARRISON,2022,210972,35865,0.169999
28047,MS,Harrison County,HARRISON,2023,211394,35937,0.17
28047,MS,Harrison County,HARRISON,2024,213730,36334,0.17
28049,MS,Hinds County,HINDS,2020,226772,38552,0.170003
28049,MS,Hinds County,HINDS,2021,222017,37743,0.17
28049,MS,Hinds County,HINDS,2022,217383,36955,0.169999
28049,MS,Hinds County,HINDS,2023,214517,36468,0.170001
28049,MS,Hinds County,HINDS,2024,211975,36036,0.170001
28051,MS,Holmes County,HOLMES,2020,16876,2869,0.170005
28051,MS,Holmes County,HOLMES,2021,16535,2811,0.170003
28051,MS,Holmes County,HOLMES,2022,16147,2745,0.170001
28051,MS,Holmes County,HOLMES,2023,15836,2692,0.169992
28051,MS,Holmes County,HOLMES,2024,15560,2645,0.169987
28053,MS,Humphreys County,HUMPHREYS,2020,7735,1315,0.170006
28053,MS,Humphreys County,HUMPHREYS,2021,7558,1285,0.170019
28053,MS,Humphreys County,HUMPHREYS,2022,7342,1249,0.170117
28053,MS,Humphreys County,HUMPHREYS,2023,7217,1227,0.170015
28053,MS,Humphreys County,HUMPHREYS,2024,7121,1211,0.17006
28055,MS,Issaquena County,ISSAQUENA,2020,1325,225,0.169811
28055,MS,Issaquena County,ISSAQUENA,2021,1318,224,0.169954
28055,MS,Issaquena County,ISSAQUENA,2022,1284,218,0.169782
28055,MS,Issaquena County,ISSAQUENA,2023,1280,217,0.169531
28055,MS,Issaquena County,ISSAQUENA,2024,1295,220,0.169884
28057,MS,Itawamba County,ITAWAMBA,2020,23865,4057,0.169998
28057,MS,Itawamba County,ITAWAMBA,2021,23945,4071,0.170015
28057,MS,Itawamba County,ITAWAMBA,2022,24034,4086,0.170009
28057,MS,Itawamba County,ITAWAMBA,2023,24139,4104,0.170015
28057,MS,Itawamba County,ITAWAMBA,2024,24198,4114,0.170014
28059,MS,Jackson County,JACKSON,2020,143378,24374,0.169998
28059,MS,Jackson County,JACKSON,2021,144482,24562,0.17
28059,MS,Jackson County,JACKSON,2022,145218,24687,0.17
28059,MS,Jackson County,JACKSON,2023,146165,24848,0.17
28059,MS,Jackson County,JACKSON,2024,147002,24990,0.169998
28061,MS,Jasper County,JASPER,2020,16352,2780,0.17001
28061,MS,Jasper County,JASPER,2021,16155,2747,0.17004
28061,MS,Jasper County,JASPER,2022,16020,2724,0.170037
28061,MS,Jasper County,JASPER,2023,15970,2715,0.170006
28061,MS,Jasper County,JASPER,2024,15799,2686,0.170011
28063,MS,Jefferson County,JEFFERSON,2020,7245,1232,0.170048
28063,MS,Jefferson County,JEFFERSON,2021,7137,1213,0.169959
28063,MS,Jefferson County,JEFFERSON,2022,7086,1205,0.170054
28063,MS,Jefferson County,JEFFERSON,2023,6974,1186,0.17006
28063,MS,Jefferson County,JEFFERSON,2024,6900,1173,0.17
28065,MS,Jefferson Davis County,JEFFERSON DAVIS,2020,11274,1917,0.170037
28065,MS,Jefferson Davis County,JEFFERSON DAVIS,2021,11170,1899,0.170009
28065,MS,Jefferson Davis County,JEFFERSON DAVIS,2022,11086,1885,0.170034
28065,MS,Jefferson Davis County,JEFFERSON DAVIS,2023,10997,1869,0.169955
28065,MS,Jefferson Davis County,JEFFERSON DAVIS,2024,11059,1880,0.169997
28067,MS,Jones County,JONES,2020,67173,11419,0.169994
28067,MS,Jones County,JONES,2021,66747,11347,0.17
28067,MS,Jones County,JONES,2022,66464,11299,0.170002
28067,MS,Jones County,JONES,2023,66141,11244,0.17
28067,MS,Jones County,JONES,2024,65837,11192,0.169996
28069,MS,Kemper County,KEMPER,2020,8962,1524,0.170051
28069,MS,Kemper County,KEMPER,2021,8809,1498,0.170053
28069,MS,Kemper County,KEMPER,2022,8692,1478,0.170041
28069,MS,Kemper County,KEMPER,2023,8620,1466,0.17007
28069,MS,Kemper County,KEMPER,2024,8562,1456,0.170054
28071,MS,Lafayette County,LAFAYETTE,2020,55916,9505,0.169987
28071,MS,Lafayette County,LAFAYETTE,2021,57700,9809,0.17
28071,MS,Lafayette County,LAFAYETTE,2022,58776,9992,0.170001
28071,MS,Lafayette County,LAFAYETTE,2023,59400,10098,0.17
28071,MS,Lafayette County,LAFAYETTE,2024,59843,10173,0.169995
28073,MS,Lamar County,LAMAR,2020,64393,10947,0.170003
28073,MS,Lamar County,LAMAR,2021,65420,11122,0.170009
28073,MS,Lamar County,LAMAR,2022,65811,11188,0.170002
28073,MS,Lamar County,LAMAR,2023,66207,11255,0.169997
28073,MS,Lamar County,LAMAR,2024,66734,11345,0.170003
28075,MS,Lauderdale County,LAUDERDALE,2020,72676,12355,0.170001
28075,MS,Lauderdale County,LAUDERDALE,2021,72032,12245,0.169994
28075,MS,Lauderdale County,LAUDERDALE,2022,71323,12125,0.170001
28075,MS,Lauderdale County,LAUDERDALE,2023,70901,12053,0.169998
28075,MS,Lauderdale County,LAUDERDALE,2024,70588,12000,0.170001
28077,MS,Lawrence County,LAWRENCE,2020,11984,2037,0.169977
28077,MS,Lawrence County,LAWRENCE,2021,11790,2004,0.169975
28077,MS,Lawrence County,LAWRENCE,2022,11766,2000,0.169981
28077,MS,Lawrence County,LAWRENCE,2023,11718,1992,0.169995
28077,MS,Lawrence County,LAWRENCE,2024,11672,1984,0.169979
28079,MS,Leake County,LEAKE,2020,21250,3613,0.170024
28079,MS,Leake County,LEAKE,2021,21270,3616,0.170005
28079,MS,Leake County,LEAKE,2022,21279,3618,0.170027
28079,MS,Leake County,LEAKE,2023,21336,3628,0.170041
28079,MS,Leake County,LEAKE,2024,21462,3649,0.170021
28081,MS,Lee County,LEE,2020,83319,14164,0.169997
28081,MS,Lee County,LEE,2021,83002,14110,0.169996
28081,MS,Lee County,LEE,2022,82946,14101,0.170002
28081,MS,Lee County,LEE,2023,82893,14092,0.170002
28081,MS,Lee County,LEE,2024,83012,14112,0.17
28083,MS,Leflore County,LEFLORE,2020,28341,4818,0.170001
28083,MS,Leflore County,LEFLORE,2021,27676,4705,0.170003
28083,MS,Leflore County,LEFLORE,2022,26938,4580,0.17002
28083,MS,Leflore County,LEFLORE,2023,26595,4521,0.169994
28083,MS,Leflore County,LEFLORE,2024,26157,4447,0.170012
28085,MS,Lincoln County,LINCOLN,2020,34844,5924,0.170015
28085,MS,Lincoln County,LINCOLN,2021,34961,5944,0.170018
28085,MS,Lincoln County,LINCOLN,2022,34807,5918,0.170023
28085,MS,Lincoln County,LINCOLN,2023,34815,5919,0.170013
28085,MS,Lincoln County,LINCOLN,2024,34956,5943,0.170014
28087,MS,Lowndes County,LOWNDES,2020,58783,9993,0.169998
28087,MS,Lowndes County,LOWNDES,2021,58133,9883,0.170007
28087,MS,Lowndes County,LOWNDES,2022,57694,9808,0.17
28087,MS,Lowndes County,LOWNDES,2023,57369,9753,0.170005
28087,MS,Lowndes County,LOWNDES,2024,57210,9726,0.170005
28089,MS,Madison County,MADISON,2020,109252,18573,0.170001
28089,MS,Madison County,MADISON,2021,109972,18695,0.169998
28089,MS,Madison County,MADISON,2022,111694,18988,0.17
28089,MS,Madison County,MADISON,2023,113068,19222,0.170004
28089,MS,Madison County,MADISON,2024,114247,19422,0.17
28091,MS,Marion County,MARION,2020,24376,4144,0.170003
28091,MS,Marion County,MARION,2021,24308,4132,0.169985
28091,MS,Marion County,MARION,2022,24142,4104,0.169994
28091,MS,Marion County,MARION,2023,24133,4102,0.169975
28091,MS,Marion County,MARION,2024,24008,4081,0.169985
28093,MS,Marshall County,MARSHALL,2020,33783,5744,0.170026
28093,MS,Marshall County,MARSHALL,2021,33660,5723,0.170024
28093,MS,Marshall County,MARSHALL,2022,33897,5763,0.170015
28093,MS,Marshall County,MARSHALL,2023,34180,5811,0.170012
28093,MS,Marshall County,MARSHALL,2024,34374,5844,0.170012
28095,MS,Monroe County,MONROE,2020,34135,5803,0.170001
28095,MS,Monroe County,MONROE,2021,33918,5766,0.169998
28095,MS,Monroe County,MONROE,2022,33561,5705,0.169989
28095,MS,Monroe County,MONROE,2023,33636,5718,0.169996
28095,MS,Monroe County,MONROE,2024,33483,5692,0.169997
28097,MS,Montgomery County,MONTGOMERY,2020,9793,1665,0.170019
28097,MS,Montgomery County,MONTGOMERY,2021,9696,1648,0.169967
28097,MS,Montgomery County,MONTGOMERY,2022,9547,1623,0.170001
28097,MS,Montgomery County,MONTGOMERY,2023,9565,1626,0.169995
28097,MS,Montgomery County,MONTGOMERY,2024,9411,1600,0.170014
28099,MS,Neshoba County,NESHOBA,2020,29003,4930,0.169982
28099,MS,Neshoba County,NESHOBA,2021,28923,4917,0.170003
28099,MS,Neshoba County,NESHOBA,2022,28854,4905,0.169994
28099,MS,Neshoba County,NESHOBA,2023,28908,4914,0.169988
28099,MS,Neshoba County,NESHOBA,2024,28973,4925,0.169986
28101,MS,Newton County,NEWTON,2020,21254,3613,0.169992
28101,MS,Newton County,NEWTON,2021,21088,3585,0.170002
28101,MS,Newton County,NEWTON,2022,21017,3573,0.170005
28101,MS,Newton County,NEWTON,2023,21041,3577,0.170001
28101,MS,Newton County,NEWTON,2024,21063,3581,0.170014
28103,MS,Noxubee County,NOXUBEE,2020,10226,1738,0.169959
28103,MS,Noxubee County,NOXUBEE,2021,10116,1719,0.169929
28103,MS,Noxubee County,NOXUBEE,2022,10019,1703,0.169977
28103,MS,Noxubee County,NOXUBEE,2023,9938,1689,0.169954
28103,MS,Noxubee County,NOXUBEE,2024,9825,1670,0.169975
28105,MS,Oktibbeha County,OKTIBBEHA,2020,51705,8790,0.170003
28105,MS,Oktibbeha County,OKTIBBEHA,2021,51803,8806,0.16999
28105,MS,Oktibbeha County,OKTIBBEHA,2022,51661,8782,0.169993
28105,MS,Oktibbeha County,OKTIBBEHA,2023,51721,8793,0.170008
28105,MS,Oktibbeha County,OKTIBBEHA,2024,51965,8834,0.169999
28107,MS,Panola County,PANOLA,2020,33170,5639,0.170003
28107,MS,Panola County,PANOLA,2021,32902,5593,0.16999
28107,MS,Panola County,PANOLA,2022,32553,5534,0.17
28107,MS,Panola County,PANOLA,2023,32651,5551,0.17001
28107,MS,Panola County,PANOLA,2024,32764,5570,0.170004
28109,MS,Pearl River County,PEARL RIVER,2020,56207,9555,0.169997
28109,MS,Pearl River County,PEARL RIVER,2021,56519,9608,0.169996
28109,MS,Pearl River County,PEARL RIVER,2022,57338,9747,0.169992
28109,MS,Pearl River County,PEARL RIVER,2023,58198,9894,0.170006
28109,MS,Pearl River County,PEARL RIVER,2024,59030,10035,0.169998
28111,MS,Perry County,PERRY,2020,11459,1948,0.169997
28111,MS,Perry County,PERRY,2021,11507,1956,0.169983
28111,MS,Perry County,PERRY,2022,11440,1945,0.170017
28111,MS,Perry County,PERRY,2023,11433,1944,0.170034
28111,MS,Perry County,PERRY,2024,11406,1939,0.169998
28113,MS,Pike County,PIKE,2020,40193,6833,0.170005
28113,MS,Pike County,PIKE,2021,39976,6796,0.170002
28113,MS,Pike County,PIKE,2022,39592,6731,0.170009
28113,MS,Pike County,PIKE,2023,39271,6676,0.169998
28113,MS,Pike County,PIKE,2024,38980,6627,0.17001
28115,MS,Pontotoc County,PONTOTOC,2020,31195,5303,0.169995
28115,MS,Pontotoc County,PONTOTOC,2021,31332,5326,0.169986
28115,MS,Pontotoc County,PONTOTOC,2022,31449,5346,0.16999
28115,MS,Pontotoc County,PONTOTOC,2023,31761,5399,0.169988
28115,MS,Pontotoc County,PONTOTOC,2024,32014,5442,0.169988
28117,MS,Prentiss County,PRENTISS,2020,24974,4245,0.169977
28117,MS,Prentiss County,PRENTISS,2021,25052,4259,0.170006
28117,MS,Prentiss County,PRENTISS,2022,25094,4266,0.170001
28117,MS,Prentiss County,PRENTISS,2023,25310,4303,0.170012
28117,MS,Prentiss County,PRENTISS,2024,25489,4333,0.169995
28119,MS,Quitman County,QUITMAN,2020,6153,1046,0.169998
28119,MS,Quitman County,QUITMAN,2021,5897,1002,0.169917
28119,MS,Quitman County,QUITMAN,2022,5683,966,0.169981
28119,MS,Quitman County,QUITMAN,2023,5592,950,0.169886
28119,MS,Quitman County,QUITMAN,2024,5542,942,0.169975
28121,MS,Rankin County,RANKIN,2020,157175,26719,0.169995
28121,MS,Rankin County,RANKIN,2021,157600,26792,0.17
28121,MS,Rankin County,RANKIN,2022,158733,26984,0.169996
28121,MS,Rankin County,RANKIN,2023,160184,27231,0.169998
28121,MS,Rankin County,RANKIN,2024,160573,27297,0.169997
28123,MS,Scott County,SCOTT,2020,27977,4756,0.169997
28123,MS,Scott County,SCOTT,2021,27617,4695,0.170004
28123,MS,Scott County,SCOTT,2022,27710,4710,0.169975
28123,MS,Scott County,SCOTT,2023,27619,4695,0.169992
28123,MS,Scott County,SCOTT,2024,27666,4703,0.169992
28125,MS,Sharkey County,SHARKEY,2020,3774,642,0.170111
28125,MS,Sharkey County,SHARKEY,2021,3629,617,0.170019
28125,MS,Sharkey County,SHARKEY,2022,3483,592,0.169968
28125,MS,Sharkey County,SHARKEY,2023,3378,574,0.169923
28125,MS,Sharkey County,SHARKEY,2024,3234,550,0.170068
28127,MS,Simpson County,SIMPSON,2020,25890,4401,0.169988
28127,MS,Simpson County,SIMPSON,2021,25699,4368,0.169968
28127,MS,Simpson County,SIMPSON,2022,25615,4354,0.169979
28127,MS,Simpson County,SIMPSON,2023,25653,4361,0.17
28127,MS,Simpson County,SIMPSON,2024,25597,4351,0.169981
28129,MS,Smith County,SMITH,2020,14205,2415,0.170011
28129,MS,Smith County,SMITH,2021,14199,2414,0.170012
28129,MS,Smith County,SMITH,2022,14095,2396,0.169989
28129,MS,Smith County,SMITH,2023,14108,2399,0.170045
28129,MS,Smith County,SMITH,2024,14051,2389,0.170023
28131,MS,Stone County,STONE,2020,18329,3116,0.170004
28131,MS,Stone County,STONE,2021,18736,3185,0.169994
28131,MS,Stone County,STONE,2022,18834,3202,0.170012
28131,MS,Stone County,STONE,2023,19004,3231,0.170017
28131,MS,Stone County,STONE,2024,19569,3327,0.170014
28133,MS,Sunflower County,SUNFLOWER,2020,25702,4369,0.169987
28133,MS,Sunflower County,SUNFLOWER,2021,24681,4196,0.170009
28133,MS,Sunflower County,SUNFLOWER,2022,24314,4133,0.169984
28133,MS,Sunflower County,SUNFLOWER,2023,23940,4070,0.170008
28133,MS,Sunflower County,SUNFLOWER,2024,23029,3915,0.170003
28135,MS,Tallahatchie County,TALLAHATCHIE,2020,12647,2147,0.169764
28135,MS,Tallahatchie County,TALLAHATCHIE,2021,12015,2039,0.169705
28135,MS,Tallahatchie County,TALLAHATCHIE,2022,11762,1996,0.169699
28135,MS,Tallahatchie County,TALLAHATCHIE,2023,11517,1955,0.169749
28135,MS,Tallahatchie County,TALLAHATCHIE,2024,10941,1857,0.169729
28137,MS,Tate County,TATE,2020,28119,4781,0.170027
28137,MS,Tate County,TATE,2021,28173,4790,0.170021
28137,MS,Tate County,TATE,2022,28372,4824,0.170027
28137,MS,Tate County,TATE,2023,28389,4826,0.169995
28137,MS,Tate County,TATE,2024,28551,4854,0.170012
28139,MS,Tippah County,TIPPAH,2020,21737,3695,0.169987
28139,MS,Tippah County,TIPPAH,2021,21599,3672,0.170008
28139,MS,Tippah County,TIPPAH,2022,21480,3652,0.170019
28139,MS,Tippah County,TIPPAH,2023,21377,3634,0.169996
28139,MS,Tippah County,TIPPAH,2024,21423,3642,0.170004
28141,MS,Tishomingo County,TISHOMINGO,2020,18854,3205,0.16999
28141,MS,Tishomingo County,TISHOMINGO,2021,18745,3187,0.170019
28141,MS,Tishomingo County,TISHOMINGO,2022,18626,3166,0.169977
28141,MS,Tishomingo County,TISHOMINGO,2023,18524,3149,0.169996
28141,MS,Tishomingo County,TISHOMINGO,2024,18553,3154,0.169999
28143,MS,Tunica County,TUNICA,2020,9734,1655,0.170023
28143,MS,Tunica County,TUNICA,2021,9644,1640,0.170054
28143,MS,Tunica County,TUNICA,2022,9461,1609,0.170067
28143,MS,Tunica County,TUNICA,2023,9380,1595,0.170043
28143,MS,Tunica County,TUNICA,2024,9157,1557,0.170034
28145,MS,Union County,UNION,2020,27814,4729,0.170022
28145,MS,Union County,UNION,2021,28029,4765,0.170002
28145,MS,Union County,UNION,2022,28130,4782,0.169996
28145,MS,Union County,UNION,2023,28275,4807,0.170009
28145,MS,Union County,UNION,2024,28363,4822,0.17001
28147,MS,Walthall County,WALTHALL,2020,13873,2359,0.170043
28147,MS,Walthall County,WALTHALL,2021,13835,2352,0.170004
28147,MS,Walthall County,WALTHALL,2022,13815,2349,0.170033
28147,MS,Walthall County,WALTHALL,2023,13835,2352,0.170004
28147,MS,Walthall County,WALTHALL,2024,13839,2353,0.170027
28149,MS,Warren County,WARREN,2020,44550,7574,0.170011
28149,MS,Warren County,WARREN,2021,43440,7385,0.170005
28149,MS,Warren County,WARREN,2022,42684,7256,0.169993
28149,MS,Warren County,WARREN,2023,42323,7195,0.170002
28149,MS,Warren County,WARREN,2024,42105,7158,0.170004
28151,MS,Washington County,WASHINGTON,2020,44648,7590,0.169996
28151,MS,Washington County,WASHINGTON,2021,43605,7413,0.170003
28151,MS,Washington County,WASHINGTON,2022,42490,7224,0.170016
28151,MS,Washington County,WASHINGTON,2023,41902,7124,0.170016
28151,MS,Washington County,WASHINGTON,2024,41181,7001,0.170006
28153,MS,Wayne County,WAYNE,2020,19807,3367,0.16999
28153,MS,Wayne County,WAYNE,2021,19672,3344,0.169988
28153,MS,Wayne County,WAYNE,2022,19617,3335,0.170006
28153,MS,Wayne County,WAYNE,2023,19743,3356,0.169984
28153,MS,Wayne County,WAYNE,2024,19749,3357,0.169983
28155,MS,Webster County,WEBSTER,2020,9904,1684,0.170032
28155,MS,Webster County,WEBSTER,2021,9975,1696,0.170025
28155,MS,Webster County,WEBSTER,2022,9953,1692,0.169999
28155,MS,Webster County,WEBSTER,2023,9989,1698,0.169987
28155,MS,Webster County,WEBSTER,2024,10039,1707,0.170037
28157,MS,Wilkinson County,WILKINSON,2020,8524,1449,0.169991
28157,MS,Wilkinson County,WILKINSON,2021,8303,1411,0.169939
28157,MS,Wilkinson County,WILKINSON,2022,8175,1389,0.169908
28157,MS,Wilkinson County,WILKINSON,2023,7988,1358,0.170005
28157,MS,Wilkinson County,WILKINSON,2024,7820,1329,0.169949
28159,MS,Winston County,WINSTON,2020,17686,3007,0.170021
28159,MS,Winston County,WINSTON,2021,17573,2987,0.169977
28159,MS,Winston County,WINSTON,2022,17527,2980,0.170023
28159,MS,Winston County,WINSTON,2023,17476,2971,0.170005
28159,MS,Winston County,WINSTON,2024,17418,2961,0.169997
28161,MS,Yalobusha County,YALOBUSHA,2020,12436,2114,0.16999
28161,MS,Yalobusha County,YALOBUSHA,2021,12438,2115,0.170043
28161,MS,Yalobusha County,YALOBUSHA,2022,12395,2107,0.169988
28161,MS,Yalobusha County,YALOBUSHA,2023,12369,2103,0.170022
28161,MS,Yalobusha County,YALOBUSHA,2024,12458,2118,0.170011
28163,MS,Yazoo County,YAZOO,2020,26670,4466,0.167454
28163,MS,Yazoo County,YAZOO,2021,25336,4243,0.167469
28163,MS,Yazoo County,YAZOO,2022,24698,4136,0.167463
28163,MS,Yazoo County,YAZOO,2023,24603,4120,0.167459
28163,MS,Yazoo County,YAZOO,2024,23373,3914,0.167458
29001,MO,Adair County,ADAIR,2020,25272,4422,0.174976
29001,MO,Adair County,ADAIR,2021,25188,4407,0.174964
29001,MO,Adair County,ADAIR,2022,25155,4402,0.174995
29001,MO,Adair County,ADAIR,2023,25231,4415,0.174983
29001,MO,Adair County,ADAIR,2024,25660,4490,0.174981
29003,MO,Andrew County,ANDREW,2020,18102,3168,0.175008
29003,MO,Andrew County,ANDREW,2021,18015,3153,0.175021
29003,MO,Andrew County,ANDREW,2022,18008,3151,0.174978
29003,MO,Andrew County,ANDREW,2023,18109,3169,0.174996
29003,MO,Andrew County,ANDREW,2024,18091,3166,0.175004
29005,MO,Atchison County,ATCHISON,2020,5305,928,0.174929
29005,MO,Atchison County,ATCHISON,2021,5210,911,0.174856
29005,MO,Atchison County,ATCHISON,2022,5163,903,0.174898
29005,MO,Atchison County,ATCHISON,2023,5116,895,0.174941
29005,MO,Atchison County,ATCHISON,2024,5139,899,0.174937
29007,MO,Audrain County,AUDRAIN,2020,24781,4336,0.174973
29007,MO,Audrain County,AUDRAIN,2021,24858,4350,0.174994
29007,MO,Audrain County,AUDRAIN,2022,24455,4279,0.174974
29007,MO,Audrain County,AUDRAIN,2023,24342,4260,0.175006
29007,MO,Audrain County,AUDRAIN,2024,24304,4253,0.174992
29009,MO,Barry County,BARRY,2020,34542,6045,0.175004
29009,MO,Barry County,BARRY,2021,34762,6083,0.17499
29009,MO,Barry County,BARRY,2022,34931,6113,0.175002
29009,MO,Barry County,BARRY,2023,35310,6179,0.174993
29009,MO,Barry County,BARRY,2024,35618,6233,0.174996
29011,MO,Barton County,BARTON,2020,11623,2034,0.174998
29011,MO,Barton County,BARTON,2021,11670,2042,0.174979
29011,MO,Barton County,BARTON,2022,11695,2046,0.174947
29011,MO,Barton County,BARTON,2023,11743,2055,0.174998
29011,MO,Barton County,BARTON,2024,11717,2050,0.174959
29013,MO,Bates County,BATES,2020,16053,2809,0.174983
29013,MO,Bates County,BATES,2021,16099,2817,0.17498
29013,MO,Bates County,BATES,2022,16156,2827,0.174981
29013,MO,Bates County,BATES,2023,16226,2840,0.175028
29013,MO,Bates County,BATES,2024,16394,2869,0.175003
29015,MO,Benton County,BENTON,2020,19425,3399,0.174981
29015,MO,Benton County,BENTON,2021,19940,3489,0.174975
29015,MO,Benton County,BENTON,2022,20216,3537,0.17496
29015,MO,Benton County,BENTON,2023,20560,3598,0.175
29015,MO,Benton County,BENTON,2024,20614,3607,0.174978
29017,MO,Bollinger County,BOLLINGER,2020,10555,1847,0.174988
29017,MO,Bollinger County,BOLLINGER,2021,10582,1852,0.175014
29017,MO,Bollinger County,BOLLINGER,2022,10510,1839,0.174976
29017,MO,Bollinger County,BOLLINGER,2023,10536,1844,0.175019
29017,MO,Bollinger County,BOLLINGER,2024,10610,1857,0.175024
29019,MO,Boone County,BOONE,2020,184050,32209,0.175001
29019,MO,Boone County,BOONE,2021,186132,32573,0.174999
29019,MO,Boone County,BOONE,2022,187743,32855,0.175
29019,MO,Boone County,BOONE,2023,190138,33274,0.174999
29019,MO,Boone County,BOONE,2024,192154,33627,0.175
29021,MO,Buchanan County,BUCHANAN,2020,84472,14782,0.174993
29021,MO,Buchanan County,BUCHANAN,2021,83636,14636,0.174996
29021,MO,Buchanan County,BUCHANAN,2022,82956,14517,0.174996
29021,MO,Buchanan County,BUCHANAN,2023,83201,14560,0.174998
29021,MO,Buchanan County,BUCHANAN,2024,83574,14625,0.174995
29023,MO,Butler County,BUTLER,2020,42063,7361,0.174999
29023,MO,Butler County,BUTLER,2021,42163,7378,0.174988
29023,MO,Butler County,BUTLER,2022,42150,7376,0.174994
29023,MO,Butler County,BUTLER,2023,41910,7334,0.174994
29023,MO,Butler County,BUTLER,2024,41814,7317,0.174989
29025,MO,Caldwell County,CALDWELL,2020,8821,1544,0.175037
29025,MO,Caldwell County,CALDWELL,2021,8900,1558,0.175056
29025,MO,Caldwell County,CALDWELL,2022,8939,1564,0.174964
29025,MO,Caldwell County,CALDWELL,2023,8976,1571,0.175022
29025,MO,Caldwell County,CALDWELL,2024,9000,1575,0.175
29027,MO,Callaway County,CALLAWAY,2020,44346,7761,0.17501
29027,MO,Callaway County,CALLAWAY,2021,44655,7815,0.175008
29027,MO,Callaway County,CALLAWAY,2022,44760,7833,0.175
29027,MO,Callaway County,CALLAWAY,2023,44818,7843,0.174997
29027,MO,Callaway County,CALLAWAY,2024,45126,7897,0.174999
29029,MO,Camden County,CAMDEN,2020,42807,7492,0.175018
29029,MO,Camden County,CAMDEN,2021,43513,7615,0.175005
29029,MO,Camden County,CAMDEN,2022,43779,7662,0.175015
29029,MO,Camden County,CAMDEN,2023,44099,7718,0.175015
29029,MO,Camden County,CAMDEN,2024,44135,7724,0.175008
29031,MO,Cape Girardeau County,CAPE GIRARDEAU,2020,81824,14319,0.174998
29031,MO,Cape Girardeau County,CAPE GIRARDEAU,2021,82144,14375,0.174998
29031,MO,Cape Girardeau County,CAPE GIRARDEAU,2022,82940,14514,0.174994
29031,MO,Cape Girardeau County,CAPE GIRARDEAU,2023,83110,14544,0.174997
29031,MO,Cape Girardeau County,CAPE GIRARDEAU,2024,83658,14640,0.174998
29033,MO,Carroll County,CARROLL,2020,8464,1481,0.174976
29033,MO,Carroll County,CARROLL,2021,8398,1469,0.174923
29033,MO,Carroll County,CARROLL,2022,8410,1471,0.174911
29033,MO,Carroll County,CARROLL,2023,8367,1464,0.174973
29033,MO,Carroll County,CARROLL,2024,8414,1472,0.174947
29035,MO,Carter County,CARTER,2020,5205,911,0.175024
29035,MO,Carter County,CARTER,2021,5325,932,0.175023
29035,MO,Carter County,CARTER,2022,5267,922,0.175052
29035,MO,Carter County,CARTER,2023,5329,933,0.17508
29035,MO,Carter County,CARTER,2024,5359,938,0.175033
29037,MO,Cass County,CASS,2020,108162,18929,0.175006
29037,MO,Cass County,CASS,2021,109792,19214,0.175004
29037,MO,Cass County,CASS,2022,110345,19311,0.175006
29037,MO,Cass County,CASS,2023,111695,19547,0.175003
29037,MO,Cass County,CASS,2024,113873,19928,0.175002
29039,MO,Cedar County,CEDAR,2020,14214,2487,0.174968
29039,MO,Cedar County,CEDAR,2021,14519,2541,0.175012
29039,MO,Cedar County,CEDAR,2022,14612,2557,0.174993
29039,MO,Cedar County,CEDAR,2023,14706,2574,0.175031
29039,MO,Cedar County,CEDAR,2024,15023,2629,0.174998
29041,MO,Chariton County,CHARITON,2020,7390,1293,0.174966
29041,MO,Chariton County,CHARITON,2021,7367,1289,0.174969
29041,MO,Chariton County,CHARITON,2022,7395,1294,0.174983
29041,MO,Chariton County,CHARITON,2023,7403,1295,0.174929
29041,MO,Chariton County,CHARITON,2024,7397,1294,0.174936
29043,MO,Christian County,CHRISTIAN,2020,89294,15627,0.175006
29043,MO,Christian County,CHRISTIAN,2021,91636,16036,0.174997
29043,MO,Christian County,CHRISTIAN,2022,93130,16298,0.175003
29043,MO,Christian County,CHRISTIAN,2023,94469,16532,0.174999
29043,MO,Christian County,CHRISTIAN,2024,96045,16808,0.175001
29045,MO,Clark County,CLARK,2020,6658,1165,0.174977
29045,MO,Clark County,CLARK,2021,6734,1178,0.174933
29045,MO,Clark County,CLARK,2022,6714,1175,0.175007
29045,MO,Clark County,CLARK,2023,6648,1163,0.17494
29045,MO,Clark County,CLARK,2024,6623,1159,0.174996
29047,MO,Clay County,CLAY,2020,254145,44476,0.175002
29047,MO,Clay County,CLAY,2021,255908,44784,0.175
29047,MO,Clay County,CLAY,2022,257037,44982,0.175002
29047,MO,Clay County,CLAY,2023,260150,45526,0.174999
29047,MO,Clay County,CLAY,2024,263370,46090,0.175001
29049,MO,Clinton County,CLINTON,2020,21218,3713,0.174993
29049,MO,Clinton County,CLINTON,2021,21222,3714,0.175007
29049,MO,Clinton County,CLINTON,2022,21339,3734,0.174985
29049,MO,Clinton County,CLINTON,2023,21569,3774,0.174973
29049,MO,Clinton County,CLINTON,2024,21721,3801,0.174992
29051,MO,Cole County,COLE,2020,76624,13409,0.174997
29051,MO,Cole County,COLE,2021,76616,13407,0.17499
29051,MO,Cole County,COLE,2022,76977,13471,0.175
29051,MO,Cole County,COLE,2023,77318,13530,0.174992
29051,MO,Cole County,COLE,2024,77625,13584,0.174995
29053,MO,Cooper County,COOPER,2020,16647,2913,0.174986
29053,MO,Cooper County,COOPER,2021,16682,2919,0.174979
29053,MO,Cooper County,COOPER,2022,16741,2929,0.17496
29053,MO,Cooper County,COOPER,2023,16926,2962,0.174997
29053,MO,Cooper County,COOPER,2024,17122,2996,0.17498
29055,MO,Crawford County,CRAWFORD,2020,23036,4031,0.174987
29055,MO,Crawford County,CRAWFORD,2021,22826,3994,0.174976
29055,MO,Crawford County,CRAWFORD,2022,22622,3958,0.174962
29055,MO,Crawford County,CRAWFORD,2023,22691,3971,0.175003
29055,MO,Crawford County,CRAWFORD,2024,22808,3991,0.174982
29057,MO,Dade County,DADE,2020,7586,1328,0.175059
29057,MO,Dade County,DADE,2021,7600,1330,0.175
29057,MO,Dade County,DADE,2022,7679,1344,0.175023
29057,MO,Dade County,DADE,2023,7719,1351,0.175023
29057,MO,Dade County,DADE,2024,7622,1334,0.17502
29059,MO,Dallas County,DALLAS,2020,17132,2998,0.174994
29059,MO,Dallas County,DALLAS,2021,17344,3035,0.174988
29059,MO,Dallas County,DALLAS,2022,17610,3081,0.174957
29059,MO,Dallas County,DALLAS,2023,17793,3113,0.174956
29059,MO,Dallas County,DALLAS,2024,17877,3128,0.174973
29061,MO,Daviess County,DAVIESS,2020,8433,1476,0.175027
29061,MO,Daviess County,DAVIESS,2021,8404,1471,0.175036
29061,MO,Daviess County,DAVIESS,2022,8455,1480,0.175044
29061,MO,Daviess County,DAVIESS,2023,8554,1497,0.175006
29061,MO,Daviess County,DAVIESS,2024,8541,1495,0.175038
29063,MO,DeKalb County,DEKALB,2020,11596,2030,0.17506
29063,MO,DeKalb County,DEKALB,2021,11695,2047,0.175032
29063,MO,DeKalb County,DEKALB,2022,11307,1979,0.175024
29063,MO,DeKalb County,DEKALB,2023,10742,1880,0.175014
29063,MO,DeKalb County,DEKALB,2024,9884,1730,0.17503
29065,MO,Dent County,DENT,2020,14389,2518,0.174995
29065,MO,Dent County,DENT,2021,14461,2531,0.175022
29065,MO,Dent County,DENT,2022,14471,2532,0.174971
29065,MO,Dent County,DENT,2023,14654,2564,0.174969
29065,MO,Dent County,DENT,2024,14721,2576,0.174988
29067,MO,Douglas County,DOUGLAS,2020,11600,2030,0.175
29067,MO,Douglas County,DOUGLAS,2021,11746,2056,0.175038
29067,MO,Douglas County,DOUGLAS,2022,11967,2094,0.174981
29067,MO,Douglas County,DOUGLAS,2023,12224,2139,0.174984
29067,MO,Douglas County,DOUGLAS,2024,12290,2151,0.17502
29069,MO,Dunklin County,DUNKLIN,2020,28216,4937,0.174972
29069,MO,Dunklin County,DUNKLIN,2021,27739,4854,0.174988
29069,MO,Dunklin County,DUNKLIN,2022,27444,4802,0.174974
29069,MO,Dunklin County,DUNKLIN,2023,27066,4736,0.17498
29069,MO,Dunklin County,DUNKLIN,2024,27002,4725,0.174987
29071,MO,Franklin County,FRANKLIN,2020,104867,18352,0.175003
29071,MO,Franklin County,FRANKLIN,2021,105317,18431,0.175005
29071,MO,Franklin County,FRANKLIN,2022,105865,18527,0.175006
29071,MO,Franklin County,FRANKLIN,2023,106444,18628,0.175003
29071,MO,Franklin County,FRANKLIN,2024,107256,18770,0.175002
29073,MO,Gasconade County,GASCONADE,2020,14763,2584,0.175032
29073,MO,Gasconade County,GASCONADE,2021,14782,2587,0.17501
29073,MO,Gasconade County,GASCONADE,2022,14800,2590,0.175
29073,MO,Gasconade County,GASCONADE,2023,14731,2578,0.175005
29073,MO,Gasconade County,GASCONADE,2024,14655,2565,0.175026
29075,MO,Gentry County,GENTRY,2020,6136,1074,0.175033
29075,MO,Gentry County,GENTRY,2021,6189,1083,0.174988
29075,MO,Gentry County,GENTRY,2022,6291,1101,0.175012
29075,MO,Gentry County,GENTRY,2023,6311,1104,0.174933
29075,MO,Gentry County,GENTRY,2024,6298,1102,0.174976
29077,MO,Greene County,GREENE,2020,299332,52383,0.175
29077,MO,Greene County,GREENE,2021,301137,52699,0.175
29077,MO,Greene County,GREENE,2022,303336,53084,0.175001
29077,MO,Greene County,GREENE,2023,305130,53398,0.175001
29077,MO,Greene County,GREENE,2024,307942,53890,0.175
29079,MO,Grundy County,GRUNDY,2020,9757,1707,0.174951
29079,MO,Grundy County,GRUNDY,2021,9762,1708,0.174964
29079,MO,Grundy County,GRUNDY,2022,9828,1720,0.17501
29079,MO,Grundy County,GRUNDY,2023,9807,1716,0.174977
29079,MO,Grundy County,GRUNDY,2024,9766,1709,0.174995
29081,MO,Harrison County,HARRISON,2020,8157,1428,0.175064
29081,MO,Harrison County,HARRISON,2021,8179,1432,0.175083
29081,MO,Harrison County,HARRISON,2022,8213,1438,0.175088
29081,MO,Harrison County,HARRISON,2023,8216,1438,0.175024
29081,MO,Harrison County,HARRISON,2024,8186,1433,0.175055
29083,MO,Henry County,HENRY,2020,21982,3847,0.175007
29083,MO,Henry County,HENRY,2021,22220,3889,0.175023
29083,MO,Henry County,HENRY,2022,22404,3921,0.175013
29083,MO,Henry County,HENRY,2023,22457,3930,0.175001
29083,MO,Henry County,HENRY,2024,22575,3951,0.175017
29085,MO,Hickory County,HICKORY,2020,8298,1452,0.174982
29085,MO,Hickory County,HICKORY,2021,8572,1500,0.174988
29085,MO,Hickory County,HICKORY,2022,8576,1501,0.175023
29085,MO,Hickory County,HICKORY,2023,8715,1525,0.174986
29085,MO,Hickory County,HICKORY,2024,8766,1534,0.174994
29087,MO,Holt County,HOLT,2020,4191,733,0.174899
29087,MO,Holt County,HOLT,2021,4234,741,0.175012
29087,MO,Holt County,HOLT,2022,4265,746,0.174912
29087,MO,Holt County,HOLT,2023,4266,746,0.174871
29087,MO,Holt County,HOLT,2024,4241,742,0.174959
29089,MO,Howard County,HOWARD,2020,10157,1777,0.174953
29089,MO,Howard County,HOWARD,2021,10144,1775,0.17498
29089,MO,Howard County,HOWARD,2022,10169,1779,0.174943
29089,MO,Howard County,HOWARD,2023,10116,1770,0.17497
29089,MO,Howard County,HOWARD,2024,10150,1776,0.174975
29091,MO,Howell County,HOWELL,2020,39806,6966,0.174999
29091,MO,Howell County,HOWELL,2021,40026,7004,0.174986
29091,MO,Howell County,HOWELL,2022,40612,7107,0.174998
29091,MO,Howell County,HOWELL,2023,40707,7123,0.174982
29091,MO,Howell County,HOWELL,2024,40762,7133,0.174991
29093,MO,Iron County,IRON,2020,9513,1664,0.174919
29093,MO,Iron County,IRON,2021,9431,1650,0.174955
29093,MO,Iron County,IRON,2022,9411,1646,0.174902
29093,MO,Iron County,IRON,2023,9454,1654,0.174952
29093,MO,Iron County,IRON,2024,9420,1648,0.174947
29095,MO,Jackson County,JACKSON,2020,717662,125591,0.175
29095,MO,Jackson County,JACKSON,2021,717993,125648,0.174999
29095,MO,Jackson County,JACKSON,2022,716580,125401,0.174999
29095,MO,Jackson County,JACKSON,2023,720283,126049,0.174999
29095,MO,Jackson County,JACKSON,2024,727362,127288,0.175
29097,MO,Jasper County,JASPER,2020,122896,21507,0.175002
29097,MO,Jasper County,JASPER,2021,123324,21582,0.175002
29097,MO,Jasper County,JASPER,2022,123969,21695,0.175003
29097,MO,Jasper County,JASPER,2023,125117,21896,0.175004
29097,MO,Jasper County,JASPER,2024,126479,22134,0.175001
29099,MO,Jefferson County,JEFFERSON,2020,226947,39715,0.174997
29099,MO,Jefferson County,JEFFERSON,2021,228030,39905,0.174999
29099,MO,Jefferson County,JEFFERSON,2022,229268,40122,0.175
29099,MO,Jefferson County,JEFFERSON,2023,231155,40452,0.174999
29099,MO,Jefferson County,JEFFERSON,2024,231888,40580,0.174998
29101,MO,Johnson County,JOHNSON,2020,54039,9457,0.175003
29101,MO,Johnson County,JOHNSON,2021,54209,9487,0.175008
29101,MO,Johnson County,JOHNSON,2022,54423,9524,0.175
29101,MO,Johnson County,JOHNSON,2023,55107,9644,0.175005
29101,MO,Johnson County,JOHNSON,2024,55880,9779,0.175
29103,MO,Knox County,KNOX,2020,3739,654,0.174913
29103,MO,Knox County,KNOX,2021,3786,662,0.174855
29103,MO,Knox County,KNOX,2022,3777,660,0.174742
29103,MO,Knox County,KNOX,2023,3736,653,0.174786
29103,MO,Knox County,KNOX,2024,3740,654,0.174866
29105,MO,Laclede County,LACLEDE,2020,36046,6308,0.174999
29105,MO,Laclede County,LACLEDE,2021,36163,6328,0.174985
29105,MO,Laclede County,LACLEDE,2022,36330,6358,0.175007
29105,MO,Laclede County,LACLEDE,2023,36674,6418,0.175001
29105,MO,Laclede County,LACLEDE,2024,36738,6429,0.174996
29107,MO,Lafayette County,LAFAYETTE,2020,33050,5783,0.174977
29107,MO,Lafayette County,LAFAYETTE,2021,32835,5746,0.174996
29107,MO,Lafayette County,LAFAYETTE,2022,32937,5764,0.175001
29107,MO,Lafayette County,LAFAYETTE,2023,33244,5817,0.174979
29107,MO,Lafayette County,LAFAYETTE,2024,33511,5864,0.174987
29109,MO,Lawrence County,LAWRENCE,2020,37998,6649,0.174983
29109,MO,Lawrence County,LAWRENCE,2021,38263,6696,0.174999
29109,MO,Lawrence County,LAWRENCE,2022,38672,6767,0.174984
29109,MO,Lawrence County,LAWRENCE,2023,38879,6803,0.174979
29109,MO,Lawrence County,LAWRENCE,2024,39151,6851,0.174989
29111,MO,Lewis County,LEWIS,2020,10039,1757,0.175017
29111,MO,Lewis County,LEWIS,2021,10000,1750,0.175
29111,MO,Lewis County,LEWIS,2022,9888,1730,0.17496
29111,MO,Lewis County,LEWIS,2023,9840,1722,0.175
29111,MO,Lewis County,LEWIS,2024,9852,1724,0.17499
29113,MO,Lincoln County,LINCOLN,2020,59857,10475,0.175
29113,MO,Lincoln County,LINCOLN,2021,61651,10789,0.175001
29113,MO,Lincoln County,LINCOLN,2022,63184,11057,0.174997
29113,MO,Lincoln County,LINCOLN,2023,64707,11323,0.174989
29113,MO,Lincoln County,LINCOLN,2024,65888,11530,0.174994
29115,MO,Linn County,LINN,2020,11857,2075,0.175002
29115,MO,Linn County,LINN,2021,11844,2072,0.174941
29115,MO,Linn County,LINN,2022,11842,2072,0.17497
29115,MO,Linn County,LINN,2023,11808,2066,0.174966
29115,MO,Linn County,LINN,2024,11910,2084,0.174979
29117,MO,Livingston County,LIVINGSTON,2020,13990,2448,0.174982
29117,MO,Livingston County,LIVINGSTON,2021,14206,2486,0.174996
29117,MO,Livingston County,LIVINGSTON,2022,14365,2514,0.175009
29117,MO,Livingston County,LIVINGSTON,2023,14595,2554,0.174991
29117,MO,Livingston County,LIVINGSTON,2024,14658,2565,0.17499
29119,MO,McDonald County,MCDONALD,2020,23278,4073,0.174972
29119,MO,McDonald County,MCDONALD,2021,23432,4100,0.174974
29119,MO,McDonald County,MCDONALD,2022,23623,4134,0.174999
29119,MO,McDonald County,MCDONALD,2023,24117,4220,0.17498
29119,MO,McDonald County,MCDONALD,2024,24054,4209,0.174981
29121,MO,Macon County,MACON,2020,15199,2660,0.175012
29121,MO,Macon County,MACON,2021,15183,2657,0.174998
29121,MO,Macon County,MACON,2022,15084,2640,0.17502
29121,MO,Macon County,MACON,2023,15173,2655,0.174982
29121,MO,Macon County,MACON,2024,15177,2656,0.175002
29123,MO,Madison County,MADISON,2020,12625,2209,0.17497
29123,MO,Madison County,MADISON,2021,12665,2216,0.17497
29123,MO,Madison County,MADISON,2022,12763,2233,0.174959
29123,MO,Madison County,MADISON,2023,12739,2229,0.174974
29123,MO,Madison County,MADISON,2024,12852,2249,0.174992
29125,MO,Maries County,MARIES,2020,8451,1479,0.175009
29125,MO,Maries County,MARIES,2021,8418,1474,0.175101
29125,MO,Maries County,MARIES,2022,8434,1476,0.175006
29125,MO,Maries County,MARIES,2023,8441,1478,0.175098
29125,MO,Maries County,MARIES,2024,8506,1489,0.175053
29127,MO,Marion County,MARION,2020,28493,4986,0.17499
29127,MO,Marion County,MARION,2021,28564,4998,0.174975
29127,MO,Marion County,MARION,2022,28489,4985,0.17498
29127,MO,Marion County,MARION,2023,28312,4954,0.174979
29127,MO,Marion County,MARION,2024,28425,4974,0.174987
29129,MO,Mercer County,MERCER,2020,3512,614,0.174829
29129,MO,Mercer County,MERCER,2021,3480,609,0.175
29129,MO,Mercer County,MERCER,2022,3469,607,0.174978
29129,MO,Mercer County,MERCER,2023,3499,612,0.174907
29129,MO,Mercer County,MERCER,2024,3452,604,0.174971
29131,MO,Miller County,MILLER,2020,24778,4336,0.174994
29131,MO,Miller County,MILLER,2021,24949,4366,0.174997
29131,MO,Miller County,MILLER,2022,25384,4442,0.174992
29131,MO,Miller County,MILLER,2023,25566,4474,0.174998
29131,MO,Miller County,MILLER,2024,25668,4492,0.175004
29133,MO,Mississippi County,MISSISSIPPI,2020,12121,2121,0.174986
29133,MO,Mississippi County,MISSISSIPPI,2021,12105,2118,0.174969
29133,MO,Mississippi County,MISSISSIPPI,2022,11683,2044,0.174955
29133,MO,Mississippi County,MISSISSIPPI,2023,11852,2074,0.174992
29133,MO,Mississippi County,MISSISSIPPI,2024,11750,2056,0.174979
29135,MO,Moniteau County,MONITEAU,2020,15216,2662,0.174947
29135,MO,Moniteau County,MONITEAU,2021,15313,2679,0.174949
29135,MO,Moniteau County,MONITEAU,2022,15241,2667,0.174989
29135,MO,Moniteau County,MONITEAU,2023,15245,2667,0.174943
29135,MO,Moniteau County,MONITEAU,2024,15294,2676,0.174971
29137,MO,Monroe County,MONROE,2020,8693,1522,0.175083
29137,MO,Monroe County,MONROE,2021,8708,1524,0.175011
29137,MO,Monroe County,MONROE,2022,8650,1514,0.175029
29137,MO,Monroe County,MONROE,2023,8731,1528,0.175009
29137,MO,Monroe County,MONROE,2024,8890,1556,0.175028
29139,MO,Montgomery County,MONTGOMERY,2020,11286,1975,0.174996
29139,MO,Montgomery County,MONTGOMERY,2021,11440,2002,0.175
29139,MO,Montgomery County,MONTGOMERY,2022,11463,2006,0.174998
29139,MO,Montgomery County,MONTGOMERY,2023,11430,2000,0.174978
29139,MO,Montgomery County,MONTGOMERY,2024,11511,2014,0.174963
29141,MO,Morgan County,MORGAN,2020,21001,3675,0.174992
29141,MO,Morgan County,MORGAN,2021,21441,3752,0.174992
29141,MO,Morgan County,MORGAN,2022,21781,3812,0.175015
29141,MO,Morgan County,MORGAN,2023,21963,3844,0.175022
29141,MO,Morgan County,MORGAN,2024,22399,3920,0.175008
29143,MO,New Madrid County,NEW MADRID,2020,16329,2857,0.174965
29143,MO,New Madrid County,NEW MADRID,2021,16039,2807,0.175011
29143,MO,New Madrid County,NEW MADRID,2022,15686,2745,0.174997
29143,MO,New Madrid County,NEW MADRID,2023,15388,2693,0.175006
29143,MO,New Madrid County,NEW MADRID,2024,15212,2662,0.174993
29145,MO,Newton County,NEWTON,2020,58699,10272,0.174994
29145,MO,Newton County,NEWTON,2021,59451,10404,0.175001
29145,MO,Newton County,NEWTON,2022,60107,10519,0.175005
29145,MO,Newton County,NEWTON,2023,60813,10642,0.174995
29145,MO,Newton County,NEWTON,2024,61519,10766,0.175003
29147,MO,Nodaway County,NODAWAY,2020,20999,3675,0.175008
29147,MO,Nodaway County,NODAWAY,2021,20984,3672,0.17499
29147,MO,Nodaway County,NODAWAY,2022,20690,3621,0.175012
29147,MO,Nodaway County,NODAWAY,2023,20693,3621,0.174987
29147,MO,Nodaway County,NODAWAY,2024,20503,3588,0.174999
29149,MO,Oregon County,OREGON,2020,8611,1507,0.175009
29149,MO,Oregon County,OREGON,2021,8628,1510,0.175012
29149,MO,Oregon County,OREGON,2022,8709,1524,0.174991
29149,MO,Oregon County,OREGON,2023,8719,1525,0.174905
29149,MO,Oregon County,OREGON,2024,8699,1522,0.174963
29151,MO,Osage County,OSAGE,2020,13255,2320,0.175028
29151,MO,Osage County,OSAGE,2021,13397,2345,0.175039
29151,MO,Osage County,OSAGE,2022,13399,2345,0.175013
29151,MO,Osage County,OSAGE,2023,13479,2359,0.175013
29151,MO,Osage County,OSAGE,2024,13478,2359,0.175026
29153,MO,Ozark County,OZARK,2020,8519,1491,0.175021
29153,MO,Ozark County,OZARK,2021,8790,1538,0.174972
29153,MO,Ozark County,OZARK,2022,8970,1570,0.175028
29153,MO,Ozark County,OZARK,2023,8996,1575,0.175078
29153,MO,Ozark County,OZARK,2024,9090,1591,0.175028
29155,MO,Pemiscot County,PEMISCOT,2020,15589,2728,0.174995
29155,MO,Pemiscot County,PEMISCOT,2021,15246,2668,0.174997
29155,MO,Pemiscot County,PEMISCOT,2022,14880,2604,0.175
29155,MO,Pemiscot County,PEMISCOT,2023,14669,2567,0.174995
29155,MO,Pemiscot County,PEMISCOT,2024,14407,2521,0.174984
29157,MO,Perry County,PERRY,2020,18971,3319,0.174951
29157,MO,Perry County,PERRY,2021,18975,3320,0.174967
29157,MO,Perry County,PERRY,2022,18882,3304,0.174981
29157,MO,Perry County,PERRY,2023,18950,3316,0.174987
29157,MO,Perry County,PERRY,2024,19100,3342,0.174974
29159,MO,Pettis County,PETTIS,2020,43004,7525,0.174984
29159,MO,Pettis County,PETTIS,2021,43220,7563,0.174988
29159,MO,Pettis County,PETTIS,2022,43381,7591,0.174984
29159,MO,Pettis County,PETTIS,2023,43591,7628,0.17499
29159,MO,Pettis County,PETTIS,2024,43791,7663,0.17499
29161,MO,Phelps County,PHELPS,2020,44568,7800,0.175013
29161,MO,Phelps County,PHELPS,2021,44912,7860,0.175009
29161,MO,Phelps County,PHELPS,2022,45301,7928,0.175007
29161,MO,Phelps County,PHELPS,2023,45517,7966,0.175012
29161,MO,Phelps County,PHELPS,2024,45672,7993,0.175009
29163,MO,Pike County,PIKE,2020,17413,3047,0.174984
29163,MO,Pike County,PIKE,2021,17606,3081,0.174997
29163,MO,Pike County,PIKE,2022,17650,3089,0.175014
29163,MO,Pike County,PIKE,2023,17927,3137,0.174987
29163,MO,Pike County,PIKE,2024,17961,3143,0.17499
29165,MO,Platte County,PLATTE,2020,107190,18758,0.174998
29165,MO,Platte County,PLATTE,2021,108752,19031,0.174994
29165,MO,Platte County,PLATTE,2022,110593,19354,0.175002
29165,MO,Platte County,PLATTE,2023,112112,19619,0.174995
29165,MO,Platte County,PLATTE,2024,113207,19811,0.174998
29167,MO,Polk County,POLK,2020,31616,5533,0.175006
29167,MO,Polk County,POLK,2021,32047,5608,0.174993
29167,MO,Polk County,POLK,2022,32669,5717,0.174998
29167,MO,Polk County,POLK,2023,32818,5743,0.174995
29167,MO,Polk County,POLK,2024,33070,5787,0.174992
29169,MO,Pulaski County,PULASKI,2020,54039,9457,0.175003
29169,MO,Pulaski County,PULASKI,2021,53816,9418,0.175004
29169,MO,Pulaski County,PULASKI,2022,53824,9419,0.174996
29169,MO,Pulaski County,PULASKI,2023,53829,9420,0.174999
29169,MO,Pulaski County,PULASKI,2024,53964,9444,0.175006
29171,MO,Putnam County,PUTNAM,2020,4685,820,0.175027
29171,MO,Putnam County,PUTNAM,2021,4692,821,0.174979
29171,MO,Putnam County,PUTNAM,2022,4653,814,0.174941
29171,MO,Putnam County,PUTNAM,2023,4639,811,0.174822
29171,MO,Putnam County,PUTNAM,2024,4539,794,0.174928
29173,MO,Ralls County,RALLS,2020,10354,1812,0.175005
29173,MO,Ralls County,RALLS,2021,10365,1814,0.175012
29173,MO,Ralls County,RALLS,2022,10419,1823,0.174969
29173,MO,Ralls County,RALLS,2023,10501,1837,0.174936
29173,MO,Ralls County,RALLS,2024,10499,1837,0.174969
29175,MO,Randolph County,RANDOLPH,2020,24457,4279,0.17496
29175,MO,Randolph County,RANDOLPH,2021,24569,4299,0.174977
29175,MO,Randolph County,RANDOLPH,2022,24619,4308,0.174987
29175,MO,Randolph County,RANDOLPH,2023,24105,4218,0.174984
29175,MO,Randolph County,RANDOLPH,2024,24077,4213,0.17498
29177,MO,Ray County,RAY,2020,23135,4049,0.175016
29177,MO,Ray County,RAY,2021,23095,4042,0.175016
29177,MO,Ray County,RAY,2022,23119,4046,0.175008
29177,MO,Ray County,RAY,2023,23178,4056,0.174994
29177,MO,Ray County,RAY,2024,23199,4060,0.175008
29179,MO,Reynolds County,REYNOLDS,2020,6079,1064,0.175029
29179,MO,Reynolds County,REYNOLDS,2021,6084,1064,0.174885
29179,MO,Reynolds County,REYNOLDS,2022,5994,1049,0.175008
29179,MO,Reynolds County,REYNOLDS,2023,5965,1044,0.175021
29179,MO,Reynolds County,REYNOLDS,2024,5927,1037,0.174962
29181,MO,Ripley County,RIPLEY,2020,10670,1867,0.174977
29181,MO,Ripley County,RIPLEY,2021,10648,1863,0.174962
29181,MO,Ripley County,RIPLEY,2022,10699,1872,0.17497
29181,MO,Ripley County,RIPLEY,2023,10809,1891,0.174947
29181,MO,Ripley County,RIPLEY,2024,10715,1875,0.174988
29183,MO,St. Charles County,ST. CHARLES,2020,406423,71124,0.175
29183,MO,St. Charles County,ST. CHARLES,2021,410515,71840,0.175
29183,MO,St. Charles County,ST. CHARLES,2022,414055,72460,0.175001
29183,MO,St. Charles County,ST. CHARLES,2023,417958,73143,0.175001
29183,MO,St. Charles County,ST. CHARLES,2024,423726,74152,0.175
29185,MO,St. Clair County,ST. CLAIR,2020,9346,1635,0.174941
29185,MO,St. Clair County,ST. CLAIR,2021,9416,1647,0.174915
29185,MO,St. Clair County,ST. CLAIR,2022,9581,1676,0.17493
29185,MO,St. Clair County,ST. CLAIR,2023,9743,1705,0.174997
29185,MO,St. Clair County,ST. CLAIR,2024,9848,1723,0.174959
29186,MO,Ste. Genevieve County,STE. GENEVIEVE,2020,18478,3234,0.175019
29186,MO,Ste. Genevieve County,STE. GENEVIEVE,2021,18576,3251,0.175011
29186,MO,Ste. Genevieve County,STE. GENEVIEVE,2022,18614,3258,0.17503
29186,MO,Ste. Genevieve County,STE. GENEVIEVE,2023,18640,3262,0.175
29186,MO,Ste. Genevieve County,STE. GENEVIEVE,2024,18546,3246,0.175024
29187,MO,St. Francois County,ST. FRANCOIS,2020,66446,11628,0.174999
29187,MO,St. Francois County,ST. FRANCOIS,2021,67015,11728,0.175006
29187,MO,St. Francois County,ST. FRANCOIS,2022,66938,11714,0.174998
29187,MO,St. Francois County,ST. FRANCOIS,2023,67094,11741,0.174993
29187,MO,St. Francois County,ST. FRANCOIS,2024,67503,11813,0.175
29189,MO,St. Louis County,ST. LOUIS,2020,1003376,175591,0.175
29189,MO,St. Louis County,ST. LOUIS,2021,998785,174788,0.175001
29189,MO,St. Louis County,ST. LOUIS,2022,991881,173580,0.175001
29189,MO,St. Louis County,ST. LOUIS,2023,990875,173404,0.175001
29189,MO,St. Louis County,ST. LOUIS,2024,992929,173763,0.175
29195,MO,Saline County,SALINE,2020,23339,4084,0.174986
29195,MO,Saline County,SALINE,2021,23263,4071,0.174999
29195,MO,Saline County,SALINE,2022,23016,4028,0.175009
29195,MO,Saline County,SALINE,2023,23212,4062,0.174996
29195,MO,Saline County,SALINE,2024,23325,4082,0.175005
29197,MO,Schuyler County,SCHUYLER,2020,4010,702,0.175062
29197,MO,Schuyler County,SCHUYLER,2021,4020,703,0.174876
29197,MO,Schuyler County,SCHUYLER,2022,4016,703,0.17505
29197,MO,Schuyler County,SCHUYLER,2023,4073,713,0.175055
29197,MO,Schuyler County,SCHUYLER,2024,4069,712,0.174982
29199,MO,Scotland County,SCOTLAND,2020,4705,823,0.17492
29199,MO,Scotland County,SCOTLAND,2021,4674,818,0.175011
29199,MO,Scotland County,SCOTLAND,2022,4653,814,0.174941
29199,MO,Scotland County,SCOTLAND,2023,4698,822,0.174968
29199,MO,Scotland County,SCOTLAND,2024,4698,822,0.174968
29201,MO,Scott County,SCOTT,2020,38022,6653,0.174978
29201,MO,Scott County,SCOTT,2021,37894,6631,0.174988
29201,MO,Scott County,SCOTT,2022,37869,6627,0.174998
29201,MO,Scott County,SCOTT,2023,37923,6636,0.174986
29201,MO,Scott County,SCOTT,2024,37957,6642,0.174987
29203,MO,Shannon County,SHANNON,2020,7035,1231,0.174982
29203,MO,Shannon County,SHANNON,2021,7100,1242,0.17493
29203,MO,Shannon County,SHANNON,2022,7223,1264,0.174997
29203,MO,Shannon County,SHANNON,2023,7254,1269,0.174938
29203,MO,Shannon County,SHANNON,2024,7275,1273,0.174983
29205,MO,Shelby County,SHELBY,2020,6095,1067,0.175062
29205,MO,Shelby County,SHELBY,2021,5974,1045,0.174925
29205,MO,Shelby County,SHELBY,2022,6004,1051,0.17505
29205,MO,Shelby County,SHELBY,2023,5930,1038,0.175042
29205,MO,Shelby County,SHELBY,2024,5926,1037,0.174992
29207,MO,Stoddard County,STODDARD,2020,28650,5014,0.175009
29207,MO,Stoddard County,STODDARD,2021,28522,4992,0.175023
29207,MO,Stoddard County,STODDARD,2022,28366,4964,0.174998
29207,MO,Stoddard County,STODDARD,2023,28372,4965,0.174996
29207,MO,Stoddard County,STODDARD,2024,28438,4977,0.175012
29209,MO,Stone County,STONE,2020,31205,5461,0.175004
29209,MO,Stone County,STONE,2021,31590,5528,0.174992
29209,MO,Stone County,STONE,2022,32137,5624,0.175001
29209,MO,Stone County,STONE,2023,32680,5719,0.175
29209,MO,Stone County,STONE,2024,32630,5710,0.174992
29211,MO,Sullivan County,SULLIVAN,2020,5976,1046,0.175033
29211,MO,Sullivan County,SULLIVAN,2021,5891,1031,0.175013
29211,MO,Sullivan County,SULLIVAN,2022,5828,1020,0.175017
29211,MO,Sullivan County,SULLIVAN,2023,5841,1022,0.17497
29211,MO,Sullivan County,SULLIVAN,2024,5750,1006,0.174957
29213,MO,Taney County,TANEY,2020,56064,9811,0.174996
29213,MO,Taney County,TANEY,2021,56313,9855,0.175004
29213,MO,Taney County,TANEY,2022,56736,9929,0.175004
29213,MO,Taney County,TANEY,2023,56790,9938,0.174996
29213,MO,Taney County,TANEY,2024,56744,9930,0.174996
29215,MO,Texas County,TEXAS,2020,24323,4256,0.174978
29215,MO,Texas County,TEXAS,2021,24864,4351,0.174992
29215,MO,Texas County,TEXAS,2022,25298,4427,0.174994
29215,MO,Texas County,TEXAS,2023,25606,4481,0.174998
29215,MO,Texas County,TEXAS,2024,25715,4500,0.174995
29217,MO,Vernon County,VERNON,2020,19675,3443,0.174994
29217,MO,Vernon County,VERNON,2021,19598,3430,0.175018
29217,MO,Vernon County,VERNON,2022,19608,3432,0.175031
29217,MO,Vernon County,VERNON,2023,19768,3460,0.17503
29217,MO,Vernon County,VERNON,2024,19787,3463,0.175014
29219,MO,Warren County,WARREN,2020,35740,6255,0.175014
29219,MO,Warren County,WARREN,2021,36562,6399,0.175018
29219,MO,Warren County,WARREN,2022,37292,6526,0.174997
29219,MO,Warren County,WARREN,2023,37815,6618,0.17501
29219,MO,Warren County,WARREN,2024,38478,6734,0.175009
29221,MO,Washington County,WASHINGTON,2020,23432,4101,0.175017
29221,MO,Washington County,WASHINGTON,2021,23403,4096,0.17502
29221,MO,Washington County,WASHINGTON,2022,23389,4093,0.174997
29221,MO,Washington County,WASHINGTON,2023,23542,4120,0.175006
29221,MO,Washington County,WASHINGTON,2024,23583,4127,0.174999
29223,MO,Wayne County,WAYNE,2020,10935,1913,0.174943
29223,MO,Wayne County,WAYNE,2021,10925,1911,0.17492
29223,MO,Wayne County,WAYNE,2022,10807,1891,0.174979
29223,MO,Wayne County,WAYNE,2023,10825,1894,0.174965
29223,MO,Wayne County,WAYNE,2024,10820,1893,0.174954
29225,MO,Webster County,WEBSTER,2020,39008,6826,0.17499
29225,MO,Webster County,WEBSTER,2021,39600,6930,0.175
29225,MO,Webster County,WEBSTER,2022,40369,7064,0.174986
29225,MO,Webster County,WEBSTER,2023,41481,7259,0.174996
29225,MO,Webster County,WEBSTER,2024,42041,7357,0.174996
29227,MO,Worth County,WORTH,2020,1968,345,0.175305
29227,MO,Worth County,WORTH,2021,1973,346,0.175367
29227,MO,Worth County,WORTH,2022,1943,340,0.174987
29227,MO,Worth County,WORTH,2023,1903,333,0.174987
29227,MO,Worth County,WORTH,2024,1872,328,0.175214
29229,MO,Wright County,WRIGHT,2020,18214,3187,0.174975
29229,MO,Wright County,WRIGHT,2021,18625,3259,0.17498
29229,MO,Wright County,WRIGHT,2022,19108,3344,0.175005
29229,MO,Wright County,WRIGHT,2023,19373,3390,0.174986
29229,MO,Wright County,WRIGHT,2024,19505,3413,0.174981
29510,MO,St. Louis city,ST. LOUIS,2020,300315,52556,0.175003
29510,MO,St. Louis city,ST. LOUIS,2021,293484,51360,0.175001
29510,MO,St. Louis city,ST. LOUIS,2022,286292,50101,0.175
29510,MO,St. Louis city,ST. LOUIS,2023,282772,49485,0.175
29510,MO,St. Louis city,ST. LOUIS,2024,279695,48947,0.175001
30001,MT,Beaverhead County,BEAVERHEAD,2020,9377,1875,0.199957
30001,MT,Beaverhead County,BEAVERHEAD,2021,9551,1910,0.199979
30001,MT,Beaverhead County,BEAVERHEAD,2022,9742,1948,0.199959
30001,MT,Beaverhead County,BEAVERHEAD,2023,9889,1978,0.20002
30001,MT,Beaverhead County,BEAVERHEAD,2024,10006,2001,0.19998
30003,MT,Big Horn County,BIG HORN,2020,13083,2616,0.199954
30003,MT,Big Horn County,BIG HORN,2021,12894,2579,0.200016
30003,MT,Big Horn County,BIG HORN,2022,12858,2571,0.199953
30003,MT,Big Horn County,BIG HORN,2023,12825,2565,0.2
30003,MT,Big Horn County,BIG HORN,2024,12796,2559,0.199984
30005,MT,Blaine County,BLAINE,2020,7003,1401,0.200057
30005,MT,Blaine County,BLAINE,2021,6999,1400,0.200029
30005,MT,Blaine County,BLAINE,2022,6956,1392,0.200115
30005,MT,Blaine County,BLAINE,2023,6884,1377,0.200029
30005,MT,Blaine County,BLAINE,2024,6903,1381,0.200058
30007,MT,Broadwater County,BROADWATER,2020,6863,1372,0.199913
30007,MT,Broadwater County,BROADWATER,2021,7327,1465,0.199945
30007,MT,Broadwater County,BROADWATER,2022,7787,1557,0.199949
30007,MT,Broadwater County,BROADWATER,2023,8063,1612,0.199926
30007,MT,Broadwater County,BROADWATER,2024,8302,1660,0.199952
30009,MT,Carbon County,CARBON,2020,10514,2103,0.200019
30009,MT,Carbon County,CARBON,2021,10900,2180,0.2
30009,MT,Carbon County,CARBON,2022,11241,2249,0.200071
30009,MT,Carbon County,CARBON,2023,11426,2286,0.20007
30009,MT,Carbon County,CARBON,2024,11498,2300,0.200035
30011,MT,Carter County,CARTER,2020,1407,282,0.200426
30011,MT,Carter County,CARTER,2021,1416,283,0.199859
30011,MT,Carter County,CARTER,2022,1402,281,0.200428
30011,MT,Carter County,CARTER,2023,1400,280,0.2
30011,MT,Carter County,CARTER,2024,1399,280,0.200143
30013,MT,Cascade County,CASCADE,2020,84411,16883,0.200009
30013,MT,Cascade County,CASCADE,2021,84565,16913,0.2
30013,MT,Cascade County,CASCADE,2022,84908,16982,0.200005
30013,MT,Cascade County,CASCADE,2023,84625,16925,0.2
30013,MT,Cascade County,CASCADE,2024,84523,16905,0.200005
30015,MT,Chouteau County,CHOUTEAU,2020,5917,1183,0.199932
30015,MT,Chouteau County,CHOUTEAU,2021,5939,1188,0.200034
30015,MT,Chouteau County,CHOUTEAU,2022,5917,1183,0.199932
30015,MT,Chouteau County,CHOUTEAU,2023,5877,1175,0.199932
30015,MT,Chouteau County,CHOUTEAU,2024,5880,1176,0.2
30017,MT,Custer County,CUSTER,2020,11863,2373,0.200034
30017,MT,Custer County,CUSTER,2021,11961,2392,0.199983
30017,MT,Custer County,CUSTER,2022,12005,2401,0.2
30017,MT,Custer County,CUSTER,2023,12013,2403,0.200033
30017,MT,Custer County,CUSTER,2024,11964,2393,0.200017
30019,MT,Daniels County,DANIELS,2020,1653,331,0.200242
30019,MT,Daniels County,DANIELS,2021,1671,334,0.19988
30019,MT,Daniels County,DANIELS,2022,1644,329,0.200122
30019,MT,Daniels County,DANIELS,2023,1626,325,0.199877
30019,MT,Daniels County,DANIELS,2024,1625,325,0.2
30021,MT,Dawson County,DAWSON,2020,8922,1784,0.199955
30021,MT,Dawson County,DAWSON,2021,8859,1772,0.200023
30021,MT,Dawson County,DAWSON,2022,8801,1760,0.199977
30021,MT,Dawson County,DAWSON,2023,8820,1764,0.2
30021,MT,Dawson County,DAWSON,2024,8731,1746,0.199977
30023,MT,Deer Lodge County,DEER LODGE,2020,9423,1884,0.199936
30023,MT,Deer Lodge County,DEER LODGE,2021,9522,1904,0.199958
30023,MT,Deer Lodge County,DEER LODGE,2022,9541,1908,0.199979
30023,MT,Deer Lodge County,DEER LODGE,2023,9685,1937,0.2
30023,MT,Deer Lodge County,DEER LODGE,2024,9811,1962,0.19998
30025,MT,Fallon County,FALLON,2020,3029,606,0.200066
30025,MT,Fallon County,FALLON,2021,3011,602,0.199934
30025,MT,Fallon County,FALLON,2022,3047,609,0.199869
30025,MT,Fallon County,FALLON,2023,2999,600,0.200067
30025,MT,Fallon County,FALLON,2024,2946,589,0.199932
30027,MT,Fergus County,FERGUS,2020,11470,2294,0.2
30027,MT,Fergus County,FERGUS,2021,11619,2323,0.199931
30027,MT,Fergus County,FERGUS,2022,11669,2333,0.199931
30027,MT,Fergus County,FERGUS,2023,11816,2363,0.199983
30027,MT,Fergus County,FERGUS,2024,11862,2372,0.199966
30029,MT,Flathead County,FLATHEAD,2020,104881,20976,0.199998
30029,MT,Flathead County,FLATHEAD,2021,108790,21758,0.2
30029,MT,Flathead County,FLATHEAD,2022,111783,22356,0.199995
30029,MT,Flathead County,FLATHEAD,2023,113495,22699,0.2
30029,MT,Flathead County,FLATHEAD,2024,114527,22905,0.199997
30031,MT,Gallatin County,GALLATIN,2020,119607,23922,0.200005
30031,MT,Gallatin County,GALLATIN,2021,123119,24624,0.200002
30031,MT,Gallatin County,GALLATIN,2022,124733,24947,0.200003
30031,MT,Gallatin County,GALLATIN,2023,125929,25186,0.200002
30031,MT,Gallatin County,GALLATIN,2024,126984,25397,0.200002
30033,MT,Garfield County,GARFIELD,2020,1171,234,0.199829
30033,MT,Garfield County,GARFIELD,2021,1206,241,0.199834
30033,MT,Garfield County,GARFIELD,2022,1221,244,0.199836
30033,MT,Garfield County,GARFIELD,2023,1216,243,0.199836
30033,MT,Garfield County,GARFIELD,2024,1181,236,0.199831
30035,MT,Glacier County,GLACIER,2020,13744,2749,0.200015
30035,MT,Glacier County,GLACIER,2021,13723,2745,0.200029
30035,MT,Glacier County,GLACIER,2022,13637,2728,0.200044
30035,MT,Glacier County,GLACIER,2023,13577,2716,0.200044
30035,MT,Glacier County,GLACIER,2024,13503,2701,0.20003
30037,MT,Golden Valley County,GOLDEN VALLEY,2020,864,173,0.200231
30037,MT,Golden Valley County,GOLDEN VALLEY,2021,864,173,0.200231
30037,MT,Golden Valley County,GOLDEN VALLEY,2022,864,173,0.200231
30037,MT,Golden Valley County,GOLDEN VALLEY,2023,867,174,0.200692
30037,MT,Golden Valley County,GOLDEN VALLEY,2024,864,173,0.200231
30039,MT,Granite County,GRANITE,2020,3306,661,0.19994
30039,MT,Granite County,GRANITE,2021,3354,670,0.199761
30039,MT,Granite County,GRANITE,2022,3482,696,0.199885
30039,MT,Granite County,GRANITE,2023,3565,713,0.2
30039,MT,Granite County,GRANITE,2024,3602,720,0.199889
30041,MT,Hill County,HILL,2020,16253,3251,0.200025
30041,MT,Hill County,HILL,2021,16207,3241,0.199975
30041,MT,Hill County,HILL,2022,16069,3214,0.200012
30041,MT,Hill County,HILL,2023,16181,3236,0.199988
30041,MT,Hill County,HILL,2024,16065,3213,0.2
30043,MT,Jefferson County,JEFFERSON,2020,12142,2429,0.200049
30043,MT,Jefferson County,JEFFERSON,2021,12472,2495,0.200048
30043,MT,Jefferson County,JEFFERSON,2022,12864,2573,0.200016
30043,MT,Jefferson County,JEFFERSON,2023,13086,2617,0.199985
30043,MT,Jefferson County,JEFFERSON,2024,13304,2661,0.200015
30045,MT,Judith Basin County,JUDITH BASIN,2020,2023,404,0.199703
30045,MT,Judith Basin County,JUDITH BASIN,2021,2041,408,0.199902
30045,MT,Judith Basin County,JUDITH BASIN,2022,2082,416,0.199808
30045,MT,Judith Basin County,JUDITH BASIN,2023,2099,420,0.200095
30045,MT,Judith Basin County,JUDITH BASIN,2024,2111,422,0.199905
30047,MT,Lake County,LAKE,2020,31247,6250,0.200019
30047,MT,Lake County,LAKE,2021,32081,6417,0.200025
30047,MT,Lake County,LAKE,2022,32821,6565,0.200024
30047,MT,Lake County,LAKE,2023,33255,6651,0.2
30047,MT,Lake County,LAKE,2024,33403,6681,0.200012
30049,MT,Lewis and Clark County,LEWIS AND CLARK,2020,71179,14236,0.200003
30049,MT,Lewis and Clark County,LEWIS AND CLARK,2021,72517,14504,0.200008
30049,MT,Lewis and Clark County,LEWIS AND CLARK,2022,73681,14736,0.199997
30049,MT,Lewis and Clark County,LEWIS AND CLARK,2023,74812,14963,0.200008
30049,MT,Lewis and Clark County,LEWIS AND CLARK,2024,75129,15026,0.200003
30051,MT,Liberty County,LIBERTY,2020,1958,392,0.200204
30051,MT,Liberty County,LIBERTY,2021,1937,388,0.20031
30051,MT,Liberty County,LIBERTY,2022,1972,395,0.200304
30051,MT,Liberty County,LIBERTY,2023,1959,392,0.200102
30051,MT,Liberty County,LIBERTY,2024,1934,387,0.200103
30053,MT,Lincoln County,LINCOLN,2020,19744,3949,0.20001
30053,MT,Lincoln County,LINCOLN,2021,20597,4120,0.200029
30053,MT,Lincoln County,LINCOLN,2022,21485,4297,0.2
30053,MT,Lincoln County,LINCOLN,2023,21867,4374,0.200027
30053,MT,Lincoln County,LINCOLN,2024,22184,4437,0.200009
30055,MT,McCone County,MCCONE,2020,1729,345,0.199537
30055,MT,McCone County,MCCONE,2021,1710,342,0.2
30055,MT,McCone County,MCCONE,2022,1712,342,0.199766
30055,MT,McCone County,MCCONE,2023,1684,336,0.199525
30055,MT,McCone County,MCCONE,2024,1717,343,0.199767
30057,MT,Madison County,MADISON,2020,8661,1733,0.200092
30057,MT,Madison County,MADISON,2021,8954,1791,0.200022
30057,MT,Madison County,MADISON,2022,9237,1848,0.200065
30057,MT,Madison County,MADISON,2023,9509,1902,0.200021
30057,MT,Madison County,MADISON,2024,9753,1951,0.200041
30059,MT,Meagher County,MEAGHER,2020,1924,385,0.200104
30059,MT,Meagher County,MEAGHER,2021,1963,393,0.200204
30059,MT,Meagher County,MEAGHER,2022,2025,405,0.2
30059,MT,Meagher County,MEAGHER,2023,2057,411,0.199806
30059,MT,Meagher County,MEAGHER,2024,2065,413,0.2
30061,MT,Mineral County,MINERAL,2020,4568,914,0.200088
30061,MT,Mineral County,MINERAL,2021,4859,972,0.200041
30061,MT,Mineral County,MINERAL,2022,5037,1007,0.199921
30061,MT,Mineral County,MINERAL,2023,5135,1027,0.2
30061,MT,Mineral County,MINERAL,2024,5195,1039,0.2
30063,MT,Missoula County,MISSOULA,2020,118353,23670,0.199995
30063,MT,Missoula County,MISSOULA,2021,119857,23971,0.199997
30063,MT,Missoula County,MISSOULA,2022,120931,24186,0.199998
30063,MT,Missoula County,MISSOULA,2023,121672,24334,0.199997
30063,MT,Missoula County,MISSOULA,2024,122546,24509,0.199998
30065,MT,Musselshell County,MUSSELSHELL,2020,4749,949,0.199832
30065,MT,Musselshell County,MUSSELSHELL,2021,4910,982,0.2
30065,MT,Musselshell County,MUSSELSHELL,2022,5188,1037,0.199884
30065,MT,Musselshell County,MUSSELSHELL,2023,5377,1075,0.199926
30065,MT,Musselshell County,MUSSELSHELL,2024,5452,1090,0.199927
30067,MT,Park County,PARK,2020,17229,3446,0.200012
30067,MT,Park County,PARK,2021,17525,3505,0.2
30067,MT,Park County,PARK,2022,17783,3557,0.200022
30067,MT,Park County,PARK,2023,17938,3588,0.200022
30067,MT,Park County,PARK,2024,18074,3615,0.200011
30069,MT,Petroleum County,PETROLEUM,2020,864,105,0.121528
30069,MT,Petroleum County,PETROLEUM,2021,864,105,0.121528
30069,MT,Petroleum County,PETROLEUM,2022,864,105,0.121528
30069,MT,Petroleum County,PETROLEUM,2023,864,105,0.121528
30069,MT,Petroleum County,PETROLEUM,2024,864,105,0.121528
30071,MT,Phillips County,PHILLIPS,2020,4211,842,0.199953
30071,MT,Phillips County,PHILLIPS,2021,4209,842,0.200048
30071,MT,Phillips County,PHILLIPS,2022,4223,845,0.200095
30071,MT,Phillips County,PHILLIPS,2023,4248,850,0.200094
30071,MT,Phillips County,PHILLIPS,2024,4214,843,0.200047
30073,MT,Pondera County,PONDERA,2020,5877,1176,0.200102
30073,MT,Pondera County,PONDERA,2021,6017,1204,0.2001
30073,MT,Pondera County,PONDERA,2022,6093,1219,0.200066
30073,MT,Pondera County,PONDERA,2023,6108,1222,0.200065
30073,MT,Pondera County,PONDERA,2024,6078,1216,0.200066
30075,MT,Powder River County,POWDER RIVER,2020,1693,339,0.200236
30075,MT,Powder River County,POWDER RIVER,2021,1707,342,0.200351
30075,MT,Powder River County,POWDER RIVER,2022,1725,345,0.2
30075,MT,Powder River County,POWDER RIVER,2023,1731,346,0.199884
30075,MT,Powder River County,POWDER RIVER,2024,1734,347,0.200115
30077,MT,Powell County,POWELL,2020,6938,1388,0.200058
30077,MT,Powell County,POWELL,2021,7023,1405,0.200057
30077,MT,Powell County,POWELL,2022,7063,1413,0.200057
30077,MT,Powell County,POWELL,2023,7122,1424,0.199944
30077,MT,Powell County,POWELL,2024,7120,1424,0.2
30079,MT,Prairie County,PRAIRIE,2020,1090,218,0.2
30079,MT,Prairie County,PRAIRIE,2021,1096,219,0.199818
30079,MT,Prairie County,PRAIRIE,2022,1114,222,0.199282
30079,MT,Prairie County,PRAIRIE,2023,1115,223,0.2
30079,MT,Prairie County,PRAIRIE,2024,1112,222,0.19964
30081,MT,Ravalli County,RAVALLI,2020,44417,8883,0.199991
30081,MT,Ravalli County,RAVALLI,2021,46096,9219,0.199996
30081,MT,Ravalli County,RAVALLI,2022,47177,9435,0.199992
30081,MT,Ravalli County,RAVALLI,2023,47760,9552,0.2
30081,MT,Ravalli County,RAVALLI,2024,48187,9637,0.199992
30083,MT,Richland County,RICHLAND,2020,11534,2307,0.200017
30083,MT,Richland County,RICHLAND,2021,11330,2266,0.2
30083,MT,Richland County,RICHLAND,2022,11191,2239,0.200071
30083,MT,Richland County,RICHLAND,2023,11094,2219,0.200018
30083,MT,Richland County,RICHLAND,2024,11028,2206,0.200036
30085,MT,Roosevelt County,ROOSEVELT,2020,10802,2160,0.199963
30085,MT,Roosevelt County,ROOSEVELT,2021,10788,2157,0.199944
30085,MT,Roosevelt County,ROOSEVELT,2022,10514,2102,0.199924
30085,MT,Roosevelt County,ROOSEVELT,2023,10327,2065,0.199961
30085,MT,Roosevelt County,ROOSEVELT,2024,10197,2039,0.199961
30087,MT,Rosebud County,ROSEBUD,2020,8306,1661,0.199976
30087,MT,Rosebud County,ROSEBUD,2021,8082,1617,0.200074
30087,MT,Rosebud County,ROSEBUD,2022,8122,1625,0.200074
30087,MT,Rosebud County,ROSEBUD,2023,8123,1625,0.200049
30087,MT,Rosebud County,ROSEBUD,2024,8194,1639,0.200024
30089,MT,Sanders County,SANDERS,2020,12461,2492,0.199984
30089,MT,Sanders County,SANDERS,2021,12949,2590,0.200015
30089,MT,Sanders County,SANDERS,2022,13396,2679,0.199985
30089,MT,Sanders County,SANDERS,2023,13726,2745,0.199985
30089,MT,Sanders County,SANDERS,2024,13895,2779,0.2
30091,MT,Sheridan County,SHERIDAN,2020,3536,708,0.200226
30091,MT,Sheridan County,SHERIDAN,2021,3572,715,0.200168
30091,MT,Sheridan County,SHERIDAN,2022,3550,710,0.2
30091,MT,Sheridan County,SHERIDAN,2023,3490,698,0.2
30091,MT,Sheridan County,SHERIDAN,2024,3448,690,0.200116
30093,MT,Silver Bow County,SILVER BOW,2020,35210,7042,0.2
30093,MT,Silver Bow County,SILVER BOW,2021,35510,7102,0.2
30093,MT,Silver Bow County,SILVER BOW,2022,35876,7175,0.199994
30093,MT,Silver Bow County,SILVER BOW,2023,36193,7239,0.200011
30093,MT,Silver Bow County,SILVER BOW,2024,36134,7227,0.200006
30095,MT,Stillwater County,STILLWATER,2020,9002,1800,0.199956
30095,MT,Stillwater County,STILLWATER,2021,9026,1805,0.199978
30095,MT,Stillwater County,STILLWATER,2022,9194,1839,0.200022
30095,MT,Stillwater County,STILLWATER,2023,9237,1847,0.199957
30095,MT,Stillwater County,STILLWATER,2024,9450,1890,0.2
30097,MT,Sweet Grass County,SWEET GRASS,2020,3670,734,0.2
30097,MT,Sweet Grass County,SWEET GRASS,2021,3702,740,0.199892
30097,MT,Sweet Grass County,SWEET GRASS,2022,3724,744,0.199785
30097,MT,Sweet Grass County,SWEET GRASS,2023,3749,749,0.199787
30097,MT,Sweet Grass County,SWEET GRASS,2024,3757,751,0.199894
30099,MT,Teton County,TETON,2020,6253,1251,0.200064
30099,MT,Teton County,TETON,2021,6279,1256,0.200032
30099,MT,Teton County,TETON,2022,6349,1270,0.200032
30099,MT,Teton County,TETON,2023,6439,1288,0.200031
30099,MT,Teton County,TETON,2024,6444,1289,0.200031
30101,MT,Toole County,TOOLE,2020,4967,994,0.200121
30101,MT,Toole County,TOOLE,2021,4987,998,0.20012
30101,MT,Toole County,TOOLE,2022,5072,1015,0.200118
30101,MT,Toole County,TOOLE,2023,5128,1026,0.200078
30101,MT,Toole County,TOOLE,2024,5153,1031,0.200078
30103,MT,Treasure County,TREASURE,2020,864,148,0.171296
30103,MT,Treasure County,TREASURE,2021,864,148,0.171296
30103,MT,Treasure County,TREASURE,2022,864,148,0.171296
30103,MT,Treasure County,TREASURE,2023,864,148,0.171296
30103,MT,Treasure County,TREASURE,2024,864,148,0.171296
30105,MT,Valley County,VALLEY,2020,7561,1512,0.199974
30105,MT,Valley County,VALLEY,2021,7566,1513,0.199974
30105,MT,Valley County,VALLEY,2022,7560,1512,0.2
30105,MT,Valley County,VALLEY,2023,7475,1495,0.2
30105,MT,Valley County,VALLEY,2024,7434,1487,0.200027
30107,MT,Wheatland County,WHEATLAND,2020,2072,415,0.20029
30107,MT,Wheatland County,WHEATLAND,2021,2039,408,0.200098
30107,MT,Wheatland County,WHEATLAND,2022,2043,409,0.200196
30107,MT,Wheatland County,WHEATLAND,2023,2068,414,0.200193
30107,MT,Wheatland County,WHEATLAND,2024,2058,412,0.200194
30109,MT,Wibaux County,WIBAUX,2020,936,187,0.199786
30109,MT,Wibaux County,WIBAUX,2021,936,187,0.199786
30109,MT,Wibaux County,WIBAUX,2022,924,185,0.200216
30109,MT,Wibaux County,WIBAUX,2023,904,181,0.200221
30109,MT,Wibaux County,WIBAUX,2024,911,182,0.19978
30111,MT,Yellowstone County,YELLOWSTONE,2020,165210,33042,0.2
30111,MT,Yellowstone County,YELLOWSTONE,2021,167448,33490,0.200002
30111,MT,Yellowstone County,YELLOWSTONE,2022,169817,33964,0.200004
30111,MT,Yellowstone County,YELLOWSTONE,2023,170727,34146,0.200004
30111,MT,Yellowstone County,YELLOWSTONE,2024,171583,34317,0.200002
31001,NE,Adams County,ADAMS,2020,31176,5144,0.164999
31001,NE,Adams County,ADAMS,2021,30974,5110,0.164977
31001,NE,Adams County,ADAMS,2022,31023,5118,0.164974
31001,NE,Adams County,ADAMS,2023,30892,5097,0.164994
31001,NE,Adams County,ADAMS,2024,31196,5147,0.164989
31003,NE,Antelope County,ANTELOPE,2020,6279,1036,0.164994
31003,NE,Antelope County,ANTELOPE,2021,6296,1039,0.165025
31003,NE,Antelope County,ANTELOPE,2022,6299,1039,0.164947
31003,NE,Antelope County,ANTELOPE,2023,6291,1038,0.164998
31003,NE,Antelope County,ANTELOPE,2024,6358,1049,0.164989
31005,NE,Arthur County,ARTHUR,2020,864,70,0.081019
31005,NE,Arthur County,ARTHUR,2021,864,70,0.081019
31005,NE,Arthur County,ARTHUR,2022,864,70,0.081019
31005,NE,Arthur County,ARTHUR,2023,864,70,0.081019
31005,NE,Arthur County,ARTHUR,2024,864,70,0.081019
31007,NE,Banner County,BANNER,2020,864,110,0.127315
31007,NE,Banner County,BANNER,2021,864,110,0.127315
31007,NE,Banner County,BANNER,2022,864,110,0.127315
31007,NE,Banner County,BANNER,2023,864,110,0.127315
31007,NE,Banner County,BANNER,2024,864,110,0.127315
31009,NE,Blaine County,BLAINE,2020,864,75,0.086806
31009,NE,Blaine County,BLAINE,2021,864,75,0.086806
31009,NE,Blaine County,BLAINE,2022,864,75,0.086806
31009,NE,Blaine County,BLAINE,2023,864,75,0.086806
31009,NE,Blaine County,BLAINE,2024,864,75,0.086806
31011,NE,Boone County,BOONE,2020,5357,883,0.164831
31011,NE,Boone County,BOONE,2021,5381,887,0.164839
31011,NE,Boone County,BOONE,2022,5366,885,0.164927
31011,NE,Boone County,BOONE,2023,5320,877,0.16485
31011,NE,Boone County,BOONE,2024,5354,883,0.164923
31013,NE,Box Butte County,BOX BUTTE,2020,10819,1785,0.164988
31013,NE,Box Butte County,BOX BUTTE,2021,10658,1759,0.16504
31013,NE,Box Butte County,BOX BUTTE,2022,10685,1763,0.164998
31013,NE,Box Butte County,BOX BUTTE,2023,10705,1766,0.16497
31013,NE,Box Butte County,BOX BUTTE,2024,10703,1766,0.165
31015,NE,Boyd County,BOYD,2020,1803,297,0.164725
31015,NE,Boyd County,BOYD,2021,1782,294,0.164983
31015,NE,Boyd County,BOYD,2022,1737,286,0.164652
31015,NE,Boyd County,BOYD,2023,1739,286,0.164462
31015,NE,Boyd County,BOYD,2024,1700,280,0.164706
31017,NE,Brown County,BROWN,2020,2903,479,0.165002
31017,NE,Brown County,BROWN,2021,2922,482,0.164956
31017,NE,Brown County,BROWN,2022,2894,478,0.165169
31017,NE,Brown County,BROWN,2023,2877,475,0.165103
31017,NE,Brown County,BROWN,2024,2877,475,0.165103
31019,NE,Buffalo County,BUFFALO,2020,50204,8284,0.165007
31019,NE,Buffalo County,BUFFALO,2021,50310,8301,0.164997
31019,NE,Buffalo County,BUFFALO,2022,50528,8337,0.164998
31019,NE,Buffalo County,BUFFALO,2023,50696,8365,0.165003
31019,NE,Buffalo County,BUFFALO,2024,51156,8441,0.165005
31021,NE,Burt County,BURT,2020,6724,1110,0.16508
31021,NE,Burt County,BURT,2021,6716,1108,0.164979
31021,NE,Burt County,BURT,2022,6790,1120,0.164948
31021,NE,Burt County,BURT,2023,6730,1110,0.164933
31021,NE,Burt County,BURT,2024,6727,1110,0.165007
31023,NE,Butler County,BUTLER,2020,8356,1378,0.164911
31023,NE,Butler County,BUTLER,2021,8452,1394,0.164931
31023,NE,Butler County,BUTLER,2022,8432,1391,0.164967
31023,NE,Butler County,BUTLER,2023,8442,1392,0.16489
31023,NE,Butler County,BUTLER,2024,8439,1392,0.164948
31025,NE,Cass County,CASS,2020,26608,4390,0.164988
31025,NE,Cass County,CASS,2021,27079,4468,0.164999
31025,NE,Cass County,CASS,2022,27169,4483,0.165004
31025,NE,Cass County,CASS,2023,27458,4530,0.164979
31025,NE,Cass County,CASS,2024,27492,4536,0.164993
31027,NE,Cedar County,CEDAR,2020,8373,1381,0.164935
31027,NE,Cedar County,CEDAR,2021,8331,1374,0.164926
31027,NE,Cedar County,CEDAR,2022,8366,1380,0.164953
31027,NE,Cedar County,CEDAR,2023,8244,1360,0.164968
31027,NE,Cedar County,CEDAR,2024,8262,1363,0.164972
31029,NE,Chase County,CHASE,2020,3889,642,0.165081
31029,NE,Chase County,CHASE,2021,3827,631,0.164881
31029,NE,Chase County,CHASE,2022,3768,622,0.165074
31029,NE,Chase County,CHASE,2023,3761,621,0.165116
31029,NE,Chase County,CHASE,2024,3764,621,0.164984
31031,NE,Cherry County,CHERRY,2020,5457,900,0.164926
31031,NE,Cherry County,CHERRY,2021,5453,900,0.165047
31031,NE,Cherry County,CHERRY,2022,5495,907,0.165059
31031,NE,Cherry County,CHERRY,2023,5527,912,0.165008
31031,NE,Cherry County,CHERRY,2024,5558,917,0.164987
31033,NE,Cheyenne County,CHEYENNE,2020,9486,1565,0.16498
31033,NE,Cheyenne County,CHEYENNE,2021,9504,1568,0.164983
31033,NE,Cheyenne County,CHEYENNE,2022,9524,1571,0.164952
31033,NE,Cheyenne County,CHEYENNE,2023,9549,1575,0.164939
31033,NE,Cheyenne County,CHEYENNE,2024,9602,1584,0.164966
31035,NE,Clay County,CLAY,2020,6110,1008,0.164975
31035,NE,Clay County,CLAY,2021,6046,998,0.165068
31035,NE,Clay County,CLAY,2022,6070,1002,0.165074
31035,NE,Clay County,CLAY,2023,6144,1014,0.165039
31035,NE,Clay County,CLAY,2024,6103,1007,0.165001
31037,NE,Colfax County,COLFAX,2020,10556,1741,0.16493
31037,NE,Colfax County,COLFAX,2021,10480,1729,0.164981
31037,NE,Colfax County,COLFAX,2022,10645,1756,0.16496
31037,NE,Colfax County,COLFAX,2023,10696,1765,0.165015
31037,NE,Colfax County,COLFAX,2024,10826,1786,0.164973
31039,NE,Cuming County,CUMING,2020,9011,1487,0.165021
31039,NE,Cuming County,CUMING,2021,8993,1484,0.165017
31039,NE,Cuming County,CUMING,2022,8970,1480,0.164994
31039,NE,Cuming County,CUMING,2023,8951,1477,0.165009
31039,NE,Cuming County,CUMING,2024,8952,1477,0.164991
31041,NE,Custer County,CUSTER,2020,10492,1731,0.164983
31041,NE,Custer County,CUSTER,2021,10495,1731,0.164936
31041,NE,Custer County,CUSTER,2022,10503,1733,0.165
31041,NE,Custer County,CUSTER,2023,10612,1751,0.165002
31041,NE,Custer County,CUSTER,2024,10487,1730,0.164966
31043,NE,Dakota County,DAKOTA,2020,21556,3556,0.164966
31043,NE,Dakota County,DAKOTA,2021,21287,3512,0.164983
31043,NE,Dakota County,DAKOTA,2022,21253,3506,0.164965
31043,NE,Dakota County,DAKOTA,2023,21340,3521,0.164995
31043,NE,Dakota County,DAKOTA,2024,21335,3520,0.164987
31045,NE,Dawes County,DAWES,2020,8155,1345,0.164929
31045,NE,Dawes County,DAWES,2021,8147,1344,0.164969
31045,NE,Dawes County,DAWES,2022,8250,1361,0.16497
31045,NE,Dawes County,DAWES,2023,8145,1343,0.164886
31045,NE,Dawes County,DAWES,2024,8003,1320,0.164938
31047,NE,Dawson County,DAWSON,2020,24082,3973,0.164978
31047,NE,Dawson County,DAWSON,2021,23935,3949,0.164989
31047,NE,Dawson County,DAWSON,2022,24048,3968,0.165003
31047,NE,Dawson County,DAWSON,2023,24393,4024,0.164965
31047,NE,Dawson County,DAWSON,2024,24554,4051,0.164983
31049,NE,Deuel County,DEUEL,2020,1833,302,0.164757
31049,NE,Deuel County,DEUEL,2021,1849,305,0.164954
31049,NE,Deuel County,DEUEL,2022,1900,313,0.164737
31049,NE,Deuel County,DEUEL,2023,1879,310,0.164981
31049,NE,Deuel County,DEUEL,2024,1892,312,0.164905
31051,NE,Dixon County,DIXON,2020,5585,922,0.165085
31051,NE,Dixon County,DIXON,2021,5561,918,0.165078
31051,NE,Dixon County,DIXON,2022,5522,911,0.164976
31051,NE,Dixon County,DIXON,2023,5530,913,0.165099
31051,NE,Dixon County,DIXON,2024,5526,912,0.165038
31053,NE,Dodge County,DODGE,2020,37121,6125,0.165001
31053,NE,Dodge County,DODGE,2021,37141,6128,0.164993
31053,NE,Dodge County,DODGE,2022,37130,6127,0.165015
31053,NE,Dodge County,DODGE,2023,37477,6184,0.165008
31053,NE,Dodge County,DODGE,2024,37884,6251,0.165004
31055,NE,Douglas County,DOUGLAS,2020,585451,96599,0.164999
31055,NE,Douglas County,DOUGLAS,2021,585534,96613,0.165
31055,NE,Douglas County,DOUGLAS,2022,587894,97002,0.164999
31055,NE,Douglas County,DOUGLAS,2023,593645,97951,0.164999
31055,NE,Douglas County,DOUGLAS,2024,601158,99191,0.165
31057,NE,Dundy County,DUNDY,2020,1651,273,0.165354
31057,NE,Dundy County,DUNDY,2021,1629,269,0.165132
31057,NE,Dundy County,DUNDY,2022,1601,264,0.164897
31057,NE,Dundy County,DUNDY,2023,1565,258,0.164856
31057,NE,Dundy County,DUNDY,2024,1581,261,0.165085
31059,NE,Fillmore County,FILLMORE,2020,5569,918,0.164841
31059,NE,Fillmore County,FILLMORE,2021,5554,916,0.164926
31059,NE,Fillmore County,FILLMORE,2022,5529,912,0.164948
31059,NE,Fillmore County,FILLMORE,2023,5539,913,0.164831
31059,NE,Fillmore County,FILLMORE,2024,5512,909,0.164913
31061,NE,Franklin County,FRANKLIN,2020,2890,477,0.165052
31061,NE,Franklin County,FRANKLIN,2021,2879,475,0.164988
31061,NE,Franklin County,FRANKLIN,2022,2834,468,0.165138
31061,NE,Franklin County,FRANKLIN,2023,2812,464,0.165007
31061,NE,Franklin County,FRANKLIN,2024,2817,465,0.165069
31063,NE,Frontier County,FRONTIER,2020,2503,413,0.165002
31063,NE,Frontier County,FRONTIER,2021,2547,420,0.1649
31063,NE,Frontier County,FRONTIER,2022,2624,433,0.165015
31063,NE,Frontier County,FRONTIER,2023,2598,428,0.164742
31063,NE,Frontier County,FRONTIER,2024,2536,418,0.164826
31065,NE,Furnas County,FURNAS,2020,4632,764,0.16494
31065,NE,Furnas County,FURNAS,2021,4613,761,0.164969
31065,NE,Furnas County,FURNAS,2022,4573,754,0.164881
31065,NE,Furnas County,FURNAS,2023,4555,751,0.164874
31065,NE,Furnas County,FURNAS,2024,4468,737,0.164951
31067,NE,Gage County,GAGE,2020,21652,3572,0.164973
31067,NE,Gage County,GAGE,2021,21629,3568,0.164964
31067,NE,Gage County,GAGE,2022,21542,3554,0.16498
31067,NE,Gage County,GAGE,2023,21637,3570,0.164995
31067,NE,Gage County,GAGE,2024,21687,3578,0.164984
31069,NE,Garden County,GARDEN,2020,1889,312,0.165167
31069,NE,Garden County,GARDEN,2021,1841,304,0.165128
31069,NE,Garden County,GARDEN,2022,1837,303,0.164943
31069,NE,Garden County,GARDEN,2023,1804,298,0.165188
31069,NE,Garden County,GARDEN,2024,1804,298,0.165188
31071,NE,Garfield County,GARFIELD,2020,1805,298,0.165097
31071,NE,Garfield County,GARFIELD,2021,1830,302,0.165027
31071,NE,Garfield County,GARFIELD,2022,1783,295,0.165451
31071,NE,Garfield County,GARFIELD,2023,1758,290,0.16496
31071,NE,Garfield County,GARFIELD,2024,1707,282,0.165202
31073,NE,Gosper County,GOSPER,2020,1895,312,0.164644
31073,NE,Gosper County,GOSPER,2021,1828,301,0.164661
31073,NE,Gosper County,GOSPER,2022,1831,302,0.164937
31073,NE,Gosper County,GOSPER,2023,1837,303,0.164943
31073,NE,Gosper County,GOSPER,2024,1808,298,0.164823
31075,NE,Grant County,GRANT,2020,864,95,0.109954
31075,NE,Grant County,GRANT,2021,864,95,0.109954
31075,NE,Grant County,GRANT,2022,864,95,0.109954
31075,NE,Grant County,GRANT,2023,864,95,0.109954
31075,NE,Grant County,GRANT,2024,864,95,0.109954
31077,NE,Greeley County,GREELEY,2020,2179,360,0.165213
31077,NE,Greeley County,GREELEY,2021,2180,360,0.165138
31077,NE,Greeley County,GREELEY,2022,2237,370,0.1654
31077,NE,Greeley County,GREELEY,2023,2218,366,0.165014
31077,NE,Greeley County,GREELEY,2024,2197,363,0.165225
31079,NE,Hall County,HALL,2020,62776,10358,0.164999
31079,NE,Hall County,HALL,2021,62085,10244,0.165
31079,NE,Hall County,HALL,2022,62292,10278,0.164997
31079,NE,Hall County,HALL,2023,62658,10338,0.164991
31079,NE,Hall County,HALL,2024,62869,10373,0.164994
31081,NE,Hamilton County,HAMILTON,2020,9402,1551,0.164965
31081,NE,Hamilton County,HAMILTON,2021,9388,1549,0.164998
31081,NE,Hamilton County,HAMILTON,2022,9439,1557,0.164954
31081,NE,Hamilton County,HAMILTON,2023,9528,1572,0.164987
31081,NE,Hamilton County,HAMILTON,2024,9564,1578,0.164994
31083,NE,Harlan County,HARLAN,2020,3054,504,0.165029
31083,NE,Harlan County,HARLAN,2021,3095,511,0.165105
31083,NE,Harlan County,HARLAN,2022,3023,499,0.165068
31083,NE,Harlan County,HARLAN,2023,3046,503,0.165135
31083,NE,Harlan County,HARLAN,2024,3018,498,0.16501
31085,NE,Hayes County,HAYES,2020,864,140,0.162037
31085,NE,Hayes County,HAYES,2021,864,140,0.162037
31085,NE,Hayes County,HAYES,2022,864,140,0.162037
31085,NE,Hayes County,HAYES,2023,864,140,0.162037
31085,NE,Hayes County,HAYES,2024,864,140,0.162037
31087,NE,Hitchcock County,HITCHCOCK,2020,2621,433,0.165204
31087,NE,Hitchcock County,HITCHCOCK,2021,2602,429,0.164873
31087,NE,Hitchcock County,HITCHCOCK,2022,2611,431,0.165071
31087,NE,Hitchcock County,HITCHCOCK,2023,2550,421,0.165098
31087,NE,Hitchcock County,HITCHCOCK,2024,2460,406,0.165041
31089,NE,Holt County,HOLT,2020,10105,1668,0.165067
31089,NE,Holt County,HOLT,2021,10063,1661,0.16506
31089,NE,Holt County,HOLT,2022,10069,1662,0.165061
31089,NE,Holt County,HOLT,2023,10152,1675,0.164992
31089,NE,Holt County,HOLT,2024,10120,1670,0.16502
31091,NE,Hooker County,HOOKER,2020,864,115,0.133102
31091,NE,Hooker County,HOOKER,2021,864,115,0.133102
31091,NE,Hooker County,HOOKER,2022,864,115,0.133102
31091,NE,Hooker County,HOOKER,2023,864,115,0.133102
31091,NE,Hooker County,HOOKER,2024,864,115,0.133102
31093,NE,Howard County,HOWARD,2020,6486,1070,0.164971
31093,NE,Howard County,HOWARD,2021,6525,1076,0.164904
31093,NE,Howard County,HOWARD,2022,6521,1076,0.165005
31093,NE,Howard County,HOWARD,2023,6564,1083,0.164991
31093,NE,Howard County,HOWARD,2024,6572,1084,0.164942
31095,NE,Jefferson County,JEFFERSON,2020,7260,1197,0.164876
31095,NE,Jefferson County,JEFFERSON,2021,7160,1181,0.164944
31095,NE,Jefferson County,JEFFERSON,2022,7151,1179,0.164872
31095,NE,Jefferson County,JEFFERSON,2023,7097,1171,0.164999
31095,NE,Jefferson County,JEFFERSON,2024,7136,1177,0.164938
31097,NE,Johnson County,JOHNSON,2020,5295,874,0.165061
31097,NE,Johnson County,JOHNSON,2021,5314,877,0.165036
31097,NE,Johnson County,JOHNSON,2022,5264,868,0.164894
31097,NE,Johnson County,JOHNSON,2023,5215,860,0.164909
31097,NE,Johnson County,JOHNSON,2024,5219,861,0.164974
31099,NE,Kearney County,KEARNEY,2020,6692,1105,0.165123
31099,NE,Kearney County,KEARNEY,2021,6689,1104,0.165047
31099,NE,Kearney County,KEARNEY,2022,6708,1107,0.165027
31099,NE,Kearney County,KEARNEY,2023,6727,1110,0.165007
31099,NE,Kearney County,KEARNEY,2024,6749,1114,0.165061
31101,NE,Keith County,KEITH,2020,8326,1373,0.164905
31101,NE,Keith County,KEITH,2021,8259,1362,0.164911
31101,NE,Keith County,KEITH,2022,8205,1353,0.164899
31101,NE,Keith County,KEITH,2023,8155,1345,0.164929
31101,NE,Keith County,KEITH,2024,8148,1344,0.164948
31103,NE,Keya Paha County,KEYA PAHA,2020,864,135,0.15625
31103,NE,Keya Paha County,KEYA PAHA,2021,864,135,0.15625
31103,NE,Keya Paha County,KEYA PAHA,2022,864,135,0.15625
31103,NE,Keya Paha County,KEYA PAHA,2023,864,135,0.15625
31103,NE,Keya Paha County,KEYA PAHA,2024,864,135,0.15625
31105,NE,Kimball County,KIMBALL,2020,3408,562,0.164906
31105,NE,Kimball County,KIMBALL,2021,3408,562,0.164906
31105,NE,Kimball County,KIMBALL,2022,3344,551,0.164773
31105,NE,Kimball County,KIMBALL,2023,3316,547,0.164958
31105,NE,Kimball County,KIMBALL,2024,3305,545,0.164902
31107,NE,Knox County,KNOX,2020,8392,1384,0.164919
31107,NE,Knox County,KNOX,2021,8414,1388,0.164963
31107,NE,Knox County,KNOX,2022,8356,1378,0.164911
31107,NE,Knox County,KNOX,2023,8341,1376,0.164968
31107,NE,Knox County,KNOX,2024,8306,1370,0.164941
31109,NE,Lancaster County,LANCASTER,2020,323171,53323,0.164999
31109,NE,Lancaster County,LANCASTER,2021,323407,53362,0.165
31109,NE,Lancaster County,LANCASTER,2022,325252,53666,0.164998
31109,NE,Lancaster County,LANCASTER,2023,328794,54251,0.165
31109,NE,Lancaster County,LANCASTER,2024,332857,54921,0.164999
31111,NE,Lincoln County,LINCOLN,2020,34535,5699,0.165021
31111,NE,Lincoln County,LINCOLN,2021,34079,5623,0.164999
31111,NE,Lincoln County,LINCOLN,2022,33619,5548,0.165026
31111,NE,Lincoln County,LINCOLN,2023,33457,5521,0.165018
31111,NE,Lincoln County,LINCOLN,2024,33319,5498,0.165011
31113,NE,Logan County,LOGAN,2020,864,115,0.133102
31113,NE,Logan County,LOGAN,2021,864,115,0.133102
31113,NE,Logan County,LOGAN,2022,864,115,0.133102
31113,NE,Logan County,LOGAN,2023,864,115,0.133102
31113,NE,Logan County,LOGAN,2024,864,115,0.133102
31115,NE,Loup County,LOUP,2020,864,96,0.111111
31115,NE,Loup County,LOUP,2021,864,96,0.111111
31115,NE,Loup County,LOUP,2022,864,96,0.111111
31115,NE,Loup County,LOUP,2023,864,96,0.111111
31115,NE,Loup County,LOUP,2024,864,96,0.111111
31117,NE,McPherson County,MCPHERSON,2020,864,62,0.071759
31117,NE,McPherson County,MCPHERSON,2021,864,62,0.071759
31117,NE,McPherson County,MCPHERSON,2022,864,62,0.071759
31117,NE,McPherson County,MCPHERSON,2023,864,62,0.071759
31117,NE,McPherson County,MCPHERSON,2024,864,62,0.071759
31119,NE,Madison County,MADISON,2020,35530,5863,0.165015
31119,NE,Madison County,MADISON,2021,35397,5841,0.165014
31119,NE,Madison County,MADISON,2022,35427,5846,0.165015
31119,NE,Madison County,MADISON,2023,35727,5895,0.165001
31119,NE,Madison County,MADISON,2024,35579,5871,0.165013
31121,NE,Merrick County,MERRICK,2020,7660,1264,0.165013
31121,NE,Merrick County,MERRICK,2021,7666,1265,0.165014
31121,NE,Merrick County,MERRICK,2022,7709,1272,0.165002
31121,NE,Merrick County,MERRICK,2023,7746,1278,0.164988
31121,NE,Merrick County,MERRICK,2024,7837,1293,0.164987
31123,NE,Morrill County,MORRILL,2020,4558,752,0.164985
31123,NE,Morrill County,MORRILL,2021,4570,754,0.164989
31123,NE,Morrill County,MORRILL,2022,4528,747,0.164973
31123,NE,Morrill County,MORRILL,2023,4531,748,0.165085
31123,NE,Morrill County,MORRILL,2024,4485,740,0.164994
31125,NE,Nance County,NANCE,2020,3394,560,0.164997
31125,NE,Nance County,NANCE,2021,3380,557,0.164793
31125,NE,Nance County,NANCE,2022,3323,548,0.164911
31125,NE,Nance County,NANCE,2023,3261,538,0.16498
31125,NE,Nance County,NANCE,2024,3262,538,0.164929
31127,NE,Nemaha County,NEMAHA,2020,7085,1169,0.164996
31127,NE,Nemaha County,NEMAHA,2021,7008,1157,0.165097
31127,NE,Nemaha County,NEMAHA,2022,7028,1160,0.165054
31127,NE,Nemaha County,NEMAHA,2023,7064,1166,0.165062
31127,NE,Nemaha County,NEMAHA,2024,7046,1163,0.165058
31129,NE,Nuckolls County,NUCKOLLS,2020,4091,676,0.165241
31129,NE,Nuckolls County,NUCKOLLS,2021,4071,672,0.16507
31129,NE,Nuckolls County,NUCKOLLS,2022,4076,673,0.165113
31129,NE,Nuckolls County,NUCKOLLS,2023,4103,677,0.165001
31129,NE,Nuckolls County,NUCKOLLS,2024,4094,676,0.16512
31131,NE,Otoe County,OTOE,2020,15903,2624,0.165
31131,NE,Otoe County,OTOE,2021,16022,2644,0.165023
31131,NE,Otoe County,OTOE,2022,16243,2681,0.165056
31131,NE,Otoe County,OTOE,2023,16448,2714,0.165005
31131,NE,Otoe County,OTOE,2024,16591,2738,0.165029
31133,NE,Pawnee County,PAWNEE,2020,2541,419,0.164896
31133,NE,Pawnee County,PAWNEE,2021,2542,419,0.164831
31133,NE,Pawnee County,PAWNEE,2022,2536,418,0.164826
31133,NE,Pawnee County,PAWNEE,2023,2511,414,0.164875
31133,NE,Pawnee County,PAWNEE,2024,2521,416,0.165014
31135,NE,Perkins County,PERKINS,2020,2861,473,0.165327
31135,NE,Perkins County,PERKINS,2021,2821,466,0.16519
31135,NE,Perkins County,PERKINS,2022,2844,470,0.16526
31135,NE,Perkins County,PERKINS,2023,2802,463,0.165239
31135,NE,Perkins County,PERKINS,2024,2779,459,0.165167
31137,NE,Phelps County,PHELPS,2020,8977,1481,0.164977
31137,NE,Phelps County,PHELPS,2021,8922,1472,0.164985
31137,NE,Phelps County,PHELPS,2022,9007,1486,0.164983
31137,NE,Phelps County,PHELPS,2023,9099,1501,0.164963
31137,NE,Phelps County,PHELPS,2024,9042,1492,0.165008
31139,NE,Pierce County,PIERCE,2020,7344,1212,0.165033
31139,NE,Pierce County,PIERCE,2021,7316,1207,0.164981
31139,NE,Pierce County,PIERCE,2022,7326,1209,0.165029
31139,NE,Pierce County,PIERCE,2023,7304,1205,0.164978
31139,NE,Pierce County,PIERCE,2024,7334,1210,0.164985
31141,NE,Platte County,PLATTE,2020,34291,5658,0.165
31141,NE,Platte County,PLATTE,2021,34305,5660,0.164991
31141,NE,Platte County,PLATTE,2022,34452,5684,0.164983
31141,NE,Platte County,PLATTE,2023,35034,5780,0.164983
31141,NE,Platte County,PLATTE,2024,35499,5857,0.164991
31143,NE,Polk County,POLK,2020,5218,861,0.165006
31143,NE,Polk County,POLK,2021,5193,856,0.164837
31143,NE,Polk County,POLK,2022,5234,863,0.164883
31143,NE,Polk County,POLK,2023,5212,860,0.165004
31143,NE,Polk County,POLK,2024,5269,869,0.164927
31145,NE,Red Willow County,RED WILLOW,2020,10684,1762,0.16492
31145,NE,Red Willow County,RED WILLOW,2021,10621,1752,0.164956
31145,NE,Red Willow County,RED WILLOW,2022,10557,1741,0.164914
31145,NE,Red Willow County,RED WILLOW,2023,10512,1734,0.164954
31145,NE,Red Willow County,RED WILLOW,2024,10409,1717,0.164953
31147,NE,Richardson County,RICHARDSON,2020,7860,1297,0.165013
31147,NE,Richardson County,RICHARDSON,2021,7785,1285,0.165061
31147,NE,Richardson County,RICHARDSON,2022,7736,1277,0.165072
31147,NE,Richardson County,RICHARDSON,2023,7708,1272,0.165023
31147,NE,Richardson County,RICHARDSON,2024,7666,1265,0.165014
31149,NE,Rock County,ROCK,2020,1265,209,0.165217
31149,NE,Rock County,ROCK,2021,1276,211,0.165361
31149,NE,Rock County,ROCK,2022,1234,204,0.165316
31149,NE,Rock County,ROCK,2023,1259,208,0.16521
31149,NE,Rock County,ROCK,2024,1241,205,0.165189
31151,NE,Saline County,SALINE,2020,14715,2428,0.165002
31151,NE,Saline County,SALINE,2021,14522,2396,0.164991
31151,NE,Saline County,SALINE,2022,14621,2412,0.164968
31151,NE,Saline County,SALINE,2023,14651,2417,0.164972
31151,NE,Saline County,SALINE,2024,14740,2432,0.164993
31153,NE,Sarpy County,SARPY,2020,191181,31545,0.165001
31153,NE,Sarpy County,SARPY,2021,193853,31986,0.165001
31153,NE,Sarpy County,SARPY,2022,196606,32440,0.165
31153,NE,Sarpy County,SARPY,2023,200477,33079,0.165001
31153,NE,Sarpy County,SARPY,2024,204828,33797,0.165002
31155,NE,Saunders County,SAUNDERS,2020,22370,3691,0.164998
31155,NE,Saunders County,SAUNDERS,2021,22832,3767,0.164988
31155,NE,Saunders County,SAUNDERS,2022,23159,3821,0.16499
31155,NE,Saunders County,SAUNDERS,2023,23471,3873,0.165012
31155,NE,Saunders County,SAUNDERS,2024,23406,3862,0.165
31157,NE,Scotts Bluff County,SCOTTS BLUFF,2020,36051,5948,0.164988
31157,NE,Scotts Bluff County,SCOTTS BLUFF,2021,35909,5925,0.165
31157,NE,Scotts Bluff County,SCOTTS BLUFF,2022,35798,5907,0.165009
31157,NE,Scotts Bluff County,SCOTTS BLUFF,2023,35721,5894,0.165001
31157,NE,Scotts Bluff County,SCOTTS BLUFF,2024,35734,5896,0.164997
31159,NE,Seward County,SEWARD,2020,17610,2906,0.16502
31159,NE,Seward County,SEWARD,2021,17555,2897,0.165024
31159,NE,Seward County,SEWARD,2022,17623,2908,0.165012
31159,NE,Seward County,SEWARD,2023,17646,2912,0.165023
31159,NE,Seward County,SEWARD,2024,17769,2932,0.165006
31161,NE,Sheridan County,SHERIDAN,2020,5104,842,0.164969
31161,NE,Sheridan County,SHERIDAN,2021,5091,840,0.164997
31161,NE,Sheridan County,SHERIDAN,2022,5015,828,0.165105
31161,NE,Sheridan County,SHERIDAN,2023,4932,814,0.165045
31161,NE,Sheridan County,SHERIDAN,2024,4927,813,0.165009
31163,NE,Sherman County,SHERMAN,2020,2953,488,0.165256
31163,NE,Sherman County,SHERMAN,2021,2964,489,0.16498
31163,NE,Sherman County,SHERMAN,2022,3000,495,0.165
31163,NE,Sherman County,SHERMAN,2023,2970,490,0.164983
31163,NE,Sherman County,SHERMAN,2024,2949,487,0.165141
31165,NE,Sioux County,SIOUX,2020,1141,188,0.164768
31165,NE,Sioux County,SIOUX,2021,1147,189,0.164778
31165,NE,Sioux County,SIOUX,2022,1129,186,0.164748
31165,NE,Sioux County,SIOUX,2023,1151,190,0.165074
31165,NE,Sioux County,SIOUX,2024,1099,181,0.164695
31167,NE,Stanton County,STANTON,2020,5822,961,0.165064
31167,NE,Stanton County,STANTON,2021,5830,962,0.165009
31167,NE,Stanton County,STANTON,2022,5748,949,0.165101
31167,NE,Stanton County,STANTON,2023,5825,961,0.164979
31167,NE,Stanton County,STANTON,2024,5756,950,0.165045
31169,NE,Thayer County,THAYER,2020,5024,829,0.165008
31169,NE,Thayer County,THAYER,2021,4892,808,0.165168
31169,NE,Thayer County,THAYER,2022,4866,803,0.165023
31169,NE,Thayer County,THAYER,2023,4855,802,0.165191
31169,NE,Thayer County,THAYER,2024,4870,804,0.165092
31171,NE,Thomas County,THOMAS,2020,864,105,0.121528
31171,NE,Thomas County,THOMAS,2021,864,105,0.121528
31171,NE,Thomas County,THOMAS,2022,864,105,0.121528
31171,NE,Thomas County,THOMAS,2023,864,105,0.121528
31171,NE,Thomas County,THOMAS,2024,864,105,0.121528
31173,NE,Thurston County,THURSTON,2020,6759,1115,0.164965
31173,NE,Thurston County,THURSTON,2021,6627,1093,0.164931
31173,NE,Thurston County,THURSTON,2022,6549,1080,0.164911
31173,NE,Thurston County,THURSTON,2023,6562,1083,0.165041
31173,NE,Thurston County,THURSTON,2024,6637,1095,0.164984
31175,NE,Valley County,VALLEY,2020,4058,669,0.16486
31175,NE,Valley County,VALLEY,2021,4065,670,0.164822
31175,NE,Valley County,VALLEY,2022,4064,670,0.164862
31175,NE,Valley County,VALLEY,2023,4029,665,0.165053
31175,NE,Valley County,VALLEY,2024,4032,665,0.164931
31177,NE,Washington County,WASHINGTON,2020,20926,3453,0.16501
31177,NE,Washington County,WASHINGTON,2021,20991,3464,0.165023
31177,NE,Washington County,WASHINGTON,2022,21175,3494,0.165006
31177,NE,Washington County,WASHINGTON,2023,21182,3495,0.164999
31177,NE,Washington County,WASHINGTON,2024,21254,3507,0.165004
31179,NE,Wayne County,WAYNE,2020,9702,1601,0.165018
31179,NE,Wayne County,WAYNE,2021,9870,1629,0.165046
31179,NE,Wayne County,WAYNE,2022,9898,1634,0.165084
31179,NE,Wayne County,WAYNE,2023,9882,1631,0.165048
31179,NE,Wayne County,WAYNE,2024,9870,1629,0.165046
31181,NE,Webster County,WEBSTER,2020,3392,560,0.165094
31181,NE,Webster County,WEBSTER,2021,3404,562,0.1651
31181,NE,Webster County,WEBSTER,2022,3334,550,0.164967
31181,NE,Webster County,WEBSTER,2023,3344,552,0.165072
31181,NE,Webster County,WEBSTER,2024,3326,549,0.165063
31183,NE,Wheeler County,WHEELER,2020,864,133,0.153935
31183,NE,Wheeler County,WHEELER,2021,864,133,0.153935
31183,NE,Wheeler County,WHEELER,2022,864,133,0.153935
31183,NE,Wheeler County,WHEELER,2023,864,133,0.153935
31183,NE,Wheeler County,WHEELER,2024,864,133,0.153935
31185,NE,York County,YORK,2020,14105,2327,0.164977
31185,NE,York County,YORK,2021,14245,2351,0.16504
31185,NE,York County,YORK,2022,14319,2363,0.165025
31185,NE,York County,YORK,2023,14386,2374,0.165022
31185,NE,York County,YORK,2024,14375,2372,0.165009
32001,NV,Churchill County,CHURCHILL,2020,25577,4348,0.169996
32001,NV,Churchill County,CHURCHILL,2021,25674,4365,0.170016
32001,NV,Churchill County,CHURCHILL,2022,25828,4391,0.170009
32001,NV,Churchill County,CHURCHILL,2023,25915,4406,0.170017
32001,NV,Churchill County,CHURCHILL,2024,26033,4426,0.170015
32003,NV,Clark County,CLARK,2020,1316181,407808,0.309842
32003,NV,Clark County,CLARK,2021,1316181,407808,0.309842
32003,NV,Clark County,CLARK,2022,1316181,407808,0.309842
32003,NV,Clark County,CLARK,2023,1316181,407808,0.309842
32003,NV,Clark County,CLARK,2024,1316181,407808,0.309842
32005,NV,Douglas County,DOUGLAS,2020,49529,8420,0.170001
32005,NV,Douglas County,DOUGLAS,2021,50008,8501,0.169993
32005,NV,Douglas County,DOUGLAS,2022,49592,8431,0.170007
32005,NV,Douglas County,DOUGLAS,2023,49422,8402,0.170005
32005,NV,Douglas County,DOUGLAS,2024,49564,8426,0.170002
32007,NV,Elko County,ELKO,2020,53676,9125,0.170001
32007,NV,Elko County,ELKO,2021,53868,9158,0.170008
32007,NV,Elko County,ELKO,2022,53943,9171,0.170013
32007,NV,Elko County,ELKO,2023,54383,9245,0.169998
32007,NV,Elko County,ELKO,2024,54363,9242,0.170005
32009,NV,Esmeralda County,ESMERALDA,2020,864,122,0.141204
32009,NV,Esmeralda County,ESMERALDA,2021,864,122,0.141204
32009,NV,Esmeralda County,ESMERALDA,2022,864,122,0.141204
32009,NV,Esmeralda County,ESMERALDA,2023,864,122,0.141204
32009,NV,Esmeralda County,ESMERALDA,2024,864,122,0.141204
32011,NV,Eureka County,EUREKA,2020,1853,315,0.169995
32011,NV,Eureka County,EUREKA,2021,1909,324,0.169722
32011,NV,Eureka County,EUREKA,2022,1862,316,0.16971
32011,NV,Eureka County,EUREKA,2023,1898,323,0.170179
32011,NV,Eureka County,EUREKA,2024,1877,319,0.169952
32013,NV,Humboldt County,HUMBOLDT,2020,17272,2937,0.170044
32013,NV,Humboldt County,HUMBOLDT,2021,17634,2998,0.170012
32013,NV,Humboldt County,HUMBOLDT,2022,17262,2935,0.170027
32013,NV,Humboldt County,HUMBOLDT,2023,17160,2917,0.169988
32013,NV,Humboldt County,HUMBOLDT,2024,17116,2910,0.170016
32015,NV,Lander County,LANDER,2020,5727,973,0.169897
32015,NV,Lander County,LANDER,2021,5761,979,0.169936
32015,NV,Lander County,LANDER,2022,5769,980,0.169873
32015,NV,Lander County,LANDER,2023,5809,987,0.169909
32015,NV,Lander County,LANDER,2024,5785,983,0.169922
32017,NV,Lincoln County,LINCOLN,2020,4438,755,0.170122
32017,NV,Lincoln County,LINCOLN,2021,4396,748,0.170155
32017,NV,Lincoln County,LINCOLN,2022,4421,752,0.170097
32017,NV,Lincoln County,LINCOLN,2023,4424,752,0.169982
32017,NV,Lincoln County,LINCOLN,2024,4345,739,0.170081
32019,NV,Lyon County,LYON,2020,59466,10109,0.169996
32019,NV,Lyon County,LYON,2021,60971,10365,0.169999
32019,NV,Lyon County,LYON,2022,61589,10470,0.169998
32019,NV,Lyon County,LYON,2023,62656,10651,0.169992
32019,NV,Lyon County,LYON,2024,63718,10832,0.169999
32021,NV,Mineral County,MINERAL,2020,4555,775,0.170143
32021,NV,Mineral County,MINERAL,2021,4619,785,0.16995
32021,NV,Mineral County,MINERAL,2022,4538,772,0.170119
32021,NV,Mineral County,MINERAL,2023,4524,769,0.169982
32021,NV,Mineral County,MINERAL,2024,4475,761,0.170056
32023,NV,Nye County,NYE,2020,51971,8835,0.169999
32023,NV,Nye County,NYE,2021,53339,9067,0.169988
32023,NV,Nye County,NYE,2022,54710,9300,0.169987
32023,NV,Nye County,NYE,2023,55708,9470,0.169994
32023,NV,Nye County,NYE,2024,55990,9518,0.169995
32027,NV,Pershing County,PERSHING,2020,6620,1125,0.16994
32027,NV,Pershing County,PERSHING,2021,6430,1093,0.169984
32027,NV,Pershing County,PERSHING,2022,6446,1096,0.170028
32027,NV,Pershing County,PERSHING,2023,6403,1088,0.16992
32027,NV,Pershing County,PERSHING,2024,6536,1111,0.169982
32029,NV,Storey County,STOREY,2020,4107,698,0.169954
32029,NV,Storey County,STOREY,2021,4143,704,0.169925
32029,NV,Storey County,STOREY,2022,4165,708,0.169988
32029,NV,Storey County,STOREY,2023,4171,709,0.169983
32029,NV,Storey County,STOREY,2024,4112,699,0.16999
32031,NV,Washoe County,WASHOE,2020,487725,82914,0.170002
32031,NV,Washoe County,WASHOE,2021,494380,84045,0.170001
32031,NV,Washoe County,WASHOE,2022,496458,84398,0.17
32031,NV,Washoe County,WASHOE,2023,500159,85027,0.17
32031,NV,Washoe County,WASHOE,2024,507280,86238,0.170001
32033,NV,White Pine County,WHITE PINE,2020,9063,1541,0.170032
32033,NV,White Pine County,WHITE PINE,2021,8850,1505,0.170056
32033,NV,White Pine County,WHITE PINE,2022,8734,1485,0.170025
32033,NV,White Pine County,WHITE PINE,2023,8495,1444,0.169982
32033,NV,White Pine County,WHITE PINE,2024,8534,1451,0.170026
32510,NV,Carson City,CARSON,2020,58682,9976,0.170001
32510,NV,Carson City,CARSON,2021,58770,9991,0.170002
32510,NV,Carson City,CARSON,2022,58094,9876,0.17
32510,NV,Carson City,CARSON,2023,58226,9898,0.169993
32510,NV,Carson City,CARSON,2024,58148,9885,0.169997
33001,NH,Belknap County,BELKNAP,2020,63774,12436,0.195001
33001,NH,Belknap County,BELKNAP,2021,64598,12596,0.194991
33001,NH,Belknap County,BELKNAP,2022,64647,12606,0.194997
33001,NH,Belknap County,BELKNAP,2023,65019,12679,0.195005
33001,NH,Belknap County,BELKNAP,2024,65257,12725,0.194998
33003,NH,Carroll County,CARROLL,2020,50240,9797,0.195004
33003,NH,Carroll County,CARROLL,2021,51735,10088,0.194994
33003,NH,Carroll County,CARROLL,2022,52094,10158,0.194994
33003,NH,Carroll County,CARROLL,2023,52373,10213,0.195005
33003,NH,Carroll County,CARROLL,2024,52580,10253,0.194998
33005,NH,Cheshire County,CHESHIRE,2020,76542,14925,0.194991
33005,NH,Cheshire County,CHESHIRE,2021,76849,14985,0.194993
33005,NH,Cheshire County,CHESHIRE,2022,77386,15090,0.194997
33005,NH,Cheshire County,CHESHIRE,2023,77632,15138,0.194997
33005,NH,Cheshire County,CHESHIRE,2024,78078,15225,0.194997
33007,NH,Coos County,COOS,2020,31228,6089,0.194985
33007,NH,Coos County,COOS,2021,31387,6120,0.194985
33007,NH,Coos County,COOS,2022,31430,6129,0.195005
33007,NH,Coos County,COOS,2023,31209,6085,0.194976
33007,NH,Coos County,COOS,2024,31094,6063,0.194989
33009,NH,Grafton County,GRAFTON,2020,91197,17784,0.195006
33009,NH,Grafton County,GRAFTON,2021,90508,17649,0.194999
33009,NH,Grafton County,GRAFTON,2022,92943,18124,0.195001
33009,NH,Grafton County,GRAFTON,2023,92909,18117,0.194997
33009,NH,Grafton County,GRAFTON,2024,93045,18144,0.195002
33011,NH,Hillsborough County,HILLSBOROUGH,2020,422929,82471,0.195
33011,NH,Hillsborough County,HILLSBOROUGH,2021,424475,82773,0.195001
33011,NH,Hillsborough County,HILLSBOROUGH,2022,426307,83130,0.195
33011,NH,Hillsborough County,HILLSBOROUGH,2023,427719,83405,0.195
33011,NH,Hillsborough County,HILLSBOROUGH,2024,430462,83940,0.195
33013,NH,Merrimack County,MERRIMACK,2020,154039,30037,0.194996
33013,NH,Merrimack County,MERRIMACK,2021,154627,30152,0.194998
33013,NH,Merrimack County,MERRIMACK,2022,156241,30467,0.195
33013,NH,Merrimack County,MERRIMACK,2023,157059,30626,0.194997
33013,NH,Merrimack County,MERRIMACK,2024,157869,30784,0.194997
33015,NH,Rockingham County,ROCKINGHAM,2020,314664,61359,0.194998
33015,NH,Rockingham County,ROCKINGHAM,2021,318349,62078,0.195
33015,NH,Rockingham County,ROCKINGHAM,2022,319298,62263,0.195
33015,NH,Rockingham County,ROCKINGHAM,2023,320665,62529,0.194998
33015,NH,Rockingham County,ROCKINGHAM,2024,322433,62874,0.194999
33017,NH,Strafford County,STRAFFORD,2020,131074,25559,0.194997
33017,NH,Strafford County,STRAFFORD,2021,131540,25650,0.194998
33017,NH,Strafford County,STRAFFORD,2022,132451,25828,0.195
33017,NH,Strafford County,STRAFFORD,2023,133608,26053,0.194996
33017,NH,Strafford County,STRAFFORD,2024,134202,26169,0.194997
33019,NH,Sullivan County,SULLIVAN,2020,43069,8398,0.194989
33019,NH,Sullivan County,SULLIVAN,2021,43609,8503,0.194983
33019,NH,Sullivan County,SULLIVAN,2022,43881,8556,0.194982
33019,NH,Sullivan County,SULLIVAN,2023,44006,8581,0.194996
33019,NH,Sullivan County,SULLIVAN,2024,44012,8582,0.194992
34001,NJ,Atlantic County,ATLANTIC,2020,274196,46613,0.169999
34001,NJ,Atlantic County,ATLANTIC,2021,274991,46748,0.169998
34001,NJ,Atlantic County,ATLANTIC,2022,276111,46938,0.169997
34001,NJ,Atlantic County,ATLANTIC,2023,276937,47079,0.169999
34001,NJ,Atlantic County,ATLANTIC,2024,279114,47449,0.169999
34003,NJ,Bergen County,BERGEN,2020,953711,162131,0.17
34003,NJ,Bergen County,BERGEN,2021,955510,162437,0.17
34003,NJ,Bergen County,BERGEN,2022,957235,162730,0.17
34003,NJ,Bergen County,BERGEN,2023,966484,164302,0.17
34003,NJ,Bergen County,BERGEN,2024,978641,166369,0.17
34005,NJ,Burlington County,BURLINGTON,2020,461694,78488,0.17
34005,NJ,Burlington County,BURLINGTON,2021,464547,78973,0.17
34005,NJ,Burlington County,BURLINGTON,2022,466710,79341,0.170001
34005,NJ,Burlington County,BURLINGTON,2023,470561,79996,0.170001
34005,NJ,Burlington County,BURLINGTON,2024,475515,80838,0.170001
34007,NJ,Camden County,CAMDEN,2020,523151,88936,0.170001
34007,NJ,Camden County,CAMDEN,2021,524176,89110,0.17
34007,NJ,Camden County,CAMDEN,2022,525395,89317,0.17
34007,NJ,Camden County,CAMDEN,2023,529576,90028,0.17
34007,NJ,Camden County,CAMDEN,2024,533988,90778,0.17
34009,NJ,Cape May County,CAPE MAY,2020,95051,16159,0.170003
34009,NJ,Cape May County,CAPE MAY,2021,95720,16273,0.170006
34009,NJ,Cape May County,CAPE MAY,2022,95415,16221,0.170005
34009,NJ,Cape May County,CAPE MAY,2023,94643,16090,0.170007
34009,NJ,Cape May County,CAPE MAY,2024,93875,15959,0.170003
34011,NJ,Cumberland County,CUMBERLAND,2020,153724,26133,0.169999
34011,NJ,Cumberland County,CUMBERLAND,2021,152100,25857,0.17
34011,NJ,Cumberland County,CUMBERLAND,2022,151686,25786,0.169996
34011,NJ,Cumberland County,CUMBERLAND,2023,153338,26067,0.169997
34011,NJ,Cumberland County,CUMBERLAND,2024,155678,26465,0.169998
34013,NJ,Essex County,ESSEX,2020,860020,146204,0.170001
34013,NJ,Essex County,ESSEX,2021,854416,145251,0.17
34013,NJ,Essex County,ESSEX,2022,854738,145306,0.170001
34013,NJ,Essex County,ESSEX,2023,864310,146933,0.17
34013,NJ,Essex County,ESSEX,2024,881527,149860,0.17
34015,NJ,Gloucester County,GLOUCESTER,2020,302575,51438,0.170001
34015,NJ,Gloucester County,GLOUCESTER,2021,304636,51788,0.17
34015,NJ,Gloucester County,GLOUCESTER,2022,306936,52179,0.17
34015,NJ,Gloucester County,GLOUCESTER,2023,308840,52503,0.170001
34015,NJ,Gloucester County,GLOUCESTER,2024,311783,53003,0.17
34017,NJ,Hudson County,HUDSON,2020,721909,122724,0.169999
34017,NJ,Hudson County,HUDSON,2021,703545,119602,0.169999
34017,NJ,Hudson County,HUDSON,2022,708657,120471,0.169999
34017,NJ,Hudson County,HUDSON,2023,721320,122624,0.169999
34017,NJ,Hudson County,HUDSON,2024,736185,125151,0.169999
34019,NJ,Hunterdon County,HUNTERDON,2020,128793,21894,0.169994
34019,NJ,Hunterdon County,HUNTERDON,2021,129691,22047,0.169996
34019,NJ,Hunterdon County,HUNTERDON,2022,129977,22096,0.169999
34019,NJ,Hunterdon County,HUNTERDON,2023,130633,22207,0.169995
34019,NJ,Hunterdon County,HUNTERDON,2024,131708,22390,0.169997
34021,NJ,Mercer County,MERCER,2020,386492,65703,0.169998
34021,NJ,Mercer County,MERCER,2021,382231,64979,0.169999
34021,NJ,Mercer County,MERCER,2022,382165,64968,0.17
34021,NJ,Mercer County,MERCER,2023,386296,65670,0.169999
34021,NJ,Mercer County,MERCER,2024,392138,66663,0.169999
34023,NJ,Middlesex County,MIDDLESEX,2020,861460,146448,0.17
34023,NJ,Middlesex County,MIDDLESEX,2021,862513,146627,0.17
34023,NJ,Middlesex County,MIDDLESEX,2022,866241,147261,0.17
34023,NJ,Middlesex County,MIDDLESEX,2023,876119,148940,0.17
34023,NJ,Middlesex County,MIDDLESEX,2024,890119,151320,0.17
34025,NJ,Monmouth County,MONMOUTH,2020,642778,109272,0.17
34025,NJ,Monmouth County,MONMOUTH,2021,646531,109910,0.17
34025,NJ,Monmouth County,MONMOUTH,2022,644994,109649,0.17
34025,NJ,Monmouth County,MONMOUTH,2023,644941,109640,0.17
34025,NJ,Monmouth County,MONMOUTH,2024,647520,110078,0.169999
34027,NJ,Morris County,MORRIS,2020,508472,86440,0.17
34027,NJ,Morris County,MORRIS,2021,510691,86817,0.169999
34027,NJ,Morris County,MORRIS,2022,512685,87156,0.169999
34027,NJ,Morris County,MORRIS,2023,517738,88015,0.169999
34027,NJ,Morris County,MORRIS,2024,523053,88919,0.17
34029,NJ,Ocean County,OCEAN,2020,638554,108554,0.17
34029,NJ,Ocean County,OCEAN,2021,649990,110499,0.170001
34029,NJ,Ocean County,OCEAN,2022,656386,111586,0.170001
34029,NJ,Ocean County,OCEAN,2023,660445,112276,0.170001
34029,NJ,Ocean County,OCEAN,2024,666434,113294,0.17
34031,NJ,Passaic County,PASSAIC,2020,523464,88988,0.169998
34031,NJ,Passaic County,PASSAIC,2021,518494,88143,0.169998
34031,NJ,Passaic County,PASSAIC,2022,516287,87768,0.169998
34031,NJ,Passaic County,PASSAIC,2023,520219,88437,0.17
34031,NJ,Passaic County,PASSAIC,2024,526597,89521,0.169999
34033,NJ,Salem County,SALEM,2020,64843,11024,0.170011
34033,NJ,Salem County,SALEM,2021,65062,11061,0.170007
34033,NJ,Salem County,SALEM,2022,65167,11079,0.170009
34033,NJ,Salem County,SALEM,2023,65429,11123,0.170001
34033,NJ,Salem County,SALEM,2024,65874,11199,0.170006
34035,NJ,Somerset County,SOMERSET,2020,344788,58614,0.17
34035,NJ,Somerset County,SOMERSET,2021,346562,58915,0.169998
34035,NJ,Somerset County,SOMERSET,2022,348319,59214,0.169999
34035,NJ,Somerset County,SOMERSET,2023,352095,59856,0.17
34035,NJ,Somerset County,SOMERSET,2024,357467,60769,0.169999
34037,NJ,Sussex County,SUSSEX,2020,143919,24466,0.169998
34037,NJ,Sussex County,SUSSEX,2021,145741,24775,0.169993
34037,NJ,Sussex County,SUSSEX,2022,145638,24758,0.169997
34037,NJ,Sussex County,SUSSEX,2023,146294,24870,0.17
34037,NJ,Sussex County,SUSSEX,2024,147444,25065,0.169997
34039,NJ,Union County,UNION,2020,573680,97525,0.169999
34039,NJ,Union County,UNION,2021,572930,97398,0.17
34039,NJ,Union County,UNION,2022,573600,97512,0.17
34039,NJ,Union County,UNION,2023,582080,98953,0.169999
34039,NJ,Union County,UNION,2024,594160,101007,0.17
34041,NJ,Warren County,WARREN,2020,109520,18618,0.169996
34041,NJ,Warren County,WARREN,2021,110464,18779,0.170001
34041,NJ,Warren County,WARREN,2022,110885,18850,0.169996
34041,NJ,Warren County,WARREN,2023,111344,18928,0.169996
34041,NJ,Warren County,WARREN,2024,112031,19045,0.169998
35001,NM,Bernalillo County,BERNALILLO,2020,676882,125223,0.185
35001,NM,Bernalillo County,BERNALILLO,2021,675410,124951,0.185
35001,NM,Bernalillo County,BERNALILLO,2022,673039,124512,0.185
35001,NM,Bernalillo County,BERNALILLO,2023,672572,124426,0.185
35001,NM,Bernalillo County,BERNALILLO,2024,671747,124273,0.185
35003,NM,Catron County,CATRON,2020,3609,668,0.185093
35003,NM,Catron County,CATRON,2021,3716,687,0.184876
35003,NM,Catron County,CATRON,2022,3793,702,0.185078
35003,NM,Catron County,CATRON,2023,3803,703,0.184854
35003,NM,Catron County,CATRON,2024,3795,702,0.18498
35005,NM,Chaves County,CHAVES,2020,65153,12053,0.184995
35005,NM,Chaves County,CHAVES,2021,64660,11962,0.184998
35005,NM,Chaves County,CHAVES,2022,63907,11823,0.185003
35005,NM,Chaves County,CHAVES,2023,63668,11779,0.185007
35005,NM,Chaves County,CHAVES,2024,63697,11784,0.185001
35006,NM,Cibola County,CIBOLA,2020,26969,4989,0.18499
35006,NM,Cibola County,CIBOLA,2021,27060,5006,0.184996
35006,NM,Cibola County,CIBOLA,2022,26771,4953,0.185014
35006,NM,Cibola County,CIBOLA,2023,26741,4947,0.184997
35006,NM,Cibola County,CIBOLA,2024,26686,4937,0.185003
35007,NM,Colfax County,COLFAX,2020,12353,2286,0.185056
35007,NM,Colfax County,COLFAX,2021,12348,2285,0.18505
35007,NM,Colfax County,COLFAX,2022,12289,2274,0.185044
35007,NM,Colfax County,COLFAX,2023,12312,2278,0.185023
35007,NM,Colfax County,COLFAX,2024,12307,2277,0.185017
35009,NM,Curry County,CURRY,2020,48374,8949,0.184996
35009,NM,Curry County,CURRY,2021,47950,8871,0.185005
35009,NM,Curry County,CURRY,2022,47391,8767,0.184993
35009,NM,Curry County,CURRY,2023,47321,8755,0.185013
35009,NM,Curry County,CURRY,2024,47156,8724,0.185003
35011,NM,De Baca County,DE BACA,2020,1683,312,0.185383
35011,NM,De Baca County,DE BACA,2021,1682,312,0.185493
35011,NM,De Baca County,DE BACA,2022,1697,314,0.185032
35011,NM,De Baca County,DE BACA,2023,1672,310,0.185407
35011,NM,De Baca County,DE BACA,2024,1657,307,0.185275
35013,NM,Doña Ana County,DOÑA ANA,2020,220069,40713,0.185001
35013,NM,Doña Ana County,DOÑA ANA,2021,221756,41025,0.185001
35013,NM,Doña Ana County,DOÑA ANA,2022,223604,41367,0.185001
35013,NM,Doña Ana County,DOÑA ANA,2023,226534,41909,0.185001
35013,NM,Doña Ana County,DOÑA ANA,2024,229366,42433,0.185001
35015,NM,Eddy County,EDDY,2020,62342,11534,0.185012
35015,NM,Eddy County,EDDY,2021,60870,11261,0.185001
35015,NM,Eddy County,EDDY,2022,60221,11141,0.185002
35015,NM,Eddy County,EDDY,2023,60654,11221,0.185
35015,NM,Eddy County,EDDY,2024,61436,11366,0.185006
35017,NM,Grant County,GRANT,2020,28214,5220,0.185015
35017,NM,Grant County,GRANT,2021,27907,5163,0.185007
35017,NM,Grant County,GRANT,2022,27699,5124,0.184989
35017,NM,Grant County,GRANT,2023,27512,5090,0.18501
35017,NM,Grant County,GRANT,2024,27541,5095,0.184997
35019,NM,Guadalupe County,GUADALUPE,2020,4442,822,0.185052
35019,NM,Guadalupe County,GUADALUPE,2021,4424,818,0.184901
35019,NM,Guadalupe County,GUADALUPE,2022,4324,800,0.185014
35019,NM,Guadalupe County,GUADALUPE,2023,4334,802,0.185048
35019,NM,Guadalupe County,GUADALUPE,2024,4385,811,0.184949
35021,NM,Harding County,HARDING,2020,864,117,0.135417
35021,NM,Harding County,HARDING,2021,864,117,0.135417
35021,NM,Harding County,HARDING,2022,864,117,0.135417
35021,NM,Harding County,HARDING,2023,864,117,0.135417
35021,NM,Harding County,HARDING,2024,864,117,0.135417
35023,NM,Hidalgo County,HIDALGO,2020,4163,770,0.184963
35023,NM,Hidalgo County,HIDALGO,2021,4085,756,0.185067
35023,NM,Hidalgo County,HIDALGO,2022,4012,743,0.185194
35023,NM,Hidalgo County,HIDALGO,2023,3979,736,0.184971
35023,NM,Hidalgo County,HIDALGO,2024,3966,734,0.185073
35025,NM,Lea County,LEA,2020,74643,13809,0.185001
35025,NM,Lea County,LEA,2021,73070,13518,0.185001
35025,NM,Lea County,LEA,2022,72300,13376,0.185007
35025,NM,Lea County,LEA,2023,73503,13598,0.184999
35025,NM,Lea County,LEA,2024,75151,13903,0.185001
35027,NM,Lincoln County,LINCOLN,2020,20304,3757,0.185037
35027,NM,Lincoln County,LINCOLN,2021,20403,3775,0.185022
35027,NM,Lincoln County,LINCOLN,2022,20339,3763,0.185014
35027,NM,Lincoln County,LINCOLN,2023,20047,3709,0.185015
35027,NM,Lincoln County,LINCOLN,2024,20025,3705,0.185019
35028,NM,Los Alamos County,LOS ALAMOS,2020,19422,3593,0.184996
35028,NM,Los Alamos County,LOS ALAMOS,2021,19397,3589,0.185029
35028,NM,Los Alamos County,LOS ALAMOS,2022,19259,3563,0.185004
35028,NM,Los Alamos County,LOS ALAMOS,2023,19420,3593,0.185015
35028,NM,Los Alamos County,LOS ALAMOS,2024,19675,3640,0.185006
35029,NM,Luna County,LUNA,2020,25457,4709,0.184979
35029,NM,Luna County,LUNA,2021,25471,4712,0.184995
35029,NM,Luna County,LUNA,2022,25677,4750,0.18499
35029,NM,Luna County,LUNA,2023,25573,4731,0.185
35029,NM,Luna County,LUNA,2024,25878,4787,0.184983
35031,NM,McKinley County,MCKINLEY,2020,72586,13429,0.185008
35031,NM,McKinley County,MCKINLEY,2021,71468,13222,0.185006
35031,NM,McKinley County,MCKINLEY,2022,70084,12966,0.185007
35031,NM,McKinley County,MCKINLEY,2023,69073,12779,0.185007
35031,NM,McKinley County,MCKINLEY,2024,68945,12755,0.185003
35033,NM,Mora County,MORA,2020,4192,776,0.185115
35033,NM,Mora County,MORA,2021,4190,775,0.184964
35033,NM,Mora County,MORA,2022,4142,767,0.185176
35033,NM,Mora County,MORA,2023,4125,763,0.18497
35033,NM,Mora County,MORA,2024,4096,758,0.185059
35035,NM,Otero County,OTERO,2020,67866,12556,0.185012
35035,NM,Otero County,OTERO,2021,68499,12673,0.18501
35035,NM,Otero County,OTERO,2022,68650,12701,0.185011
35035,NM,Otero County,OTERO,2023,69354,12831,0.185007
35035,NM,Otero County,OTERO,2024,69711,12897,0.185007
35037,NM,Quay County,QUAY,2020,8710,1612,0.185075
35037,NM,Quay County,QUAY,2021,8620,1595,0.185035
35037,NM,Quay County,QUAY,2022,8536,1580,0.185098
35037,NM,Quay County,QUAY,2023,8553,1583,0.185081
35037,NM,Quay County,QUAY,2024,8403,1555,0.185053
35039,NM,Rio Arriba County,RIO ARRIBA,2020,40268,7450,0.18501
35039,NM,Rio Arriba County,RIO ARRIBA,2021,40219,7441,0.185012
35039,NM,Rio Arriba County,RIO ARRIBA,2022,39986,7398,0.185015
35039,NM,Rio Arriba County,RIO ARRIBA,2023,39921,7386,0.185015
35039,NM,Rio Arriba County,RIO ARRIBA,2024,39955,7392,0.185008
35041,NM,Roosevelt County,ROOSEVELT,2020,19153,3543,0.184984
35041,NM,Roosevelt County,ROOSEVELT,2021,18998,3515,0.185019
35041,NM,Roosevelt County,ROOSEVELT,2022,18896,3496,0.185013
35041,NM,Roosevelt County,ROOSEVELT,2023,18879,3493,0.18502
35041,NM,Roosevelt County,ROOSEVELT,2024,18713,3462,0.185005
35043,NM,Sandoval County,SANDOVAL,2020,149301,27621,0.185002
35043,NM,Sandoval County,SANDOVAL,2021,151509,28029,0.184999
35043,NM,Sandoval County,SANDOVAL,2022,153509,28399,0.184999
35043,NM,Sandoval County,SANDOVAL,2023,155943,28849,0.184997
35043,NM,Sandoval County,SANDOVAL,2024,157757,29185,0.185
35045,NM,San Juan County,SAN JUAN,2020,121387,22456,0.184995
35045,NM,San Juan County,SAN JUAN,2021,121019,22388,0.184996
35045,NM,San Juan County,SAN JUAN,2022,120580,22307,0.184998
35045,NM,San Juan County,SAN JUAN,2023,120907,22368,0.185002
35045,NM,San Juan County,SAN JUAN,2024,120817,22351,0.184999
35047,NM,San Miguel County,SAN MIGUEL,2020,27128,5018,0.184975
35047,NM,San Miguel County,SAN MIGUEL,2021,27162,5025,0.185001
35047,NM,San Miguel County,SAN MIGUEL,2022,26899,4976,0.184988
35047,NM,San Miguel County,SAN MIGUEL,2023,26633,4927,0.184996
35047,NM,San Miguel County,SAN MIGUEL,2024,26428,4889,0.184993
35049,NM,Santa Fe County,SANTA FE,2020,155056,28686,0.185004
35049,NM,Santa Fe County,SANTA FE,2021,155429,28755,0.185004
35049,NM,Santa Fe County,SANTA FE,2022,155768,28818,0.185006
35049,NM,Santa Fe County,SANTA FE,2023,156507,28954,0.185001
35049,NM,Santa Fe County,SANTA FE,2024,157765,29187,0.185003
35051,NM,Sierra County,SIERRA,2020,11565,2140,0.185041
35051,NM,Sierra County,SIERRA,2021,11524,2132,0.185005
35051,NM,Sierra County,SIERRA,2022,11485,2125,0.185024
35051,NM,Sierra County,SIERRA,2023,11535,2134,0.185002
35051,NM,Sierra County,SIERRA,2024,11389,2107,0.185003
35053,NM,Socorro County,SOCORRO,2020,16559,3064,0.185035
35053,NM,Socorro County,SOCORRO,2021,16304,3016,0.184985
35053,NM,Socorro County,SOCORRO,2022,16142,2986,0.184983
35053,NM,Socorro County,SOCORRO,2023,16028,2965,0.184989
35053,NM,Socorro County,SOCORRO,2024,15967,2954,0.185007
35055,NM,Taos County,TAOS,2020,34465,6376,0.184999
35055,NM,Taos County,TAOS,2021,34688,6417,0.184992
35055,NM,Taos County,TAOS,2022,34594,6400,0.185003
35055,NM,Taos County,TAOS,2023,34484,6379,0.184984
35055,NM,Taos County,TAOS,2024,34482,6379,0.184995
35057,NM,Torrance County,TORRANCE,2020,15057,2785,0.184964
35057,NM,Torrance County,TORRANCE,2021,15311,2832,0.184965
35057,NM,Torrance County,TORRANCE,2022,15398,2848,0.184959
35057,NM,Torrance County,TORRANCE,2023,15699,2904,0.18498
35057,NM,Torrance County,TORRANCE,2024,15986,2957,0.184974
35059,NM,Union County,UNION,2020,4073,753,0.184876
35059,NM,Union County,UNION,2021,4099,758,0.184923
35059,NM,Union County,UNION,2022,3996,739,0.184935
35059,NM,Union County,UNION,2023,3972,735,0.185045
35059,NM,Union County,UNION,2024,3926,726,0.184921
35061,NM,Valencia County,VALENCIA,2020,76507,14153,0.18499
35061,NM,Valencia County,VALENCIA,2021,77452,14328,0.184992
35061,NM,Valencia County,VALENCIA,2022,78254,14477,0.185
35061,NM,Valencia County,VALENCIA,2023,79263,14663,0.184992
35061,NM,Valencia County,VALENCIA,2024,80813,14950,0.184995
36001,NY,Albany County,ALBANY,2020,314024,54954,0.174999
36001,NY,Albany County,ALBANY,2021,316817,55443,0.175
36001,NY,Albany County,ALBANY,2022,316287,55351,0.175002
36001,NY,Albany County,ALBANY,2023,318000,55650,0.175
36001,NY,Albany County,ALBANY,2024,319964,55994,0.175001
36003,NY,Allegany County,ALLEGANY,2020,47358,8287,0.174986
36003,NY,Allegany County,ALLEGANY,2021,46962,8218,0.174993
36003,NY,Allegany County,ALLEGANY,2022,46850,8198,0.174984
36003,NY,Allegany County,ALLEGANY,2023,47327,8282,0.174995
36003,NY,Allegany County,ALLEGANY,2024,47299,8277,0.174993
36005,NY,Bronx County,BRONX,2020,1316181,242327,0.184114
36005,NY,Bronx County,BRONX,2021,1316181,242327,0.184114
36005,NY,Bronx County,BRONX,2022,1316181,242327,0.184114
36005,NY,Bronx County,BRONX,2023,1316181,242327,0.184114
36005,NY,Bronx County,BRONX,2024,1316181,242327,0.184114
36007,NY,Broome County,BROOME,2020,198172,34680,0.174999
36007,NY,Broome County,BROOME,2021,198596,34754,0.174998
36007,NY,Broome County,BROOME,2022,197340,34534,0.174997
36007,NY,Broome County,BROOME,2023,196383,34367,0.175
36007,NY,Broome County,BROOME,2024,196397,34369,0.174998
36009,NY,Cattaraugus County,CATTARAUGUS,2020,76983,13472,0.175
36009,NY,Cattaraugus County,CATTARAUGUS,2021,76551,13396,0.174994
36009,NY,Cattaraugus County,CATTARAUGUS,2022,76036,13306,0.174996
36009,NY,Cattaraugus County,CATTARAUGUS,2023,75680,13244,0.175
36009,NY,Cattaraugus County,CATTARAUGUS,2024,75475,13208,0.174998
36011,NY,Cayuga County,CAYUGA,2020,76151,13326,0.174994
36011,NY,Cayuga County,CAYUGA,2021,75457,13205,0.175
36011,NY,Cayuga County,CAYUGA,2022,74758,13082,0.174991
36011,NY,Cayuga County,CAYUGA,2023,74575,13050,0.174992
36011,NY,Cayuga County,CAYUGA,2024,74567,13049,0.174997
36013,NY,Chautauqua County,CHAUTAUQUA,2020,127370,22289,0.174994
36013,NY,Chautauqua County,CHAUTAUQUA,2021,126192,22083,0.174995
36013,NY,Chautauqua County,CHAUTAUQUA,2022,125310,21929,0.174998
36013,NY,Chautauqua County,CHAUTAUQUA,2023,124742,21829,0.174993
36013,NY,Chautauqua County,CHAUTAUQUA,2024,124105,21718,0.174997
36015,NY,Chemung County,CHEMUNG,2020,83677,14643,0.174994
36015,NY,Chemung County,CHEMUNG,2021,83064,14536,0.174998
36015,NY,Chemung County,CHEMUNG,2022,81598,14280,0.175004
36015,NY,Chemung County,CHEMUNG,2023,81279,14224,0.175002
36015,NY,Chemung County,CHEMUNG,2024,81115,14195,0.174998
36017,NY,Chenango County,CHENANGO,2020,47079,8239,0.175004
36017,NY,Chenango County,CHENANGO,2021,46572,8150,0.174998
36017,NY,Chenango County,CHENANGO,2022,46301,8103,0.175007
36017,NY,Chenango County,CHENANGO,2023,45875,8028,0.174997
36017,NY,Chenango County,CHENANGO,2024,45776,8011,0.175004
36019,NY,Clinton County,CLINTON,2020,79715,13950,0.174998
36019,NY,Clinton County,CLINTON,2021,79018,13828,0.174998
36019,NY,Clinton County,CLINTON,2022,77978,13646,0.174998
36019,NY,Clinton County,CLINTON,2023,77883,13629,0.174993
36019,NY,Clinton County,CLINTON,2024,77871,13627,0.174995
36021,NY,Columbia County,COLUMBIA,2020,61419,10748,0.174995
36021,NY,Columbia County,COLUMBIA,2021,61977,10846,0.175
36021,NY,Columbia County,COLUMBIA,2022,61187,10707,0.174988
36021,NY,Columbia County,COLUMBIA,2023,60616,10607,0.174987
36021,NY,Columbia County,COLUMBIA,2024,60299,10552,0.174995
36023,NY,Cortland County,CORTLAND,2020,46751,8181,0.174991
36023,NY,Cortland County,CORTLAND,2021,46443,8127,0.174989
36023,NY,Cortland County,CORTLAND,2022,46133,8073,0.174994
36023,NY,Cortland County,CORTLAND,2023,45957,8042,0.17499
36023,NY,Cortland County,CORTLAND,2024,45945,8040,0.174992
36025,NY,Delaware County,DELAWARE,2020,44230,7740,0.174994
36025,NY,Delaware County,DELAWARE,2021,44730,7827,0.174983
36025,NY,Delaware County,DELAWARE,2022,44769,7834,0.174987
36025,NY,Delaware County,DELAWARE,2023,44514,7790,0.175001
36025,NY,Delaware County,DELAWARE,2024,44191,7733,0.17499
36027,NY,Dutchess County,DUTCHESS,2020,295913,51785,0.175001
36027,NY,Dutchess County,DUTCHESS,2021,298816,52293,0.175001
36027,NY,Dutchess County,DUTCHESS,2022,298186,52183,0.175002
36027,NY,Dutchess County,DUTCHESS,2023,298224,52190,0.175003
36027,NY,Dutchess County,DUTCHESS,2024,299963,52494,0.175002
36029,NY,Erie County,ERIE,2020,952353,166661,0.174999
36029,NY,Erie County,ERIE,2021,953023,166779,0.175
36029,NY,Erie County,ERIE,2022,948745,166030,0.175
36029,NY,Erie County,ERIE,2023,948386,165967,0.174999
36029,NY,Erie County,ERIE,2024,950602,166355,0.175
36031,NY,Essex County,ESSEX,2020,37288,6525,0.174989
36031,NY,Essex County,ESSEX,2021,37246,6518,0.174999
36031,NY,Essex County,ESSEX,2022,36788,6438,0.175003
36031,NY,Essex County,ESSEX,2023,36796,6439,0.174992
36031,NY,Essex County,ESSEX,2024,36744,6430,0.174995
36033,NY,Franklin County,FRANKLIN,2020,47248,8268,0.174992
36033,NY,Franklin County,FRANKLIN,2021,46797,8189,0.17499
36033,NY,Franklin County,FRANKLIN,2022,46072,8063,0.175009
36033,NY,Franklin County,FRANKLIN,2023,46276,8098,0.174994
36033,NY,Franklin County,FRANKLIN,2024,47086,8240,0.174999
36035,NY,Fulton County,FULTON,2020,53111,9295,0.175011
36035,NY,Fulton County,FULTON,2021,52751,9232,0.175011
36035,NY,Fulton County,FULTON,2022,52245,9143,0.175002
36035,NY,Fulton County,FULTON,2023,52253,9145,0.175014
36035,NY,Fulton County,FULTON,2024,52073,9113,0.175004
36037,NY,Genesee County,GENESEE,2020,58315,10205,0.174998
36037,NY,Genesee County,GENESEE,2021,57902,10133,0.175003
36037,NY,Genesee County,GENESEE,2022,57482,10060,0.175011
36037,NY,Genesee County,GENESEE,2023,57634,10086,0.175001
36037,NY,Genesee County,GENESEE,2024,57604,10081,0.175005
36039,NY,Greene County,GREENE,2020,47761,8358,0.174996
36039,NY,Greene County,GREENE,2021,47898,8382,0.174997
36039,NY,Greene County,GREENE,2022,47388,8293,0.175002
36039,NY,Greene County,GREENE,2023,47096,8242,0.175004
36039,NY,Greene County,GREENE,2024,46903,8208,0.174999
36041,NY,Hamilton County,HAMILTON,2020,5070,887,0.174951
36041,NY,Hamilton County,HAMILTON,2021,5114,895,0.17501
36041,NY,Hamilton County,HAMILTON,2022,5108,894,0.17502
36041,NY,Hamilton County,HAMILTON,2023,5070,887,0.174951
36041,NY,Hamilton County,HAMILTON,2024,5082,889,0.174931
36043,NY,Herkimer County,HERKIMER,2020,60031,10505,0.174993
36043,NY,Herkimer County,HERKIMER,2021,60020,10503,0.174992
36043,NY,Herkimer County,HERKIMER,2022,59576,10425,0.174987
36043,NY,Herkimer County,HERKIMER,2023,59571,10425,0.175001
36043,NY,Herkimer County,HERKIMER,2024,59585,10427,0.174994
36045,NY,Jefferson County,JEFFERSON,2020,116071,20313,0.175005
36045,NY,Jefferson County,JEFFERSON,2021,116925,20462,0.175001
36045,NY,Jefferson County,JEFFERSON,2022,115487,20211,0.175007
36045,NY,Jefferson County,JEFFERSON,2023,113575,19876,0.175003
36045,NY,Jefferson County,JEFFERSON,2024,113140,19800,0.175004
36047,NY,Kings County,KINGS,2020,1316181,458085,0.348041
36047,NY,Kings County,KINGS,2021,1316181,458085,0.348041
36047,NY,Kings County,KINGS,2022,1316181,458085,0.348041
36047,NY,Kings County,KINGS,2023,1316181,458085,0.348041
36047,NY,Kings County,KINGS,2024,1316181,458085,0.348041
36049,NY,Lewis County,LEWIS,2020,26557,4648,0.17502
36049,NY,Lewis County,LEWIS,2021,26721,4676,0.174993
36049,NY,Lewis County,LEWIS,2022,26602,4656,0.175024
36049,NY,Lewis County,LEWIS,2023,26584,4652,0.174992
36049,NY,Lewis County,LEWIS,2024,26570,4650,0.175009
36051,NY,Livingston County,LIVINGSTON,2020,61596,10779,0.174995
36051,NY,Livingston County,LIVINGSTON,2021,61698,10797,0.174998
36051,NY,Livingston County,LIVINGSTON,2022,61385,10742,0.174994
36051,NY,Livingston County,LIVINGSTON,2023,61248,10718,0.174993
36051,NY,Livingston County,LIVINGSTON,2024,61561,10773,0.174997
36053,NY,Madison County,MADISON,2020,67951,11892,0.175008
36053,NY,Madison County,MADISON,2021,67402,11796,0.17501
36053,NY,Madison County,MADISON,2022,67062,11736,0.175002
36053,NY,Madison County,MADISON,2023,67152,11752,0.175006
36053,NY,Madison County,MADISON,2024,67072,11738,0.175006
36055,NY,Monroe County,MONROE,2020,757747,132605,0.174999
36055,NY,Monroe County,MONROE,2021,756089,132315,0.174999
36055,NY,Monroe County,MONROE,2022,751827,131569,0.174999
36055,NY,Monroe County,MONROE,2023,750901,131407,0.174999
36055,NY,Monroe County,MONROE,2024,752202,131635,0.175
36057,NY,Montgomery County,MONTGOMERY,2020,49487,8660,0.174995
36057,NY,Montgomery County,MONTGOMERY,2021,49490,8660,0.174985
36057,NY,Montgomery County,MONTGOMERY,2022,49434,8651,0.175001
36057,NY,Montgomery County,MONTGOMERY,2023,49580,8676,0.17499
36057,NY,Montgomery County,MONTGOMERY,2024,49648,8688,0.174992
36059,NY,Nassau County,NASSAU,2020,1316181,243677,0.185139
36059,NY,Nassau County,NASSAU,2021,1316181,243677,0.185139
36059,NY,Nassau County,NASSAU,2022,1316181,243677,0.185139
36059,NY,Nassau County,NASSAU,2023,1316181,243677,0.185139
36059,NY,Nassau County,NASSAU,2024,1316181,243677,0.185139
36061,NY,New York County,NEW YORK,2020,1316181,290616,0.220802
36061,NY,New York County,NEW YORK,2021,1316181,290616,0.220802
36061,NY,New York County,NEW YORK,2022,1316181,290616,0.220802
36061,NY,New York County,NEW YORK,2023,1316181,290616,0.220802
36061,NY,New York County,NEW YORK,2024,1316181,290616,0.220802
36063,NY,Niagara County,NIAGARA,2020,212133,37124,0.175003
36063,NY,Niagara County,NIAGARA,2021,211754,37057,0.175
36063,NY,Niagara County,NIAGARA,2022,210466,36832,0.175002
36063,NY,Niagara County,NIAGARA,2023,209684,36695,0.175001
36063,NY,Niagara County,NIAGARA,2024,209570,36675,0.175001
36065,NY,Oneida County,ONEIDA,2020,231103,40443,0.175
36065,NY,Oneida County,ONEIDA,2021,229660,40191,0.175002
36065,NY,Oneida County,ONEIDA,2022,228502,39988,0.175001
36065,NY,Oneida County,ONEIDA,2023,228010,39902,0.175001
36065,NY,Oneida County,ONEIDA,2024,228347,39961,0.175001
36067,NY,Onondaga County,ONONDAGA,2020,474218,82988,0.175
36067,NY,Onondaga County,ONONDAGA,2021,471959,82593,0.175
36067,NY,Onondaga County,ONONDAGA,2022,470432,82325,0.174999
36067,NY,Onondaga County,ONONDAGA,2023,469226,82114,0.174999
36067,NY,Onondaga County,ONONDAGA,2024,469812,82217,0.175
36069,NY,Ontario County,ONTARIO,2020,112350,19661,0.174998
36069,NY,Ontario County,ONTARIO,2021,112648,19713,0.174996
36069,NY,Ontario County,ONTARIO,2022,112509,19689,0.174999
36069,NY,Ontario County,ONTARIO,2023,112605,19706,0.175001
36069,NY,Ontario County,ONTARIO,2024,113012,19777,0.174999
36071,NY,Orange County,ORANGE,2020,400997,70174,0.174999
36071,NY,Orange County,ORANGE,2021,405214,70912,0.174999
36071,NY,Orange County,ORANGE,2022,406677,71168,0.174999
36071,NY,Orange County,ORANGE,2023,408427,71475,0.175001
36071,NY,Orange County,ORANGE,2024,411767,72059,0.174999
36073,NY,Orleans County,ORLEANS,2020,40069,7012,0.174998
36073,NY,Orleans County,ORLEANS,2021,39566,6924,0.174999
36073,NY,Orleans County,ORLEANS,2022,39329,6883,0.175011
36073,NY,Orleans County,ORLEANS,2023,39390,6893,0.174994
36073,NY,Orleans County,ORLEANS,2024,39686,6945,0.174999
36075,NY,Oswego County,OSWEGO,2020,117450,20553,0.174994
36075,NY,Oswego County,OSWEGO,2021,118010,20651,0.174994
36075,NY,Oswego County,OSWEGO,2022,118110,20669,0.174998
36075,NY,Oswego County,OSWEGO,2023,117889,20630,0.174995
36075,NY,Oswego County,OSWEGO,2024,118305,20703,0.174997
36077,NY,Otsego County,OTSEGO,2020,58366,10214,0.174999
36077,NY,Otsego County,OTSEGO,2021,60722,10627,0.175011
36077,NY,Otsego County,OTSEGO,2022,60408,10572,0.17501
36077,NY,Otsego County,OTSEGO,2023,60519,10591,0.175003
36077,NY,Otsego County,OTSEGO,2024,60524,10592,0.175005
36079,NY,Putnam County,PUTNAM,2020,97628,17085,0.175001
36079,NY,Putnam County,PUTNAM,2021,98235,17192,0.175009
36079,NY,Putnam County,PUTNAM,2022,98274,17198,0.175001
36079,NY,Putnam County,PUTNAM,2023,97988,17148,0.175001
36079,NY,Putnam County,PUTNAM,2024,98409,17222,0.175004
36081,NY,Queens County,QUEENS,2020,1316181,405447,0.308048
36081,NY,Queens County,QUEENS,2021,1316181,405447,0.308048
36081,NY,Queens County,QUEENS,2022,1316181,405447,0.308048
36081,NY,Queens County,QUEENS,2023,1316181,405447,0.308048
36081,NY,Queens County,QUEENS,2024,1316181,405447,0.308048
36083,NY,Rensselaer County,RENSSELAER,2020,160888,28155,0.174998
36083,NY,Rensselaer County,RENSSELAER,2021,160645,28113,0.175001
36083,NY,Rensselaer County,RENSSELAER,2022,159530,27918,0.175002
36083,NY,Rensselaer County,RENSSELAER,2023,159846,27973,0.175
36083,NY,Rensselaer County,RENSSELAER,2024,160749,28131,0.175
36085,NY,Richmond County,RICHMOND,2020,495113,86645,0.175
36085,NY,Richmond County,RICHMOND,2021,494039,86457,0.175
36085,NY,Richmond County,RICHMOND,2022,492640,86212,0.175
36085,NY,Richmond County,RICHMOND,2023,494774,86585,0.174999
36085,NY,Richmond County,RICHMOND,2024,498212,87187,0.175
36087,NY,Rockland County,ROCKLAND,2020,337378,59041,0.175
36087,NY,Rockland County,ROCKLAND,2021,339828,59470,0.175
36087,NY,Rockland County,ROCKLAND,2022,340756,59632,0.174999
36087,NY,Rockland County,ROCKLAND,2023,343310,60079,0.174999
36087,NY,Rockland County,ROCKLAND,2024,348144,60925,0.174999
36089,NY,St. Lawrence County,ST. LAWRENCE,2020,108327,18958,0.175007
36089,NY,St. Lawrence County,ST. LAWRENCE,2021,107835,18871,0.174999
36089,NY,St. Lawrence County,ST. LAWRENCE,2022,107043,18733,0.175004
36089,NY,St. Lawrence County,ST. LAWRENCE,2023,106727,18678,0.175007
36089,NY,St. Lawrence County,ST. LAWRENCE,2024,106198,18585,0.175003
36091,NY,Saratoga County,SARATOGA,2020,235811,41267,0.175
36091,NY,Saratoga County,SARATOGA,2021,237885,41630,0.175001
36091,NY,Saratoga County,SARATOGA,2022,238491,41736,0.175
36091,NY,Saratoga County,SARATOGA,2023,238873,41803,0.175001
36091,NY,Saratoga County,SARATOGA,2024,240360,42063,0.175
36093,NY,Schenectady County,SCHENECTADY,2020,159294,27877,0.175003
36093,NY,Schenectady County,SCHENECTADY,2021,160066,28012,0.175003
36093,NY,Schenectady County,SCHENECTADY,2022,159846,27973,0.175
36093,NY,Schenectady County,SCHENECTADY,2023,160378,28066,0.174999
36093,NY,Schenectady County,SCHENECTADY,2024,162261,28396,0.175002
36095,NY,Schoharie County,SCHOHARIE,2020,29761,5208,0.174994
36095,NY,Schoharie County,SCHOHARIE,2021,30144,5275,0.174993
36095,NY,Schoharie County,SCHOHARIE,2022,30062,5260,0.174972
36095,NY,Schoharie County,SCHOHARIE,2023,30126,5272,0.174998
36095,NY,Schoharie County,SCHOHARIE,2024,30151,5276,0.174986
36097,NY,Schuyler County,SCHUYLER,2020,17861,3125,0.174962
36097,NY,Schuyler County,SCHUYLER,2021,17789,3113,0.174996
36097,NY,Schuyler County,SCHUYLER,2022,17591,3078,0.174976
36097,NY,Schuyler County,SCHUYLER,2023,17446,3053,0.174997
36097,NY,Schuyler County,SCHUYLER,2024,17121,2996,0.17499
36099,NY,Seneca County,SENECA,2020,33512,5865,0.175012
36099,NY,Seneca County,SENECA,2021,33411,5847,0.175002
36099,NY,Seneca County,SENECA,2022,32610,5707,0.175008
36099,NY,Seneca County,SENECA,2023,32416,5673,0.175006
36099,NY,Seneca County,SENECA,2024,32650,5714,0.175008
36101,NY,Steuben County,STEUBEN,2020,93321,16332,0.175009
36101,NY,Steuben County,STEUBEN,2021,93099,16293,0.175007
36101,NY,Steuben County,STEUBEN,2022,92420,16174,0.175005
36101,NY,Steuben County,STEUBEN,2023,92087,16116,0.175008
36101,NY,Steuben County,STEUBEN,2024,92015,16103,0.175004
36103,NY,Suffolk County,SUFFOLK,2020,1316181,268784,0.204215
36103,NY,Suffolk County,SUFFOLK,2021,1316181,268784,0.204215
36103,NY,Suffolk County,SUFFOLK,2022,1316181,268784,0.204215
36103,NY,Suffolk County,SUFFOLK,2023,1316181,268784,0.204215
36103,NY,Suffolk County,SUFFOLK,2024,1316181,268784,0.204215
36105,NY,Sullivan County,SULLIVAN,2020,78465,13732,0.175008
36105,NY,Sullivan County,SULLIVAN,2021,79731,13953,0.175001
36105,NY,Sullivan County,SULLIVAN,2022,79768,13960,0.175008
36105,NY,Sullivan County,SULLIVAN,2023,80190,14033,0.174997
36105,NY,Sullivan County,SULLIVAN,2024,80450,14079,0.175003
36107,NY,Tioga County,TIOGA,2020,48354,8461,0.17498
36107,NY,Tioga County,TIOGA,2021,48090,8415,0.174984
36107,NY,Tioga County,TIOGA,2022,47708,8348,0.174981
36107,NY,Tioga County,TIOGA,2023,47593,8328,0.174984
36107,NY,Tioga County,TIOGA,2024,47574,8325,0.174991
36109,NY,Tompkins County,TOMPKINS,2020,99778,17461,0.174998
36109,NY,Tompkins County,TOMPKINS,2021,105974,18545,0.174996
36109,NY,Tompkins County,TOMPKINS,2022,105827,18519,0.174993
36109,NY,Tompkins County,TOMPKINS,2023,105505,18463,0.174996
36109,NY,Tompkins County,TOMPKINS,2024,105602,18480,0.174997
36111,NY,Ulster County,ULSTER,2020,181277,31723,0.174997
36111,NY,Ulster County,ULSTER,2021,183487,32110,0.174999
36111,NY,Ulster County,ULSTER,2022,182357,31912,0.174997
36111,NY,Ulster County,ULSTER,2023,182906,32009,0.175002
36111,NY,Ulster County,ULSTER,2024,182977,32021,0.175
36113,NY,Warren County,WARREN,2020,65608,11481,0.174994
36113,NY,Warren County,WARREN,2021,65734,11503,0.174993
36113,NY,Warren County,WARREN,2022,65448,11453,0.174994
36113,NY,Warren County,WARREN,2023,65508,11463,0.174986
36113,NY,Warren County,WARREN,2024,65288,11425,0.174994
36115,NY,Washington County,WASHINGTON,2020,61106,10694,0.175007
36115,NY,Washington County,WASHINGTON,2021,60871,10653,0.175009
36115,NY,Washington County,WASHINGTON,2022,60764,10634,0.175005
36115,NY,Washington County,WASHINGTON,2023,60032,10506,0.175007
36115,NY,Washington County,WASHINGTON,2024,59839,10472,0.175003
36117,NY,Wayne County,WAYNE,2020,91213,15962,0.174997
36117,NY,Wayne County,WAYNE,2021,91173,15955,0.174997
36117,NY,Wayne County,WAYNE,2022,90831,15895,0.174995
36117,NY,Wayne County,WAYNE,2023,90671,15867,0.174995
36117,NY,Wayne County,WAYNE,2024,90757,15882,0.174995
36119,NY,Westchester County,WESTCHESTER,2020,1001489,175260,0.174999
36119,NY,Westchester County,WESTCHESTER,2021,1000036,175006,0.175
36119,NY,Westchester County,WESTCHESTER,2022,993488,173860,0.175
36119,NY,Westchester County,WESTCHESTER,2023,996926,174462,0.175
36119,NY,Westchester County,WESTCHESTER,2024,1006447,176128,0.175
36121,NY,Wyoming County,WYOMING,2020,40201,7035,0.174996
36121,NY,Wyoming County,WYOMING,2021,39916,6985,0.174992
36121,NY,Wyoming County,WYOMING,2022,39528,6917,0.17499
36121,NY,Wyoming County,WYOMING,2023,39530,6918,0.175006
36121,NY,Wyoming County,WYOMING,2024,39588,6928,0.175003
36123,NY,Yates County,YATES,2020,24720,4326,0.175
36123,NY,Yates County,YATES,2021,24640,4312,0.175
36123,NY,Yates County,YATES,2022,24469,4282,0.174997
36123,NY,Yates County,YATES,2023,24413,4273,0.17503
36123,NY,Yates County,YATES,2024,24387,4268,0.175011
37001,NC,Alamance County,ALAMANCE,2020,171620,30034,0.175003
37001,NC,Alamance County,ALAMANCE,2021,173642,30387,0.174998
37001,NC,Alamance County,ALAMANCE,2022,176544,30895,0.174999
37001,NC,Alamance County,ALAMANCE,2023,179617,31433,0.175
37001,NC,Alamance County,ALAMANCE,2024,183040,32032,0.175
37003,NC,Alexander County,ALEXANDER,2020,36410,6371,0.174979
37003,NC,Alexander County,ALEXANDER,2021,36292,6351,0.174997
37003,NC,Alexander County,ALEXANDER,2022,36237,6341,0.174987
37003,NC,Alexander County,ALEXANDER,2023,36427,6374,0.17498
37003,NC,Alexander County,ALEXANDER,2024,36693,6421,0.174993
37005,NC,Alleghany County,ALLEGHANY,2020,10889,1905,0.174947
37005,NC,Alleghany County,ALLEGHANY,2021,11074,1938,0.175005
37005,NC,Alleghany County,ALLEGHANY,2022,11187,1957,0.174935
37005,NC,Alleghany County,ALLEGHANY,2023,11340,1984,0.174956
37005,NC,Alleghany County,ALLEGHANY,2024,11379,1991,0.174971
37007,NC,Anson County,ANSON,2020,22034,3856,0.175002
37007,NC,Anson County,ANSON,2021,22250,3894,0.175011
37007,NC,Anson County,ANSON,2022,22346,3911,0.17502
37007,NC,Anson County,ANSON,2023,22381,3917,0.175015
37007,NC,Anson County,ANSON,2024,22432,3926,0.175018
37009,NC,Ashe County,ASHE,2020,26590,4654,0.175028
37009,NC,Ashe County,ASHE,2021,26766,4684,0.174998
37009,NC,Ashe County,ASHE,2022,27062,4736,0.175006
37009,NC,Ashe County,ASHE,2023,27068,4737,0.175004
37009,NC,Ashe County,ASHE,2024,27266,4772,0.175017
37011,NC,Avery County,AVERY,2020,17815,3118,0.175021
37011,NC,Avery County,AVERY,2021,17511,3064,0.174976
37011,NC,Avery County,AVERY,2022,17550,3071,0.174986
37011,NC,Avery County,AVERY,2023,17711,3099,0.174976
37011,NC,Avery County,AVERY,2024,17811,3117,0.175004
37013,NC,Beaufort County,BEAUFORT,2020,44690,7821,0.175006
37013,NC,Beaufort County,BEAUFORT,2021,44462,7781,0.175003
37013,NC,Beaufort County,BEAUFORT,2022,44356,7762,0.174993
37013,NC,Beaufort County,BEAUFORT,2023,44410,7772,0.175006
37013,NC,Beaufort County,BEAUFORT,2024,44576,7801,0.175004
37015,NC,Bertie County,BERTIE,2020,17717,3100,0.174973
37015,NC,Bertie County,BERTIE,2021,17234,3016,0.175003
37015,NC,Bertie County,BERTIE,2022,16947,2965,0.174957
37015,NC,Bertie County,BERTIE,2023,17013,2977,0.174984
37015,NC,Bertie County,BERTIE,2024,16939,2964,0.174981
37017,NC,Bladen County,BLADEN,2020,29630,5185,0.174992
37017,NC,Bladen County,BLADEN,2021,29552,5172,0.175014
37017,NC,Bladen County,BLADEN,2022,29365,5139,0.175004
37017,NC,Bladen County,BLADEN,2023,29505,5163,0.174987
37017,NC,Bladen County,BLADEN,2024,29777,5211,0.175001
37019,NC,Brunswick County,BRUNSWICK,2020,138167,24180,0.175006
37019,NC,Brunswick County,BRUNSWICK,2021,144869,25352,0.174999
37019,NC,Brunswick County,BRUNSWICK,2022,152836,26747,0.175005
37019,NC,Brunswick County,BRUNSWICK,2023,159855,27975,0.175002
37019,NC,Brunswick County,BRUNSWICK,2024,167112,29245,0.175002
37021,NC,Buncombe County,BUNCOMBE,2020,269704,47198,0.174999
37021,NC,Buncombe County,BUNCOMBE,2021,271984,47597,0.174999
37021,NC,Buncombe County,BUNCOMBE,2022,274112,47970,0.175001
37021,NC,Buncombe County,BUNCOMBE,2023,276789,48438,0.175
37021,NC,Buncombe County,BUNCOMBE,2024,279210,48862,0.175001
37023,NC,Burke County,BURKE,2020,87248,15268,0.174995
37023,NC,Burke County,BURKE,2021,87303,15278,0.175
37023,NC,Burke County,BURKE,2022,87732,15353,0.174999
37023,NC,Burke County,BURKE,2023,88147,15425,0.174992
37023,NC,Burke County,BURKE,2024,88545,15495,0.174996
37025,NC,Cabarrus County,CABARRUS,2020,227235,39766,0.174999
37025,NC,Cabarrus County,CABARRUS,2021,231821,40569,0.175001
37025,NC,Cabarrus County,CABARRUS,2022,236078,41314,0.175001
37025,NC,Cabarrus County,CABARRUS,2023,240608,42107,0.175002
37025,NC,Cabarrus County,CABARRUS,2024,244925,42862,0.175001
37027,NC,Caldwell County,CALDWELL,2020,80584,14102,0.174998
37027,NC,Caldwell County,CALDWELL,2021,80518,14090,0.174992
37027,NC,Caldwell County,CALDWELL,2022,80259,14045,0.174996
37027,NC,Caldwell County,CALDWELL,2023,80579,14101,0.174996
37027,NC,Caldwell County,CALDWELL,2024,80739,14129,0.174996
37029,NC,Camden County,CAMDEN,2020,10407,1821,0.174978
37029,NC,Camden County,CAMDEN,2021,10821,1893,0.174938
37029,NC,Camden County,CAMDEN,2022,11089,1940,0.174948
37029,NC,Camden County,CAMDEN,2023,11132,1948,0.174991
37029,NC,Camden County,CAMDEN,2024,11184,1957,0.174982
37031,NC,Carteret County,CARTERET,2020,67695,11846,0.174991
37031,NC,Carteret County,CARTERET,2021,68707,12023,0.174989
37031,NC,Carteret County,CARTERET,2022,69369,12139,0.174992
37031,NC,Carteret County,CARTERET,2023,69712,12199,0.174991
37031,NC,Carteret County,CARTERET,2024,70259,12295,0.174995
37033,NC,Caswell County,CASWELL,2020,22473,3933,0.17501
37033,NC,Caswell County,CASWELL,2021,22487,3936,0.175034
37033,NC,Caswell County,CASWELL,2022,22219,3889,0.17503
37033,NC,Caswell County,CASWELL,2023,22479,3934,0.175008
37033,NC,Caswell County,CASWELL,2024,22363,3914,0.175021
37035,NC,Catawba County,CATAWBA,2020,160889,28155,0.174996
37035,NC,Catawba County,CATAWBA,2021,161682,28294,0.174998
37035,NC,Catawba County,CATAWBA,2022,163286,28575,0.175
37035,NC,Catawba County,CATAWBA,2023,164955,28867,0.174999
37035,NC,Catawba County,CATAWBA,2024,167054,29234,0.174997
37037,NC,Chatham County,CHATHAM,2020,76662,13416,0.175002
37037,NC,Chatham County,CHATHAM,2021,78147,13676,0.175004
37037,NC,Chatham County,CHATHAM,2022,80080,14014,0.175
37037,NC,Chatham County,CHATHAM,2023,81992,14349,0.175005
37037,NC,Chatham County,CHATHAM,2024,83874,14678,0.175001
37039,NC,Cherokee County,CHEROKEE,2020,28864,5051,0.174993
37039,NC,Cherokee County,CHEROKEE,2021,29188,5108,0.175003
37039,NC,Cherokee County,CHEROKEE,2022,29431,5150,0.174986
37039,NC,Cherokee County,CHEROKEE,2023,29952,5241,0.17498
37039,NC,Cherokee County,CHEROKEE,2024,30373,5315,0.174991
37041,NC,Chowan County,CHOWAN,2020,13707,2399,0.17502
37041,NC,Chowan County,CHOWAN,2021,13769,2410,0.175031
37041,NC,Chowan County,CHOWAN,2022,13921,2436,0.174987
37041,NC,Chowan County,CHOWAN,2023,13894,2432,0.17504
37041,NC,Chowan County,CHOWAN,2024,13891,2431,0.175005
37043,NC,Clay County,CLAY,2020,11145,1950,0.174966
37043,NC,Clay County,CLAY,2021,11380,1991,0.174956
37043,NC,Clay County,CLAY,2022,11610,2031,0.174935
37043,NC,Clay County,CLAY,2023,11873,2077,0.174935
37043,NC,Clay County,CLAY,2024,12042,2107,0.174971
37045,NC,Cleveland County,CLEVELAND,2020,99945,17490,0.174996
37045,NC,Cleveland County,CLEVELAND,2021,100485,17585,0.175001
37045,NC,Cleveland County,CLEVELAND,2022,100771,17635,0.175001
37045,NC,Cleveland County,CLEVELAND,2023,101561,17773,0.174998
37045,NC,Cleveland County,CLEVELAND,2024,102194,17884,0.175
37047,NC,Columbus County,COLUMBUS,2020,50475,8833,0.174998
37047,NC,Columbus County,COLUMBUS,2021,50004,8750,0.174986
37047,NC,Columbus County,COLUMBUS,2022,50027,8754,0.174986
37047,NC,Columbus County,COLUMBUS,2023,50140,8774,0.17499
37047,NC,Columbus County,COLUMBUS,2024,50054,8759,0.174991
37049,NC,Craven County,CRAVEN,2020,101505,17763,0.174996
37049,NC,Craven County,CRAVEN,2021,101667,17792,0.175003
37049,NC,Craven County,CRAVEN,2022,102392,17918,0.174994
37049,NC,Craven County,CRAVEN,2023,103329,18082,0.174994
37049,NC,Craven County,CRAVEN,2024,104167,18229,0.174998
37051,NC,Cumberland County,CUMBERLAND,2020,337195,59009,0.175
37051,NC,Cumberland County,CUMBERLAND,2021,339623,59434,0.175
37051,NC,Cumberland County,CUMBERLAND,2022,339068,59337,0.175
37051,NC,Cumberland County,CUMBERLAND,2023,338411,59222,0.175
37051,NC,Cumberland County,CUMBERLAND,2024,338430,59225,0.174999
37053,NC,Currituck County,CURRITUCK,2020,28404,4971,0.175011
37053,NC,Currituck County,CURRITUCK,2021,29703,5198,0.174999
37053,NC,Currituck County,CURRITUCK,2022,31011,5427,0.175002
37053,NC,Currituck County,CURRITUCK,2023,31609,5532,0.175013
37053,NC,Currituck County,CURRITUCK,2024,32278,5649,0.175011
37055,NC,Dare County,DARE,2020,37038,6482,0.175009
37055,NC,Dare County,DARE,2021,37924,6637,0.175008
37055,NC,Dare County,DARE,2022,38047,6658,0.174994
37055,NC,Dare County,DARE,2023,38181,6682,0.175009
37055,NC,Dare County,DARE,2024,38183,6682,0.174999
37057,NC,Davidson County,DAVIDSON,2020,169050,29584,0.175001
37057,NC,Davidson County,DAVIDSON,2021,170580,29852,0.175003
37057,NC,Davidson County,DAVIDSON,2022,172443,30178,0.175003
37057,NC,Davidson County,DAVIDSON,2023,174887,30606,0.175004
37057,NC,Davidson County,DAVIDSON,2024,177809,31117,0.175002
37059,NC,Davie County,DAVIE,2020,42894,7506,0.17499
37059,NC,Davie County,DAVIE,2021,43651,7639,0.175002
37059,NC,Davie County,DAVIE,2022,44087,7715,0.174995
37059,NC,Davie County,DAVIE,2023,44594,7804,0.175001
37059,NC,Davie County,DAVIE,2024,45383,7942,0.174999
37061,NC,Duplin County,DUPLIN,2020,48668,8517,0.175002
37061,NC,Duplin County,DUPLIN,2021,48575,8500,0.174987
37061,NC,Duplin County,DUPLIN,2022,49072,8587,0.174988
37061,NC,Duplin County,DUPLIN,2023,49819,8718,0.174993
37061,NC,Duplin County,DUPLIN,2024,50539,8844,0.174994
37063,NC,Durham County,DURHAM,2020,322505,56438,0.174999
37063,NC,Durham County,DURHAM,2021,326826,57195,0.175001
37063,NC,Durham County,DURHAM,2022,331568,58024,0.174999
37063,NC,Durham County,DURHAM,2023,337238,59017,0.175001
37063,NC,Durham County,DURHAM,2024,343628,60135,0.175
37065,NC,Edgecombe County,EDGECOMBE,2020,48780,8537,0.17501
37065,NC,Edgecombe County,EDGECOMBE,2021,48351,8462,0.175012
37065,NC,Edgecombe County,EDGECOMBE,2022,48481,8484,0.174996
37065,NC,Edgecombe County,EDGECOMBE,2023,48946,8566,0.175009
37065,NC,Edgecombe County,EDGECOMBE,2024,49124,8597,0.175006
37067,NC,Forsyth County,FORSYTH,2020,382634,66961,0.175
37067,NC,Forsyth County,FORSYTH,2021,385753,67507,0.175001
37067,NC,Forsyth County,FORSYTH,2022,389519,68166,0.175
37067,NC,Forsyth County,FORSYTH,2023,393835,68921,0.175
37067,NC,Forsyth County,FORSYTH,2024,398143,69675,0.175
37069,NC,Franklin County,FRANKLIN,2020,69028,12080,0.175001
37069,NC,Franklin County,FRANKLIN,2021,71712,12550,0.175006
37069,NC,Franklin County,FRANKLIN,2022,74326,13007,0.174999
37069,NC,Franklin County,FRANKLIN,2023,77092,13491,0.174999
37069,NC,Franklin County,FRANKLIN,2024,79771,13960,0.175001
37071,NC,Gaston County,GASTON,2020,228625,40010,0.175003
37071,NC,Gaston County,GASTON,2021,231409,40497,0.175002
37071,NC,Gaston County,GASTON,2022,234208,40987,0.175003
37071,NC,Gaston County,GASTON,2023,238153,41677,0.175001
37071,NC,Gaston County,GASTON,2024,242010,42352,0.175001
37073,NC,Gates County,GATES,2020,10450,1828,0.174928
37073,NC,Gates County,GATES,2021,10404,1820,0.174933
37073,NC,Gates County,GATES,2022,10373,1815,0.174973
37073,NC,Gates County,GATES,2023,10354,1812,0.175005
37073,NC,Gates County,GATES,2024,10299,1802,0.174968
37075,NC,Graham County,GRAHAM,2020,8039,1407,0.175022
37075,NC,Graham County,GRAHAM,2021,8009,1401,0.174928
37075,NC,Graham County,GRAHAM,2022,8052,1409,0.174988
37075,NC,Graham County,GRAHAM,2023,8079,1414,0.175022
37075,NC,Graham County,GRAHAM,2024,8179,1431,0.17496
37077,NC,Granville County,GRANVILLE,2020,60151,10526,0.174993
37077,NC,Granville County,GRANVILLE,2021,60460,10580,0.174992
37077,NC,Granville County,GRANVILLE,2022,60867,10652,0.175005
37077,NC,Granville County,GRANVILLE,2023,61362,10738,0.174994
37077,NC,Granville County,GRANVILLE,2024,61544,10770,0.174997
37079,NC,Greene County,GREENE,2020,20438,3576,0.174968
37079,NC,Greene County,GREENE,2021,20263,3546,0.174999
37079,NC,Greene County,GREENE,2022,20415,3572,0.174969
37079,NC,Greene County,GREENE,2023,20644,3612,0.174966
37079,NC,Greene County,GREENE,2024,20671,3617,0.174979
37081,NC,Guilford County,GUILFORD,2020,538761,94283,0.175
37081,NC,Guilford County,GUILFORD,2021,542050,94859,0.175
37081,NC,Guilford County,GUILFORD,2022,547195,95759,0.175
37081,NC,Guilford County,GUILFORD,2023,552880,96754,0.175
37081,NC,Guilford County,GUILFORD,2024,558816,97793,0.175
37083,NC,Halifax County,HALIFAX,2020,48416,8473,0.175004
37083,NC,Halifax County,HALIFAX,2021,48275,8449,0.175018
37083,NC,Halifax County,HALIFAX,2022,47623,8334,0.174999
37083,NC,Halifax County,HALIFAX,2023,47068,8237,0.175002
37083,NC,Halifax County,HALIFAX,2024,46992,8224,0.175009
37085,NC,Harnett County,HARNETT,2020,133716,23400,0.174998
37085,NC,Harnett County,HARNETT,2021,135563,23724,0.175004
37085,NC,Harnett County,HARNETT,2022,138583,24252,0.175
37085,NC,Harnett County,HARNETT,2023,141792,24814,0.175003
37085,NC,Harnett County,HARNETT,2024,146096,25567,0.175001
37087,NC,Haywood County,HAYWOOD,2020,62218,10888,0.174998
37087,NC,Haywood County,HAYWOOD,2021,62527,10942,0.174996
37087,NC,Haywood County,HAYWOOD,2022,62595,10954,0.174998
37087,NC,Haywood County,HAYWOOD,2023,62922,11011,0.174994
37087,NC,Haywood County,HAYWOOD,2024,63048,11033,0.174994
37089,NC,Henderson County,HENDERSON,2020,116571,20400,0.175001
37089,NC,Henderson County,HENDERSON,2021,117166,20504,0.175
37089,NC,Henderson County,HENDERSON,2022,118336,20709,0.175002
37089,NC,Henderson County,HENDERSON,2023,119576,20926,0.175002
37089,NC,Henderson County,HENDERSON,2024,120771,21135,0.175001
37091,NC,Hertford County,HERTFORD,2020,21787,3813,0.175013
37091,NC,Hertford County,HERTFORD,2021,20698,3623,0.175041
37091,NC,Hertford County,HERTFORD,2022,19525,3417,0.175006
37091,NC,Hertford County,HERTFORD,2023,19234,3366,0.175003
37091,NC,Hertford County,HERTFORD,2024,19169,3355,0.175022
37093,NC,Hoke County,HOKE,2020,52249,9144,0.175008
37093,NC,Hoke County,HOKE,2021,53197,9310,0.17501
37093,NC,Hoke County,HOKE,2022,53759,9408,0.175003
37093,NC,Hoke County,HOKE,2023,54587,9553,0.175005
37093,NC,Hoke County,HOKE,2024,55382,9692,0.175003
37095,NC,Hyde County,HYDE,2020,4514,790,0.175011
37095,NC,Hyde County,HYDE,2021,4607,806,0.174951
37095,NC,Hyde County,HYDE,2022,4616,808,0.175043
37095,NC,Hyde County,HYDE,2023,4638,812,0.175075
37095,NC,Hyde County,HYDE,2024,4583,802,0.174995
37097,NC,Iredell County,IREDELL,2020,187696,32847,0.175001
37097,NC,Iredell County,IREDELL,2021,192222,33639,0.175001
37097,NC,Iredell County,IREDELL,2022,196129,34322,0.174997
37097,NC,Iredell County,IREDELL,2023,200311,35054,0.174998
37097,NC,Iredell County,IREDELL,2024,206361,36113,0.174999
37099,NC,Jackson County,JACKSON,2020,42146,7375,0.174987
37099,NC,Jackson County,JACKSON,2021,42498,7437,0.174996
37099,NC,Jackson County,JACKSON,2022,43880,7679,0.175
37099,NC,Jackson County,JACKSON,2023,45050,7884,0.175006
37099,NC,Jackson County,JACKSON,2024,45281,7924,0.174996
37101,NC,Johnston County,JOHNSTON,2020,217426,38050,0.175002
37101,NC,Johnston County,JOHNSTON,2021,226976,39721,0.175001
37101,NC,Johnston County,JOHNSTON,2022,234762,41083,0.174999
37101,NC,Johnston County,JOHNSTON,2023,242358,42413,0.175001
37101,NC,Johnston County,JOHNSTON,2024,249794,43714,0.175
37103,NC,Jones County,JONES,2020,9145,1601,0.175068
37103,NC,Jones County,JONES,2021,9211,1612,0.175008
37103,NC,Jones County,JONES,2022,9243,1618,0.175051
37103,NC,Jones County,JONES,2023,9448,1654,0.175064
37103,NC,Jones County,JONES,2024,9462,1656,0.175016
37105,NC,Lee County,LEE,2020,63402,11095,0.174994
37105,NC,Lee County,LEE,2021,64031,11205,0.174993
37105,NC,Lee County,LEE,2022,65687,11495,0.174997
37105,NC,Lee County,LEE,2023,67421,11799,0.175005
37105,NC,Lee County,LEE,2024,68537,11994,0.175
37107,NC,Lenoir County,LENOIR,2020,55058,9635,0.174997
37107,NC,Lenoir County,LENOIR,2021,54710,9574,0.174995
37107,NC,Lenoir County,LENOIR,2022,54529,9542,0.174989
37107,NC,Lenoir County,LENOIR,2023,54967,9619,0.174996
37107,NC,Lenoir County,LENOIR,2024,55332,9683,0.174998
37109,NC,Lincoln County,LINCOLN,2020,87169,15255,0.175005
37109,NC,Lincoln County,LINCOLN,2021,89913,15735,0.175003
37109,NC,Lincoln County,LINCOLN,2022,93103,16293,0.175
37109,NC,Lincoln County,LINCOLN,2023,95786,16763,0.175005
37109,NC,Lincoln County,LINCOLN,2024,97611,17082,0.175001
37111,NC,McDowell County,MCDOWELL,2020,44554,7797,0.175001
37111,NC,McDowell County,MCDOWELL,2021,44536,7794,0.175004
37111,NC,McDowell County,MCDOWELL,2022,44759,7833,0.175004
37111,NC,McDowell County,MCDOWELL,2023,44968,7869,0.174991
37111,NC,McDowell County,MCDOWELL,2024,45269,7922,0.174998
37113,NC,Macon County,MACON,2020,37095,6491,0.174983
37113,NC,Macon County,MACON,2021,37465,6556,0.17499
37113,NC,Macon County,MACON,2022,37996,6649,0.174992
37113,NC,Macon County,MACON,2023,38430,6725,0.174993
37113,NC,Macon County,MACON,2024,38717,6775,0.174988
37115,NC,Madison County,MADISON,2020,21295,3727,0.175018
37115,NC,Madison County,MADISON,2021,21737,3804,0.175001
37115,NC,Madison County,MADISON,2022,21912,3835,0.175018
37115,NC,Madison County,MADISON,2023,22039,3857,0.175008
37115,NC,Madison County,MADISON,2024,22352,3912,0.175018
37117,NC,Martin County,MARTIN,2020,21959,3843,0.175008
37117,NC,Martin County,MARTIN,2021,21752,3807,0.175018
37117,NC,Martin County,MARTIN,2022,21502,3763,0.175007
37117,NC,Martin County,MARTIN,2023,21484,3760,0.175014
37117,NC,Martin County,MARTIN,2024,21523,3767,0.175022
37119,NC,Mecklenburg County,MECKLENBURG,2020,1116263,195346,0.175
37119,NC,Mecklenburg County,MECKLENBURG,2021,1125279,196924,0.175
37119,NC,Mecklenburg County,MECKLENBURG,2022,1149349,201136,0.175
37119,NC,Mecklenburg County,MECKLENBURG,2023,1176228,205840,0.175
37119,NC,Mecklenburg County,MECKLENBURG,2024,1206285,211100,0.175
37121,NC,Mitchell County,MITCHELL,2020,14898,2607,0.17499
37121,NC,Mitchell County,MITCHELL,2021,14977,2621,0.175002
37121,NC,Mitchell County,MITCHELL,2022,15051,2634,0.175005
37121,NC,Mitchell County,MITCHELL,2023,15003,2625,0.174965
37121,NC,Mitchell County,MITCHELL,2024,15030,2630,0.174983
37123,NC,Montgomery County,MONTGOMERY,2020,25720,4501,0.175
37123,NC,Montgomery County,MONTGOMERY,2021,25826,4520,0.175017
37123,NC,Montgomery County,MONTGOMERY,2022,25884,4530,0.175012
37123,NC,Montgomery County,MONTGOMERY,2023,26241,4592,0.174993
37123,NC,Montgomery County,MONTGOMERY,2024,26364,4614,0.175011
37125,NC,Moore County,MOORE,2020,100293,17551,0.174997
37125,NC,Moore County,MOORE,2021,103049,18034,0.175004
37125,NC,Moore County,MOORE,2022,105548,18471,0.175001
37125,NC,Moore County,MOORE,2023,107072,18738,0.175004
37125,NC,Moore County,MOORE,2024,108417,18973,0.175
37127,NC,Nash County,NASH,2020,95159,16653,0.175002
37127,NC,Nash County,NASH,2021,95215,16662,0.174993
37127,NC,Nash County,NASH,2022,95922,16786,0.174996
37127,NC,Nash County,NASH,2023,96796,16939,0.174997
37127,NC,Nash County,NASH,2024,97990,17148,0.174997
37129,NC,New Hanover County,NEW HANOVER,2020,226442,39627,0.174998
37129,NC,New Hanover County,NEW HANOVER,2021,230167,40279,0.174999
37129,NC,New Hanover County,NEW HANOVER,2022,236147,41325,0.174997
37129,NC,New Hanover County,NEW HANOVER,2023,240054,42009,0.174998
37129,NC,New Hanover County,NEW HANOVER,2024,243333,42583,0.174999
37131,NC,Northampton County,NORTHAMPTON,2020,17439,3052,0.17501
37131,NC,Northampton County,NORTHAMPTON,2021,17125,2997,0.175007
37131,NC,Northampton County,NORTHAMPTON,2022,16806,2942,0.175057
37131,NC,Northampton County,NORTHAMPTON,2023,16705,2924,0.175037
37131,NC,Northampton County,NORTHAMPTON,2024,16580,2902,0.17503
37133,NC,Onslow County,ONSLOW,2020,205111,35894,0.174998
37133,NC,Onslow County,ONSLOW,2021,203563,35624,0.175002
37133,NC,Onslow County,ONSLOW,2022,206718,36176,0.175002
37133,NC,Onslow County,ONSLOW,2023,211184,36957,0.174999
37133,NC,Onslow County,ONSLOW,2024,212954,37267,0.175
37135,NC,Orange County,ORANGE,2020,143732,25153,0.174999
37135,NC,Orange County,ORANGE,2021,148798,26039,0.174996
37135,NC,Orange County,ORANGE,2022,150744,26380,0.174999
37135,NC,Orange County,ORANGE,2023,152239,26641,0.174995
37135,NC,Orange County,ORANGE,2024,152877,26753,0.174997
37137,NC,Pamlico County,PAMLICO,2020,12312,2154,0.174951
37137,NC,Pamlico County,PAMLICO,2021,12367,2164,0.174982
37137,NC,Pamlico County,PAMLICO,2022,12269,2147,0.174994
37137,NC,Pamlico County,PAMLICO,2023,12450,2179,0.17502
37137,NC,Pamlico County,PAMLICO,2024,12550,2196,0.17498
37139,NC,Pasquotank County,PASQUOTANK,2020,40270,7047,0.174994
37139,NC,Pasquotank County,PASQUOTANK,2021,40484,7085,0.175007
37139,NC,Pasquotank County,PASQUOTANK,2022,40818,7143,0.174996
37139,NC,Pasquotank County,PASQUOTANK,2023,41180,7206,0.174988
37139,NC,Pasquotank County,PASQUOTANK,2024,41418,7248,0.174996
37141,NC,Pender County,PENDER,2020,60625,10609,0.174994
37141,NC,Pender County,PENDER,2021,62994,11024,0.175001
37141,NC,Pender County,PENDER,2022,65697,11497,0.175
37141,NC,Pender County,PENDER,2023,68356,11962,0.174996
37141,NC,Pender County,PENDER,2024,70077,12263,0.174993
37143,NC,Perquimans County,PERQUIMANS,2020,13022,2279,0.175012
37143,NC,Perquimans County,PERQUIMANS,2021,13126,2298,0.175072
37143,NC,Perquimans County,PERQUIMANS,2022,13243,2318,0.175036
37143,NC,Perquimans County,PERQUIMANS,2023,13367,2340,0.175058
37143,NC,Perquimans County,PERQUIMANS,2024,13460,2356,0.175037
37145,NC,Person County,PERSON,2020,39187,6858,0.175007
37145,NC,Person County,PERSON,2021,39150,6851,0.174994
37145,NC,Person County,PERSON,2022,39396,6894,0.174992
37145,NC,Person County,PERSON,2023,39832,6971,0.17501
37145,NC,Person County,PERSON,2024,40143,7025,0.174999
37147,NC,Pitt County,PITT,2020,173643,30388,0.175003
37147,NC,Pitt County,PITT,2021,175491,30711,0.175
37147,NC,Pitt County,PITT,2022,177090,30991,0.175001
37147,NC,Pitt County,PITT,2023,178956,31317,0.174998
37147,NC,Pitt County,PITT,2024,180783,31637,0.175
37149,NC,Polk County,POLK,2020,19380,3392,0.175026
37149,NC,Polk County,POLK,2021,19709,3449,0.174996
37149,NC,Polk County,POLK,2022,20006,3501,0.174998
37149,NC,Polk County,POLK,2023,20030,3505,0.174988
37149,NC,Polk County,POLK,2024,20320,3556,0.175
37151,NC,Randolph County,RANDOLPH,2020,144407,25271,0.174998
37151,NC,Randolph County,RANDOLPH,2021,145129,25398,0.175003
37151,NC,Randolph County,RANDOLPH,2022,146174,25580,0.174997
37151,NC,Randolph County,RANDOLPH,2023,147641,25837,0.174999
37151,NC,Randolph County,RANDOLPH,2024,148389,25968,0.174999
37153,NC,Richmond County,RICHMOND,2020,42725,7477,0.175003
37153,NC,Richmond County,RICHMOND,2021,42641,7462,0.174996
37153,NC,Richmond County,RICHMOND,2022,42360,7413,0.175
37153,NC,Richmond County,RICHMOND,2023,42003,7350,0.174988
37153,NC,Richmond County,RICHMOND,2024,41990,7348,0.174994
37155,NC,Robeson County,ROBESON,2020,115967,20294,0.174998
37155,NC,Robeson County,ROBESON,2021,115901,20282,0.174994
37155,NC,Robeson County,ROBESON,2022,116313,20355,0.175002
37155,NC,Robeson County,ROBESON,2023,117705,20598,0.174997
37155,NC,Robeson County,ROBESON,2024,118624,20759,0.174998
37157,NC,Rockingham County,ROCKINGHAM,2020,91214,15962,0.174995
37157,NC,Rockingham County,ROCKINGHAM,2021,91241,15967,0.174998
37157,NC,Rockingham County,ROCKINGHAM,2022,92044,16107,0.174992
37157,NC,Rockingham County,ROCKINGHAM,2023,92638,16211,0.174993
37157,NC,Rockingham County,ROCKINGHAM,2024,93517,16365,0.174995
37159,NC,Rowan County,ROWAN,2020,146909,25709,0.174999
37159,NC,Rowan County,ROWAN,2021,147687,25845,0.174998
37159,NC,Rowan County,ROWAN,2022,149514,26165,0.175
37159,NC,Rowan County,ROWAN,2023,151883,26579,0.174997
37159,NC,Rowan County,ROWAN,2024,153384,26842,0.174999
37161,NC,Rutherford County,RUTHERFORD,2020,64357,11263,0.175008
37161,NC,Rutherford County,RUTHERFORD,2021,64508,11289,0.175002
37161,NC,Rutherford County,RUTHERFORD,2022,64829,11345,0.174999
37161,NC,Rutherford County,RUTHERFORD,2023,65369,11440,0.175007
37161,NC,Rutherford County,RUTHERFORD,2024,65587,11478,0.175004
37163,NC,Sampson County,SAMPSON,2020,59070,10338,0.175013
37163,NC,Sampson County,SAMPSON,2021,59038,10332,0.175006
37163,NC,Sampson County,SAMPSON,2022,59096,10342,0.175003
37163,NC,Sampson County,SAMPSON,2023,59742,10455,0.175003
37163,NC,Sampson County,SAMPSON,2024,60404,10571,0.175005
37165,NC,Scotland County,SCOTLAND,2020,33420,5848,0.174985
37165,NC,Scotland County,SCOTLAND,2021,33423,5849,0.174999
37165,NC,Scotland County,SCOTLAND,2022,33548,5871,0.175003
37165,NC,Scotland County,SCOTLAND,2023,33660,5890,0.174985
37165,NC,Scotland County,SCOTLAND,2024,33898,5932,0.174996
37167,NC,Stanly County,STANLY,2020,62679,10969,0.175003
37167,NC,Stanly County,STANLY,2021,63147,11051,0.175004
37167,NC,Stanly County,STANLY,2022,64285,11250,0.175002
37167,NC,Stanly County,STANLY,2023,65818,11518,0.174998
37167,NC,Stanly County,STANLY,2024,67326,11782,0.174999
37169,NC,Stokes County,STOKES,2020,44579,7801,0.174993
37169,NC,Stokes County,STOKES,2021,44636,7811,0.174993
37169,NC,Stokes County,STOKES,2022,45137,7899,0.175001
37169,NC,Stokes County,STOKES,2023,45486,7960,0.174999
37169,NC,Stokes County,STOKES,2024,45857,8025,0.175001
37171,NC,Surry County,SURRY,2020,71371,12490,0.175001
37171,NC,Surry County,SURRY,2021,71262,12471,0.175002
37171,NC,Surry County,SURRY,2022,71489,12511,0.175006
37171,NC,Surry County,SURRY,2023,71457,12505,0.175
37171,NC,Surry County,SURRY,2024,71547,12521,0.175004
37173,NC,Swain County,SWAIN,2020,14103,2468,0.174998
37173,NC,Swain County,SWAIN,2021,14126,2472,0.174996
37173,NC,Swain County,SWAIN,2022,13968,2444,0.174971
37173,NC,Swain County,SWAIN,2023,13923,2436,0.174962
37173,NC,Swain County,SWAIN,2024,13945,2440,0.174973
37175,NC,Transylvania County,TRANSYLVANIA,2020,33258,5820,0.174995
37175,NC,Transylvania County,TRANSYLVANIA,2021,33494,5861,0.174987
37175,NC,Transylvania County,TRANSYLVANIA,2022,33668,5892,0.175003
37175,NC,Transylvania County,TRANSYLVANIA,2023,33934,5938,0.174987
37175,NC,Transylvania County,TRANSYLVANIA,2024,34103,5968,0.174999
37177,NC,Tyrrell County,TYRRELL,2020,3234,566,0.175015
37177,NC,Tyrrell County,TYRRELL,2021,3373,590,0.174918
37177,NC,Tyrrell County,TYRRELL,2022,3469,607,0.174978
37177,NC,Tyrrell County,TYRRELL,2023,3520,616,0.175
37177,NC,Tyrrell County,TYRRELL,2024,3517,615,0.174865
37179,NC,Union County,UNION,2020,239688,41946,0.175003
37179,NC,Union County,UNION,2021,244491,42786,0.175
37179,NC,Union County,UNION,2022,249714,43700,0.175
37179,NC,Union County,UNION,2023,257510,45065,0.175003
37179,NC,Union County,UNION,2024,263386,46093,0.175002
37181,NC,Vance County,VANCE,2020,42559,7448,0.175004
37181,NC,Vance County,VANCE,2021,42126,7372,0.174999
37181,NC,Vance County,VANCE,2022,42258,7395,0.174996
37181,NC,Vance County,VANCE,2023,42329,7408,0.17501
37181,NC,Vance County,VANCE,2024,42337,7409,0.175001
37183,NC,Wake County,WAKE,2020,1130694,197872,0.175
37183,NC,Wake County,WAKE,2021,1152626,201710,0.175
37183,NC,Wake County,WAKE,2022,1174107,205469,0.175
37183,NC,Wake County,WAKE,2023,1203394,210594,0.175
37183,NC,Wake County,WAKE,2024,1232444,215678,0.175
37185,NC,Warren County,WARREN,2020,18601,3255,0.174991
37185,NC,Warren County,WARREN,2021,18831,3295,0.174977
37185,NC,Warren County,WARREN,2022,18700,3272,0.174973
37185,NC,Warren County,WARREN,2023,18762,3283,0.174981
37185,NC,Warren County,WARREN,2024,19081,3339,0.174991
37187,NC,Washington County,WASHINGTON,2020,10981,1921,0.174939
37187,NC,Washington County,WASHINGTON,2021,10888,1905,0.174963
37187,NC,Washington County,WASHINGTON,2022,10798,1889,0.17494
37187,NC,Washington County,WASHINGTON,2023,10739,1879,0.17497
37187,NC,Washington County,WASHINGTON,2024,10654,1864,0.174958
37189,NC,Watauga County,WATAUGA,2020,54470,9532,0.174995
37189,NC,Watauga County,WATAUGA,2021,55326,9682,0.174999
37189,NC,Watauga County,WATAUGA,2022,55404,9695,0.174987
37189,NC,Watauga County,WATAUGA,2023,55420,9698,0.174991
37189,NC,Watauga County,WATAUGA,2024,54997,9624,0.174991
37191,NC,Wayne County,WAYNE,2020,117772,20610,0.174999
37191,NC,Wayne County,WAYNE,2021,117395,20544,0.174999
37191,NC,Wayne County,WAYNE,2022,118185,20682,0.174997
37191,NC,Wayne County,WAYNE,2023,119570,20925,0.175002
37191,NC,Wayne County,WAYNE,2024,120338,21059,0.174999
37193,NC,Wilkes County,WILKES,2020,65872,11528,0.175006
37193,NC,Wilkes County,WILKES,2021,65798,11515,0.175005
37193,NC,Wilkes County,WILKES,2022,65801,11516,0.175013
37193,NC,Wilkes County,WILKES,2023,66017,11553,0.175
37193,NC,Wilkes County,WILKES,2024,66186,11583,0.175007
37195,NC,Wilson County,WILSON,2020,79301,13878,0.175004
37195,NC,Wilson County,WILSON,2021,78746,13781,0.175006
37195,NC,Wilson County,WILSON,2022,78838,13797,0.175004
37195,NC,Wilson County,WILSON,2023,79606,13931,0.174999
37195,NC,Wilson County,WILSON,2024,79958,13993,0.175004
37197,NC,Yadkin County,YADKIN,2020,37253,6519,0.174993
37197,NC,Yadkin County,YADKIN,2021,37280,6524,0.175
37197,NC,Yadkin County,YADKIN,2022,37539,6569,0.174991
37197,NC,Yadkin County,YADKIN,2023,37798,6615,0.175009
37197,NC,Yadkin County,YADKIN,2024,37995,6649,0.174997
37199,NC,Yancey County,YANCEY,2020,18496,3237,0.175011
37199,NC,Yancey County,YANCEY,2021,18767,3284,0.174988
37199,NC,Yancey County,YANCEY,2022,18790,3288,0.174987
37199,NC,Yancey County,YANCEY,2023,18940,3315,0.175026
37199,NC,Yancey County,YANCEY,2024,18993,3324,0.175012
38001,ND,Adams County,ADAMS,2020,2181,360,0.165062
38001,ND,Adams County,ADAMS,2021,2156,355,0.164657
38001,ND,Adams County,ADAMS,2022,2106,347,0.164767
38001,ND,Adams County,ADAMS,2023,2143,353,0.164722
38001,ND,Adams County,ADAMS,2024,2141,353,0.164876
38003,ND,Barnes County,BARNES,2020,10842,1789,0.165006
38003,ND,Barnes County,BARNES,2021,10714,1768,0.165018
38003,ND,Barnes County,BARNES,2022,10743,1773,0.165038
38003,ND,Barnes County,BARNES,2023,10767,1777,0.165041
38003,ND,Barnes County,BARNES,2024,10798,1782,0.165031
38005,ND,Benson County,BENSON,2020,5940,980,0.164983
38005,ND,Benson County,BENSON,2021,5773,953,0.165079
38005,ND,Benson County,BENSON,2022,5794,956,0.164998
38005,ND,Benson County,BENSON,2023,5778,954,0.165109
38005,ND,Benson County,BENSON,2024,5756,950,0.165045
38007,ND,Billings County,BILLINGS,2020,934,154,0.164882
38007,ND,Billings County,BILLINGS,2021,964,159,0.164938
38007,ND,Billings County,BILLINGS,2022,1022,168,0.164384
38007,ND,Billings County,BILLINGS,2023,1036,171,0.165058
38007,ND,Billings County,BILLINGS,2024,1063,175,0.164628
38009,ND,Bottineau County,BOTTINEAU,2020,6375,1052,0.16502
38009,ND,Bottineau County,BOTTINEAU,2021,6417,1059,0.16503
38009,ND,Bottineau County,BOTTINEAU,2022,6372,1052,0.165097
38009,ND,Bottineau County,BOTTINEAU,2023,6335,1046,0.165114
38009,ND,Bottineau County,BOTTINEAU,2024,6391,1055,0.165076
38011,ND,Bowman County,BOWMAN,2020,2981,492,0.165045
38011,ND,Bowman County,BOWMAN,2021,2901,478,0.164771
38011,ND,Bowman County,BOWMAN,2022,2892,477,0.164938
38011,ND,Bowman County,BOWMAN,2023,2870,473,0.164808
38011,ND,Bowman County,BOWMAN,2024,2886,476,0.164934
38013,ND,Burke County,BURKE,2020,2192,361,0.16469
38013,ND,Burke County,BURKE,2021,2152,355,0.164963
38013,ND,Burke County,BURKE,2022,2133,352,0.165026
38013,ND,Burke County,BURKE,2023,2147,354,0.164881
38013,ND,Burke County,BURKE,2024,2154,355,0.16481
38015,ND,Burleigh County,BURLEIGH,2020,98589,16268,0.165008
38015,ND,Burleigh County,BURLEIGH,2021,99386,16399,0.165003
38015,ND,Burleigh County,BURLEIGH,2022,100436,16572,0.165001
38015,ND,Burleigh County,BURLEIGH,2023,101484,16745,0.165001
38015,ND,Burleigh County,BURLEIGH,2024,103107,17013,0.165003
38017,ND,Cass County,CASS,2020,184897,30508,0.165
38017,ND,Cass County,CASS,2021,189330,31240,0.165003
38017,ND,Cass County,CASS,2022,193670,31956,0.165002
38017,ND,Cass County,CASS,2023,198157,32696,0.165
38017,ND,Cass County,CASS,2024,200945,33156,0.165
38019,ND,Cavalier County,CAVALIER,2020,3700,611,0.165135
38019,ND,Cavalier County,CAVALIER,2021,3677,607,0.16508
38019,ND,Cavalier County,CAVALIER,2022,3616,597,0.1651
38019,ND,Cavalier County,CAVALIER,2023,3605,595,0.165049
38019,ND,Cavalier County,CAVALIER,2024,3567,589,0.165125
38021,ND,Dickey County,DICKEY,2020,4960,818,0.164919
38021,ND,Dickey County,DICKEY,2021,4903,809,0.165001
38021,ND,Dickey County,DICKEY,2022,4941,815,0.164946
38021,ND,Dickey County,DICKEY,2023,4940,815,0.16498
38021,ND,Dickey County,DICKEY,2024,4930,813,0.164909
38023,ND,Divide County,DIVIDE,2020,2205,363,0.164626
38023,ND,Divide County,DIVIDE,2021,2182,360,0.164986
38023,ND,Divide County,DIVIDE,2022,2174,358,0.164673
38023,ND,Divide County,DIVIDE,2023,2148,354,0.164804
38023,ND,Divide County,DIVIDE,2024,2124,350,0.164783
38025,ND,Dunn County,DUNN,2020,4098,676,0.164959
38025,ND,Dunn County,DUNN,2021,4014,662,0.164923
38025,ND,Dunn County,DUNN,2022,4005,661,0.165044
38025,ND,Dunn County,DUNN,2023,4051,668,0.164898
38025,ND,Dunn County,DUNN,2024,4031,665,0.164971
38027,ND,Eddy County,EDDY,2020,2321,383,0.165015
38027,ND,Eddy County,EDDY,2021,2318,382,0.164797
38027,ND,Eddy County,EDDY,2022,2311,381,0.164864
38027,ND,Eddy County,EDDY,2023,2278,376,0.165057
38027,ND,Eddy County,EDDY,2024,2309,381,0.165006
38029,ND,Emmons County,EMMONS,2020,3291,543,0.164995
38029,ND,Emmons County,EMMONS,2021,3262,538,0.164929
38029,ND,Emmons County,EMMONS,2022,3267,539,0.164983
38029,ND,Emmons County,EMMONS,2023,3241,534,0.164764
38029,ND,Emmons County,EMMONS,2024,3209,529,0.164849
38031,ND,Foster County,FOSTER,2020,3388,559,0.164994
38031,ND,Foster County,FOSTER,2021,3366,555,0.164884
38031,ND,Foster County,FOSTER,2022,3377,557,0.164939
38031,ND,Foster County,FOSTER,2023,3334,550,0.164967
38031,ND,Foster County,FOSTER,2024,3323,548,0.164911
38033,ND,Golden Valley County,GOLDEN VALLEY,2020,1719,283,0.164631
38033,ND,Golden Valley County,GOLDEN VALLEY,2021,1754,289,0.164766
38033,ND,Golden Valley County,GOLDEN VALLEY,2022,1746,288,0.164948
38033,ND,Golden Valley County,GOLDEN VALLEY,2023,1760,290,0.164773
38033,ND,Golden Valley County,GOLDEN VALLEY,2024,1795,296,0.164903
38035,ND,Grand Forks County,GRAND FORKS,2020,73132,12067,0.165003
38035,ND,Grand Forks County,GRAND FORKS,2021,72409,11947,0.164993
38035,ND,Grand Forks County,GRAND FORKS,2022,72103,11897,0.165
38035,ND,Grand Forks County,GRAND FORKS,2023,73198,12077,0.164991
38035,ND,Grand Forks County,GRAND FORKS,2024,73771,12172,0.164997
38037,ND,Grant County,GRANT,2020,2291,378,0.164993
38037,ND,Grant County,GRANT,2021,2308,381,0.165078
38037,ND,Grant County,GRANT,2022,2248,371,0.165036
38037,ND,Grant County,GRANT,2023,2249,371,0.164962
38037,ND,Grant County,GRANT,2024,2247,371,0.165109
38039,ND,Griggs County,GRIGGS,2020,2301,379,0.164711
38039,ND,Griggs County,GRIGGS,2021,2290,377,0.164629
38039,ND,Griggs County,GRIGGS,2022,2268,374,0.164903
38039,ND,Griggs County,GRIGGS,2023,2250,371,0.164889
38039,ND,Griggs County,GRIGGS,2024,2227,367,0.164796
38041,ND,Hettinger County,HETTINGER,2020,2468,407,0.164911
38041,ND,Hettinger County,HETTINGER,2021,2428,400,0.164745
38041,ND,Hettinger County,HETTINGER,2022,2425,400,0.164948
38041,ND,Hettinger County,HETTINGER,2023,2418,399,0.165012
38041,ND,Hettinger County,HETTINGER,2024,2419,399,0.164944
38043,ND,Kidder County,KIDDER,2020,2392,394,0.164716
38043,ND,Kidder County,KIDDER,2021,2364,390,0.164975
38043,ND,Kidder County,KIDDER,2022,2396,395,0.164858
38043,ND,Kidder County,KIDDER,2023,2360,389,0.164831
38043,ND,Kidder County,KIDDER,2024,2371,391,0.164909
38045,ND,LaMoure County,LAMOURE,2020,4096,675,0.164795
38045,ND,LaMoure County,LAMOURE,2021,4054,668,0.164776
38045,ND,LaMoure County,LAMOURE,2022,4061,670,0.164984
38045,ND,LaMoure County,LAMOURE,2023,4068,671,0.164946
38045,ND,LaMoure County,LAMOURE,2024,4051,668,0.164898
38047,ND,Logan County,LOGAN,2020,1880,310,0.164894
38047,ND,Logan County,LOGAN,2021,1860,307,0.165054
38047,ND,Logan County,LOGAN,2022,1849,305,0.164954
38047,ND,Logan County,LOGAN,2023,1886,311,0.164899
38047,ND,Logan County,LOGAN,2024,1880,310,0.164894
38049,ND,McHenry County,MCHENRY,2020,5316,877,0.164974
38049,ND,McHenry County,MCHENRY,2021,5224,862,0.165008
38049,ND,McHenry County,MCHENRY,2022,5208,859,0.164939
38049,ND,McHenry County,MCHENRY,2023,5152,850,0.164984
38049,ND,McHenry County,MCHENRY,2024,5135,847,0.164946
38051,ND,McIntosh County,MCINTOSH,2020,2516,415,0.164944
38051,ND,McIntosh County,MCINTOSH,2021,2519,416,0.165145
38051,ND,McIntosh County,MCINTOSH,2022,2503,413,0.165002
38051,ND,McIntosh County,MCINTOSH,2023,2488,410,0.164791
38051,ND,McIntosh County,MCINTOSH,2024,2461,406,0.164974
38053,ND,McKenzie County,MCKENZIE,2020,14776,2438,0.164997
38053,ND,McKenzie County,MCKENZIE,2021,14037,2316,0.164993
38053,ND,McKenzie County,MCKENZIE,2022,13905,2294,0.164977
38053,ND,McKenzie County,MCKENZIE,2023,14282,2357,0.165033
38053,ND,McKenzie County,MCKENZIE,2024,14782,2439,0.164998
38055,ND,McLean County,MCLEAN,2020,9763,1610,0.164908
38055,ND,McLean County,MCLEAN,2021,9819,1620,0.164986
38055,ND,McLean County,MCLEAN,2022,9851,1625,0.164958
38055,ND,McLean County,MCLEAN,2023,9836,1623,0.165006
38055,ND,McLean County,MCLEAN,2024,9845,1624,0.164957
38057,ND,Mercer County,MERCER,2020,8348,1377,0.16495
38057,ND,Mercer County,MERCER,2021,8336,1375,0.164947
38057,ND,Mercer County,MERCER,2022,8333,1375,0.165007
38057,ND,Mercer County,MERCER,2023,8322,1373,0.164984
38057,ND,Mercer County,MERCER,2024,8348,1377,0.16495
38059,ND,Morton County,MORTON,2020,33322,5498,0.164996
38059,ND,Morton County,MORTON,2021,33581,5541,0.165004
38059,ND,Morton County,MORTON,2022,33741,5567,0.164992
38059,ND,Morton County,MORTON,2023,34047,5618,0.165007
38059,ND,Morton County,MORTON,2024,34194,5642,0.165
38061,ND,Mountrail County,MOUNTRAIL,2020,9803,1617,0.16495
38061,ND,Mountrail County,MOUNTRAIL,2021,9578,1580,0.164961
38061,ND,Mountrail County,MOUNTRAIL,2022,9255,1527,0.164992
38061,ND,Mountrail County,MOUNTRAIL,2023,9427,1555,0.164952
38061,ND,Mountrail County,MOUNTRAIL,2024,9474,1563,0.164978
38063,ND,Nelson County,NELSON,2020,2999,495,0.165055
38063,ND,Nelson County,NELSON,2021,3055,504,0.164975
38063,ND,Nelson County,NELSON,2022,3011,497,0.165061
38063,ND,Nelson County,NELSON,2023,3010,496,0.164784
38063,ND,Nelson County,NELSON,2024,3007,496,0.164948
38065,ND,Oliver County,OLIVER,2020,1868,309,0.165418
38065,ND,Oliver County,OLIVER,2021,1876,310,0.165245
38065,ND,Oliver County,OLIVER,2022,1858,307,0.165231
38065,ND,Oliver County,OLIVER,2023,1873,310,0.16551
38065,ND,Oliver County,OLIVER,2024,1882,311,0.16525
38067,ND,Pembina County,PEMBINA,2020,6826,1126,0.164958
38067,ND,Pembina County,PEMBINA,2021,6767,1117,0.165066
38067,ND,Pembina County,PEMBINA,2022,6764,1116,0.164991
38067,ND,Pembina County,PEMBINA,2023,6690,1104,0.165022
38067,ND,Pembina County,PEMBINA,2024,6588,1087,0.164997
38069,ND,Pierce County,PIERCE,2020,3975,656,0.165031
38069,ND,Pierce County,PIERCE,2021,3951,652,0.165022
38069,ND,Pierce County,PIERCE,2022,3944,651,0.165061
38069,ND,Pierce County,PIERCE,2023,3910,645,0.164962
38069,ND,Pierce County,PIERCE,2024,3853,636,0.165066
38071,ND,Ramsey County,RAMSEY,2020,11584,1911,0.164969
38071,ND,Ramsey County,RAMSEY,2021,11619,1917,0.164988
38071,ND,Ramsey County,RAMSEY,2022,11552,1906,0.164993
38071,ND,Ramsey County,RAMSEY,2023,11517,1900,0.164974
38071,ND,Ramsey County,RAMSEY,2024,11510,1899,0.164987
38073,ND,Ransom County,RANSOM,2020,5693,939,0.164939
38073,ND,Ransom County,RANSOM,2021,5677,936,0.164876
38073,ND,Ransom County,RANSOM,2022,5648,932,0.165014
38073,ND,Ransom County,RANSOM,2023,5606,925,0.165002
38073,ND,Ransom County,RANSOM,2024,5590,922,0.164937
38075,ND,Renville County,RENVILLE,2020,2282,376,0.164768
38075,ND,Renville County,RENVILLE,2021,2272,375,0.165053
38075,ND,Renville County,RENVILLE,2022,2267,374,0.164976
38075,ND,Renville County,RENVILLE,2023,2325,384,0.165161
38075,ND,Renville County,RENVILLE,2024,2376,392,0.164983
38077,ND,Richland County,RICHLAND,2020,16532,2728,0.165013
38077,ND,Richland County,RICHLAND,2021,16547,2731,0.165045
38077,ND,Richland County,RICHLAND,2022,16577,2736,0.165048
38077,ND,Richland County,RICHLAND,2023,16604,2740,0.16502
38077,ND,Richland County,RICHLAND,2024,16658,2749,0.165026
38079,ND,Rolette County,ROLETTE,2020,12200,2013,0.165
38079,ND,Rolette County,ROLETTE,2021,12074,1992,0.164983
38079,ND,Rolette County,ROLETTE,2022,11889,1962,0.165026
38079,ND,Rolette County,ROLETTE,2023,11766,1941,0.164967
38079,ND,Rolette County,ROLETTE,2024,11692,1929,0.164985
38081,ND,Sargent County,SARGENT,2020,3843,634,0.164975
38081,ND,Sargent County,SARGENT,2021,3849,635,0.164978
38081,ND,Sargent County,SARGENT,2022,3823,631,0.165054
38081,ND,Sargent County,SARGENT,2023,3794,626,0.164997
38081,ND,Sargent County,SARGENT,2024,3710,612,0.16496
38083,ND,Sheridan County,SHERIDAN,2020,1262,208,0.164818
38083,ND,Sheridan County,SHERIDAN,2021,1265,209,0.165217
38083,ND,Sheridan County,SHERIDAN,2022,1285,212,0.164981
38083,ND,Sheridan County,SHERIDAN,2023,1277,210,0.164448
38083,ND,Sheridan County,SHERIDAN,2024,1268,209,0.164826
38085,ND,Sioux County,SIOUX,2020,3881,641,0.165164
38085,ND,Sioux County,SIOUX,2021,3750,619,0.165067
38085,ND,Sioux County,SIOUX,2022,3697,610,0.164999
38085,ND,Sioux County,SIOUX,2023,3659,604,0.165072
38085,ND,Sioux County,SIOUX,2024,3713,613,0.165096
38087,ND,Slope County,SLOPE,2020,864,109,0.126157
38087,ND,Slope County,SLOPE,2021,864,109,0.126157
38087,ND,Slope County,SLOPE,2022,864,109,0.126157
38087,ND,Slope County,SLOPE,2023,864,109,0.126157
38087,ND,Slope County,SLOPE,2024,864,109,0.126157
38089,ND,Stark County,STARK,2020,33835,5583,0.165007
38089,ND,Stark County,STARK,2021,33031,5451,0.165027
38089,ND,Stark County,STARK,2022,32762,5406,0.165008
38089,ND,Stark County,STARK,2023,33117,5465,0.165021
38089,ND,Stark County,STARK,2024,33767,5572,0.165013
38091,ND,Steele County,STEELE,2020,1790,296,0.165363
38091,ND,Steele County,STEELE,2021,1803,298,0.16528
38091,ND,Steele County,STEELE,2022,1782,294,0.164983
38091,ND,Steele County,STEELE,2023,1766,292,0.165345
38091,ND,Steele County,STEELE,2024,1767,292,0.165252
38093,ND,Stutsman County,STUTSMAN,2020,21554,3556,0.164981
38093,ND,Stutsman County,STUTSMAN,2021,21607,3565,0.164993
38093,ND,Stutsman County,STUTSMAN,2022,21518,3550,0.164978
38093,ND,Stutsman County,STUTSMAN,2023,21522,3551,0.164994
38093,ND,Stutsman County,STUTSMAN,2024,21546,3555,0.164996
38095,ND,Towner County,TOWNER,2020,2139,353,0.16503
38095,ND,Towner County,TOWNER,2021,2116,349,0.164934
38095,ND,Towner County,TOWNER,2022,2060,339,0.164563
38095,ND,Towner County,TOWNER,2023,2036,336,0.165029
38095,ND,Towner County,TOWNER,2024,2051,338,0.164798
38097,ND,Traill County,TRAILL,2020,7979,1316,0.164933
38097,ND,Traill County,TRAILL,2021,7968,1315,0.165035
38097,ND,Traill County,TRAILL,2022,7958,1313,0.164991
38097,ND,Traill County,TRAILL,2023,7957,1313,0.165012
38097,ND,Traill County,TRAILL,2024,7989,1318,0.164977
38099,ND,Walsh County,WALSH,2020,10524,1736,0.164956
38099,ND,Walsh County,WALSH,2021,10483,1729,0.164934
38099,ND,Walsh County,WALSH,2022,10468,1727,0.164979
38099,ND,Walsh County,WALSH,2023,10293,1698,0.164966
38099,ND,Walsh County,WALSH,2024,10214,1685,0.16497
38101,ND,Ward County,WARD,2020,69922,11537,0.164998
38101,ND,Ward County,WARD,2021,69265,11428,0.16499
38101,ND,Ward County,WARD,2022,68831,11357,0.164998
38101,ND,Ward County,WARD,2023,68419,11289,0.164998
38101,ND,Ward County,WARD,2024,68427,11290,0.164993
38103,ND,Wells County,WELLS,2020,3967,654,0.16486
38103,ND,Wells County,WELLS,2021,3896,642,0.164784
38103,ND,Wells County,WELLS,2022,3916,646,0.164964
38103,ND,Wells County,WELLS,2023,3866,637,0.16477
38103,ND,Wells County,WELLS,2024,3803,627,0.16487
38105,ND,Williams County,WILLIAMS,2020,41189,6796,0.164996
38105,ND,Williams County,WILLIAMS,2021,39130,6457,0.165014
38105,ND,Williams County,WILLIAMS,2022,38012,6272,0.165001
38105,ND,Williams County,WILLIAMS,2023,39304,6485,0.164996
38105,ND,Williams County,WILLIAMS,2024,40763,6726,0.165003
39001,OH,Adams County,ADAMS,2020,27451,4941,0.179993
39001,OH,Adams County,ADAMS,2021,27589,4966,0.179999
39001,OH,Adams County,ADAMS,2022,27449,4941,0.180007
39001,OH,Adams County,ADAMS,2023,27542,4958,0.180016
39001,OH,Adams County,ADAMS,2024,27671,4981,0.180008
39003,OH,Allen County,ALLEN,2020,102137,18385,0.180003
39003,OH,Allen County,ALLEN,2021,101800,18324,0.18
39003,OH,Allen County,ALLEN,2022,101086,18196,0.180005
39003,OH,Allen County,ALLEN,2023,100851,18153,0.179998
39003,OH,Allen County,ALLEN,2024,100866,18156,0.180001
39005,OH,Ashland County,ASHLAND,2020,52476,9446,0.180006
39005,OH,Ashland County,ASHLAND,2021,52193,9395,0.180005
39005,OH,Ashland County,ASHLAND,2022,52010,9362,0.180004
39005,OH,Ashland County,ASHLAND,2023,52183,9393,0.180001
39005,OH,Ashland County,ASHLAND,2024,52420,9436,0.180008
39007,OH,Ashtabula County,ASHTABULA,2020,97512,17552,0.179998
39007,OH,Ashtabula County,ASHTABULA,2021,97470,17545,0.180004
39007,OH,Ashtabula County,ASHTABULA,2022,96987,17458,0.180004
39007,OH,Ashtabula County,ASHTABULA,2023,96962,17453,0.179998
39007,OH,Ashtabula County,ASHTABULA,2024,96906,17443,0.179999
39009,OH,Athens County,ATHENS,2020,62380,11228,0.179994
39009,OH,Athens County,ATHENS,2021,59261,10667,0.18
39009,OH,Athens County,ATHENS,2022,61029,10985,0.179996
39009,OH,Athens County,ATHENS,2023,62969,11334,0.179993
39009,OH,Athens County,ATHENS,2024,63218,11379,0.179996
39011,OH,Auglaize County,AUGLAIZE,2020,46473,8365,0.179997
39011,OH,Auglaize County,AUGLAIZE,2021,46261,8327,0.18
39011,OH,Auglaize County,AUGLAIZE,2022,45949,8271,0.180004
39011,OH,Auglaize County,AUGLAIZE,2023,46018,8283,0.179995
39011,OH,Auglaize County,AUGLAIZE,2024,45922,8266,0.180001
39013,OH,Belmont County,BELMONT,2020,66291,11933,0.180009
39013,OH,Belmont County,BELMONT,2021,65909,11864,0.180006
39013,OH,Belmont County,BELMONT,2022,65495,11790,0.180014
39013,OH,Belmont County,BELMONT,2023,64980,11697,0.180009
39013,OH,Belmont County,BELMONT,2024,64692,11645,0.180007
39015,OH,Brown County,BROWN,2020,43684,7864,0.18002
39015,OH,Brown County,BROWN,2021,43708,7868,0.180013
39015,OH,Brown County,BROWN,2022,43707,7868,0.180017
39015,OH,Brown County,BROWN,2023,43834,7891,0.18002
39015,OH,Brown County,BROWN,2024,44292,7973,0.18001
39017,OH,Butler County,BUTLER,2020,390887,70360,0.180001
39017,OH,Butler County,BUTLER,2021,387671,69781,0.180001
39017,OH,Butler County,BUTLER,2022,390689,70324,0.18
39017,OH,Butler County,BUTLER,2023,395593,71207,0.180001
39017,OH,Butler County,BUTLER,2024,399542,71918,0.180001
39019,OH,Carroll County,CARROLL,2020,26702,4807,0.180024
39019,OH,Carroll County,CARROLL,2021,26702,4807,0.180024
39019,OH,Carroll County,CARROLL,2022,26677,4802,0.180005
39019,OH,Carroll County,CARROLL,2023,26754,4816,0.18001
39019,OH,Carroll County,CARROLL,2024,26460,4763,0.180008
39021,OH,Champaign County,CHAMPAIGN,2020,38743,6973,0.179981
39021,OH,Champaign County,CHAMPAIGN,2021,38800,6984,0.18
39021,OH,Champaign County,CHAMPAIGN,2022,38712,6968,0.179996
39021,OH,Champaign County,CHAMPAIGN,2023,38857,6994,0.179993
39021,OH,Champaign County,CHAMPAIGN,2024,38907,7003,0.179993
39023,OH,Clark County,CLARK,2020,135894,24461,0.180001
39023,OH,Clark County,CLARK,2021,135490,24388,0.179999
39023,OH,Clark County,CLARK,2022,134686,24243,0.179996
39023,OH,Clark County,CLARK,2023,134735,24252,0.179998
39023,OH,Clark County,CLARK,2024,134985,24297,0.179998
39025,OH,Clermont County,CLERMONT,2020,208755,37576,0.18
39025,OH,Clermont County,CLERMONT,2021,209919,37785,0.179998
39025,OH,Clermont County,CLERMONT,2022,210906,37963,0.18
39025,OH,Clermont County,CLERMONT,2023,212202,38196,0.179998
39025,OH,Clermont County,CLERMONT,2024,214123,38542,0.179999
39027,OH,Clinton County,CLINTON,2020,42035,7566,0.179993
39027,OH,Clinton County,CLINTON,2021,42130,7583,0.179991
39027,OH,Clinton County,CLINTON,2022,41902,7542,0.179991
39027,OH,Clinton County,CLINTON,2023,41972,7555,0.180001
39027,OH,Clinton County,CLINTON,2024,42019,7563,0.17999
39029,OH,Columbiana County,COLUMBIANA,2020,101650,18297,0.18
39029,OH,Columbiana County,COLUMBIANA,2021,101372,18247,0.18
39029,OH,Columbiana County,COLUMBIANA,2022,100537,18097,0.180003
39029,OH,Columbiana County,COLUMBIANA,2023,100137,18025,0.180003
39029,OH,Columbiana County,COLUMBIANA,2024,99823,17968,0.179999
39031,OH,Coshocton County,COSHOCTON,2020,36595,6588,0.180025
39031,OH,Coshocton County,COSHOCTON,2021,36674,6602,0.180019
39031,OH,Coshocton County,COSHOCTON,2022,36583,6585,0.180002
39031,OH,Coshocton County,COSHOCTON,2023,36866,6636,0.180003
39031,OH,Coshocton County,COSHOCTON,2024,37003,6661,0.180012
39033,OH,Crawford County,CRAWFORD,2020,42015,7563,0.180007
39033,OH,Crawford County,CRAWFORD,2021,41793,7523,0.180006
39033,OH,Crawford County,CRAWFORD,2022,41532,7476,0.180006
39033,OH,Crawford County,CRAWFORD,2023,41591,7487,0.180015
39033,OH,Crawford County,CRAWFORD,2024,41626,7493,0.180008
39035,OH,Cuyahoga County,CUYAHOGA,2020,1262635,227274,0.18
39035,OH,Cuyahoga County,CUYAHOGA,2021,1247735,224592,0.18
39035,OH,Cuyahoga County,CUYAHOGA,2022,1239720,223150,0.18
39035,OH,Cuyahoga County,CUYAHOGA,2023,1238679,222962,0.18
39035,OH,Cuyahoga County,CUYAHOGA,2024,1240594,223307,0.18
39037,OH,Darke County,DARKE,2020,51897,9341,0.179991
39037,OH,Darke County,DARKE,2021,51655,9298,0.180002
39037,OH,Darke County,DARKE,2022,51526,9275,0.180006
39037,OH,Darke County,DARKE,2023,51432,9258,0.180005
39037,OH,Darke County,DARKE,2024,51462,9263,0.179997
39039,OH,Defiance County,DEFIANCE,2020,38267,6888,0.179998
39039,OH,Defiance County,DEFIANCE,2021,38182,6873,0.180006
39039,OH,Defiance County,DEFIANCE,2022,38183,6873,0.180002
39039,OH,Defiance County,DEFIANCE,2023,38437,6919,0.180009
39039,OH,Defiance County,DEFIANCE,2024,38644,6956,0.180002
39041,OH,Delaware County,DELAWARE,2020,215162,38729,0.179999
39041,OH,Delaware County,DELAWARE,2021,221304,39835,0.180001
39041,OH,Delaware County,DELAWARE,2022,227008,40862,0.180002
39041,OH,Delaware County,DELAWARE,2023,232732,41892,0.180001
39041,OH,Delaware County,DELAWARE,2024,237966,42834,0.180001
39043,OH,Erie County,ERIE,2020,75482,13586,0.17999
39043,OH,Erie County,ERIE,2021,74894,13481,0.180001
39043,OH,Erie County,ERIE,2022,74563,13421,0.179995
39043,OH,Erie County,ERIE,2023,74125,13342,0.179993
39043,OH,Erie County,ERIE,2024,73841,13291,0.179995
39045,OH,Fairfield County,FAIRFIELD,2020,159464,28703,0.179997
39045,OH,Fairfield County,FAIRFIELD,2021,161245,29024,0.179999
39045,OH,Fairfield County,FAIRFIELD,2022,163166,29370,0.180001
39045,OH,Fairfield County,FAIRFIELD,2023,165630,29813,0.179998
39045,OH,Fairfield County,FAIRFIELD,2024,167762,30197,0.179999
39047,OH,Fayette County,FAYETTE,2020,28978,5216,0.179999
39047,OH,Fayette County,FAYETTE,2021,28935,5209,0.180024
39047,OH,Fayette County,FAYETTE,2022,28856,5194,0.179997
39047,OH,Fayette County,FAYETTE,2023,28831,5190,0.180015
39047,OH,Fayette County,FAYETTE,2024,28782,5181,0.180008
39049,OH,Franklin County,FRANKLIN,2020,1316181,244135,0.185487
39049,OH,Franklin County,FRANKLIN,2021,1316181,244135,0.185487
39049,OH,Franklin County,FRANKLIN,2022,1316181,244135,0.185487
39049,OH,Franklin County,FRANKLIN,2023,1316181,244135,0.185487
39049,OH,Franklin County,FRANKLIN,2024,1316181,244135,0.185487
39051,OH,Fulton County,FULTON,2020,42640,7675,0.179995
39051,OH,Fulton County,FULTON,2021,42500,7650,0.18
39051,OH,Fulton County,FULTON,2022,42083,7575,0.180001
39051,OH,Fulton County,FULTON,2023,41951,7551,0.179996
39051,OH,Fulton County,FULTON,2024,42028,7565,0.179999
39053,OH,Gallia County,GALLIA,2020,29240,5263,0.179993
39053,OH,Gallia County,GALLIA,2021,29235,5262,0.17999
39053,OH,Gallia County,GALLIA,2022,29014,5222,0.179982
39053,OH,Gallia County,GALLIA,2023,28964,5213,0.179982
39053,OH,Gallia County,GALLIA,2024,28886,5199,0.179983
39055,OH,Geauga County,GEAUGA,2020,95385,17169,0.179997
39055,OH,Geauga County,GEAUGA,2021,95716,17229,0.180001
39055,OH,Geauga County,GEAUGA,2022,95552,17199,0.179996
39055,OH,Geauga County,GEAUGA,2023,95389,17170,0.18
39055,OH,Geauga County,GEAUGA,2024,95362,17165,0.179998
39057,OH,Greene County,GREENE,2020,168130,30263,0.179998
39057,OH,Greene County,GREENE,2021,168250,30285,0.18
39057,OH,Greene County,GREENE,2022,169380,30488,0.179998
39057,OH,Greene County,GREENE,2023,170335,30660,0.179998
39057,OH,Greene County,GREENE,2024,172347,31022,0.179997
39059,OH,Guernsey County,GUERNSEY,2020,38419,6915,0.179989
39059,OH,Guernsey County,GUERNSEY,2021,38283,6891,0.180002
39059,OH,Guernsey County,GUERNSEY,2022,38069,6852,0.179989
39059,OH,Guernsey County,GUERNSEY,2023,38126,6862,0.179982
39059,OH,Guernsey County,GUERNSEY,2024,38219,6879,0.179989
39061,OH,Hamilton County,HAMILTON,2020,830418,149476,0.180001
39061,OH,Hamilton County,HAMILTON,2021,827564,148962,0.180001
39061,OH,Hamilton County,HAMILTON,2022,826970,148855,0.18
39061,OH,Hamilton County,HAMILTON,2023,831559,149681,0.18
39061,OH,Hamilton County,HAMILTON,2024,837359,150725,0.18
39063,OH,Hancock County,HANCOCK,2020,74919,13486,0.180008
39063,OH,Hancock County,HANCOCK,2021,74755,13456,0.180001
39063,OH,Hancock County,HANCOCK,2022,74793,13463,0.180003
39063,OH,Hancock County,HANCOCK,2023,74847,13473,0.180007
39063,OH,Hancock County,HANCOCK,2024,75016,13503,0.180002
39065,OH,Hardin County,HARDIN,2020,30722,5530,0.180001
39065,OH,Hardin County,HARDIN,2021,30444,5480,0.180003
39065,OH,Hardin County,HARDIN,2022,30400,5472,0.18
39065,OH,Hardin County,HARDIN,2023,30406,5473,0.179997
39065,OH,Hardin County,HARDIN,2024,30402,5472,0.179988
39067,OH,Harrison County,HARRISON,2020,14492,2609,0.18003
39067,OH,Harrison County,HARRISON,2021,14463,2604,0.180046
39067,OH,Harrison County,HARRISON,2022,14351,2584,0.180057
39067,OH,Harrison County,HARRISON,2023,14183,2553,0.180004
39067,OH,Harrison County,HARRISON,2024,14042,2528,0.180031
39069,OH,Henry County,HENRY,2020,27672,4980,0.179965
39069,OH,Henry County,HENRY,2021,27565,4961,0.179975
39069,OH,Henry County,HENRY,2022,27517,4953,0.179998
39069,OH,Henry County,HENRY,2023,27545,4958,0.179996
39069,OH,Henry County,HENRY,2024,27536,4956,0.179983
39071,OH,Highland County,HIGHLAND,2020,43364,7805,0.179988
39071,OH,Highland County,HIGHLAND,2021,43453,7821,0.179988
39071,OH,Highland County,HIGHLAND,2022,43396,7811,0.179994
39071,OH,Highland County,HIGHLAND,2023,43588,7846,0.180004
39071,OH,Highland County,HIGHLAND,2024,43785,7881,0.179993
39073,OH,Hocking County,HOCKING,2020,28046,5048,0.17999
39073,OH,Hocking County,HOCKING,2021,28109,5059,0.179978
39073,OH,Hocking County,HOCKING,2022,27843,5012,0.180009
39073,OH,Hocking County,HOCKING,2023,27567,4962,0.179998
39073,OH,Hocking County,HOCKING,2024,27429,4937,0.179992
39075,OH,Holmes County,HOLMES,2020,44236,7962,0.179989
39075,OH,Holmes County,HOLMES,2021,44367,7986,0.179999
39075,OH,Holmes County,HOLMES,2022,44380,7988,0.179991
39075,OH,Holmes County,HOLMES,2023,44439,7999,0.18
39075,OH,Holmes County,HOLMES,2024,44668,8040,0.179995
39077,OH,Huron County,HURON,2020,58495,10529,0.179998
39077,OH,Huron County,HURON,2021,58416,10515,0.180002
39077,OH,Huron County,HURON,2022,58256,10486,0.179999
39077,OH,Huron County,HURON,2023,58258,10486,0.179992
39077,OH,Huron County,HURON,2024,58168,10470,0.179996
39079,OH,Jackson County,JACKSON,2020,32671,5881,0.180007
39079,OH,Jackson County,JACKSON,2021,32551,5859,0.179994
39079,OH,Jackson County,JACKSON,2022,32634,5874,0.179996
39079,OH,Jackson County,JACKSON,2023,32669,5880,0.179987
39079,OH,Jackson County,JACKSON,2024,32723,5890,0.179996
39081,OH,Jefferson County,JEFFERSON,2020,65186,11733,0.179993
39081,OH,Jefferson County,JEFFERSON,2021,65101,11718,0.179997
39081,OH,Jefferson County,JEFFERSON,2022,64286,11571,0.179993
39081,OH,Jefferson County,JEFFERSON,2023,64116,11541,0.180002
39081,OH,Jefferson County,JEFFERSON,2024,63900,11502,0.18
39083,OH,Knox County,KNOX,2020,62792,11303,0.180007
39083,OH,Knox County,KNOX,2021,62539,11257,0.18
39083,OH,Knox County,KNOX,2022,63186,11374,0.180008
39083,OH,Knox County,KNOX,2023,63344,11402,0.180001
39083,OH,Knox County,KNOX,2024,63848,11493,0.180006
39085,OH,Lake County,LAKE,2020,232527,41855,0.180001
39085,OH,Lake County,LAKE,2021,232261,41807,0.18
39085,OH,Lake County,LAKE,2022,231968,41754,0.179999
39085,OH,Lake County,LAKE,2023,231964,41754,0.180002
39085,OH,Lake County,LAKE,2024,232360,41825,0.180001
39087,OH,Lawrence County,LAWRENCE,2020,58141,10465,0.179993
39087,OH,Lawrence County,LAWRENCE,2021,57415,10334,0.179988
39087,OH,Lawrence County,LAWRENCE,2022,56571,10183,0.180004
39087,OH,Lawrence County,LAWRENCE,2023,56138,10105,0.180003
39087,OH,Lawrence County,LAWRENCE,2024,55829,10049,0.179996
39089,OH,Licking County,LICKING,2020,178796,32184,0.180004
39089,OH,Licking County,LICKING,2021,180051,32410,0.180005
39089,OH,Licking County,LICKING,2022,181899,32742,0.180001
39089,OH,Licking County,LICKING,2023,183540,33038,0.180004
39089,OH,Licking County,LICKING,2024,184898,33282,0.180002
39091,OH,Logan County,LOGAN,2020,46114,8300,0.179989
39091,OH,Logan County,LOGAN,2021,46160,8308,0.179983
39091,OH,Logan County,LOGAN,2022,46040,8287,0.179996
39091,OH,Logan County,LOGAN,2023,46045,8288,0.179998
39091,OH,Logan County,LOGAN,2024,46085,8295,0.179993
39093,OH,Lorain County,LORAIN,2020,313534,56436,0.18
39093,OH,Lorain County,LORAIN,2021,314301,56574,0.179999
39093,OH,Lorain County,LORAIN,2022,316616,56990,0.179997
39093,OH,Lorain County,LORAIN,2023,319163,57449,0.179999
39093,OH,Lorain County,LORAIN,2024,322030,57965,0.179999
39095,OH,Lucas County,LUCAS,2020,430870,77556,0.179999
39095,OH,Lucas County,LUCAS,2021,429535,77316,0.179999
39095,OH,Lucas County,LUCAS,2022,427154,76887,0.179998
39095,OH,Lucas County,LUCAS,2023,426240,76723,0.18
39095,OH,Lucas County,LUCAS,2024,426291,76732,0.179999
39097,OH,Madison County,MADISON,2020,43858,7895,0.180013
39097,OH,Madison County,MADISON,2021,44447,8001,0.180012
39097,OH,Madison County,MADISON,2022,43613,7851,0.180015
39097,OH,Madison County,MADISON,2023,44668,8041,0.180017
39097,OH,Madison County,MADISON,2024,45531,8196,0.180009
39099,OH,Mahoning County,MAHONING,2020,228017,41043,0.18
39099,OH,Mahoning County,MAHONING,2021,226559,40780,0.179997
39099,OH,Mahoning County,MAHONING,2022,226104,40698,0.179997
39099,OH,Mahoning County,MAHONING,2023,225988,40677,0.179996
39099,OH,Mahoning County,MAHONING,2024,225786,40641,0.179998
39101,OH,Marion County,MARION,2020,65390,11771,0.180012
39101,OH,Marion County,MARION,2021,65330,11760,0.180009
39101,OH,Marion County,MARION,2022,64576,11624,0.180005
39101,OH,Marion County,MARION,2023,64828,11669,0.179999
39101,OH,Marion County,MARION,2024,64976,11696,0.180005
39103,OH,Medina County,MEDINA,2020,182639,32875,0.18
39103,OH,Medina County,MEDINA,2021,183403,33012,0.179997
39103,OH,Medina County,MEDINA,2022,183520,33033,0.179997
39103,OH,Medina County,MEDINA,2023,184115,33140,0.179996
39103,OH,Medina County,MEDINA,2024,184625,33232,0.179997
39105,OH,Meigs County,MEIGS,2020,22160,3988,0.179964
39105,OH,Meigs County,MEIGS,2021,22084,3975,0.179995
39105,OH,Meigs County,MEIGS,2022,21971,3954,0.179964
39105,OH,Meigs County,MEIGS,2023,21772,3919,0.180002
39105,OH,Meigs County,MEIGS,2024,21491,3868,0.179982
39107,OH,Mercer County,MERCER,2020,42532,7656,0.180006
39107,OH,Mercer County,MERCER,2021,42387,7630,0.180008
39107,OH,Mercer County,MERCER,2022,42403,7633,0.180011
39107,OH,Mercer County,MERCER,2023,42448,7641,0.180008
39107,OH,Mercer County,MERCER,2024,42648,7677,0.180008
39109,OH,Miami County,MIAMI,2020,108962,19613,0.179999
39109,OH,Miami County,MIAMI,2021,109426,19697,0.180003
39109,OH,Miami County,MIAMI,2022,110245,19844,0.179999
39109,OH,Miami County,MIAMI,2023,110898,19962,0.180003
39109,OH,Miami County,MIAMI,2024,111950,20151,0.18
39111,OH,Monroe County,MONROE,2020,13356,2404,0.179994
39111,OH,Monroe County,MONROE,2021,13339,2401,0.179999
39111,OH,Monroe County,MONROE,2022,13225,2380,0.179962
39111,OH,Monroe County,MONROE,2023,13165,2370,0.180023
39111,OH,Monroe County,MONROE,2024,13051,2349,0.179986
39113,OH,Montgomery County,MONTGOMERY,2020,537139,96685,0.18
39113,OH,Montgomery County,MONTGOMERY,2021,536229,96521,0.18
39113,OH,Montgomery County,MONTGOMERY,2022,534355,96184,0.18
39113,OH,Montgomery County,MONTGOMERY,2023,535313,96357,0.180001
39113,OH,Montgomery County,MONTGOMERY,2024,537443,96740,0.18
39115,OH,Morgan County,MORGAN,2020,13752,2476,0.180047
39115,OH,Morgan County,MORGAN,2021,13697,2466,0.180039
39115,OH,Morgan County,MORGAN,2022,13648,2457,0.180026
39115,OH,Morgan County,MORGAN,2023,13626,2453,0.180023
39115,OH,Morgan County,MORGAN,2024,13532,2436,0.180018
39117,OH,Morrow County,MORROW,2020,34983,6297,0.180002
39117,OH,Morrow County,MORROW,2021,35211,6338,0.180001
39117,OH,Morrow County,MORROW,2022,35317,6357,0.179998
39117,OH,Morrow County,MORROW,2023,35583,6405,0.180002
39117,OH,Morrow County,MORROW,2024,35927,6467,0.180004
39119,OH,Muskingum County,MUSKINGUM,2020,86464,15564,0.180006
39119,OH,Muskingum County,MUSKINGUM,2021,86585,15586,0.180008
39119,OH,Muskingum County,MUSKINGUM,2022,86114,15501,0.180006
39119,OH,Muskingum County,MUSKINGUM,2023,86312,15536,0.179998
39119,OH,Muskingum County,MUSKINGUM,2024,86582,15585,0.180003
39121,OH,Noble County,NOBLE,2020,14107,2539,0.179982
39121,OH,Noble County,NOBLE,2021,14326,2578,0.179953
39121,OH,Noble County,NOBLE,2022,14364,2585,0.179964
39121,OH,Noble County,NOBLE,2023,14345,2582,0.179993
39121,OH,Noble County,NOBLE,2024,14269,2568,0.179971
39123,OH,Ottawa County,OTTAWA,2020,40298,7254,0.180009
39123,OH,Ottawa County,OTTAWA,2021,40175,7232,0.180012
39123,OH,Ottawa County,OTTAWA,2022,39984,7198,0.180022
39123,OH,Ottawa County,OTTAWA,2023,39819,7168,0.180015
39123,OH,Ottawa County,OTTAWA,2024,39692,7145,0.180011
39125,OH,Paulding County,PAULDING,2020,18807,3385,0.179986
39125,OH,Paulding County,PAULDING,2021,18900,3402,0.18
39125,OH,Paulding County,PAULDING,2022,18763,3377,0.179982
39125,OH,Paulding County,PAULDING,2023,18728,3371,0.179998
39125,OH,Paulding County,PAULDING,2024,18755,3376,0.180005
39127,OH,Perry County,PERRY,2020,35455,6382,0.180003
39127,OH,Perry County,PERRY,2021,35478,6386,0.179999
39127,OH,Perry County,PERRY,2022,35483,6387,0.180002
39127,OH,Perry County,PERRY,2023,35577,6404,0.180004
39127,OH,Perry County,PERRY,2024,35682,6423,0.180007
39129,OH,Pickaway County,PICKAWAY,2020,58664,10559,0.179991
39129,OH,Pickaway County,PICKAWAY,2021,58781,10580,0.17999
39129,OH,Pickaway County,PICKAWAY,2022,59987,10797,0.179989
39129,OH,Pickaway County,PICKAWAY,2023,61064,10991,0.179991
39129,OH,Pickaway County,PICKAWAY,2024,62158,11188,0.179993
39131,OH,Pike County,PIKE,2020,27076,4874,0.180012
39131,OH,Pike County,PIKE,2021,27103,4879,0.180017
39131,OH,Pike County,PIKE,2022,26991,4859,0.180023
39131,OH,Pike County,PIKE,2023,26983,4857,0.180002
39131,OH,Pike County,PIKE,2024,27065,4872,0.180011
39133,OH,Portage County,PORTAGE,2020,161854,29134,0.180002
39133,OH,Portage County,PORTAGE,2021,159086,28635,0.179997
39133,OH,Portage County,PORTAGE,2022,161924,29146,0.179998
39133,OH,Portage County,PORTAGE,2023,163075,29353,0.179997
39133,OH,Portage County,PORTAGE,2024,163839,29491,0.18
39135,OH,Preble County,PREBLE,2020,41016,7383,0.180003
39135,OH,Preble County,PREBLE,2021,40886,7359,0.179988
39135,OH,Preble County,PREBLE,2022,40557,7300,0.179994
39135,OH,Preble County,PREBLE,2023,40563,7301,0.179992
39135,OH,Preble County,PREBLE,2024,40801,7344,0.179996
39137,OH,Putnam County,PUTNAM,2020,34407,6193,0.179992
39137,OH,Putnam County,PUTNAM,2021,34371,6187,0.180006
39137,OH,Putnam County,PUTNAM,2022,34331,6179,0.179983
39137,OH,Putnam County,PUTNAM,2023,34254,6166,0.180008
39137,OH,Putnam County,PUTNAM,2024,34206,6157,0.179998
39139,OH,Richland County,RICHLAND,2020,124988,22498,0.180001
39139,OH,Richland County,RICHLAND,2021,125382,22569,0.180002
39139,OH,Richland County,RICHLAND,2022,125268,22549,0.180006
39139,OH,Richland County,RICHLAND,2023,125003,22501,0.180004
39139,OH,Richland County,RICHLAND,2024,124853,22474,0.180004
39141,OH,Ross County,ROSS,2020,77068,13872,0.179997
39141,OH,Ross County,ROSS,2021,76526,13774,0.179991
39141,OH,Ross County,ROSS,2022,76479,13766,0.179997
39141,OH,Ross County,ROSS,2023,76340,13741,0.179997
39141,OH,Ross County,ROSS,2024,76046,13688,0.179996
39143,OH,Sandusky County,SANDUSKY,2020,58878,10598,0.179999
39143,OH,Sandusky County,SANDUSKY,2021,58769,10579,0.18001
39143,OH,Sandusky County,SANDUSKY,2022,58591,10546,0.179994
39143,OH,Sandusky County,SANDUSKY,2023,58785,10581,0.179995
39143,OH,Sandusky County,SANDUSKY,2024,58866,10596,0.180002
39145,OH,Scioto County,SCIOTO,2020,73852,13294,0.180009
39145,OH,Scioto County,SCIOTO,2021,72998,13140,0.180005
39145,OH,Scioto County,SCIOTO,2022,72312,13017,0.180012
39145,OH,Scioto County,SCIOTO,2023,72176,12992,0.180004
39145,OH,Scioto County,SCIOTO,2024,71798,12924,0.180005
39147,OH,Seneca County,SENECA,2020,55055,9909,0.179984
39147,OH,Seneca County,SENECA,2021,54876,9877,0.179988
39147,OH,Seneca County,SENECA,2022,54563,9821,0.179994
39147,OH,Seneca County,SENECA,2023,54628,9833,0.179999
39147,OH,Seneca County,SENECA,2024,54730,9851,0.179993
39149,OH,Shelby County,SHELBY,2020,48154,8667,0.179985
39149,OH,Shelby County,SHELBY,2021,48032,8645,0.179984
39149,OH,Shelby County,SHELBY,2022,47723,8590,0.179997
39149,OH,Shelby County,SHELBY,2023,47785,8601,0.179994
39149,OH,Shelby County,SHELBY,2024,47952,8631,0.179992
39151,OH,Stark County,STARK,2020,374552,67419,0.179999
39151,OH,Stark County,STARK,2021,373861,67295,0.18
39151,OH,Stark County,STARK,2022,373008,67141,0.179999
39151,OH,Stark County,STARK,2023,373052,67149,0.179999
39151,OH,Stark County,STARK,2024,374091,67336,0.179999
39153,OH,Summit County,SUMMIT,2020,539835,97171,0.180001
39153,OH,Summit County,SUMMIT,2021,537516,96753,0.18
39153,OH,Summit County,SUMMIT,2022,536582,96585,0.18
39153,OH,Summit County,SUMMIT,2023,537019,96664,0.180001
39153,OH,Summit County,SUMMIT,2024,538370,96907,0.180001
39155,OH,Trumbull County,TRUMBULL,2020,201682,36303,0.180001
39155,OH,Trumbull County,TRUMBULL,2021,201594,36287,0.18
39155,OH,Trumbull County,TRUMBULL,2022,200716,36129,0.180001
39155,OH,Trumbull County,TRUMBULL,2023,200354,36064,0.180001
39155,OH,Trumbull County,TRUMBULL,2024,200300,36054,0.18
39157,OH,Tuscarawas County,TUSCARAWAS,2020,93199,16776,0.180002
39157,OH,Tuscarawas County,TUSCARAWAS,2021,92631,16674,0.180005
39157,OH,Tuscarawas County,TUSCARAWAS,2022,92030,16566,0.180007
39157,OH,Tuscarawas County,TUSCARAWAS,2023,92017,16563,0.179999
39157,OH,Tuscarawas County,TUSCARAWAS,2024,92048,16569,0.180004
39159,OH,Union County,UNION,2020,63090,11356,0.179997
39159,OH,Union County,UNION,2021,65119,11722,0.180009
39159,OH,Union County,UNION,2022,66927,12047,0.180002
39159,OH,Union County,UNION,2023,69765,12558,0.180004
39159,OH,Union County,UNION,2024,71721,12910,0.180003
39161,OH,Van Wert County,VAN WERT,2020,28919,5206,0.18002
39161,OH,Van Wert County,VAN WERT,2021,28793,5183,0.180009
39161,OH,Van Wert County,VAN WERT,2022,28806,5185,0.179997
39161,OH,Van Wert County,VAN WERT,2023,28725,5171,0.180017
39161,OH,Van Wert County,VAN WERT,2024,28887,5200,0.180012
39163,OH,Vinton County,VINTON,2020,12808,2305,0.179966
39163,OH,Vinton County,VINTON,2021,12714,2288,0.179959
39163,OH,Vinton County,VINTON,2022,12585,2265,0.179976
39163,OH,Vinton County,VINTON,2023,12498,2250,0.180029
39163,OH,Vinton County,VINTON,2024,12545,2258,0.179992
39165,OH,Warren County,WARREN,2020,243236,43783,0.180002
39165,OH,Warren County,WARREN,2021,246868,44437,0.180003
39165,OH,Warren County,WARREN,2022,250298,45054,0.180001
39165,OH,Warren County,WARREN,2023,253579,45645,0.180003
39165,OH,Warren County,WARREN,2024,256059,46091,0.180001
39167,OH,Washington County,WASHINGTON,2020,59656,10738,0.179999
39167,OH,Washington County,WASHINGTON,2021,59504,10711,0.180005
39167,OH,Washington County,WASHINGTON,2022,58883,10599,0.180001
39167,OH,Washington County,WASHINGTON,2023,58513,10533,0.180011
39167,OH,Washington County,WASHINGTON,2024,58332,10500,0.180004
39169,OH,Wayne County,WAYNE,2020,116903,21043,0.180004
39169,OH,Wayne County,WAYNE,2021,116160,20909,0.180002
39169,OH,Wayne County,WAYNE,2022,116609,20990,0.180003
39169,OH,Wayne County,WAYNE,2023,116635,20995,0.180006
39169,OH,Wayne County,WAYNE,2024,116632,20994,0.180002
39171,OH,Williams County,WILLIAMS,2020,37084,6675,0.179997
39171,OH,Williams County,WILLIAMS,2021,36770,6619,0.180011
39171,OH,Williams County,WILLIAMS,2022,36621,6592,0.180006
39171,OH,Williams County,WILLIAMS,2023,36566,6582,0.180003
39171,OH,Williams County,WILLIAMS,2024,36554,6580,0.180008
39173,OH,Wood County,WOOD,2020,132267,23808,0.18
39173,OH,Wood County,WOOD,2021,130340,23461,0.179998
39173,OH,Wood County,WOOD,2022,131821,23728,0.180002
39173,OH,Wood County,WOOD,2023,132813,23906,0.179997
39173,OH,Wood County,WOOD,2024,133077,23954,0.180001
39175,OH,Wyandot County,WYANDOT,2020,21864,3936,0.180022
39175,OH,Wyandot County,WYANDOT,2021,21693,3905,0.180012
39175,OH,Wyandot County,WYANDOT,2022,21574,3883,0.179985
39175,OH,Wyandot County,WYANDOT,2023,21466,3864,0.180006
39175,OH,Wyandot County,WYANDOT,2024,21394,3851,0.180004
40001,OK,Adair County,ADAIR,2020,19458,3210,0.164971
40001,OK,Adair County,ADAIR,2021,19444,3208,0.164987
40001,OK,Adair County,ADAIR,2022,19513,3219,0.164967
40001,OK,Adair County,ADAIR,2023,19641,3240,0.164961
40001,OK,Adair County,ADAIR,2024,19821,3270,0.164977
40003,OK,Alfalfa County,ALFALFA,2020,5712,942,0.164916
40003,OK,Alfalfa County,ALFALFA,2021,5698,940,0.16497
40003,OK,Alfalfa County,ALFALFA,2022,5697,940,0.164999
40003,OK,Alfalfa County,ALFALFA,2023,5661,934,0.164989
40003,OK,Alfalfa County,ALFALFA,2024,5712,942,0.164916
40005,OK,Atoka County,ATOKA,2020,14165,2337,0.164984
40005,OK,Atoka County,ATOKA,2021,14296,2359,0.165011
40005,OK,Atoka County,ATOKA,2022,14311,2361,0.164978
40005,OK,Atoka County,ATOKA,2023,14524,2396,0.164968
40005,OK,Atoka County,ATOKA,2024,14600,2409,0.165
40007,OK,Beaver County,BEAVER,2020,5028,829,0.164877
40007,OK,Beaver County,BEAVER,2021,4991,823,0.164897
40007,OK,Beaver County,BEAVER,2022,5044,832,0.164948
40007,OK,Beaver County,BEAVER,2023,5052,833,0.164885
40007,OK,Beaver County,BEAVER,2024,5025,829,0.164975
40009,OK,Beckham County,BECKHAM,2020,22331,3685,0.165017
40009,OK,Beckham County,BECKHAM,2021,22037,3636,0.164995
40009,OK,Beckham County,BECKHAM,2022,21990,3628,0.164984
40009,OK,Beckham County,BECKHAM,2023,22132,3652,0.16501
40009,OK,Beckham County,BECKHAM,2024,22248,3671,0.165004
40011,OK,Blaine County,BLAINE,2020,8702,1436,0.16502
40011,OK,Blaine County,BLAINE,2021,8551,1411,0.16501
40011,OK,Blaine County,BLAINE,2022,8477,1399,0.165035
40011,OK,Blaine County,BLAINE,2023,8547,1411,0.165087
40011,OK,Blaine County,BLAINE,2024,8573,1415,0.165053
40013,OK,Bryan County,BRYAN,2020,46328,7644,0.164997
40013,OK,Bryan County,BRYAN,2021,47130,7776,0.16499
40013,OK,Bryan County,BRYAN,2022,48229,7957,0.164984
40013,OK,Bryan County,BRYAN,2023,49271,8129,0.164985
40013,OK,Bryan County,BRYAN,2024,50305,8300,0.164994
40015,OK,Caddo County,CADDO,2020,26905,4440,0.165025
40015,OK,Caddo County,CADDO,2021,26457,4366,0.165022
40015,OK,Caddo County,CADDO,2022,26282,4337,0.165018
40015,OK,Caddo County,CADDO,2023,26253,4332,0.16501
40015,OK,Caddo County,CADDO,2024,26337,4346,0.165015
40017,OK,Canadian County,CANADIAN,2020,155445,25648,0.164997
40017,OK,Canadian County,CANADIAN,2021,162029,26734,0.164995
40017,OK,Canadian County,CANADIAN,2022,169507,27968,0.164996
40017,OK,Canadian County,CANADIAN,2023,176184,29070,0.164998
40017,OK,Canadian County,CANADIAN,2024,181760,29990,0.164998
40019,OK,Carter County,CARTER,2020,48041,7926,0.164984
40019,OK,Carter County,CARTER,2021,48257,7962,0.164992
40019,OK,Carter County,CARTER,2022,48488,8000,0.164989
40019,OK,Carter County,CARTER,2023,48854,8061,0.165002
40019,OK,Carter County,CARTER,2024,49135,8107,0.164994
40021,OK,Cherokee County,CHEROKEE,2020,47092,7770,0.164996
40021,OK,Cherokee County,CHEROKEE,2021,47660,7864,0.165002
40021,OK,Cherokee County,CHEROKEE,2022,48058,7929,0.164988
40021,OK,Cherokee County,CHEROKEE,2023,48173,7948,0.164989
40021,OK,Cherokee County,CHEROKEE,2024,48729,8040,0.164994
40023,OK,Choctaw County,CHOCTAW,2020,14207,2344,0.164989
40023,OK,Choctaw County,CHOCTAW,2021,14366,2371,0.165042
40023,OK,Choctaw County,CHOCTAW,2022,14416,2379,0.165025
40023,OK,Choctaw County,CHOCTAW,2023,14324,2364,0.165038
40023,OK,Choctaw County,CHOCTAW,2024,14174,2339,0.16502
40025,OK,Cimarron County,CIMARRON,2020,2290,378,0.165066
40025,OK,Cimarron County,CIMARRON,2021,2248,371,0.165036
40025,OK,Cimarron County,CIMARRON,2022,2229,368,0.165096
40025,OK,Cimarron County,CIMARRON,2023,2188,361,0.164991
40025,OK,Cimarron County,CIMARRON,2024,2133,352,0.165026
40027,OK,Cleveland County,CLEVELAND,2020,296256,48882,0.164999
40027,OK,Cleveland County,CLEVELAND,2021,298165,49197,0.164999
40027,OK,Cleveland County,CLEVELAND,2022,299950,49492,0.165001
40027,OK,Cleveland County,CLEVELAND,2023,301913,49816,0.165001
40027,OK,Cleveland County,CLEVELAND,2024,303952,50152,0.165
40029,OK,Coal County,COAL,2020,5283,871,0.164868
40029,OK,Coal County,COAL,2021,5308,876,0.165034
40029,OK,Coal County,COAL,2022,5309,876,0.165003
40029,OK,Coal County,COAL,2023,5284,872,0.165026
40029,OK,Coal County,COAL,2024,5414,893,0.164943
40031,OK,Comanche County,COMANCHE,2020,121144,19988,0.164994
40031,OK,Comanche County,COMANCHE,2021,122325,20183,0.164995
40031,OK,Comanche County,COMANCHE,2022,122390,20194,0.164997
40031,OK,Comanche County,COMANCHE,2023,121868,20108,0.164998
40031,OK,Comanche County,COMANCHE,2024,121396,20030,0.164997
40033,OK,Cotton County,COTTON,2020,5537,914,0.165071
40033,OK,Cotton County,COTTON,2021,5444,898,0.164952
40033,OK,Cotton County,COTTON,2022,5473,903,0.164992
40033,OK,Cotton County,COTTON,2023,5470,903,0.165082
40033,OK,Cotton County,COTTON,2024,5503,908,0.165001
40035,OK,Craig County,CRAIG,2020,14143,2333,0.164958
40035,OK,Craig County,CRAIG,2021,14203,2343,0.164965
40035,OK,Craig County,CRAIG,2022,14180,2339,0.164951
40035,OK,Craig County,CRAIG,2023,14476,2388,0.164963
40035,OK,Craig County,CRAIG,2024,14506,2393,0.164966
40037,OK,Creek County,CREEK,2020,71857,11856,0.164994
40037,OK,Creek County,CREEK,2021,72250,11921,0.164997
40037,OK,Creek County,CREEK,2022,72698,11995,0.164998
40037,OK,Creek County,CREEK,2023,73372,12106,0.164995
40037,OK,Creek County,CREEK,2024,73971,12205,0.164997
40039,OK,Custer County,CUSTER,2020,28444,4693,0.164991
40039,OK,Custer County,CUSTER,2021,28177,4649,0.164993
40039,OK,Custer County,CUSTER,2022,28075,4632,0.164987
40039,OK,Custer County,CUSTER,2023,28332,4675,0.165008
40039,OK,Custer County,CUSTER,2024,28266,4664,0.165004
40041,OK,Delaware County,DELAWARE,2020,40390,6664,0.164991
40041,OK,Delaware County,DELAWARE,2021,40969,6760,0.165003
40041,OK,Delaware County,DELAWARE,2022,41491,6846,0.165
40041,OK,Delaware County,DELAWARE,2023,41775,6893,0.165003
40041,OK,Delaware County,DELAWARE,2024,41771,6892,0.164995
40043,OK,Dewey County,DEWEY,2020,4473,738,0.16499
40043,OK,Dewey County,DEWEY,2021,4418,729,0.165007
40043,OK,Dewey County,DEWEY,2022,4387,724,0.165033
40043,OK,Dewey County,DEWEY,2023,4253,702,0.16506
40043,OK,Dewey County,DEWEY,2024,4268,704,0.164948
40045,OK,Ellis County,ELLIS,2020,3746,618,0.164976
40045,OK,Ellis County,ELLIS,2021,3740,617,0.164973
40045,OK,Ellis County,ELLIS,2022,3693,609,0.164907
40045,OK,Ellis County,ELLIS,2023,3637,600,0.164971
40045,OK,Ellis County,ELLIS,2024,3601,594,0.164954
40047,OK,Garfield County,GARFIELD,2020,62701,10346,0.165005
40047,OK,Garfield County,GARFIELD,2021,61977,10226,0.164997
40047,OK,Garfield County,GARFIELD,2022,61990,10228,0.164994
40047,OK,Garfield County,GARFIELD,2023,62055,10239,0.164999
40047,OK,Garfield County,GARFIELD,2024,62007,10231,0.164998
40049,OK,Garvin County,GARVIN,2020,25655,4233,0.164997
40049,OK,Garvin County,GARVIN,2021,25783,4255,0.165031
40049,OK,Garvin County,GARVIN,2022,25793,4256,0.165006
40049,OK,Garvin County,GARVIN,2023,25918,4277,0.16502
40049,OK,Garvin County,GARVIN,2024,26149,4315,0.165016
40051,OK,Grady County,GRADY,2020,54884,9056,0.165003
40051,OK,Grady County,GRADY,2021,55601,9174,0.164997
40051,OK,Grady County,GRADY,2022,56700,9355,0.164991
40051,OK,Grady County,GRADY,2023,57493,9486,0.164994
40051,OK,Grady County,GRADY,2024,58353,9628,0.164996
40053,OK,Grant County,GRANT,2020,4177,689,0.164951
40053,OK,Grant County,GRANT,2021,4142,683,0.164896
40053,OK,Grant County,GRANT,2022,4124,680,0.164888
40053,OK,Grant County,GRANT,2023,4088,674,0.164873
40053,OK,Grant County,GRANT,2024,4123,680,0.164928
40055,OK,Greer County,GREER,2020,5493,906,0.164937
40055,OK,Greer County,GREER,2021,5482,904,0.164903
40055,OK,Greer County,GREER,2022,5548,915,0.164924
40055,OK,Greer County,GREER,2023,5491,906,0.164997
40055,OK,Greer County,GREER,2024,5433,896,0.164918
40057,OK,Harmon County,HARMON,2020,2475,408,0.164848
40057,OK,Harmon County,HARMON,2021,2403,397,0.16521
40057,OK,Harmon County,HARMON,2022,2428,401,0.165157
40057,OK,Harmon County,HARMON,2023,2409,398,0.165214
40057,OK,Harmon County,HARMON,2024,2315,382,0.165011
40059,OK,Harper County,HARPER,2020,3248,535,0.164717
40059,OK,Harper County,HARPER,2021,3175,523,0.164724
40059,OK,Harper County,HARPER,2022,3176,524,0.164987
40059,OK,Harper County,HARPER,2023,3207,529,0.164952
40059,OK,Harper County,HARPER,2024,3209,529,0.164849
40061,OK,Haskell County,HASKELL,2020,11552,1906,0.164993
40061,OK,Haskell County,HASKELL,2021,11619,1917,0.164988
40061,OK,Haskell County,HASKELL,2022,11644,1921,0.164978
40061,OK,Haskell County,HASKELL,2023,11790,1946,0.165055
40061,OK,Haskell County,HASKELL,2024,11811,1949,0.165016
40063,OK,Hughes County,HUGHES,2020,13346,2202,0.164993
40063,OK,Hughes County,HUGHES,2021,13403,2211,0.164963
40063,OK,Hughes County,HUGHES,2022,13421,2214,0.164965
40063,OK,Hughes County,HUGHES,2023,13406,2212,0.165001
40063,OK,Hughes County,HUGHES,2024,13371,2206,0.164984
40065,OK,Jackson County,JACKSON,2020,24747,4083,0.16499
40065,OK,Jackson County,JACKSON,2021,24746,4083,0.164996
40065,OK,Jackson County,JACKSON,2022,24671,4070,0.164971
40065,OK,Jackson County,JACKSON,2023,24685,4073,0.164999
40065,OK,Jackson County,JACKSON,2024,24541,4049,0.164989
40067,OK,Jefferson County,JEFFERSON,2020,5331,880,0.165072
40067,OK,Jefferson County,JEFFERSON,2021,5401,891,0.164969
40067,OK,Jefferson County,JEFFERSON,2022,5428,896,0.16507
40067,OK,Jefferson County,JEFFERSON,2023,5367,886,0.165083
40067,OK,Jefferson County,JEFFERSON,2024,5374,887,0.165054
40069,OK,Johnston County,JOHNSTON,2020,10244,1690,0.164975
40069,OK,Johnston County,JOHNSTON,2021,10328,1704,0.164988
40069,OK,Johnston County,JOHNSTON,2022,10328,1704,0.164988
40069,OK,Johnston County,JOHNSTON,2023,10199,1682,0.164918
40069,OK,Johnston County,JOHNSTON,2024,10293,1698,0.164966
40071,OK,Kay County,KAY,2020,43611,7196,0.165004
40071,OK,Kay County,KAY,2021,43732,7216,0.165005
40071,OK,Kay County,KAY,2022,43726,7215,0.165005
40071,OK,Kay County,KAY,2023,43621,7197,0.164989
40071,OK,Kay County,KAY,2024,43437,7167,0.164998
40073,OK,Kingfisher County,KINGFISHER,2020,15177,2504,0.164986
40073,OK,Kingfisher County,KINGFISHER,2021,15227,2512,0.16497
40073,OK,Kingfisher County,KINGFISHER,2022,15313,2526,0.164958
40073,OK,Kingfisher County,KINGFISHER,2023,15615,2576,0.16497
40073,OK,Kingfisher County,KINGFISHER,2024,15820,2610,0.164981
40075,OK,Kiowa County,KIOWA,2020,8496,1401,0.164901
40075,OK,Kiowa County,KIOWA,2021,8403,1386,0.164941
40075,OK,Kiowa County,KIOWA,2022,8437,1392,0.164988
40075,OK,Kiowa County,KIOWA,2023,8322,1373,0.164984
40075,OK,Kiowa County,KIOWA,2024,8257,1362,0.164951
40077,OK,Latimer County,LATIMER,2020,9484,1565,0.165015
40077,OK,Latimer County,LATIMER,2021,9458,1561,0.165045
40077,OK,Latimer County,LATIMER,2022,9580,1581,0.165031
40077,OK,Latimer County,LATIMER,2023,9561,1578,0.165045
40077,OK,Latimer County,LATIMER,2024,9509,1569,0.165002
40079,OK,Le Flore County,LE FLORE,2020,48201,7953,0.164997
40079,OK,Le Flore County,LE FLORE,2021,48614,8021,0.164994
40079,OK,Le Flore County,LE FLORE,2022,49004,8086,0.165007
40079,OK,Le Flore County,LE FLORE,2023,49590,8182,0.164993
40079,OK,Le Flore County,LE FLORE,2024,49854,8226,0.165002
40081,OK,Lincoln County,LINCOLN,2020,33502,5527,0.164975
40081,OK,Lincoln County,LINCOLN,2021,33855,5586,0.164998
40081,OK,Lincoln County,LINCOLN,2022,34153,5635,0.164993
40081,OK,Lincoln County,LINCOLN,2023,34613,5711,0.164996
40081,OK,Lincoln County,LINCOLN,2024,34972,5770,0.164989
40083,OK,Logan County,LOGAN,2020,49752,8209,0.164998
40083,OK,Logan County,LOGAN,2021,50929,8403,0.164994
40083,OK,Logan County,LOGAN,2022,52029,8585,0.165004
40083,OK,Logan County,LOGAN,2023,53121,8765,0.165001
40083,OK,Logan County,LOGAN,2024,53860,8887,0.165002
40085,OK,Love County,LOVE,2020,10157,1676,0.165009
40085,OK,Love County,LOVE,2021,10238,1689,0.164974
40085,OK,Love County,LOVE,2022,10184,1681,0.165063
40085,OK,Love County,LOVE,2023,10305,1701,0.165066
40085,OK,Love County,LOVE,2024,10423,1720,0.16502
40087,OK,McClain County,MCCLAIN,2020,41910,6915,0.164996
40087,OK,McClain County,MCCLAIN,2021,43538,7184,0.165005
40087,OK,McClain County,MCCLAIN,2022,45422,7495,0.165008
40087,OK,McClain County,MCCLAIN,2023,47060,7765,0.165002
40087,OK,McClain County,MCCLAIN,2024,48434,7992,0.165008
40089,OK,McCurtain County,MCCURTAIN,2020,30844,5089,0.164992
40089,OK,McCurtain County,MCCURTAIN,2021,30819,5085,0.164996
40089,OK,McCurtain County,MCCURTAIN,2022,30892,5097,0.164994
40089,OK,McCurtain County,MCCURTAIN,2023,30957,5108,0.165003
40089,OK,McCurtain County,MCCURTAIN,2024,30805,5083,0.165006
40091,OK,McIntosh County,MCINTOSH,2020,18950,3127,0.165013
40091,OK,McIntosh County,MCINTOSH,2021,19251,3176,0.164978
40091,OK,McIntosh County,MCINTOSH,2022,19419,3204,0.164993
40091,OK,McIntosh County,MCINTOSH,2023,19670,3245,0.164972
40091,OK,McIntosh County,MCINTOSH,2024,19710,3252,0.164992
40093,OK,Major County,MAJOR,2020,7749,1279,0.165054
40093,OK,Major County,MAJOR,2021,7640,1261,0.165052
40093,OK,Major County,MAJOR,2022,7558,1247,0.164991
40093,OK,Major County,MAJOR,2023,7623,1258,0.165027
40093,OK,Major County,MAJOR,2024,7569,1249,0.165015
40095,OK,Marshall County,MARSHALL,2020,15339,2531,0.165004
40095,OK,Marshall County,MARSHALL,2021,15553,2566,0.164984
40095,OK,Marshall County,MARSHALL,2022,15947,2631,0.164984
40095,OK,Marshall County,MARSHALL,2023,15974,2635,0.164956
40095,OK,Marshall County,MARSHALL,2024,16147,2664,0.164984
40097,OK,Mayes County,MAYES,2020,39053,6444,0.165007
40097,OK,Mayes County,MAYES,2021,39255,6477,0.164998
40097,OK,Mayes County,MAYES,2022,39593,6533,0.165004
40097,OK,Mayes County,MAYES,2023,39971,6595,0.164995
40097,OK,Mayes County,MAYES,2024,40144,6624,0.165006
40099,OK,Murray County,MURRAY,2020,13878,2289,0.164937
40099,OK,Murray County,MURRAY,2021,13720,2263,0.164942
40099,OK,Murray County,MURRAY,2022,13677,2256,0.164948
40099,OK,Murray County,MURRAY,2023,13735,2266,0.16498
40099,OK,Murray County,MURRAY,2024,13754,2269,0.16497
40101,OK,Muskogee County,MUSKOGEE,2020,66245,10930,0.164994
40101,OK,Muskogee County,MUSKOGEE,2021,66274,10935,0.164997
40101,OK,Muskogee County,MUSKOGEE,2022,66293,10938,0.164995
40101,OK,Muskogee County,MUSKOGEE,2023,66656,10998,0.164996
40101,OK,Muskogee County,MUSKOGEE,2024,66752,11014,0.164999
40103,OK,Noble County,NOBLE,2020,10922,1802,0.164988
40103,OK,Noble County,NOBLE,2021,10939,1805,0.165006
40103,OK,Noble County,NOBLE,2022,10861,1792,0.164994
40103,OK,Noble County,NOBLE,2023,10865,1793,0.165025
40103,OK,Noble County,NOBLE,2024,10896,1798,0.165015
40105,OK,Nowata County,NOWATA,2020,9325,1539,0.16504
40105,OK,Nowata County,NOWATA,2021,9359,1545,0.165082
40105,OK,Nowata County,NOWATA,2022,9447,1559,0.165026
40105,OK,Nowata County,NOWATA,2023,9481,1565,0.165067
40105,OK,Nowata County,NOWATA,2024,9561,1578,0.165045
40107,OK,Okfuskee County,OKFUSKEE,2020,11272,1860,0.165011
40107,OK,Okfuskee County,OKFUSKEE,2021,11228,1853,0.165034
40107,OK,Okfuskee County,OKFUSKEE,2022,11230,1853,0.165004
40107,OK,Okfuskee County,OKFUSKEE,2023,11297,1864,0.165
40107,OK,Okfuskee County,OKFUSKEE,2024,11364,1875,0.164995
40109,OK,Oklahoma County,OKLAHOMA,2020,798283,131717,0.165
40109,OK,Oklahoma County,OKLAHOMA,2021,799961,131994,0.165001
40109,OK,Oklahoma County,OKLAHOMA,2022,805165,132852,0.165
40109,OK,Oklahoma County,OKLAHOMA,2023,811096,133831,0.165
40109,OK,Oklahoma County,OKLAHOMA,2024,816490,134721,0.165
40111,OK,Okmulgee County,OKMULGEE,2020,36688,6054,0.165013
40111,OK,Okmulgee County,OKMULGEE,2021,36845,6080,0.165016
40111,OK,Okmulgee County,OKMULGEE,2022,36937,6095,0.165011
40111,OK,Okmulgee County,OKMULGEE,2023,36940,6095,0.164997
40111,OK,Okmulgee County,OKMULGEE,2024,37084,6119,0.165004
40113,OK,Osage County,OSAGE,2020,45792,7556,0.165007
40113,OK,Osage County,OSAGE,2021,45890,7572,0.165003
40113,OK,Osage County,OSAGE,2022,45799,7557,0.165004
40113,OK,Osage County,OSAGE,2023,46008,7592,0.165015
40113,OK,Osage County,OSAGE,2024,46495,7672,0.165007
40115,OK,Ottawa County,OTTAWA,2020,30229,4988,0.165007
40115,OK,Ottawa County,OTTAWA,2021,30389,5015,0.165027
40115,OK,Ottawa County,OTTAWA,2022,30366,5011,0.16502
40115,OK,Ottawa County,OTTAWA,2023,30316,5002,0.164995
40115,OK,Ottawa County,OTTAWA,2024,30404,5017,0.165011
40117,OK,Pawnee County,PAWNEE,2020,15560,2567,0.164974
40117,OK,Pawnee County,PAWNEE,2021,15715,2593,0.165002
40117,OK,Pawnee County,PAWNEE,2022,15695,2589,0.164957
40117,OK,Pawnee County,PAWNEE,2023,15892,2622,0.164989
40117,OK,Pawnee County,PAWNEE,2024,16111,2658,0.16498
40119,OK,Payne County,PAYNE,2020,81649,13472,0.164999
40119,OK,Payne County,PAYNE,2021,82166,13558,0.165007
40119,OK,Payne County,PAYNE,2022,83029,13700,0.165003
40119,OK,Payne County,PAYNE,2023,83819,13830,0.164998
40119,OK,Payne County,PAYNE,2024,84199,13893,0.165002
40121,OK,Pittsburg County,PITTSBURG,2020,43787,7225,0.165003
40121,OK,Pittsburg County,PITTSBURG,2021,43632,7199,0.164994
40121,OK,Pittsburg County,PITTSBURG,2022,43517,7180,0.164993
40121,OK,Pittsburg County,PITTSBURG,2023,43472,7173,0.165003
40121,OK,Pittsburg County,PITTSBURG,2024,43395,7160,0.164996
40123,OK,Pontotoc County,PONTOTOC,2020,38094,6285,0.164987
40123,OK,Pontotoc County,PONTOTOC,2021,38190,6301,0.164991
40123,OK,Pontotoc County,PONTOTOC,2022,38074,6282,0.164994
40123,OK,Pontotoc County,PONTOTOC,2023,38506,6353,0.164987
40123,OK,Pontotoc County,PONTOTOC,2024,38310,6321,0.164996
40125,OK,Pottawatomie County,POTTAWATOMIE,2020,72553,11972,0.16501
40125,OK,Pottawatomie County,POTTAWATOMIE,2021,73047,12053,0.165003
40125,OK,Pottawatomie County,POTTAWATOMIE,2022,73403,12112,0.165007
40125,OK,Pottawatomie County,POTTAWATOMIE,2023,73864,12188,0.165006
40125,OK,Pottawatomie County,POTTAWATOMIE,2024,74446,12284,0.165006
40127,OK,Pushmataha County,PUSHMATAHA,2020,10793,1781,0.165014
40127,OK,Pushmataha County,PUSHMATAHA,2021,10772,1777,0.164965
40127,OK,Pushmataha County,PUSHMATAHA,2022,10728,1770,0.164989
40127,OK,Pushmataha County,PUSHMATAHA,2023,10856,1791,0.164978
40127,OK,Pushmataha County,PUSHMATAHA,2024,10800,1782,0.165
40129,OK,Roger Mills County,ROGER MILLS,2020,3428,565,0.164819
40129,OK,Roger Mills County,ROGER MILLS,2021,3365,555,0.164933
40129,OK,Roger Mills County,ROGER MILLS,2022,3366,555,0.164884
40129,OK,Roger Mills County,ROGER MILLS,2023,3331,549,0.164815
40129,OK,Roger Mills County,ROGER MILLS,2024,3304,545,0.164952
40131,OK,Rogers County,ROGERS,2020,95405,15742,0.165002
40131,OK,Rogers County,ROGERS,2021,96903,15989,0.165
40131,OK,Rogers County,ROGERS,2022,99103,16352,0.165
40131,OK,Rogers County,ROGERS,2023,100268,16544,0.164998
40131,OK,Rogers County,ROGERS,2024,101371,16726,0.164998
40133,OK,Seminole County,SEMINOLE,2020,23512,3880,0.165022
40133,OK,Seminole County,SEMINOLE,2021,23539,3884,0.165003
40133,OK,Seminole County,SEMINOLE,2022,23484,3875,0.165006
40133,OK,Seminole County,SEMINOLE,2023,23585,3892,0.16502
40133,OK,Seminole County,SEMINOLE,2024,23351,3853,0.165004
40135,OK,Sequoyah County,SEQUOYAH,2020,39249,6476,0.164998
40135,OK,Sequoyah County,SEQUOYAH,2021,39492,6517,0.165021
40135,OK,Sequoyah County,SEQUOYAH,2022,39756,6560,0.165007
40135,OK,Sequoyah County,SEQUOYAH,2023,40248,6641,0.165002
40135,OK,Sequoyah County,SEQUOYAH,2024,40555,6692,0.16501
40137,OK,Stephens County,STEPHENS,2020,42823,7065,0.164981
40137,OK,Stephens County,STEPHENS,2021,43119,7114,0.164985
40137,OK,Stephens County,STEPHENS,2022,43674,7206,0.164995
40137,OK,Stephens County,STEPHENS,2023,44066,7271,0.165002
40137,OK,Stephens County,STEPHENS,2024,44075,7272,0.164991
40139,OK,Texas County,TEXAS,2020,21291,3513,0.164999
40139,OK,Texas County,TEXAS,2021,20855,3441,0.164996
40139,OK,Texas County,TEXAS,2022,20635,3405,0.165011
40139,OK,Texas County,TEXAS,2023,20512,3384,0.164977
40139,OK,Texas County,TEXAS,2024,20577,3395,0.16499
40141,OK,Tillman County,TILLMAN,2020,6943,1145,0.164914
40141,OK,Tillman County,TILLMAN,2021,7036,1160,0.164866
40141,OK,Tillman County,TILLMAN,2022,6968,1149,0.164897
40141,OK,Tillman County,TILLMAN,2023,6867,1133,0.164992
40141,OK,Tillman County,TILLMAN,2024,6736,1111,0.164935
40143,OK,Tulsa County,TULSA,2020,670708,110667,0.165
40143,OK,Tulsa County,TULSA,2021,674123,111230,0.165
40143,OK,Tulsa County,TULSA,2022,679212,112070,0.165
40143,OK,Tulsa County,TULSA,2023,686411,113258,0.165
40143,OK,Tulsa County,TULSA,2024,693514,114430,0.165
40145,OK,Wagoner County,WAGONER,2020,81401,13431,0.164998
40145,OK,Wagoner County,WAGONER,2021,84257,13902,0.164995
40145,OK,Wagoner County,WAGONER,2022,86755,14314,0.164993
40145,OK,Wagoner County,WAGONER,2023,89375,14746,0.16499
40145,OK,Wagoner County,WAGONER,2024,91257,15057,0.164996
40147,OK,Washington County,WASHINGTON,2020,52606,8680,0.165
40147,OK,Washington County,WASHINGTON,2021,52902,8729,0.165003
40147,OK,Washington County,WASHINGTON,2022,53289,8793,0.165006
40147,OK,Washington County,WASHINGTON,2023,53772,8872,0.164993
40147,OK,Washington County,WASHINGTON,2024,54060,8920,0.165002
40149,OK,Washita County,WASHITA,2020,10903,1799,0.165
40149,OK,Washita County,WASHITA,2021,10901,1798,0.164939
40149,OK,Washita County,WASHITA,2022,10715,1768,0.165002
40149,OK,Washita County,WASHITA,2023,10716,1768,0.164987
40149,OK,Washita County,WASHITA,2024,10839,1788,0.16496
40151,OK,Woods County,WOODS,2020,8603,1419,0.164942
40151,OK,Woods County,WOODS,2021,8632,1424,0.164968
40151,OK,Woods County,WOODS,2022,8602,1419,0.164962
40151,OK,Woods County,WOODS,2023,8560,1412,0.164953
40151,OK,Woods County,WOODS,2024,8582,1416,0.164997
40153,OK,Woodward County,WOODWARD,2020,20418,3369,0.165001
40153,OK,Woodward County,WOODWARD,2021,20252,3342,0.165021
40153,OK,Woodward County,WOODWARD,2022,20054,3309,0.165004
40153,OK,Woodward County,WOODWARD,2023,20073,3313,0.165048
40153,OK,Woodward County,WOODWARD,2024,19991,3299,0.165024
41001,OR,Baker County,BAKER,2020,16731,3095,0.184986
41001,OR,Baker County,BAKER,2021,16884,3124,0.185027
41001,OR,Baker County,BAKER,2022,16933,3133,0.185023
41001,OR,Baker County,BAKER,2023,16904,3127,0.184986
41001,OR,Baker County,BAKER,2024,16750,3099,0.185015
41003,OR,Benton County,BENTON,2020,93615,17318,0.184992
41003,OR,Benton County,BENTON,2021,93031,17210,0.184992
41003,OR,Benton County,BENTON,2022,97406,18020,0.184999
41003,OR,Benton County,BENTON,2023,98566,18234,0.184993
41003,OR,Benton County,BENTON,2024,98899,18296,0.184997
41005,OR,Clackamas County,CLACKAMAS,2020,422512,78165,0.185001
41005,OR,Clackamas County,CLACKAMAS,2021,423892,78420,0.185
41005,OR,Clackamas County,CLACKAMAS,2022,423217,78296,0.185002
41005,OR,Clackamas County,CLACKAMAS,2023,424396,78514,0.185002
41005,OR,Clackamas County,CLACKAMAS,2024,425857,78784,0.185001
41007,OR,Clatsop County,CLATSOP,2020,41157,7614,0.184999
41007,OR,Clatsop County,CLATSOP,2021,41930,7757,0.184999
41007,OR,Clatsop County,CLATSOP,2022,41595,7695,0.184998
41007,OR,Clatsop County,CLATSOP,2023,41089,7602,0.185013
41007,OR,Clatsop County,CLATSOP,2024,41043,7593,0.185001
41009,OR,Columbia County,COLUMBIA,2020,52716,9753,0.18501
41009,OR,Columbia County,COLUMBIA,2021,53177,9838,0.185005
41009,OR,Columbia County,COLUMBIA,2022,53589,9914,0.185001
41009,OR,Columbia County,COLUMBIA,2023,53918,9975,0.185003
41009,OR,Columbia County,COLUMBIA,2024,54063,10002,0.185006
41011,OR,Coos County,COOS,2020,64976,12020,0.184991
41011,OR,Coos County,COOS,2021,65143,12051,0.184993
41011,OR,Coos County,COOS,2022,65135,12050,0.185
41011,OR,Coos County,COOS,2023,64557,11943,0.184999
41011,OR,Coos County,COOS,2024,64326,11900,0.184995
41013,OR,Crook County,CROOK,2020,24930,4612,0.184998
41013,OR,Crook County,CROOK,2021,25767,4767,0.185004
41013,OR,Crook County,CROOK,2022,26393,4883,0.185011
41013,OR,Crook County,CROOK,2023,26960,4987,0.184978
41013,OR,Crook County,CROOK,2024,27336,5057,0.184994
41015,OR,Curry County,CURRY,2020,23518,4351,0.185007
41015,OR,Curry County,CURRY,2021,23724,4389,0.185003
41015,OR,Curry County,CURRY,2022,23614,4368,0.184975
41015,OR,Curry County,CURRY,2023,23273,4305,0.184978
41015,OR,Curry County,CURRY,2024,22774,4213,0.184992
41017,OR,Deschutes County,DESCHUTES,2020,199470,36902,0.185
41017,OR,Deschutes County,DESCHUTES,2021,205318,37984,0.185001
41017,OR,Deschutes County,DESCHUTES,2022,206491,38201,0.185001
41017,OR,Deschutes County,DESCHUTES,2023,208857,38639,0.185002
41017,OR,Deschutes County,DESCHUTES,2024,211535,39134,0.185
41019,OR,Douglas County,DOUGLAS,2020,111292,20589,0.185
41019,OR,Douglas County,DOUGLAS,2021,112153,20748,0.184997
41019,OR,Douglas County,DOUGLAS,2022,112226,20762,0.185002
41019,OR,Douglas County,DOUGLAS,2023,112435,20800,0.184996
41019,OR,Douglas County,DOUGLAS,2024,112255,20767,0.184998
41021,OR,Gilliam County,GILLIAM,2020,2015,373,0.185112
41021,OR,Gilliam County,GILLIAM,2021,2011,372,0.184983
41021,OR,Gilliam County,GILLIAM,2022,2012,373,0.185388
41021,OR,Gilliam County,GILLIAM,2023,2035,377,0.185258
41021,OR,Gilliam County,GILLIAM,2024,1971,365,0.185185
41023,OR,Grant County,GRANT,2020,7233,1338,0.184985
41023,OR,Grant County,GRANT,2021,7284,1347,0.184926
41023,OR,Grant County,GRANT,2022,7221,1336,0.185016
41023,OR,Grant County,GRANT,2023,7216,1335,0.185006
41023,OR,Grant County,GRANT,2024,7093,1312,0.184971
41025,OR,Harney County,HARNEY,2020,7504,1388,0.184968
41025,OR,Harney County,HARNEY,2021,7601,1406,0.184976
41025,OR,Harney County,HARNEY,2022,7537,1394,0.184954
41025,OR,Harney County,HARNEY,2023,7451,1378,0.184942
41025,OR,Harney County,HARNEY,2024,7402,1369,0.18495
41027,OR,Hood River County,HOOD RIVER,2020,23897,4421,0.185002
41027,OR,Hood River County,HOOD RIVER,2021,24025,4444,0.184974
41027,OR,Hood River County,HOOD RIVER,2022,24028,4445,0.184993
41027,OR,Hood River County,HOOD RIVER,2023,23811,4405,0.184999
41027,OR,Hood River County,HOOD RIVER,2024,23764,4396,0.184986
41029,OR,Jackson County,JACKSON,2020,223755,41394,0.184997
41029,OR,Jackson County,JACKSON,2021,224649,41560,0.185
41029,OR,Jackson County,JACKSON,2022,222153,41098,0.184999
41029,OR,Jackson County,JACKSON,2023,221338,40947,0.184998
41029,OR,Jackson County,JACKSON,2024,221331,40946,0.184999
41031,OR,Jefferson County,JEFFERSON,2020,24578,4547,0.185003
41031,OR,Jefferson County,JEFFERSON,2021,25100,4643,0.18498
41031,OR,Jefferson County,JEFFERSON,2022,25319,4684,0.184999
41031,OR,Jefferson County,JEFFERSON,2023,25480,4714,0.185008
41031,OR,Jefferson County,JEFFERSON,2024,25536,4724,0.184994
41033,OR,Josephine County,JOSEPHINE,2020,88228,16322,0.184998
41033,OR,Josephine County,JOSEPHINE,2021,88599,16391,0.185002
41033,OR,Josephine County,JOSEPHINE,2022,87786,16240,0.184995
41033,OR,Josephine County,JOSEPHINE,2023,88001,16280,0.184998
41033,OR,Josephine County,JOSEPHINE,2024,88276,16331,0.184999
41035,OR,Klamath County,KLAMATH,2020,69631,12882,0.185004
41035,OR,Klamath County,KLAMATH,2021,70415,13027,0.185003
41035,OR,Klamath County,KLAMATH,2022,70404,13025,0.185004
41035,OR,Klamath County,KLAMATH,2023,70347,13014,0.184997
41035,OR,Klamath County,KLAMATH,2024,70438,13031,0.185
41037,OR,Lake County,LAKE,2020,8174,1512,0.184977
41037,OR,Lake County,LAKE,2021,8294,1535,0.185074
41037,OR,Lake County,LAKE,2022,8365,1548,0.185057
41037,OR,Lake County,LAKE,2023,8307,1537,0.185025
41037,OR,Lake County,LAKE,2024,8194,1516,0.185013
41039,OR,Lane County,LANE,2020,384221,71081,0.185
41039,OR,Lane County,LANE,2021,386082,71425,0.185
41039,OR,Lane County,LANE,2022,386187,71444,0.184998
41039,OR,Lane County,LANE,2023,382151,70698,0.185
41039,OR,Lane County,LANE,2024,382396,70743,0.184999
41041,OR,Lincoln County,LINCOLN,2020,50517,9345,0.184987
41041,OR,Lincoln County,LINCOLN,2021,51028,9440,0.184996
41041,OR,Lincoln County,LINCOLN,2022,50756,9390,0.185003
41041,OR,Lincoln County,LINCOLN,2023,51307,9492,0.185004
41041,OR,Lincoln County,LINCOLN,2024,51212,9474,0.184996
41043,OR,Linn County,LINN,2020,128967,23859,0.185001
41043,OR,Linn County,LINN,2021,130062,24062,0.185004
41043,OR,Linn County,LINN,2022,130516,24146,0.185004
41043,OR,Linn County,LINN,2023,131509,24329,0.184999
41043,OR,Linn County,LINN,2024,132474,24508,0.185002
41045,OR,Malheur County,MALHEUR,2020,31643,5854,0.185001
41045,OR,Malheur County,MALHEUR,2021,31682,5861,0.184995
41045,OR,Malheur County,MALHEUR,2022,31868,5895,0.184982
41045,OR,Malheur County,MALHEUR,2023,32262,5968,0.184985
41045,OR,Malheur County,MALHEUR,2024,32315,5978,0.184991
41047,OR,Marion County,MARION,2020,346305,64066,0.184999
41047,OR,Marion County,MARION,2021,347784,64340,0.185
41047,OR,Marion County,MARION,2022,349388,64636,0.184998
41047,OR,Marion County,MARION,2023,349874,64726,0.184998
41047,OR,Marion County,MARION,2024,352867,65280,0.184999
41049,OR,Morrow County,MORROW,2020,12220,2261,0.185025
41049,OR,Morrow County,MORROW,2021,12359,2287,0.185047
41049,OR,Morrow County,MORROW,2022,12257,2268,0.185037
41049,OR,Morrow County,MORROW,2023,12303,2276,0.184996
41049,OR,Morrow County,MORROW,2024,12360,2287,0.185032
41051,OR,Multnomah County,MULTNOMAH,2020,816321,151019,0.185
41051,OR,Multnomah County,MULTNOMAH,2021,804934,148913,0.185
41051,OR,Multnomah County,MULTNOMAH,2022,795960,147253,0.185001
41051,OR,Multnomah County,MULTNOMAH,2023,794271,146940,0.185
41051,OR,Multnomah County,MULTNOMAH,2024,795897,147241,0.185
41053,OR,Polk County,POLK,2020,88003,16281,0.185005
41053,OR,Polk County,POLK,2021,89480,16554,0.185002
41053,OR,Polk County,POLK,2022,89986,16648,0.185007
41053,OR,Polk County,POLK,2023,90290,16704,0.185004
41053,OR,Polk County,POLK,2024,90549,16752,0.185005
41055,OR,Sherman County,SHERMAN,2020,1873,346,0.18473
41055,OR,Sherman County,SHERMAN,2021,1909,353,0.184914
41055,OR,Sherman County,SHERMAN,2022,1953,361,0.184844
41055,OR,Sherman County,SHERMAN,2023,1954,361,0.184749
41055,OR,Sherman County,SHERMAN,2024,2002,370,0.184815
41057,OR,Tillamook County,TILLAMOOK,2020,27462,5081,0.185019
41057,OR,Tillamook County,TILLAMOOK,2021,27814,5146,0.185015
41057,OR,Tillamook County,TILLAMOOK,2022,27516,5091,0.18502
41057,OR,Tillamook County,TILLAMOOK,2023,27423,5073,0.184991
41057,OR,Tillamook County,TILLAMOOK,2024,27264,5044,0.185006
41059,OR,Umatilla County,UMATILLA,2020,79893,14780,0.184997
41059,OR,Umatilla County,UMATILLA,2021,79713,14747,0.185001
41059,OR,Umatilla County,UMATILLA,2022,79732,14751,0.185007
41059,OR,Umatilla County,UMATILLA,2023,79872,14776,0.184996
41059,OR,Umatilla County,UMATILLA,2024,80491,14891,0.185002
41061,OR,Union County,UNION,2020,26168,4841,0.184997
41061,OR,Union County,UNION,2021,26287,4863,0.184996
41061,OR,Union County,UNION,2022,26167,4841,0.185004
41061,OR,Union County,UNION,2023,26038,4817,0.184999
41061,OR,Union County,UNION,2024,26058,4821,0.18501
41063,OR,Wallowa County,WALLOWA,2020,7400,1369,0.185
41063,OR,Wallowa County,WALLOWA,2021,7553,1398,0.185092
41063,OR,Wallowa County,WALLOWA,2022,7647,1415,0.18504
41063,OR,Wallowa County,WALLOWA,2023,7643,1414,0.185006
41063,OR,Wallowa County,WALLOWA,2024,7522,1392,0.185057
41065,OR,Wasco County,WASCO,2020,26610,4923,0.185006
41065,OR,Wasco County,WASCO,2021,26707,4941,0.185008
41065,OR,Wasco County,WASCO,2022,26535,4909,0.185001
41065,OR,Wasco County,WASCO,2023,26402,4885,0.185024
41065,OR,Wasco County,WASCO,2024,26507,4904,0.185008
41067,OR,Washington County,WASHINGTON,2020,601045,111193,0.184999
41067,OR,Washington County,WASHINGTON,2021,602356,111436,0.185
41067,OR,Washington County,WASHINGTON,2022,600229,111042,0.184999
41067,OR,Washington County,WASHINGTON,2023,604831,111893,0.184999
41067,OR,Washington County,WASHINGTON,2024,611272,113085,0.184999
41069,OR,Wheeler County,WHEELER,2020,1459,270,0.185058
41069,OR,Wheeler County,WHEELER,2021,1452,268,0.184573
41069,OR,Wheeler County,WHEELER,2022,1434,265,0.184798
41069,OR,Wheeler County,WHEELER,2023,1436,265,0.18454
41069,OR,Wheeler County,WHEELER,2024,1456,269,0.184753
41071,OR,Yamhill County,YAMHILL,2020,107740,19932,0.185001
41071,OR,Yamhill County,YAMHILL,2021,108081,19995,0.185
41071,OR,Yamhill County,YAMHILL,2022,107817,19946,0.184999
41071,OR,Yamhill County,YAMHILL,2023,109146,20192,0.185
41071,OR,Yamhill County,YAMHILL,2024,110886,20514,0.185001
42001,PA,Adams County,ADAMS,2020,103802,20241,0.194996
42001,PA,Adams County,ADAMS,2021,105696,20610,0.194993
42001,PA,Adams County,ADAMS,2022,106017,20673,0.194997
42001,PA,Adams County,ADAMS,2023,107147,20893,0.194994
42001,PA,Adams County,ADAMS,2024,107914,21043,0.194998
42003,PA,Allegheny County,ALLEGHENY,2020,1249671,243686,0.195
42003,PA,Allegheny County,ALLEGHENY,2021,1245440,242861,0.195
42003,PA,Allegheny County,ALLEGHENY,2022,1233821,240595,0.195
42003,PA,Allegheny County,ALLEGHENY,2023,1230138,239877,0.195
42003,PA,Allegheny County,ALLEGHENY,2024,1231814,240204,0.195
42005,PA,Armstrong County,ARMSTRONG,2020,65460,12764,0.194989
42005,PA,Armstrong County,ARMSTRONG,2021,65211,12716,0.194998
42005,PA,Armstrong County,ARMSTRONG,2022,64664,12609,0.194993
42005,PA,Armstrong County,ARMSTRONG,2023,64094,12498,0.194995
42005,PA,Armstrong County,ARMSTRONG,2024,63679,12417,0.194994
42007,PA,Beaver County,BEAVER,2020,167864,32733,0.194997
42007,PA,Beaver County,BEAVER,2021,166979,32561,0.195001
42007,PA,Beaver County,BEAVER,2022,165682,32308,0.195
42007,PA,Beaver County,BEAVER,2023,165556,32283,0.194997
42007,PA,Beaver County,BEAVER,2024,165540,32280,0.194998
42009,PA,Bedford County,BEDFORD,2020,47580,9278,0.194998
42009,PA,Bedford County,BEDFORD,2021,47505,9263,0.19499
42009,PA,Bedford County,BEDFORD,2022,47395,9242,0.194999
42009,PA,Bedford County,BEDFORD,2023,47442,9251,0.194996
42009,PA,Bedford County,BEDFORD,2024,47643,9290,0.194992
42011,PA,Berks County,BERKS,2020,428693,83595,0.195
42011,PA,Berks County,BERKS,2021,429698,83791,0.195
42011,PA,Berks County,BERKS,2022,432281,84295,0.195
42011,PA,Berks County,BERKS,2023,435284,84881,0.195001
42011,PA,Berks County,BERKS,2024,439117,85628,0.195
42013,PA,Blair County,BLAIR,2020,122664,23919,0.194996
42013,PA,Blair County,BLAIR,2021,122160,23821,0.194998
42013,PA,Blair County,BLAIR,2022,120796,23555,0.194998
42013,PA,Blair County,BLAIR,2023,120494,23496,0.194997
42013,PA,Blair County,BLAIR,2024,120269,23452,0.194996
42015,PA,Bradford County,BRADFORD,2020,59958,11692,0.195003
42015,PA,Bradford County,BRADFORD,2021,60131,11725,0.194991
42015,PA,Bradford County,BRADFORD,2022,59800,11661,0.195
42015,PA,Bradford County,BRADFORD,2023,59700,11641,0.194992
42015,PA,Bradford County,BRADFORD,2024,59699,11641,0.194995
42017,PA,Bucks County,BUCKS,2020,646190,126008,0.195001
42017,PA,Bucks County,BUCKS,2021,647489,126261,0.195001
42017,PA,Bucks County,BUCKS,2022,645871,125945,0.195
42017,PA,Bucks County,BUCKS,2023,647625,126287,0.195
42017,PA,Bucks County,BUCKS,2024,650131,126776,0.195001
42019,PA,Butler County,BUTLER,2020,194069,37843,0.194998
42019,PA,Butler County,BUTLER,2021,196773,38370,0.194996
42019,PA,Butler County,BUTLER,2022,197422,38497,0.194999
42019,PA,Butler County,BUTLER,2023,198665,38739,0.194997
42019,PA,Butler County,BUTLER,2024,199341,38871,0.194998
42021,PA,Cambria County,CAMBRIA,2020,133198,25974,0.195003
42021,PA,Cambria County,CAMBRIA,2021,132240,25787,0.195002
42021,PA,Cambria County,CAMBRIA,2022,131432,25629,0.194998
42021,PA,Cambria County,CAMBRIA,2023,130713,25489,0.195
42021,PA,Cambria County,CAMBRIA,2024,130108,25371,0.195
42023,PA,Cameron County,CAMERON,2020,4532,884,0.195057
42023,PA,Cameron County,CAMERON,2021,4465,871,0.195073
42023,PA,Cameron County,CAMERON,2022,4406,859,0.194961
42023,PA,Cameron County,CAMERON,2023,4382,855,0.195116
42023,PA,Cameron County,CAMERON,2024,4348,848,0.195032
42025,PA,Carbon County,CARBON,2020,64752,12627,0.195006
42025,PA,Carbon County,CARBON,2021,65523,12777,0.195
42025,PA,Carbon County,CARBON,2022,65466,12766,0.195002
42025,PA,Carbon County,CARBON,2023,65427,12758,0.194996
42025,PA,Carbon County,CARBON,2024,65743,12820,0.195002
42027,PA,Centre County,CENTRE,2020,157987,30807,0.194997
42027,PA,Centre County,CENTRE,2021,158008,30812,0.195003
42027,PA,Centre County,CENTRE,2022,157992,30808,0.194997
42027,PA,Centre County,CENTRE,2023,159087,31022,0.195
42027,PA,Centre County,CENTRE,2024,159805,31162,0.195
42029,PA,Chester County,CHESTER,2020,534860,104297,0.194999
42029,PA,Chester County,CHESTER,2021,541036,105502,0.195
42029,PA,Chester County,CHESTER,2022,547248,106713,0.194999
42029,PA,Chester County,CHESTER,2023,555310,108285,0.194999
42029,PA,Chester County,CHESTER,2024,560745,109345,0.195
42031,PA,Clarion County,CLARION,2020,37198,7254,0.19501
42031,PA,Clarion County,CLARION,2021,37596,7332,0.195021
42031,PA,Clarion County,CLARION,2022,37280,7270,0.195011
42031,PA,Clarion County,CLARION,2023,36964,7208,0.195001
42031,PA,Clarion County,CLARION,2024,36855,7187,0.195007
42033,PA,Clearfield County,CLEARFIELD,2020,80431,15684,0.194999
42033,PA,Clearfield County,CLEARFIELD,2021,78348,15278,0.195002
42033,PA,Clearfield County,CLEARFIELD,2022,77881,15187,0.195003
42033,PA,Clearfield County,CLEARFIELD,2023,78381,15285,0.195009
42033,PA,Clearfield County,CLEARFIELD,2024,78132,15236,0.195003
42035,PA,Clinton County,CLINTON,2020,37377,7289,0.195013
42035,PA,Clinton County,CLINTON,2021,38024,7415,0.195008
42035,PA,Clinton County,CLINTON,2022,37873,7386,0.19502
42035,PA,Clinton County,CLINTON,2023,37852,7381,0.194996
42035,PA,Clinton County,CLINTON,2024,37865,7384,0.195009
42037,PA,Columbia County,COLUMBIA,2020,64686,12613,0.194988
42037,PA,Columbia County,COLUMBIA,2021,64982,12671,0.194992
42037,PA,Columbia County,COLUMBIA,2022,65347,12742,0.19499
42037,PA,Columbia County,COLUMBIA,2023,65782,12827,0.194993
42037,PA,Columbia County,COLUMBIA,2024,66012,12872,0.194995
42039,PA,Crawford County,CRAWFORD,2020,83825,16346,0.195001
42039,PA,Crawford County,CRAWFORD,2021,83232,16230,0.194997
42039,PA,Crawford County,CRAWFORD,2022,82380,16064,0.194999
42039,PA,Crawford County,CRAWFORD,2023,82052,16000,0.194998
42039,PA,Crawford County,CRAWFORD,2024,82089,16007,0.194996
42041,PA,Cumberland County,CUMBERLAND,2020,260254,50750,0.195002
42041,PA,Cumberland County,CUMBERLAND,2021,265550,51783,0.195003
42041,PA,Cumberland County,CUMBERLAND,2022,268740,52405,0.195003
42041,PA,Cumberland County,CUMBERLAND,2023,271553,52953,0.195001
42041,PA,Cumberland County,CUMBERLAND,2024,275516,53726,0.195001
42043,PA,Dauphin County,DAUPHIN,2020,286717,55910,0.195001
42043,PA,Dauphin County,DAUPHIN,2021,288286,56216,0.195001
42043,PA,Dauphin County,DAUPHIN,2022,289049,56365,0.195002
42043,PA,Dauphin County,DAUPHIN,2023,290886,56723,0.195001
42043,PA,Dauphin County,DAUPHIN,2024,293029,57141,0.195001
42045,PA,Delaware County,DELAWARE,2020,576523,112422,0.195
42045,PA,Delaware County,DELAWARE,2021,577126,112540,0.195001
42045,PA,Delaware County,DELAWARE,2022,577040,112523,0.195
42045,PA,Delaware County,DELAWARE,2023,580538,113205,0.195
42045,PA,Delaware County,DELAWARE,2024,584882,114052,0.195
42047,PA,Elk County,ELK,2020,30939,6033,0.194997
42047,PA,Elk County,ELK,2021,30795,6005,0.194999
42047,PA,Elk County,ELK,2022,30453,5938,0.194989
42047,PA,Elk County,ELK,2023,30221,5893,0.194997
42047,PA,Elk County,ELK,2024,30124,5874,0.194994
42049,PA,Erie County,ERIE,2020,270739,52794,0.195
42049,PA,Erie County,ERIE,2021,269455,52543,0.194997
42049,PA,Erie County,ERIE,2022,269112,52477,0.195001
42049,PA,Erie County,ERIE,2023,268203,52299,0.194998
42049,PA,Erie County,ERIE,2024,267750,52211,0.194999
42051,PA,Fayette County,FAYETTE,2020,128585,25074,0.194999
42051,PA,Fayette County,FAYETTE,2021,127136,24791,0.194996
42051,PA,Fayette County,FAYETTE,2022,125622,24496,0.194998
42051,PA,Fayette County,FAYETTE,2023,124699,24316,0.194998
42051,PA,Fayette County,FAYETTE,2024,123941,24168,0.194996
42053,PA,Forest County,FOREST,2020,6964,1358,0.195003
42053,PA,Forest County,FOREST,2021,6902,1346,0.195016
42053,PA,Forest County,FOREST,2022,6621,1291,0.194986
42053,PA,Forest County,FOREST,2023,6486,1265,0.195035
42053,PA,Forest County,FOREST,2024,6601,1287,0.19497
42055,PA,Franklin County,FRANKLIN,2020,155951,30411,0.195004
42055,PA,Franklin County,FRANKLIN,2021,156589,30535,0.195001
42055,PA,Franklin County,FRANKLIN,2022,157017,30619,0.195004
42055,PA,Franklin County,FRANKLIN,2023,158054,30821,0.195003
42055,PA,Franklin County,FRANKLIN,2024,159285,31061,0.195003
42057,PA,Fulton County,FULTON,2020,14582,2843,0.194966
42057,PA,Fulton County,FULTON,2021,14555,2838,0.194985
42057,PA,Fulton County,FULTON,2022,14557,2838,0.194958
42057,PA,Fulton County,FULTON,2023,14510,2829,0.194969
42057,PA,Fulton County,FULTON,2024,14452,2818,0.19499
42059,PA,Greene County,GREENE,2020,35867,6994,0.194998
42059,PA,Greene County,GREENE,2021,35282,6880,0.195
42059,PA,Greene County,GREENE,2022,34566,6740,0.194989
42059,PA,Greene County,GREENE,2023,34493,6726,0.194996
42059,PA,Greene County,GREENE,2024,33960,6622,0.194994
42061,PA,Huntingdon County,HUNTINGDON,2020,44071,8594,0.195004
42061,PA,Huntingdon County,HUNTINGDON,2021,43989,8578,0.195003
42061,PA,Huntingdon County,HUNTINGDON,2022,43303,8444,0.194998
42061,PA,Huntingdon County,HUNTINGDON,2023,43545,8491,0.194994
42061,PA,Huntingdon County,HUNTINGDON,2024,43359,8455,0.195
42063,PA,Indiana County,INDIANA,2020,83153,16215,0.195002
42063,PA,Indiana County,INDIANA,2021,83095,16204,0.195006
42063,PA,Indiana County,INDIANA,2022,82901,16166,0.195004
42063,PA,Indiana County,INDIANA,2023,83110,16207,0.195007
42063,PA,Indiana County,INDIANA,2024,82953,16176,0.195002
42065,PA,Jefferson County,JEFFERSON,2020,44480,8674,0.195009
42065,PA,Jefferson County,JEFFERSON,2021,44121,8604,0.195009
42065,PA,Jefferson County,JEFFERSON,2022,43725,8527,0.195014
42065,PA,Jefferson County,JEFFERSON,2023,43625,8507,0.195003
42065,PA,Jefferson County,JEFFERSON,2024,43367,8457,0.19501
42067,PA,Juniata County,JUNIATA,2020,23483,4579,0.194992
42067,PA,Juniata County,JUNIATA,2021,23359,4555,0.195
42067,PA,Juniata County,JUNIATA,2022,23290,4542,0.195019
42067,PA,Juniata County,JUNIATA,2023,23368,4557,0.19501
42067,PA,Juniata County,JUNIATA,2024,23395,4562,0.194999
42069,PA,Lackawanna County,LACKAWANNA,2020,215538,42030,0.195
42069,PA,Lackawanna County,LACKAWANNA,2021,216063,42133,0.195003
42069,PA,Lackawanna County,LACKAWANNA,2022,215797,42081,0.195003
42069,PA,Lackawanna County,LACKAWANNA,2023,216472,42213,0.195004
42069,PA,Lackawanna County,LACKAWANNA,2024,216859,42288,0.195002
42071,PA,Lancaster County,LANCASTER,2020,552834,107802,0.194999
42071,PA,Lancaster County,LANCASTER,2021,556364,108491,0.195
42071,PA,Lancaster County,LANCASTER,2022,556991,108613,0.195
42071,PA,Lancaster County,LANCASTER,2023,560174,109234,0.195
42071,PA,Lancaster County,LANCASTER,2024,563293,109842,0.195
42073,PA,Lawrence County,LAWRENCE,2020,85970,16764,0.194998
42073,PA,Lawrence County,LAWRENCE,2021,85565,16685,0.194998
42073,PA,Lawrence County,LAWRENCE,2022,84800,16536,0.195
42073,PA,Lawrence County,LAWRENCE,2023,84553,16487,0.19499
42073,PA,Lawrence County,LAWRENCE,2024,84233,16425,0.194995
42075,PA,Lebanon County,LEBANON,2020,143292,27942,0.195
42075,PA,Lebanon County,LEBANON,2021,143772,28035,0.194996
42075,PA,Lebanon County,LEBANON,2022,144003,28080,0.194996
42075,PA,Lebanon County,LEBANON,2023,144546,28186,0.194997
42075,PA,Lebanon County,LEBANON,2024,145319,28337,0.194999
42077,PA,Lehigh County,LEHIGH,2020,374493,73026,0.195
42077,PA,Lehigh County,LEHIGH,2021,375922,73305,0.195001
42077,PA,Lehigh County,LEHIGH,2022,377019,73519,0.195001
42077,PA,Lehigh County,LEHIGH,2023,380872,74270,0.195
42077,PA,Lehigh County,LEHIGH,2024,385655,75203,0.195001
42079,PA,Luzerne County,LUZERNE,2020,325222,63418,0.194999
42079,PA,Luzerne County,LUZERNE,2021,325975,63565,0.195
42079,PA,Luzerne County,LUZERNE,2022,326892,63744,0.195
42079,PA,Luzerne County,LUZERNE,2023,328909,64137,0.194999
42079,PA,Luzerne County,LUZERNE,2024,331379,64619,0.195
42081,PA,Lycoming County,LYCOMING,2020,114130,22255,0.194997
42081,PA,Lycoming County,LYCOMING,2021,113576,22147,0.194997
42081,PA,Lycoming County,LYCOMING,2022,113223,22078,0.194996
42081,PA,Lycoming County,LYCOMING,2023,113282,22090,0.195
42081,PA,Lycoming County,LYCOMING,2024,113236,22081,0.195
42083,PA,McKean County,MCKEAN,2020,40405,7879,0.195001
42083,PA,McKean County,MCKEAN,2021,40325,7863,0.194991
42083,PA,McKean County,MCKEAN,2022,39791,7759,0.194994
42083,PA,McKean County,MCKEAN,2023,39522,7707,0.195005
42083,PA,McKean County,MCKEAN,2024,39478,7698,0.194995
42085,PA,Mercer County,MERCER,2020,110548,21557,0.195001
42085,PA,Mercer County,MERCER,2021,109964,21443,0.195
42085,PA,Mercer County,MERCER,2022,109115,21277,0.194996
42085,PA,Mercer County,MERCER,2023,108519,21161,0.194998
42085,PA,Mercer County,MERCER,2024,108140,21087,0.194997
42087,PA,Mifflin County,MIFFLIN,2020,46145,8998,0.194994
42087,PA,Mifflin County,MIFFLIN,2021,46182,9005,0.194989
42087,PA,Mifflin County,MIFFLIN,2022,45993,8968,0.194986
42087,PA,Mifflin County,MIFFLIN,2023,45950,8960,0.194995
42087,PA,Mifflin County,MIFFLIN,2024,45935,8957,0.194993
42089,PA,Monroe County,MONROE,2020,168326,32824,0.195003
42089,PA,Monroe County,MONROE,2021,168708,32898,0.195
42089,PA,Monroe County,MONROE,2022,167437,32650,0.194999
42089,PA,Monroe County,MONROE,2023,166581,32483,0.194998
42089,PA,Monroe County,MONROE,2024,166523,32472,0.195
42091,PA,Montgomery County,MONTGOMERY,2020,856900,167095,0.194999
42091,PA,Montgomery County,MONTGOMERY,2021,864252,168529,0.195
42091,PA,Montgomery County,MONTGOMERY,2022,865848,168840,0.195
42091,PA,Montgomery County,MONTGOMERY,2023,871673,169976,0.195
42091,PA,Montgomery County,MONTGOMERY,2024,879190,171442,0.195
42093,PA,Montour County,MONTOUR,2020,18132,3535,0.194959
42093,PA,Montour County,MONTOUR,2021,18094,3528,0.194982
42093,PA,Montour County,MONTOUR,2022,18122,3533,0.194956
42093,PA,Montour County,MONTOUR,2023,18053,3520,0.194981
42093,PA,Montour County,MONTOUR,2024,18115,3532,0.194977
42095,PA,Northampton County,NORTHAMPTON,2020,312810,60998,0.195
42095,PA,Northampton County,NORTHAMPTON,2021,318215,62052,0.195
42095,PA,Northampton County,NORTHAMPTON,2022,318044,62019,0.195001
42095,PA,Northampton County,NORTHAMPTON,2023,320844,62565,0.195001
42095,PA,Northampton County,NORTHAMPTON,2024,322989,62983,0.195
42097,PA,Northumberland County,NORTHUMBERLAND,2020,91550,17852,0.194997
42097,PA,Northumberland County,NORTHUMBERLAND,2021,91001,17745,0.194998
42097,PA,Northumberland County,NORTHUMBERLAND,2022,90093,17568,0.194999
42097,PA,Northumberland County,NORTHUMBERLAND,2023,90131,17575,0.194994
42097,PA,Northumberland County,NORTHUMBERLAND,2024,90027,17555,0.194997
42099,PA,Perry County,PERRY,2020,45838,8938,0.194991
42099,PA,Perry County,PERRY,2021,45961,8962,0.194991
42099,PA,Perry County,PERRY,2022,46214,9012,0.195006
42099,PA,Perry County,PERRY,2023,46367,9041,0.194988
42099,PA,Perry County,PERRY,2024,46816,9129,0.194997
42101,PA,Philadelphia County,PHILADELPHIA,2020,1316181,306914,0.233185
42101,PA,Philadelphia County,PHILADELPHIA,2021,1316181,306914,0.233185
42101,PA,Philadelphia County,PHILADELPHIA,2022,1316181,306914,0.233185
42101,PA,Philadelphia County,PHILADELPHIA,2023,1316181,306914,0.233185
42101,PA,Philadelphia County,PHILADELPHIA,2024,1316181,306914,0.233185
42103,PA,Pike County,PIKE,2020,58576,11422,0.194995
42103,PA,Pike County,PIKE,2021,60009,11701,0.194987
42103,PA,Pike County,PIKE,2022,60647,11826,0.194997
42103,PA,Pike County,PIKE,2023,61496,11991,0.194988
42103,PA,Pike County,PIKE,2024,62376,12163,0.194995
42105,PA,Potter County,POTTER,2020,16387,3196,0.195033
42105,PA,Potter County,POTTER,2021,16318,3182,0.194999
42105,PA,Potter County,POTTER,2022,16203,3160,0.195026
42105,PA,Potter County,POTTER,2023,16040,3128,0.195012
42105,PA,Potter County,POTTER,2024,15993,3119,0.195023
42107,PA,Schuylkill County,SCHUYLKILL,2020,142959,27877,0.195
42107,PA,Schuylkill County,SCHUYLKILL,2021,143169,27918,0.195
42107,PA,Schuylkill County,SCHUYLKILL,2022,143205,27925,0.195
42107,PA,Schuylkill County,SCHUYLKILL,2023,143932,28067,0.195002
42107,PA,Schuylkill County,SCHUYLKILL,2024,144523,28182,0.195
42109,PA,Snyder County,SNYDER,2020,39742,7749,0.194983
42109,PA,Snyder County,SNYDER,2021,39748,7751,0.195004
42109,PA,Snyder County,SNYDER,2022,39525,7707,0.194991
42109,PA,Snyder County,SNYDER,2023,39699,7741,0.194992
42109,PA,Snyder County,SNYDER,2024,39627,7727,0.194993
42111,PA,Somerset County,SOMERSET,2020,74014,14433,0.195004
42111,PA,Somerset County,SOMERSET,2021,72994,14234,0.195002
42111,PA,Somerset County,SOMERSET,2022,72613,14159,0.194993
42111,PA,Somerset County,SOMERSET,2023,72233,14085,0.194994
42111,PA,Somerset County,SOMERSET,2024,72134,14066,0.194998
42113,PA,Sullivan County,SULLIVAN,2020,5831,1137,0.194992
42113,PA,Sullivan County,SULLIVAN,2021,5864,1144,0.195089
42113,PA,Sullivan County,SULLIVAN,2022,5892,1149,0.19501
42113,PA,Sullivan County,SULLIVAN,2023,5925,1156,0.195105
42113,PA,Sullivan County,SULLIVAN,2024,5927,1156,0.19504
42115,PA,Susquehanna County,SUSQUEHANNA,2020,38349,7479,0.195025
42115,PA,Susquehanna County,SUSQUEHANNA,2021,38424,7493,0.195008
42115,PA,Susquehanna County,SUSQUEHANNA,2022,38115,7433,0.195015
42115,PA,Susquehanna County,SUSQUEHANNA,2023,38108,7432,0.195025
42115,PA,Susquehanna County,SUSQUEHANNA,2024,38100,7430,0.195013
42117,PA,Tioga County,TIOGA,2020,41017,7998,0.194992
42117,PA,Tioga County,TIOGA,2021,41309,8055,0.194994
42117,PA,Tioga County,TIOGA,2022,40954,7986,0.194999
42117,PA,Tioga County,TIOGA,2023,40747,7946,0.195008
42117,PA,Tioga County,TIOGA,2024,40698,7936,0.194997
42119,PA,Union County,UNION,2020,42655,8318,0.195006
42119,PA,Union County,UNION,2021,42484,8284,0.194991
42119,PA,Union County,UNION,2022,42745,8335,0.194994
42119,PA,Union County,UNION,2023,42237,8236,0.194995
42119,PA,Union County,UNION,2024,42159,8221,0.195
42121,PA,Venango County,VENANGO,2020,50357,9820,0.195008
42121,PA,Venango County,VENANGO,2021,50041,9758,0.195
42121,PA,Venango County,VENANGO,2022,49695,9691,0.19501
42121,PA,Venango County,VENANGO,2023,49436,9640,0.195
42121,PA,Venango County,VENANGO,2024,49476,9648,0.195004
42123,PA,Warren County,WARREN,2020,38526,7513,0.195011
42123,PA,Warren County,WARREN,2021,38184,7446,0.195003
42123,PA,Warren County,WARREN,2022,37843,7380,0.195016
42123,PA,Warren County,WARREN,2023,37672,7346,0.194999
42123,PA,Warren County,WARREN,2024,37373,7288,0.195007
42125,PA,Washington County,WASHINGTON,2020,209414,40836,0.195001
42125,PA,Washington County,WASHINGTON,2021,210057,40961,0.194999
42125,PA,Washington County,WASHINGTON,2022,209962,40943,0.195002
42125,PA,Washington County,WASHINGTON,2023,210344,41017,0.195
42125,PA,Washington County,WASHINGTON,2024,210434,41035,0.195002
42127,PA,Wayne County,WAYNE,2020,51155,9976,0.195015
42127,PA,Wayne County,WAYNE,2021,51201,9984,0.194996
42127,PA,Wayne County,WAYNE,2022,51132,9971,0.195005
42127,PA,Wayne County,WAYNE,2023,51404,10024,0.195004
42127,PA,Wayne County,WAYNE,2024,51419,10027,0.195006
42129,PA,Westmoreland County,WESTMORELAND,2020,354339,69096,0.195
42129,PA,Westmoreland County,WESTMORELAND,2021,353753,68982,0.195
42129,PA,Westmoreland County,WESTMORELAND,2022,352054,68650,0.194998
42129,PA,Westmoreland County,WESTMORELAND,2023,351420,68527,0.195
42129,PA,Westmoreland County,WESTMORELAND,2024,350935,68432,0.194999
42131,PA,Wyoming County,WYOMING,2020,26042,5078,0.194993
42131,PA,Wyoming County,WYOMING,2021,26119,5093,0.194992
42131,PA,Wyoming County,WYOMING,2022,26034,5076,0.194976
42131,PA,Wyoming County,WYOMING,2023,25868,5044,0.19499
42131,PA,Wyoming County,WYOMING,2024,25771,5025,0.194987
42133,PA,York County,YORK,2020,456754,89067,0.195
42133,PA,York County,YORK,2021,459264,89557,0.195001
42133,PA,York County,YORK,2022,461385,89970,0.195
42133,PA,York County,YORK,2023,465977,90866,0.195001
42133,PA,York County,YORK,2024,471240,91892,0.195
44001,RI,Bristol County,BRISTOL,2020,50783,9141,0.180001
44001,RI,Bristol County,BRISTOL,2021,50778,9140,0.179999
44001,RI,Bristol County,BRISTOL,2022,50388,9070,0.180003
44001,RI,Bristol County,BRISTOL,2023,50358,9064,0.179991
44001,RI,Bristol County,BRISTOL,2024,50145,9026,0.179998
44003,RI,Kent County,KENT,2020,170423,30676,0.179999
44003,RI,Kent County,KENT,2021,171115,30801,0.180002
44003,RI,Kent County,KENT,2022,171523,30874,0.179999
44003,RI,Kent County,KENT,2023,171770,30919,0.180002
44003,RI,Kent County,KENT,2024,172450,31041,0.18
44005,RI,Newport County,NEWPORT,2020,85511,15392,0.18
44005,RI,Newport County,NEWPORT,2021,85613,15410,0.179996
44005,RI,Newport County,NEWPORT,2022,84851,15273,0.179998
44005,RI,Newport County,NEWPORT,2023,83843,15091,0.179991
44005,RI,Newport County,NEWPORT,2024,83468,15024,0.179997
44007,RI,Providence County,PROVIDENCE,2020,660044,118808,0.18
44007,RI,Providence County,PROVIDENCE,2021,658887,118600,0.180001
44007,RI,Providence County,PROVIDENCE,2022,662209,119197,0.179999
44007,RI,Providence County,PROVIDENCE,2023,667219,120099,0.179999
44007,RI,Providence County,PROVIDENCE,2024,675912,121664,0.18
44009,RI,Washington County,WASHINGTON,2020,129769,23358,0.179997
44009,RI,Washington County,WASHINGTON,2021,130853,23554,0.180004
44009,RI,Washington County,WASHINGTON,2022,130527,23495,0.180001
44009,RI,Washington County,WASHINGTON,2023,130239,23443,0.18
44009,RI,Washington County,WASHINGTON,2024,130333,23460,0.18
45001,SC,Abbeville County,ABBEVILLE,2020,24262,4488,0.184981
45001,SC,Abbeville County,ABBEVILLE,2021,24263,4488,0.184973
45001,SC,Abbeville County,ABBEVILLE,2022,24407,4515,0.184988
45001,SC,Abbeville County,ABBEVILLE,2023,24563,4544,0.184994
45001,SC,Abbeville County,ABBEVILLE,2024,24607,4552,0.184988
45003,SC,Aiken County,AIKEN,2020,169174,31297,0.184999
45003,SC,Aiken County,AIKEN,2021,171272,31685,0.184998
45003,SC,Aiken County,AIKEN,2022,174075,32204,0.185001
45003,SC,Aiken County,AIKEN,2023,177034,32751,0.184998
45003,SC,Aiken County,AIKEN,2024,179245,33160,0.184998
45005,SC,Allendale County,ALLENDALE,2020,7934,1468,0.185026
45005,SC,Allendale County,ALLENDALE,2021,7714,1427,0.184988
45005,SC,Allendale County,ALLENDALE,2022,7508,1389,0.185003
45005,SC,Allendale County,ALLENDALE,2023,7596,1405,0.184966
45005,SC,Allendale County,ALLENDALE,2024,7551,1397,0.185009
45007,SC,Anderson County,ANDERSON,2020,204192,37776,0.185002
45007,SC,Anderson County,ANDERSON,2021,206949,38286,0.185002
45007,SC,Anderson County,ANDERSON,2022,210069,38863,0.185001
45007,SC,Anderson County,ANDERSON,2023,213998,39590,0.185002
45007,SC,Anderson County,ANDERSON,2024,217183,40179,0.185001
45009,SC,Bamberg County,BAMBERG,2020,13261,2453,0.184979
45009,SC,Bamberg County,BAMBERG,2021,13121,2427,0.184971
45009,SC,Bamberg County,BAMBERG,2022,12966,2399,0.185022
45009,SC,Bamberg County,BAMBERG,2023,12991,2403,0.184974
45009,SC,Bamberg County,BAMBERG,2024,12870,2381,0.185004
45011,SC,Barnwell County,BARNWELL,2020,20590,3810,0.185041
45011,SC,Barnwell County,BARNWELL,2021,20604,3812,0.185013
45011,SC,Barnwell County,BARNWELL,2022,20469,3787,0.185011
45011,SC,Barnwell County,BARNWELL,2023,20448,3783,0.185006
45011,SC,Barnwell County,BARNWELL,2024,20495,3792,0.185021
45013,SC,Beaufort County,BEAUFORT,2020,187829,34748,0.184998
45013,SC,Beaufort County,BEAUFORT,2021,191946,35510,0.185
45013,SC,Beaufort County,BEAUFORT,2022,195932,36247,0.184998
45013,SC,Beaufort County,BEAUFORT,2023,198961,36807,0.184996
45013,SC,Beaufort County,BEAUFORT,2024,201775,37328,0.184998
45015,SC,Berkeley County,BERKELEY,2020,231508,42829,0.185
45015,SC,Berkeley County,BERKELEY,2021,236852,43818,0.185002
45015,SC,Berkeley County,BERKELEY,2022,245249,45371,0.185
45015,SC,Berkeley County,BERKELEY,2023,256123,47383,0.185001
45015,SC,Berkeley County,BERKELEY,2024,264276,48891,0.185
45017,SC,Calhoun County,CALHOUN,2020,14113,2611,0.185007
45017,SC,Calhoun County,CALHOUN,2021,14141,2616,0.184994
45017,SC,Calhoun County,CALHOUN,2022,14200,2627,0.185
45017,SC,Calhoun County,CALHOUN,2023,14208,2628,0.184966
45017,SC,Calhoun County,CALHOUN,2024,14249,2636,0.184995
45019,SC,Charleston County,CHARLESTON,2020,409958,75842,0.184999
45019,SC,Charleston County,CHARLESTON,2021,414605,76702,0.185
45019,SC,Charleston County,CHARLESTON,2022,419952,77691,0.185
45019,SC,Charleston County,CHARLESTON,2023,425805,78774,0.185
45019,SC,Charleston County,CHARLESTON,2024,431001,79735,0.185
45021,SC,Cherokee County,CHEROKEE,2020,56226,10401,0.184986
45021,SC,Cherokee County,CHEROKEE,2021,56110,10380,0.184994
45021,SC,Cherokee County,CHEROKEE,2022,56186,10394,0.184993
45021,SC,Cherokee County,CHEROKEE,2023,56943,10534,0.184992
45021,SC,Cherokee County,CHEROKEE,2024,57770,10687,0.184992
45023,SC,Chester County,CHESTER,2020,32291,5974,0.185005
45023,SC,Chester County,CHESTER,2021,32160,5950,0.185012
45023,SC,Chester County,CHESTER,2022,31972,5915,0.185006
45023,SC,Chester County,CHESTER,2023,32163,5950,0.184995
45023,SC,Chester County,CHESTER,2024,32323,5980,0.185008
45025,SC,Chesterfield County,CHESTERFIELD,2020,43254,8002,0.185
45025,SC,Chesterfield County,CHESTERFIELD,2021,43334,8017,0.185005
45025,SC,Chesterfield County,CHESTERFIELD,2022,43722,8088,0.184987
45025,SC,Chesterfield County,CHESTERFIELD,2023,44120,8162,0.184995
45025,SC,Chesterfield County,CHESTERFIELD,2024,44488,8230,0.184994
45027,SC,Clarendon County,CLARENDON,2020,30841,5706,0.185013
45027,SC,Clarendon County,CLARENDON,2021,30965,5729,0.185015
45027,SC,Clarendon County,CLARENDON,2022,30976,5731,0.185014
45027,SC,Clarendon County,CLARENDON,2023,31119,5757,0.185
45027,SC,Clarendon County,CLARENDON,2024,31030,5741,0.185015
45029,SC,Colleton County,COLLETON,2020,38538,7130,0.185012
45029,SC,Colleton County,COLLETON,2021,38461,7115,0.184993
45029,SC,Colleton County,COLLETON,2022,38618,7144,0.184991
45029,SC,Colleton County,COLLETON,2023,39040,7222,0.18499
45029,SC,Colleton County,COLLETON,2024,39259,7263,0.185002
45031,SC,Darlington County,DARLINGTON,2020,62842,11626,0.185004
45031,SC,Darlington County,DARLINGTON,2021,62723,11604,0.185004
45031,SC,Darlington County,DARLINGTON,2022,62434,11551,0.185011
45031,SC,Darlington County,DARLINGTON,2023,62368,11538,0.184999
45031,SC,Darlington County,DARLINGTON,2024,62425,11549,0.185006
45033,SC,Dillon County,DILLON,2020,28280,5232,0.185007
45033,SC,Dillon County,DILLON,2021,27977,5176,0.185009
45033,SC,Dillon County,DILLON,2022,27766,5137,0.18501
45033,SC,Dillon County,DILLON,2023,27712,5127,0.18501
45033,SC,Dillon County,DILLON,2024,27577,5102,0.185009
45035,SC,Dorchester County,DORCHESTER,2020,162059,29981,0.185001
45035,SC,Dorchester County,DORCHESTER,2021,163484,30245,0.185003
45035,SC,Dorchester County,DORCHESTER,2022,166029,30716,0.185004
45035,SC,Dorchester County,DORCHESTER,2023,169770,31408,0.185003
45035,SC,Dorchester County,DORCHESTER,2024,174663,32313,0.185002
45037,SC,Edgefield County,EDGEFIELD,2020,25673,4749,0.18498
45037,SC,Edgefield County,EDGEFIELD,2021,26274,4861,0.185012
45037,SC,Edgefield County,EDGEFIELD,2022,27347,5059,0.184993
45037,SC,Edgefield County,EDGEFIELD,2023,28629,5296,0.184987
45037,SC,Edgefield County,EDGEFIELD,2024,29455,5449,0.184994
45039,SC,Fairfield County,FAIRFIELD,2020,20872,3861,0.184985
45039,SC,Fairfield County,FAIRFIELD,2021,20686,3827,0.185004
45039,SC,Fairfield County,FAIRFIELD,2022,20430,3779,0.184973
45039,SC,Fairfield County,FAIRFIELD,2023,20392,3772,0.184974
45039,SC,Fairfield County,FAIRFIELD,2024,20369,3768,0.184987
45041,SC,Florence County,FLORENCE,2020,136814,25311,0.185003
45041,SC,Florence County,FLORENCE,2021,136409,25236,0.185002
45041,SC,Florence County,FLORENCE,2022,136860,25319,0.184999
45041,SC,Florence County,FLORENCE,2023,137454,25429,0.185
45041,SC,Florence County,FLORENCE,2024,138049,25539,0.185
45043,SC,Georgetown County,GEORGETOWN,2020,63517,11750,0.18499
45043,SC,Georgetown County,GEORGETOWN,2021,63939,11828,0.184989
45043,SC,Georgetown County,GEORGETOWN,2022,64753,11979,0.184995
45043,SC,Georgetown County,GEORGETOWN,2023,65812,12175,0.184997
45043,SC,Georgetown County,GEORGETOWN,2024,66035,12216,0.184993
45045,SC,Greenville County,GREENVILLE,2020,527266,97544,0.185
45045,SC,Greenville County,GREENVILLE,2021,534675,98915,0.185
45045,SC,Greenville County,GREENVILLE,2022,548447,101463,0.185001
45045,SC,Greenville County,GREENVILLE,2023,559696,103544,0.185
45045,SC,Greenville County,GREENVILLE,2024,570745,105588,0.185
45047,SC,Greenwood County,GREENWOOD,2020,69395,12838,0.184999
45047,SC,Greenwood County,GREENWOOD,2021,69139,12791,0.185004
45047,SC,Greenwood County,GREENWOOD,2022,69290,12819,0.185005
45047,SC,Greenwood County,GREENWOOD,2023,69582,12873,0.185005
45047,SC,Greenwood County,GREENWOOD,2024,70041,12958,0.185006
45049,SC,Hampton County,HAMPTON,2020,18525,3427,0.184993
45049,SC,Hampton County,HAMPTON,2021,18259,3378,0.185005
45049,SC,Hampton County,HAMPTON,2022,18147,3357,0.184989
45049,SC,Hampton County,HAMPTON,2023,18167,3361,0.185006
45049,SC,Hampton County,HAMPTON,2024,18172,3362,0.18501
45051,SC,Horry County,HORRY,2020,353779,65449,0.185
45051,SC,Horry County,HORRY,2021,366164,67740,0.184999
45051,SC,Horry County,HORRY,2022,383372,70924,0.185
45051,SC,Horry County,HORRY,2023,398374,73699,0.185
45051,SC,Horry County,HORRY,2024,413391,76477,0.184999
45053,SC,Jasper County,JASPER,2020,29148,5392,0.184987
45053,SC,Jasper County,JASPER,2021,30434,5630,0.18499
45053,SC,Jasper County,JASPER,2022,31988,5917,0.184976
45053,SC,Jasper County,JASPER,2023,33642,6223,0.184977
45053,SC,Jasper County,JASPER,2024,35618,6589,0.184991
45055,SC,Kershaw County,KERSHAW,2020,65596,12135,0.184996
45055,SC,Kershaw County,KERSHAW,2021,66215,12250,0.185003
45055,SC,Kershaw County,KERSHAW,2022,67917,12565,0.185005
45055,SC,Kershaw County,KERSHAW,2023,70145,12977,0.185002
45055,SC,Kershaw County,KERSHAW,2024,71698,13264,0.184998
45057,SC,Lancaster County,LANCASTER,2020,96592,17870,0.185005
45057,SC,Lancaster County,LANCASTER,2021,100540,18600,0.185001
45057,SC,Lancaster County,LANCASTER,2022,104795,19387,0.184999
45057,SC,Lancaster County,LANCASTER,2023,108796,20128,0.185007
45057,SC,Lancaster County,LANCASTER,2024,111652,20656,0.185003
45059,SC,Laurens County,LAURENS,2020,67628,12511,0.184997
45059,SC,Laurens County,LAURENS,2021,67837,12550,0.185002
45059,SC,Laurens County,LAURENS,2022,68109,12600,0.184998
45059,SC,Laurens County,LAURENS,2023,69210,12804,0.185002
45059,SC,Laurens County,LAURENS,2024,70545,13051,0.185002
45061,SC,Lee County,LEE,2020,16546,3061,0.184999
45061,SC,Lee County,LEE,2021,16278,3011,0.184974
45061,SC,Lee County,LEE,2022,16119,2982,0.184999
45061,SC,Lee County,LEE,2023,15927,2946,0.184969
45061,SC,Lee County,LEE,2024,15958,2952,0.184986
45063,SC,Lexington County,LEXINGTON,2020,294993,54574,0.185001
45063,SC,Lexington County,LEXINGTON,2021,300644,55619,0.185
45063,SC,Lexington County,LEXINGTON,2022,305147,56452,0.184999
45063,SC,Lexington County,LEXINGTON,2023,309877,57327,0.184999
45063,SC,Lexington County,LEXINGTON,2024,313774,58048,0.184999
45065,SC,McCormick County,MCCORMICK,2020,9522,1762,0.185045
45065,SC,McCormick County,MCCORMICK,2021,9768,1807,0.184992
45065,SC,McCormick County,MCCORMICK,2022,9741,1802,0.184991
45065,SC,McCormick County,MCCORMICK,2023,9786,1811,0.18506
45065,SC,McCormick County,MCCORMICK,2024,9983,1847,0.185015
45067,SC,Marion County,MARION,2020,29082,5380,0.184994
45067,SC,Marion County,MARION,2021,28853,5338,0.185007
45067,SC,Marion County,MARION,2022,28494,5271,0.184986
45067,SC,Marion County,MARION,2023,28522,5276,0.18498
45067,SC,Marion County,MARION,2024,28368,5248,0.184997
45069,SC,Marlboro County,MARLBORO,2020,26496,4902,0.185009
45069,SC,Marlboro County,MARLBORO,2021,26106,4829,0.184977
45069,SC,Marlboro County,MARLBORO,2022,26003,4810,0.184979
45069,SC,Marlboro County,MARLBORO,2023,25772,4768,0.185007
45069,SC,Marlboro County,MARLBORO,2024,25498,4717,0.184995
45071,SC,Newberry County,NEWBERRY,2020,37738,6982,0.185012
45071,SC,Newberry County,NEWBERRY,2021,37976,7026,0.185012
45071,SC,Newberry County,NEWBERRY,2022,38343,7094,0.185014
45071,SC,Newberry County,NEWBERRY,2023,38916,7200,0.185014
45071,SC,Newberry County,NEWBERRY,2024,39203,7253,0.185011
45073,SC,Oconee County,OCONEE,2020,78787,14576,0.185005
45073,SC,Oconee County,OCONEE,2021,79331,14676,0.184997
45073,SC,Oconee County,OCONEE,2022,80223,14841,0.184997
45073,SC,Oconee County,OCONEE,2023,81527,15083,0.185006
45073,SC,Oconee County,OCONEE,2024,82475,15258,0.185002
45075,SC,Orangeburg County,ORANGEBURG,2020,83971,15535,0.185004
45075,SC,Orangeburg County,ORANGEBURG,2021,82851,15328,0.185007
45075,SC,Orangeburg County,ORANGEBURG,2022,83165,15386,0.185006
45075,SC,Orangeburg County,ORANGEBURG,2023,83148,15383,0.185007
45075,SC,Orangeburg County,ORANGEBURG,2024,83129,15379,0.185002
45077,SC,Pickens County,PICKENS,2020,131689,24362,0.184996
45077,SC,Pickens County,PICKENS,2021,132139,24445,0.184995
45077,SC,Pickens County,PICKENS,2022,134405,24865,0.185001
45077,SC,Pickens County,PICKENS,2023,136704,25290,0.184998
45077,SC,Pickens County,PICKENS,2024,138207,25568,0.184998
45079,SC,Richland County,RICHLAND,2020,415697,76904,0.185
45079,SC,Richland County,RICHLAND,2021,417306,77201,0.184999
45079,SC,Richland County,RICHLAND,2022,421693,78013,0.185
45079,SC,Richland County,RICHLAND,2023,425236,78668,0.184998
45079,SC,Richland County,RICHLAND,2024,430651,79670,0.184999
45081,SC,Saluda County,SALUDA,2020,18908,3498,0.185001
45081,SC,Saluda County,SALUDA,2021,18908,3498,0.185001
45081,SC,Saluda County,SALUDA,2022,19086,3531,0.185005
45081,SC,Saluda County,SALUDA,2023,19300,3571,0.185026
45081,SC,Saluda County,SALUDA,2024,19452,3599,0.18502
45083,SC,Spartanburg County,SPARTANBURG,2020,329405,60940,0.185
45083,SC,Spartanburg County,SPARTANBURG,2021,335452,62058,0.184998
45083,SC,Spartanburg County,SPARTANBURG,2022,346455,64094,0.184999
45083,SC,Spartanburg County,SPARTANBURG,2023,358690,66357,0.184998
45083,SC,Spartanburg County,SPARTANBURG,2024,369256,68312,0.184999
45085,SC,Sumter County,SUMTER,2020,105493,19517,0.185008
45085,SC,Sumter County,SUMTER,2021,104879,19403,0.185004
45085,SC,Sumter County,SUMTER,2022,104068,19253,0.185004
45085,SC,Sumter County,SUMTER,2023,104410,19316,0.185001
45085,SC,Sumter County,SUMTER,2024,104776,19384,0.185004
45087,SC,Union County,UNION,2020,27182,5028,0.184975
45087,SC,Union County,UNION,2021,27028,5000,0.184993
45087,SC,Union County,UNION,2022,26787,4955,0.184978
45087,SC,Union County,UNION,2023,26751,4949,0.185002
45087,SC,Union County,UNION,2024,26678,4935,0.184984
45089,SC,Williamsburg County,WILLIAMSBURG,2020,30921,5720,0.184988
45089,SC,Williamsburg County,WILLIAMSBURG,2021,30432,5630,0.185003
45089,SC,Williamsburg County,WILLIAMSBURG,2022,30164,5580,0.184989
45089,SC,Williamsburg County,WILLIAMSBURG,2023,30028,5555,0.184994
45089,SC,Williamsburg County,WILLIAMSBURG,2024,29865,5525,0.184999
45091,SC,York County,YORK,2020,283862,52514,0.184998
45091,SC,York County,YORK,2021,289071,53478,0.185
45091,SC,York County,YORK,2022,294057,54400,0.184998
45091,SC,York County,YORK,2023,298375,55199,0.184999
45091,SC,York County,YORK,2024,303001,56055,0.184999
46003,SD,Aurora County,AURORA,2020,2740,480,0.175182
46003,SD,Aurora County,AURORA,2021,2741,480,0.175119
46003,SD,Aurora County,AURORA,2022,2772,486,0.175325
46003,SD,Aurora County,AURORA,2023,2796,490,0.17525
46003,SD,Aurora County,AURORA,2024,2752,482,0.175145
46005,SD,Beadle County,BEADLE,2020,19166,3354,0.174997
46005,SD,Beadle County,BEADLE,2021,19185,3357,0.17498
46005,SD,Beadle County,BEADLE,2022,19356,3387,0.174985
46005,SD,Beadle County,BEADLE,2023,19380,3391,0.174974
46005,SD,Beadle County,BEADLE,2024,19459,3405,0.174983
46007,SD,Bennett County,BENNETT,2020,3392,594,0.175118
46007,SD,Bennett County,BENNETT,2021,3393,594,0.175066
46007,SD,Bennett County,BENNETT,2022,3339,585,0.175202
46007,SD,Bennett County,BENNETT,2023,3312,580,0.175121
46007,SD,Bennett County,BENNETT,2024,3289,576,0.175129
46009,SD,Bon Homme County,BON HOMME,2020,6972,1220,0.174986
46009,SD,Bon Homme County,BON HOMME,2021,7002,1225,0.17495
46009,SD,Bon Homme County,BON HOMME,2022,7088,1240,0.174944
46009,SD,Bon Homme County,BON HOMME,2023,7088,1240,0.174944
46009,SD,Bon Homme County,BON HOMME,2024,7071,1237,0.17494
46011,SD,Brookings County,BROOKINGS,2020,34349,6011,0.174998
46011,SD,Brookings County,BROOKINGS,2021,34705,6074,0.175018
46011,SD,Brookings County,BROOKINGS,2022,35442,6203,0.175018
46011,SD,Brookings County,BROOKINGS,2023,35912,6285,0.175011
46011,SD,Brookings County,BROOKINGS,2024,36359,6363,0.175005
46013,SD,Brown County,BROWN,2020,38219,6689,0.175018
46013,SD,Brown County,BROWN,2021,38108,6669,0.175003
46013,SD,Brown County,BROWN,2022,37915,6636,0.175023
46013,SD,Brown County,BROWN,2023,37650,6589,0.175007
46013,SD,Brown County,BROWN,2024,37495,6562,0.17501
46015,SD,Brule County,BRULE,2020,5250,919,0.175048
46015,SD,Brule County,BRULE,2021,5252,919,0.174981
46015,SD,Brule County,BRULE,2022,5324,932,0.175056
46015,SD,Brule County,BRULE,2023,5326,932,0.174991
46015,SD,Brule County,BRULE,2024,5261,921,0.175062
46017,SD,Buffalo County,BUFFALO,2020,1938,339,0.174923
46017,SD,Buffalo County,BUFFALO,2021,1894,331,0.174762
46017,SD,Buffalo County,BUFFALO,2022,1848,323,0.174784
46017,SD,Buffalo County,BUFFALO,2023,1884,329,0.174628
46017,SD,Buffalo County,BUFFALO,2024,1825,319,0.174795
46019,SD,Butte County,BUTTE,2020,10291,1801,0.175007
46019,SD,Butte County,BUTTE,2021,10544,1845,0.174981
46019,SD,Butte County,BUTTE,2022,10788,1888,0.175009
46019,SD,Butte County,BUTTE,2023,10868,1902,0.175009
46019,SD,Butte County,BUTTE,2024,10891,1906,0.175007
46021,SD,Campbell County,CAMPBELL,2020,1380,242,0.175362
46021,SD,Campbell County,CAMPBELL,2021,1378,241,0.174891
46021,SD,Campbell County,CAMPBELL,2022,1367,239,0.174835
46021,SD,Campbell County,CAMPBELL,2023,1357,238,0.175387
46021,SD,Campbell County,CAMPBELL,2024,1342,235,0.175112
46023,SD,Charles Mix County,CHARLES MIX,2020,9369,1640,0.175045
46023,SD,Charles Mix County,CHARLES MIX,2021,9187,1608,0.17503
46023,SD,Charles Mix County,CHARLES MIX,2022,9237,1616,0.174949
46023,SD,Charles Mix County,CHARLES MIX,2023,9271,1622,0.174954
46023,SD,Charles Mix County,CHARLES MIX,2024,9343,1635,0.174997
46025,SD,Clark County,CLARK,2020,3851,673,0.17476
46025,SD,Clark County,CLARK,2021,3871,677,0.17489
46025,SD,Clark County,CLARK,2022,3945,690,0.174905
46025,SD,Clark County,CLARK,2023,3945,690,0.174905
46025,SD,Clark County,CLARK,2024,3974,695,0.174887
46027,SD,Clay County,CLAY,2020,15003,2626,0.175032
46027,SD,Clay County,CLAY,2021,15170,2655,0.175016
46027,SD,Clay County,CLAY,2022,15277,2674,0.175034
46027,SD,Clay County,CLAY,2023,15398,2695,0.175023
46027,SD,Clay County,CLAY,2024,15245,2668,0.175008
46029,SD,Codington County,CODINGTON,2020,28355,4962,0.174996
46029,SD,Codington County,CODINGTON,2021,28492,4986,0.174996
46029,SD,Codington County,CODINGTON,2022,28756,5033,0.175024
46029,SD,Codington County,CODINGTON,2023,28952,5067,0.175014
46029,SD,Codington County,CODINGTON,2024,29278,5124,0.175012
46031,SD,Corson County,CORSON,2020,3888,681,0.175154
46031,SD,Corson County,CORSON,2021,3842,673,0.175169
46031,SD,Corson County,CORSON,2022,3797,665,0.175138
46031,SD,Corson County,CORSON,2023,3756,658,0.175186
46031,SD,Corson County,CORSON,2024,3747,656,0.175073
46033,SD,Custer County,CUSTER,2020,8342,1460,0.175018
46033,SD,Custer County,CUSTER,2021,8648,1514,0.175069
46033,SD,Custer County,CUSTER,2022,9024,1579,0.174978
46033,SD,Custer County,CUSTER,2023,9117,1596,0.175058
46033,SD,Custer County,CUSTER,2024,9330,1633,0.175027
46035,SD,Davison County,DAVISON,2020,19954,3492,0.175003
46035,SD,Davison County,DAVISON,2021,19901,3483,0.175016
46035,SD,Davison County,DAVISON,2022,20025,3505,0.175031
46035,SD,Davison County,DAVISON,2023,19973,3496,0.175036
46035,SD,Davison County,DAVISON,2024,19907,3484,0.175014
46037,SD,Day County,DAY,2020,5436,951,0.174945
46037,SD,Day County,DAY,2021,5418,948,0.174972
46037,SD,Day County,DAY,2022,5478,958,0.174881
46037,SD,Day County,DAY,2023,5445,952,0.174839
46037,SD,Day County,DAY,2024,5408,946,0.174926
46039,SD,Deuel County,DEUEL,2020,4302,753,0.175035
46039,SD,Deuel County,DEUEL,2021,4299,753,0.175157
46039,SD,Deuel County,DEUEL,2022,4357,763,0.17512
46039,SD,Deuel County,DEUEL,2023,4345,761,0.175144
46039,SD,Deuel County,DEUEL,2024,4335,759,0.175087
46041,SD,Dewey County,DEWEY,2020,5225,914,0.174928
46041,SD,Dewey County,DEWEY,2021,5221,913,0.174871
46041,SD,Dewey County,DEWEY,2022,5078,888,0.174872
46041,SD,Dewey County,DEWEY,2023,5179,906,0.174937
46041,SD,Dewey County,DEWEY,2024,5322,931,0.174934
46043,SD,Douglas County,DOUGLAS,2020,2834,496,0.175018
46043,SD,Douglas County,DOUGLAS,2021,2813,493,0.175258
46043,SD,Douglas County,DOUGLAS,2022,2797,490,0.175188
46043,SD,Douglas County,DOUGLAS,2023,2844,498,0.175105
46043,SD,Douglas County,DOUGLAS,2024,2849,499,0.175149
46045,SD,Edmunds County,EDMUNDS,2020,3997,700,0.175131
46045,SD,Edmunds County,EDMUNDS,2021,4044,708,0.175074
46045,SD,Edmunds County,EDMUNDS,2022,4103,718,0.174994
46045,SD,Edmunds County,EDMUNDS,2023,4067,712,0.175068
46045,SD,Edmunds County,EDMUNDS,2024,4027,705,0.175068
46047,SD,Fall River County,FALL RIVER,2020,6973,1220,0.174961
46047,SD,Fall River County,FALL RIVER,2021,7217,1263,0.175003
46047,SD,Fall River County,FALL RIVER,2022,7373,1290,0.174963
46047,SD,Fall River County,FALL RIVER,2023,7369,1290,0.175058
46047,SD,Fall River County,FALL RIVER,2024,7359,1288,0.175024
46049,SD,Faulk County,FAULK,2020,2126,372,0.174976
46049,SD,Faulk County,FAULK,2021,2118,371,0.175165
46049,SD,Faulk County,FAULK,2022,2117,371,0.175248
46049,SD,Faulk County,FAULK,2023,2135,374,0.175176
46049,SD,Faulk County,FAULK,2024,2136,374,0.175094
46051,SD,Grant County,GRANT,2020,7539,1319,0.174957
46051,SD,Grant County,GRANT,2021,7554,1322,0.175007
46051,SD,Grant County,GRANT,2022,7535,1318,0.174917
46051,SD,Grant County,GRANT,2023,7571,1325,0.17501
46051,SD,Grant County,GRANT,2024,7618,1333,0.17498
46053,SD,Gregory County,GREGORY,2020,4000,700,0.175
46053,SD,Gregory County,GREGORY,2021,3954,692,0.175013
46053,SD,Gregory County,GREGORY,2022,3993,699,0.175056
46053,SD,Gregory County,GREGORY,2023,4023,704,0.174994
46053,SD,Gregory County,GREGORY,2024,4110,719,0.174939
46055,SD,Haakon County,HAAKON,2020,1868,327,0.175054
46055,SD,Haakon County,HAAKON,2021,1837,322,0.175286
46055,SD,Haakon County,HAAKON,2022,1830,320,0.174863
46055,SD,Haakon County,HAAKON,2023,1855,325,0.175202
46055,SD,Haakon County,HAAKON,2024,1834,321,0.175027
46057,SD,Hamlin County,HAMLIN,2020,6161,1078,0.174972
46057,SD,Hamlin County,HAMLIN,2021,6261,1095,0.174892
46057,SD,Hamlin County,HAMLIN,2022,6395,1119,0.17498
46057,SD,Hamlin County,HAMLIN,2023,6450,1128,0.174884
46057,SD,Hamlin County,HAMLIN,2024,6596,1154,0.174955
46059,SD,Hand County,HAND,2020,3147,551,0.175087
46059,SD,Hand County,HAND,2021,3087,540,0.174927
46059,SD,Hand County,HAND,2022,3123,547,0.175152
46059,SD,Hand County,HAND,2023,3114,545,0.175016
46059,SD,Hand County,HAND,2024,3097,542,0.175008
46061,SD,Hanson County,HANSON,2020,3460,605,0.174855
46061,SD,Hanson County,HANSON,2021,3507,613,0.174793
46061,SD,Hanson County,HANSON,2022,3461,605,0.174805
46061,SD,Hanson County,HANSON,2023,3457,605,0.175007
46061,SD,Hanson County,HANSON,2024,3477,608,0.174863
46063,SD,Harding County,HARDING,2020,1308,229,0.175076
46063,SD,Harding County,HARDING,2021,1325,232,0.175094
46063,SD,Harding County,HARDING,2022,1329,233,0.17532
46063,SD,Harding County,HARDING,2023,1314,230,0.175038
46063,SD,Harding County,HARDING,2024,1325,232,0.175094
46065,SD,Hughes County,HUGHES,2020,17741,3105,0.175018
46065,SD,Hughes County,HUGHES,2021,17762,3108,0.17498
46065,SD,Hughes County,HUGHES,2022,17674,3093,0.175003
46065,SD,Hughes County,HUGHES,2023,17617,3083,0.175001
46065,SD,Hughes County,HUGHES,2024,17526,3067,0.174997
46067,SD,Hutchinson County,HUTCHINSON,2020,7425,1300,0.175084
46067,SD,Hutchinson County,HUTCHINSON,2021,7379,1292,0.175091
46067,SD,Hutchinson County,HUTCHINSON,2022,7375,1291,0.175051
46067,SD,Hutchinson County,HUTCHINSON,2023,7423,1299,0.174997
46067,SD,Hutchinson County,HUTCHINSON,2024,7416,1298,0.175027
46069,SD,Hyde County,HYDE,2020,1252,219,0.17492
46069,SD,Hyde County,HYDE,2021,1232,216,0.175325
46069,SD,Hyde County,HYDE,2022,1196,210,0.175585
46069,SD,Hyde County,HYDE,2023,1190,209,0.17563
46069,SD,Hyde County,HYDE,2024,1215,213,0.175309
46071,SD,Jackson County,JACKSON,2020,2803,491,0.175169
46071,SD,Jackson County,JACKSON,2021,2867,502,0.175096
46071,SD,Jackson County,JACKSON,2022,2833,496,0.175079
46071,SD,Jackson County,JACKSON,2023,2772,485,0.174964
46071,SD,Jackson County,JACKSON,2024,2737,479,0.175009
46073,SD,Jerauld County,JERAULD,2020,1643,288,0.175289
46073,SD,Jerauld County,JERAULD,2021,1641,288,0.175503
46073,SD,Jerauld County,JERAULD,2022,1645,288,0.175076
46073,SD,Jerauld County,JERAULD,2023,1650,289,0.175152
46073,SD,Jerauld County,JERAULD,2024,1689,296,0.175252
46075,SD,Jones County,JONES,2020,923,162,0.175515
46075,SD,Jones County,JONES,2021,877,154,0.175599
46075,SD,Jones County,JONES,2022,870,152,0.174713
46075,SD,Jones County,JONES,2023,864,151,0.174769
46075,SD,Jones County,JONES,2024,874,153,0.175057
46077,SD,Kingsbury County,KINGSBURY,2020,5207,912,0.175149
46077,SD,Kingsbury County,KINGSBURY,2021,5210,912,0.175048
46077,SD,Kingsbury County,KINGSBURY,2022,5282,925,0.175123
46077,SD,Kingsbury County,KINGSBURY,2023,5262,921,0.175029
46077,SD,Kingsbury County,KINGSBURY,2024,5261,921,0.175062
46079,SD,Lake County,LAKE,2020,11016,1928,0.175018
46079,SD,Lake County,LAKE,2021,10862,1901,0.175014
46079,SD,Lake County,LAKE,2022,10945,1915,0.174966
46079,SD,Lake County,LAKE,2023,11033,1931,0.17502
46079,SD,Lake County,LAKE,2024,11006,1926,0.174995
46081,SD,Lawrence County,LAWRENCE,2020,25849,4524,0.175016
46081,SD,Lawrence County,LAWRENCE,2021,26169,4580,0.175016
46081,SD,Lawrence County,LAWRENCE,2022,27234,4766,0.175002
46081,SD,Lawrence County,LAWRENCE,2023,28106,4919,0.175016
46081,SD,Lawrence County,LAWRENCE,2024,28809,5042,0.175015
46083,SD,Lincoln County,LINCOLN,2020,65648,11489,0.175009
46083,SD,Lincoln County,LINCOLN,2021,68002,11901,0.17501
46083,SD,Lincoln County,LINCOLN,2022,71156,12453,0.17501
46083,SD,Lincoln County,LINCOLN,2023,73142,12800,0.175002
46083,SD,Lincoln County,LINCOLN,2024,75244,13168,0.175004
46085,SD,Lyman County,LYMAN,2020,3701,648,0.175088
46085,SD,Lyman County,LYMAN,2021,3760,658,0.175
46085,SD,Lyman County,LYMAN,2022,3717,650,0.174872
46085,SD,Lyman County,LYMAN,2023,3720,651,0.175
46085,SD,Lyman County,LYMAN,2024,3721,651,0.174953
46087,SD,McCook County,MCCOOK,2020,5674,993,0.175009
46087,SD,McCook County,MCCOOK,2021,5725,1002,0.175022
46087,SD,McCook County,MCCOOK,2022,5775,1011,0.175065
46087,SD,McCook County,MCCOOK,2023,5809,1017,0.175073
46087,SD,McCook County,MCCOOK,2024,5771,1010,0.175013
46089,SD,McPherson County,MCPHERSON,2020,2403,421,0.175198
46089,SD,McPherson County,MCPHERSON,2021,2419,424,0.175279
46089,SD,McPherson County,MCPHERSON,2022,2401,420,0.174927
46089,SD,McPherson County,MCPHERSON,2023,2335,409,0.175161
46089,SD,McPherson County,MCPHERSON,2024,2307,404,0.175119
46091,SD,Marshall County,MARSHALL,2020,4298,752,0.174965
46091,SD,Marshall County,MARSHALL,2021,4314,755,0.175012
46091,SD,Marshall County,MARSHALL,2022,4354,762,0.175011
46091,SD,Marshall County,MARSHALL,2023,4358,763,0.17508
46091,SD,Marshall County,MARSHALL,2024,4395,769,0.174972
46093,SD,Meade County,MEADE,2020,29903,5233,0.174999
46093,SD,Meade County,MEADE,2021,30298,5302,0.174995
46093,SD,Meade County,MEADE,2022,30679,5369,0.175006
46093,SD,Meade County,MEADE,2023,30931,5413,0.175002
46093,SD,Meade County,MEADE,2024,30918,5411,0.175011
46095,SD,Mellette County,MELLETTE,2020,1922,336,0.174818
46095,SD,Mellette County,MELLETTE,2021,1900,333,0.175263
46095,SD,Mellette County,MELLETTE,2022,1867,327,0.175147
46095,SD,Mellette County,MELLETTE,2023,1843,323,0.175258
46095,SD,Mellette County,MELLETTE,2024,1834,321,0.175027
46097,SD,Miner County,MINER,2020,2304,403,0.174913
46097,SD,Miner County,MINER,2021,2311,404,0.174816
46097,SD,Miner County,MINER,2022,2289,401,0.175186
46097,SD,Miner County,MINER,2023,2293,401,0.17488
46097,SD,Miner County,MINER,2024,2303,403,0.174989
46099,SD,Minnehaha County,MINNEHAHA,2020,197718,34601,0.175002
46099,SD,Minnehaha County,MINNEHAHA,2021,199947,34991,0.175001
46099,SD,Minnehaha County,MINNEHAHA,2022,203675,35643,0.174999
46099,SD,Minnehaha County,MINNEHAHA,2023,206464,36131,0.174999
46099,SD,Minnehaha County,MINNEHAHA,2024,208639,36512,0.175001
46101,SD,Moody County,MOODY,2020,6339,1110,0.175106
46101,SD,Moody County,MOODY,2021,6307,1104,0.175044
46101,SD,Moody County,MOODY,2022,6366,1114,0.174992
46101,SD,Moody County,MOODY,2023,6444,1128,0.175047
46101,SD,Moody County,MOODY,2024,6529,1143,0.175065
46102,SD,Oglala Lakota County,OGLALA LAKOTA,2020,13648,2388,0.174971
46102,SD,Oglala Lakota County,OGLALA LAKOTA,2021,13559,2373,0.175013
46102,SD,Oglala Lakota County,OGLALA LAKOTA,2022,13482,2359,0.174974
46102,SD,Oglala Lakota County,OGLALA LAKOTA,2023,13407,2346,0.174983
46102,SD,Oglala Lakota County,OGLALA LAKOTA,2024,13360,2338,0.175
46103,SD,Pennington County,PENNINGTON,2020,109573,19175,0.174997
46103,SD,Pennington County,PENNINGTON,2021,111903,19583,0.175
46103,SD,Pennington County,PENNINGTON,2022,114269,19997,0.174999
46103,SD,Pennington County,PENNINGTON,2023,115834,20271,0.175
46103,SD,Pennington County,PENNINGTON,2024,115979,20296,0.174997
46105,SD,Perkins County,PERKINS,2020,2849,499,0.175149
46105,SD,Perkins County,PERKINS,2021,2833,496,0.175079
46105,SD,Perkins County,PERKINS,2022,2807,492,0.175276
46105,SD,Perkins County,PERKINS,2023,2823,494,0.174991
46105,SD,Perkins County,PERKINS,2024,2832,496,0.175141
46107,SD,Potter County,POTTER,2020,2474,433,0.17502
46107,SD,Potter County,POTTER,2021,2473,432,0.174687
46107,SD,Potter County,POTTER,2022,2450,428,0.174694
46107,SD,Potter County,POTTER,2023,2416,422,0.174669
46107,SD,Potter County,POTTER,2024,2402,420,0.174854
46109,SD,Roberts County,ROBERTS,2020,10262,1796,0.175015
46109,SD,Roberts County,ROBERTS,2021,10180,1782,0.175049
46109,SD,Roberts County,ROBERTS,2022,10157,1778,0.175052
46109,SD,Roberts County,ROBERTS,2023,10222,1789,0.175015
46109,SD,Roberts County,ROBERTS,2024,10283,1800,0.175046
46111,SD,Sanborn County,SANBORN,2020,2330,408,0.175107
46111,SD,Sanborn County,SANBORN,2021,2379,417,0.175284
46111,SD,Sanborn County,SANBORN,2022,2413,423,0.1753
46111,SD,Sanborn County,SANBORN,2023,2407,422,0.175322
46111,SD,Sanborn County,SANBORN,2024,2392,419,0.175167
46115,SD,Spink County,SPINK,2020,6342,1110,0.175024
46115,SD,Spink County,SPINK,2021,6265,1096,0.17494
46115,SD,Spink County,SPINK,2022,6232,1091,0.175064
46115,SD,Spink County,SPINK,2023,6149,1076,0.174988
46115,SD,Spink County,SPINK,2024,6108,1069,0.175016
46117,SD,Stanley County,STANLEY,2020,2970,520,0.175084
46117,SD,Stanley County,STANLEY,2021,3034,531,0.175016
46117,SD,Stanley County,STANLEY,2022,3014,528,0.175182
46117,SD,Stanley County,STANLEY,2023,3040,532,0.175
46117,SD,Stanley County,STANLEY,2024,3015,528,0.175124
46119,SD,Sully County,SULLY,2020,1452,254,0.174931
46119,SD,Sully County,SULLY,2021,1472,258,0.175272
46119,SD,Sully County,SULLY,2022,1478,259,0.175237
46119,SD,Sully County,SULLY,2023,1485,260,0.175084
46119,SD,Sully County,SULLY,2024,1468,257,0.175068
46121,SD,Todd County,TODD,2020,9321,1631,0.174981
46121,SD,Todd County,TODD,2021,9298,1627,0.174984
46121,SD,Todd County,TODD,2022,9256,1620,0.175022
46121,SD,Todd County,TODD,2023,9175,1606,0.175041
46121,SD,Todd County,TODD,2024,9172,1605,0.174989
46123,SD,Tripp County,TRIPP,2020,5607,981,0.17496
46123,SD,Tripp County,TRIPP,2021,5577,976,0.175004
46123,SD,Tripp County,TRIPP,2022,5548,970,0.174838
46123,SD,Tripp County,TRIPP,2023,5607,981,0.17496
46123,SD,Tripp County,TRIPP,2024,5717,1000,0.174917
46125,SD,Turner County,TURNER,2020,8686,1520,0.174994
46125,SD,Turner County,TURNER,2021,8693,1521,0.174968
46125,SD,Turner County,TURNER,2022,8890,1556,0.175028
46125,SD,Turner County,TURNER,2023,9052,1584,0.174989
46125,SD,Turner County,TURNER,2024,9087,1590,0.174975
46127,SD,Union County,UNION,2020,16857,2950,0.175001
46127,SD,Union County,UNION,2021,16875,2953,0.174993
46127,SD,Union County,UNION,2022,17083,2989,0.174969
46127,SD,Union County,UNION,2023,17186,3007,0.174968
46127,SD,Union County,UNION,2024,17402,3045,0.17498
46129,SD,Walworth County,WALWORTH,2020,5294,926,0.174915
46129,SD,Walworth County,WALWORTH,2021,5261,920,0.174872
46129,SD,Walworth County,WALWORTH,2022,5266,921,0.174896
46129,SD,Walworth County,WALWORTH,2023,5264,921,0.174962
46129,SD,Walworth County,WALWORTH,2024,5270,922,0.174953
46135,SD,Yankton County,YANKTON,2020,23286,4075,0.174998
46135,SD,Yankton County,YANKTON,2021,23358,4088,0.175015
46135,SD,Yankton County,YANKTON,2022,23407,4096,0.17499
46135,SD,Yankton County,YANKTON,2023,23509,4114,0.174997
46135,SD,Yankton County,YANKTON,2024,23509,4114,0.174997
46137,SD,Ziebach County,ZIEBACH,2020,2393,419,0.175094
46137,SD,Ziebach County,ZIEBACH,2021,2383,417,0.17499
46137,SD,Ziebach County,ZIEBACH,2022,2369,414,0.174757
46137,SD,Ziebach County,ZIEBACH,2023,2322,406,0.174849
46137,SD,Ziebach County,ZIEBACH,2024,2418,423,0.174938
47001,TN,Anderson County,ANDERSON,2020,77327,13145,0.169992
47001,TN,Anderson County,ANDERSON,2021,77632,13197,0.169994
47001,TN,Anderson County,ANDERSON,2022,79016,13432,0.169991
47001,TN,Anderson County,ANDERSON,2023,80343,13658,0.169996
47001,TN,Anderson County,ANDERSON,2024,81449,13846,0.169996
47003,TN,Bedford County,BEDFORD,2020,50396,8568,0.170013
47003,TN,Bedford County,BEDFORD,2021,51201,8704,0.169997
47003,TN,Bedford County,BEDFORD,2022,52088,8855,0.170001
47003,TN,Bedford County,BEDFORD,2023,53274,9057,0.170008
47003,TN,Bedford County,BEDFORD,2024,54228,9219,0.170004
47005,TN,Benton County,BENTON,2020,15853,2695,0.169999
47005,TN,Benton County,BENTON,2021,15836,2692,0.169992
47005,TN,Benton County,BENTON,2022,16001,2720,0.169989
47005,TN,Benton County,BENTON,2023,16167,2748,0.169976
47005,TN,Benton County,BENTON,2024,16173,2749,0.169975
47007,TN,Bledsoe County,BLEDSOE,2020,14955,2542,0.169977
47007,TN,Bledsoe County,BLEDSOE,2021,14839,2522,0.169958
47007,TN,Bledsoe County,BLEDSOE,2022,14769,2510,0.169951
47007,TN,Bledsoe County,BLEDSOE,2023,15008,2551,0.169976
47007,TN,Bledsoe County,BLEDSOE,2024,15591,2650,0.16997
47009,TN,Blount County,BLOUNT,2020,135656,23062,0.170004
47009,TN,Blount County,BLOUNT,2021,137624,23396,0.169999
47009,TN,Blount County,BLOUNT,2022,139789,23764,0.169999
47009,TN,Blount County,BLOUNT,2023,141384,24035,0.169998
47009,TN,Blount County,BLOUNT,2024,142211,24176,0.170001
47011,TN,Bradley County,BRADLEY,2020,108831,18501,0.169998
47011,TN,Bradley County,BRADLEY,2021,109766,18660,0.169998
47011,TN,Bradley County,BRADLEY,2022,110814,18838,0.169997
47011,TN,Bradley County,BRADLEY,2023,112132,19062,0.169996
47011,TN,Bradley County,BRADLEY,2024,113782,19343,0.170001
47013,TN,Campbell County,CAMPBELL,2020,39306,6682,0.169999
47013,TN,Campbell County,CAMPBELL,2021,39457,6707,0.169983
47013,TN,Campbell County,CAMPBELL,2022,39578,6728,0.169993
47013,TN,Campbell County,CAMPBELL,2023,40225,6838,0.169994
47013,TN,Campbell County,CAMPBELL,2024,40238,6840,0.169989
47015,TN,Cannon County,CANNON,2020,14561,2475,0.169975
47015,TN,Cannon County,CANNON,2021,14537,2471,0.16998
47015,TN,Cannon County,CANNON,2022,14797,2515,0.169967
47015,TN,Cannon County,CANNON,2023,15051,2559,0.170022
47015,TN,Cannon County,CANNON,2024,15142,2574,0.169991
47017,TN,Carroll County,CARROLL,2020,28428,4833,0.170008
47017,TN,Carroll County,CARROLL,2021,28291,4809,0.169983
47017,TN,Carroll County,CARROLL,2022,28431,4833,0.169991
47017,TN,Carroll County,CARROLL,2023,28950,4921,0.169983
47017,TN,Carroll County,CARROLL,2024,29107,4948,0.169993
47019,TN,Carter County,CARTER,2020,56386,9586,0.170007
47019,TN,Carter County,CARTER,2021,56095,9536,0.169997
47019,TN,Carter County,CARTER,2022,56531,9610,0.169995
47019,TN,Carter County,CARTER,2023,57112,9709,0.169999
47019,TN,Carter County,CARTER,2024,57434,9764,0.170004
47021,TN,Cheatham County,CHEATHAM,2020,41090,6986,0.170017
47021,TN,Cheatham County,CHEATHAM,2021,41460,7049,0.170019
47021,TN,Cheatham County,CHEATHAM,2022,41742,7096,0.169997
47021,TN,Cheatham County,CHEATHAM,2023,42247,7182,0.17
47021,TN,Cheatham County,CHEATHAM,2024,42604,7243,0.170008
47023,TN,Chester County,CHESTER,2020,17385,2956,0.170032
47023,TN,Chester County,CHESTER,2021,17475,2971,0.170014
47023,TN,Chester County,CHESTER,2022,17599,2992,0.17001
47023,TN,Chester County,CHESTER,2023,17722,3013,0.170015
47023,TN,Chester County,CHESTER,2024,17876,3039,0.170004
47025,TN,Claiborne County,CLAIBORNE,2020,32066,5451,0.169993
47025,TN,Claiborne County,CLAIBORNE,2021,32055,5449,0.169989
47025,TN,Claiborne County,CLAIBORNE,2022,32400,5508,0.17
47025,TN,Claiborne County,CLAIBORNE,2023,32738,5566,0.170016
47025,TN,Claiborne County,CLAIBORNE,2024,33070,5622,0.170003
47027,TN,Clay County,CLAY,2020,7594,1291,0.170003
47027,TN,Clay County,CLAY,2021,7591,1291,0.17007
47027,TN,Clay County,CLAY,2022,7635,1298,0.170007
47027,TN,Clay County,CLAY,2023,7672,1305,0.170099
47027,TN,Clay County,CLAY,2024,7857,1336,0.170039
47029,TN,Cocke County,COCKE,2020,36043,6127,0.169991
47029,TN,Cocke County,COCKE,2021,36367,6182,0.169989
47029,TN,Cocke County,COCKE,2022,36786,6253,0.169983
47029,TN,Cocke County,COCKE,2023,37272,6336,0.169994
47029,TN,Cocke County,COCKE,2024,37596,6391,0.169991
47031,TN,Coffee County,COFFEE,2020,58145,9884,0.169989
47031,TN,Coffee County,COFFEE,2021,58986,10027,0.169989
47031,TN,Coffee County,COFFEE,2022,59663,10142,0.169988
47031,TN,Coffee County,COFFEE,2023,60472,10280,0.169996
47031,TN,Coffee County,COFFEE,2024,61285,10418,0.169993
47033,TN,Crockett County,CROCKETT,2020,13905,2363,0.169939
47033,TN,Crockett County,CROCKETT,2021,13988,2378,0.170003
47033,TN,Crockett County,CROCKETT,2022,13862,2356,0.169961
47033,TN,Crockett County,CROCKETT,2023,13991,2378,0.169966
47033,TN,Crockett County,CROCKETT,2024,13973,2375,0.169971
47035,TN,Cumberland County,CUMBERLAND,2020,61372,10433,0.169996
47035,TN,Cumberland County,CUMBERLAND,2021,62391,10606,0.169992
47035,TN,Cumberland County,CUMBERLAND,2022,63537,10801,0.169995
47035,TN,Cumberland County,CUMBERLAND,2023,64848,11024,0.169998
47035,TN,Cumberland County,CUMBERLAND,2024,65618,11155,0.169999
47037,TN,Davidson County,DAVIDSON,2020,716095,121736,0.17
47037,TN,Davidson County,DAVIDSON,2021,700966,119164,0.17
47037,TN,Davidson County,DAVIDSON,2022,711280,120918,0.170001
47037,TN,Davidson County,DAVIDSON,2023,719092,122246,0.170001
47037,TN,Davidson County,DAVIDSON,2024,729505,124016,0.17
47039,TN,Decatur County,DECATUR,2020,11433,1944,0.170034
47039,TN,Decatur County,DECATUR,2021,11408,1939,0.169968
47039,TN,Decatur County,DECATUR,2022,11546,1963,0.170016
47039,TN,Decatur County,DECATUR,2023,11709,1991,0.17004
47039,TN,Decatur County,DECATUR,2024,11800,2006,0.17
47041,TN,DeKalb County,DEKALB,2020,20191,3432,0.169977
47041,TN,DeKalb County,DEKALB,2021,20506,3486,0.169999
47041,TN,DeKalb County,DEKALB,2022,21013,3572,0.16999
47041,TN,DeKalb County,DEKALB,2023,21337,3627,0.169986
47041,TN,DeKalb County,DEKALB,2024,21747,3697,0.17
47043,TN,Dickson County,DICKSON,2020,54453,9257,0.17
47043,TN,Dickson County,DICKSON,2021,55194,9383,0.17
47043,TN,Dickson County,DICKSON,2022,55793,9485,0.170003
47043,TN,Dickson County,DICKSON,2023,56835,9662,0.170001
47043,TN,Dickson County,DICKSON,2024,57641,9799,0.170001
47045,TN,Dyer County,DYER,2020,36709,6241,0.170013
47045,TN,Dyer County,DYER,2021,36605,6223,0.170004
47045,TN,Dyer County,DYER,2022,36392,6187,0.17001
47045,TN,Dyer County,DYER,2023,36432,6194,0.170015
47045,TN,Dyer County,DYER,2024,36403,6189,0.170013
47047,TN,Fayette County,FAYETTE,2020,41865,7117,0.169999
47047,TN,Fayette County,FAYETTE,2021,42615,7245,0.170011
47047,TN,Fayette County,FAYETTE,2022,43296,7360,0.169993
47047,TN,Fayette County,FAYETTE,2023,44082,7494,0.170001
47047,TN,Fayette County,FAYETTE,2024,44476,7561,0.170002
47049,TN,Fentress County,FENTRESS,2020,18534,3151,0.170012
47049,TN,Fentress County,FENTRESS,2021,18839,3203,0.17002
47049,TN,Fentress County,FENTRESS,2022,19336,3287,0.169994
47049,TN,Fentress County,FENTRESS,2023,19708,3350,0.169982
47049,TN,Fentress County,FENTRESS,2024,20129,3422,0.170003
47051,TN,Franklin County,FRANKLIN,2020,42812,7278,0.169999
47051,TN,Franklin County,FRANKLIN,2021,43161,7337,0.169991
47051,TN,Franklin County,FRANKLIN,2022,44156,7506,0.169988
47051,TN,Franklin County,FRANKLIN,2023,44682,7596,0.170001
47051,TN,Franklin County,FRANKLIN,2024,45137,7673,0.169994
47053,TN,Gibson County,GIBSON,2020,50447,8576,0.17
47053,TN,Gibson County,GIBSON,2021,50471,8580,0.169999
47053,TN,Gibson County,GIBSON,2022,50855,8646,0.170013
47053,TN,Gibson County,GIBSON,2023,51152,8696,0.170003
47053,TN,Gibson County,GIBSON,2024,51422,8742,0.170005
47055,TN,Giles County,GILES,2020,30344,5158,0.169984
47055,TN,Giles County,GILES,2021,30411,5170,0.170004
47055,TN,Giles County,GILES,2022,30560,5195,0.169993
47055,TN,Giles County,GILES,2023,30815,5238,0.169982
47055,TN,Giles County,GILES,2024,30971,5265,0.169998
47057,TN,Grainger County,GRAINGER,2020,23569,4006,0.169969
47057,TN,Grainger County,GRAINGER,2021,23801,4046,0.169993
47057,TN,Grainger County,GRAINGER,2022,24191,4112,0.169981
47057,TN,Grainger County,GRAINGER,2023,24697,4198,0.16998
47057,TN,Grainger County,GRAINGER,2024,25073,4262,0.169984
47059,TN,Greene County,GREENE,2020,70348,11959,0.169998
47059,TN,Greene County,GREENE,2021,70570,11997,0.170001
47059,TN,Greene County,GREENE,2022,71279,12118,0.170008
47059,TN,Greene County,GREENE,2023,72546,12333,0.170002
47059,TN,Greene County,GREENE,2024,73398,12478,0.170005
47061,TN,Grundy County,GRUNDY,2020,13548,2303,0.169988
47061,TN,Grundy County,GRUNDY,2021,13595,2311,0.169989
47061,TN,Grundy County,GRUNDY,2022,13813,2348,0.169985
47061,TN,Grundy County,GRUNDY,2023,13992,2378,0.169954
47061,TN,Grundy County,GRUNDY,2024,14148,2405,0.169989
47063,TN,Hamblen County,HAMBLEN,2020,64542,10973,0.170013
47063,TN,Hamblen County,HAMBLEN,2021,64361,10942,0.17001
47063,TN,Hamblen County,HAMBLEN,2022,65263,11095,0.170004
47063,TN,Hamblen County,HAMBLEN,2023,66466,11300,0.170012
47063,TN,Hamblen County,HAMBLEN,2024,67715,11512,0.170007
47065,TN,Hamilton County,HAMILTON,2020,367891,62542,0.170001
47065,TN,Hamilton County,HAMILTON,2021,369678,62846,0.170002
47065,TN,Hamilton County,HAMILTON,2022,375861,63897,0.170002
47065,TN,Hamilton County,HAMILTON,2023,381272,64817,0.170002
47065,TN,Hamilton County,HAMILTON,2024,386256,65664,0.170001
47067,TN,Hancock County,HANCOCK,2020,6626,1126,0.169937
47067,TN,Hancock County,HANCOCK,2021,6794,1155,0.170003
47067,TN,Hancock County,HANCOCK,2022,6838,1162,0.169933
47067,TN,Hancock County,HANCOCK,2023,6963,1183,0.169898
47067,TN,Hancock County,HANCOCK,2024,7038,1196,0.169935
47069,TN,Hardeman County,HARDEMAN,2020,25438,4325,0.170021
47069,TN,Hardeman County,HARDEMAN,2021,25266,4295,0.169991
47069,TN,Hardeman County,HARDEMAN,2022,25493,4334,0.170007
47069,TN,Hardeman County,HARDEMAN,2023,25523,4339,0.170004
47069,TN,Hardeman County,HARDEMAN,2024,25434,4324,0.170009
47071,TN,Hardin County,HARDIN,2020,26958,4583,0.170005
47071,TN,Hardin County,HARDIN,2021,26980,4587,0.170015
47071,TN,Hardin County,HARDIN,2022,27240,4631,0.170007
47071,TN,Hardin County,HARDIN,2023,27449,4666,0.169988
47071,TN,Hardin County,HARDIN,2024,27617,4695,0.170004
47073,TN,Hawkins County,HAWKINS,2020,56721,9643,0.170008
47073,TN,Hawkins County,HAWKINS,2021,57206,9725,0.17
47073,TN,Hawkins County,HAWKINS,2022,57915,9845,0.169991
47073,TN,Hawkins County,HAWKINS,2023,58608,9963,0.169994
47073,TN,Hawkins County,HAWKINS,2024,59371,10093,0.169999
47075,TN,Haywood County,HAYWOOD,2020,17825,3030,0.169986
47075,TN,Haywood County,HAYWOOD,2021,17673,3004,0.169977
47075,TN,Haywood County,HAYWOOD,2022,17470,2969,0.169948
47075,TN,Haywood County,HAYWOOD,2023,17312,2943,0.169998
47075,TN,Haywood County,HAYWOOD,2024,17097,2906,0.169971
47077,TN,Henderson County,HENDERSON,2020,27831,4731,0.16999
47077,TN,Henderson County,HENDERSON,2021,27916,4746,0.17001
47077,TN,Henderson County,HENDERSON,2022,27907,4744,0.169993
47077,TN,Henderson County,HENDERSON,2023,28065,4771,0.169998
47077,TN,Henderson County,HENDERSON,2024,28183,4791,0.169996
47079,TN,Henry County,HENRY,2020,32146,5465,0.170006
47079,TN,Henry County,HENRY,2021,32248,5482,0.169995
47079,TN,Henry County,HENRY,2022,32328,5496,0.170007
47079,TN,Henry County,HENRY,2023,32454,5517,0.169994
47079,TN,Henry County,HENRY,2024,32883,5590,0.169997
47081,TN,Hickman County,HICKMAN,2020,24970,4245,0.170004
47081,TN,Hickman County,HICKMAN,2021,25082,4264,0.170002
47081,TN,Hickman County,HICKMAN,2022,25479,4331,0.169983
47081,TN,Hickman County,HICKMAN,2023,25788,4384,0.170002
47081,TN,Hickman County,HICKMAN,2024,25859,4396,0.169999
47083,TN,Houston County,HOUSTON,2020,8305,1411,0.169898
47083,TN,Houston County,HOUSTON,2021,8292,1409,0.169923
47083,TN,Houston County,HOUSTON,2022,8230,1399,0.169988
47083,TN,Houston County,HOUSTON,2023,8398,1427,0.169921
47083,TN,Houston County,HOUSTON,2024,8538,1451,0.169946
47085,TN,Humphreys County,HUMPHREYS,2020,18996,3229,0.169983
47085,TN,Humphreys County,HUMPHREYS,2021,19179,3260,0.169978
47085,TN,Humphreys County,HUMPHREYS,2022,19046,3238,0.170009
47085,TN,Humphreys County,HUMPHREYS,2023,19293,3280,0.17001
47085,TN,Humphreys County,HUMPHREYS,2024,19554,3324,0.169991
47087,TN,Jackson County,JACKSON,2020,11631,1977,0.169977
47087,TN,Jackson County,JACKSON,2021,11771,2001,0.169994
47087,TN,Jackson County,JACKSON,2022,12022,2044,0.170022
47087,TN,Jackson County,JACKSON,2023,12344,2099,0.170042
47087,TN,Jackson County,JACKSON,2024,12376,2104,0.170006
47089,TN,Jefferson County,JEFFERSON,2020,54917,9336,0.170002
47089,TN,Jefferson County,JEFFERSON,2021,55550,9444,0.170009
47089,TN,Jefferson County,JEFFERSON,2022,56739,9646,0.170007
47089,TN,Jefferson County,JEFFERSON,2023,57897,9843,0.170009
47089,TN,Jefferson County,JEFFERSON,2024,59217,10067,0.170002
47091,TN,Johnson County,JOHNSON,2020,17994,3059,0.170001
47091,TN,Johnson County,JOHNSON,2021,18061,3070,0.16998
47091,TN,Johnson County,JOHNSON,2022,18044,3067,0.169973
47091,TN,Johnson County,JOHNSON,2023,18376,3124,0.170004
47091,TN,Johnson County,JOHNSON,2024,18506,3146,0.169999
47093,TN,Knox County,KNOX,2020,480530,81690,0.17
47093,TN,Knox County,KNOX,2021,486005,82621,0.17
47093,TN,Knox County,KNOX,2022,495882,84300,0.17
47093,TN,Knox County,KNOX,2023,501576,85268,0.17
47093,TN,Knox County,KNOX,2024,506748,86147,0.17
47095,TN,Lake County,LAKE,2020,6985,1188,0.170079
47095,TN,Lake County,LAKE,2021,6636,1128,0.169982
47095,TN,Lake County,LAKE,2022,6493,1104,0.170029
47095,TN,Lake County,LAKE,2023,6407,1089,0.16997
47095,TN,Lake County,LAKE,2024,6422,1092,0.17004
47097,TN,Lauderdale County,LAUDERDALE,2020,25125,4271,0.16999
47097,TN,Lauderdale County,LAUDERDALE,2021,24888,4231,0.170002
47097,TN,Lauderdale County,LAUDERDALE,2022,24725,4203,0.16999
47097,TN,Lauderdale County,LAUDERDALE,2023,24554,4174,0.169993
47097,TN,Lauderdale County,LAUDERDALE,2024,24630,4187,0.169996
47099,TN,Lawrence County,LAWRENCE,2020,44179,7510,0.16999
47099,TN,Lawrence County,LAWRENCE,2021,44768,7610,0.169987
47099,TN,Lawrence County,LAWRENCE,2022,45476,7731,0.170002
47099,TN,Lawrence County,LAWRENCE,2023,46033,7825,0.169987
47099,TN,Lawrence County,LAWRENCE,2024,46467,7899,0.169992
47101,TN,Lewis County,LEWIS,2020,12607,2143,0.169985
47101,TN,Lewis County,LEWIS,2021,12856,2185,0.16996
47101,TN,Lewis County,LEWIS,2022,12934,2199,0.170017
47101,TN,Lewis County,LEWIS,2023,13146,2235,0.170014
47101,TN,Lewis County,LEWIS,2024,13418,2281,0.169996
47103,TN,Lincoln County,LINCOLN,2020,35338,6008,0.170015
47103,TN,Lincoln County,LINCOLN,2021,35444,6026,0.170015
47103,TN,Lincoln County,LINCOLN,2022,36006,6121,0.169999
47103,TN,Lincoln County,LINCOLN,2023,36193,6153,0.170005
47103,TN,Lincoln County,LINCOLN,2024,36751,6248,0.170009
47105,TN,Loudon County,LOUDON,2020,55136,9373,0.169998
47105,TN,Loudon County,LOUDON,2021,56800,9656,0.17
47105,TN,Loudon County,LOUDON,2022,58255,9903,0.169994
47105,TN,Loudon County,LOUDON,2023,60581,10299,0.170004
47105,TN,Loudon County,LOUDON,2024,62129,10562,0.170001
47107,TN,McMinn County,MCMINN,2020,53344,9068,0.169991
47107,TN,McMinn County,MCMINN,2021,53922,9167,0.170005
47107,TN,McMinn County,MCMINN,2022,54680,9295,0.169989
47107,TN,McMinn County,MCMINN,2023,55720,9472,0.169993
47107,TN,McMinn County,MCMINN,2024,56754,9648,0.169997
47109,TN,McNairy County,MCNAIRY,2020,25858,4396,0.170005
47109,TN,McNairy County,MCNAIRY,2021,25853,4395,0.17
47109,TN,McNairy County,MCNAIRY,2022,25971,4416,0.170036
47109,TN,McNairy County,MCNAIRY,2023,26065,4432,0.170036
47109,TN,McNairy County,MCNAIRY,2024,26103,4438,0.170019
47111,TN,Macon County,MACON,2020,25269,4296,0.170011
47111,TN,Macon County,MACON,2021,25678,4365,0.16999
47111,TN,Macon County,MACON,2022,26225,4458,0.16999
47111,TN,Macon County,MACON,2023,26837,4562,0.169989
47111,TN,Macon County,MACON,2024,27189,4622,0.169995
47113,TN,Madison County,MADISON,2020,98834,16802,0.170002
47113,TN,Madison County,MADISON,2021,98580,16759,0.170004
47113,TN,Madison County,MADISON,2022,99264,16875,0.170001
47113,TN,Madison County,MADISON,2023,99390,16897,0.170007
47113,TN,Madison County,MADISON,2024,100409,17070,0.170005
47115,TN,Marion County,MARION,2020,28905,4913,0.169971
47115,TN,Marion County,MARION,2021,28960,4923,0.169993
47115,TN,Marion County,MARION,2022,29101,4947,0.169994
47115,TN,Marion County,MARION,2023,29458,5007,0.169971
47115,TN,Marion County,MARION,2024,29826,5070,0.169986
47117,TN,Marshall County,MARSHALL,2020,34472,5860,0.169993
47117,TN,Marshall County,MARSHALL,2021,35057,5960,0.170009
47117,TN,Marshall County,MARSHALL,2022,35862,6097,0.170013
47117,TN,Marshall County,MARSHALL,2023,37008,6291,0.16999
47117,TN,Marshall County,MARSHALL,2024,37847,6434,0.17
47119,TN,Maury County,MAURY,2020,101836,17312,0.169999
47119,TN,Maury County,MAURY,2021,104965,17844,0.17
47119,TN,Maury County,MAURY,2022,108007,18361,0.169998
47119,TN,Maury County,MAURY,2023,110734,18825,0.170002
47119,TN,Maury County,MAURY,2024,113411,19280,0.170001
47121,TN,Meigs County,MEIGS,2020,12809,2177,0.169959
47121,TN,Meigs County,MEIGS,2021,13022,2213,0.169943
47121,TN,Meigs County,MEIGS,2022,13265,2255,0.169996
47121,TN,Meigs County,MEIGS,2023,13682,2326,0.170004
47121,TN,Meigs County,MEIGS,2024,13937,2369,0.169979
47123,TN,Monroe County,MONROE,2020,46399,7888,0.170004
47123,TN,Monroe County,MONROE,2021,46651,7930,0.169986
47123,TN,Monroe County,MONROE,2022,47694,8108,0.17
47123,TN,Monroe County,MONROE,2023,48578,8258,0.169995
47123,TN,Monroe County,MONROE,2024,49154,8356,0.169996
47125,TN,Montgomery County,MONTGOMERY,2020,221309,37622,0.169998
47125,TN,Montgomery County,MONTGOMERY,2021,227780,38722,0.169997
47125,TN,Montgomery County,MONTGOMERY,2022,235252,39993,0.170001
47125,TN,Montgomery County,MONTGOMERY,2023,240398,40867,0.169997
47125,TN,Montgomery County,MONTGOMERY,2024,246025,41824,0.169999
47127,TN,Moore County,MOORE,2020,6466,1099,0.169966
47127,TN,Moore County,MOORE,2021,6644,1129,0.169928
47127,TN,Moore County,MOORE,2022,6715,1141,0.169918
47127,TN,Moore County,MOORE,2023,6774,1151,0.169914
47127,TN,Moore County,MOORE,2024,6773,1151,0.169939
47129,TN,Morgan County,MORGAN,2020,21050,3578,0.169976
47129,TN,Morgan County,MORGAN,2021,21120,3590,0.169981
47129,TN,Morgan County,MORGAN,2022,21176,3600,0.170004
47129,TN,Morgan County,MORGAN,2023,21503,3655,0.169976
47129,TN,Morgan County,MORGAN,2024,21954,3732,0.169992
47131,TN,Obion County,OBION,2020,30775,5231,0.169976
47131,TN,Obion County,OBION,2021,30461,5178,0.169988
47131,TN,Obion County,OBION,2022,30365,5162,0.169998
47131,TN,Obion County,OBION,2023,30403,5168,0.169983
47131,TN,Obion County,OBION,2024,30261,5144,0.169988
47133,TN,Overton County,OVERTON,2020,22587,3840,0.170009
47133,TN,Overton County,OVERTON,2021,22836,3882,0.169995
47133,TN,Overton County,OVERTON,2022,22992,3909,0.170016
47133,TN,Overton County,OVERTON,2023,23358,3971,0.170006
47133,TN,Overton County,OVERTON,2024,23551,4004,0.170014
47135,TN,Perry County,PERRY,2020,8386,1426,0.170045
47135,TN,Perry County,PERRY,2021,8499,1445,0.17002
47135,TN,Perry County,PERRY,2022,8702,1480,0.170076
47135,TN,Perry County,PERRY,2023,8911,1515,0.170015
47135,TN,Perry County,PERRY,2024,8987,1528,0.170023
47137,TN,Pickett County,PICKETT,2020,4999,849,0.169834
47137,TN,Pickett County,PICKETT,2021,5071,862,0.169986
47137,TN,Pickett County,PICKETT,2022,5102,867,0.169933
47137,TN,Pickett County,PICKETT,2023,5114,869,0.169926
47137,TN,Pickett County,PICKETT,2024,5108,868,0.16993
47139,TN,Polk County,POLK,2020,17567,2986,0.169978
47139,TN,Polk County,POLK,2021,17722,3012,0.169958
47139,TN,Polk County,POLK,2022,17799,3025,0.169953
47139,TN,Polk County,POLK,2023,18066,3071,0.169988
47139,TN,Polk County,POLK,2024,18338,3117,0.169975
47141,TN,Putnam County,PUTNAM,2020,80078,13613,0.169997
47141,TN,Putnam County,PUTNAM,2021,81262,13815,0.170006
47141,TN,Putnam County,PUTNAM,2022,82603,14043,0.170006
47141,TN,Putnam County,PUTNAM,2023,83952,14272,0.170002
47141,TN,Putnam County,PUTNAM,2024,84894,14432,0.17
47143,TN,Rhea County,RHEA,2020,33287,5659,0.170006
47143,TN,Rhea County,RHEA,2021,33539,5702,0.170011
47143,TN,Rhea County,RHEA,2022,34056,5789,0.169985
47143,TN,Rhea County,RHEA,2023,34319,5834,0.169993
47143,TN,Rhea County,RHEA,2024,34759,5909,0.169999
47145,TN,Roane County,ROANE,2020,53664,9123,0.170002
47145,TN,Roane County,ROANE,2021,54156,9206,0.16999
47145,TN,Roane County,ROANE,2022,55256,9393,0.169991
47145,TN,Roane County,ROANE,2023,56223,9558,0.170002
47145,TN,Roane County,ROANE,2024,56742,9646,0.169998
47147,TN,Robertson County,ROBERTSON,2020,72962,12404,0.170006
47147,TN,Robertson County,ROBERTSON,2021,74054,12589,0.169998
47147,TN,Robertson County,ROBERTSON,2022,75402,12818,0.169995
47147,TN,Robertson County,ROBERTSON,2023,76820,13059,0.169995
47147,TN,Robertson County,ROBERTSON,2024,78459,13338,0.17
47149,TN,Rutherford County,RUTHERFORD,2020,343302,58361,0.169999
47149,TN,Rutherford County,RUTHERFORD,2021,351241,59711,0.17
47149,TN,Rutherford County,RUTHERFORD,2022,362044,61547,0.169999
47149,TN,Rutherford County,RUTHERFORD,2023,369649,62840,0.169999
47149,TN,Rutherford County,RUTHERFORD,2024,376996,64089,0.169999
47151,TN,Scott County,SCOTT,2020,21876,3719,0.170004
47151,TN,Scott County,SCOTT,2021,21895,3722,0.169993
47151,TN,Scott County,SCOTT,2022,22033,3746,0.170018
47151,TN,Scott County,SCOTT,2023,22245,3782,0.170016
47151,TN,Scott County,SCOTT,2024,22517,3828,0.170005
47153,TN,Sequatchie County,SEQUATCHIE,2020,15847,2694,0.170001
47153,TN,Sequatchie County,SEQUATCHIE,2021,16448,2796,0.16999
47153,TN,Sequatchie County,SEQUATCHIE,2022,16943,2880,0.169982
47153,TN,Sequatchie County,SEQUATCHIE,2023,17189,2922,0.169992
47153,TN,Sequatchie County,SEQUATCHIE,2024,17620,2995,0.169977
47155,TN,Sevier County,SEVIER,2020,98865,16807,0.169999
47155,TN,Sevier County,SEVIER,2021,99667,16943,0.169996
47155,TN,Sevier County,SEVIER,2022,99318,16884,0.169999
47155,TN,Sevier County,SEVIER,2023,100224,17038,0.169999
47155,TN,Sevier County,SEVIER,2024,100184,17031,0.169997
47157,TN,Shelby County,SHELBY,2020,929788,158064,0.17
47157,TN,Shelby County,SHELBY,2021,923255,156953,0.17
47157,TN,Shelby County,SHELBY,2022,918382,156125,0.17
47157,TN,Shelby County,SHELBY,2023,913909,155364,0.169999
47157,TN,Shelby County,SHELBY,2024,910530,154790,0.17
47159,TN,Smith County,SMITH,2020,19966,3394,0.169989
47159,TN,Smith County,SMITH,2021,20166,3428,0.169989
47159,TN,Smith County,SMITH,2022,20485,3482,0.169978
47159,TN,Smith County,SMITH,2023,20545,3493,0.170017
47159,TN,Smith County,SMITH,2024,20783,3533,0.169995
47161,TN,Stewart County,STEWART,2020,13709,2330,0.169961
47161,TN,Stewart County,STEWART,2021,13813,2348,0.169985
47161,TN,Stewart County,STEWART,2022,14001,2380,0.169988
47161,TN,Stewart County,STEWART,2023,14246,2422,0.170013
47161,TN,Stewart County,STEWART,2024,14365,2442,0.169997
47163,TN,Sullivan County,SULLIVAN,2020,158244,26902,0.170003
47163,TN,Sullivan County,SULLIVAN,2021,159228,27069,0.170002
47163,TN,Sullivan County,SULLIVAN,2022,160891,27352,0.170003
47163,TN,Sullivan County,SULLIVAN,2023,162054,27550,0.170005
47163,TN,Sullivan County,SULLIVAN,2024,162703,27660,0.170003
47165,TN,Sumner County,SUMNER,2020,197420,33562,0.170003
47165,TN,Sumner County,SUMNER,2021,200536,34092,0.170004
47165,TN,Sumner County,SUMNER,2022,204018,34683,0.17
47165,TN,Sumner County,SUMNER,2023,208423,35432,0.17
47165,TN,Sumner County,SUMNER,2024,211721,35993,0.170002
47167,TN,Tipton County,TIPTON,2020,61047,10378,0.17
47167,TN,Tipton County,TIPTON,2021,61071,10382,0.169999
47167,TN,Tipton County,TIPTON,2022,61577,10468,0.169999
47167,TN,Tipton County,TIPTON,2023,61885,10521,0.170009
47167,TN,Tipton County,TIPTON,2024,62187,10572,0.170003
47169,TN,Trousdale County,TROUSDALE,2020,11634,1978,0.170019
47169,TN,Trousdale County,TROUSDALE,2021,11607,1973,0.169984
47169,TN,Trousdale County,TROUSDALE,2022,12085,2054,0.169963
47169,TN,Trousdale County,TROUSDALE,2023,12301,2091,0.169986
47169,TN,Trousdale County,TROUSDALE,2024,12159,2067,0.169998
47171,TN,Unicoi County,UNICOI,2020,17873,3038,0.169977
47171,TN,Unicoi County,UNICOI,2021,17617,2995,0.170006
47171,TN,Unicoi County,UNICOI,2022,17606,2993,0.169999
47171,TN,Unicoi County,UNICOI,2023,17812,3028,0.169998
47171,TN,Unicoi County,UNICOI,2024,17872,3038,0.169987
47173,TN,Union County,UNION,2020,19845,3374,0.170018
47173,TN,Union County,UNION,2021,20018,3403,0.169997
47173,TN,Union County,UNION,2022,20483,3482,0.169995
47173,TN,Union County,UNION,2023,20747,3527,0.17
47173,TN,Union County,UNION,2024,21064,3581,0.170006
47175,TN,Van Buren County,VAN BUREN,2020,6175,1050,0.17004
47175,TN,Van Buren County,VAN BUREN,2021,6295,1071,0.170135
47175,TN,Van Buren County,VAN BUREN,2022,6455,1098,0.170101
47175,TN,Van Buren County,VAN BUREN,2023,6576,1118,0.170012
47175,TN,Van Buren County,VAN BUREN,2024,6686,1137,0.170057
47177,TN,Warren County,WARREN,2020,41059,6980,0.169999
47177,TN,Warren County,WARREN,2021,41482,7052,0.170001
47177,TN,Warren County,WARREN,2022,42014,7142,0.169991
47177,TN,Warren County,WARREN,2023,42655,7251,0.169992
47177,TN,Warren County,WARREN,2024,43619,7415,0.169995
47179,TN,Washington County,WASHINGTON,2020,133225,22648,0.169998
47179,TN,Washington County,WASHINGTON,2021,133473,22690,0.169997
47179,TN,Washington County,WASHINGTON,2022,136339,23177,0.169995
47179,TN,Washington County,WASHINGTON,2023,138628,23567,0.170002
47179,TN,Washington County,WASHINGTON,2024,139642,23739,0.169999
47181,TN,Wayne County,WAYNE,2020,16225,2759,0.170046
47181,TN,Wayne County,WAYNE,2021,16334,2777,0.170013
47181,TN,Wayne County,WAYNE,2022,16259,2764,0.169998
47181,TN,Wayne County,WAYNE,2023,16047,2728,0.170001
47181,TN,Wayne County,WAYNE,2024,15974,2716,0.170026
47183,TN,Weakley County,WEAKLEY,2020,32897,5593,0.170016
47183,TN,Weakley County,WEAKLEY,2021,32880,5590,0.170012
47183,TN,Weakley County,WEAKLEY,2022,33032,5616,0.170017
47183,TN,Weakley County,WEAKLEY,2023,33110,5629,0.170009
47183,TN,Weakley County,WEAKLEY,2024,33162,5638,0.170014
47185,TN,White County,WHITE,2020,27446,4665,0.16997
47185,TN,White County,WHITE,2021,27544,4682,0.169983
47185,TN,White County,WHITE,2022,28004,4760,0.169976
47185,TN,White County,WHITE,2023,28697,4878,0.169983
47185,TN,White County,WHITE,2024,29108,4948,0.169988
47187,TN,Williamson County,WILLIAMSON,2020,249616,42435,0.170001
47187,TN,Williamson County,WILLIAMSON,2021,256155,43546,0.169999
47187,TN,Williamson County,WILLIAMSON,2022,261536,44461,0.17
47187,TN,Williamson County,WILLIAMSON,2023,265312,45103,0.17
47187,TN,Williamson County,WILLIAMSON,2024,269136,45753,0.17
47189,TN,Wilson County,WILSON,2020,148651,25271,0.170002
47189,TN,Wilson County,WILSON,2021,152044,25847,0.169997
47189,TN,Wilson County,WILSON,2022,159029,27035,0.17
47189,TN,Wilson County,WILSON,2023,164352,27940,0.170001
47189,TN,Wilson County,WILSON,2024,169948,28891,0.169999
48001,TX,Anderson County,ANDERSON,2020,57937,8401,0.145002
48001,TX,Anderson County,ANDERSON,2021,58317,8456,0.145001
48001,TX,Anderson County,ANDERSON,2022,57296,8308,0.145001
48001,TX,Anderson County,ANDERSON,2023,59134,8574,0.144993
48001,TX,Anderson County,ANDERSON,2024,59512,8629,0.144996
48003,TX,Andrews County,ANDREWS,2020,18616,2699,0.144983
48003,TX,Andrews County,ANDREWS,2021,18417,2671,0.145029
48003,TX,Andrews County,ANDREWS,2022,18372,2664,0.145003
48003,TX,Andrews County,ANDREWS,2023,18722,2715,0.145017
48003,TX,Andrews County,ANDREWS,2024,18923,2744,0.145009
48005,TX,Angelina County,ANGELINA,2020,86502,12543,0.145002
48005,TX,Angelina County,ANGELINA,2021,86852,12594,0.145005
48005,TX,Angelina County,ANGELINA,2022,87229,12649,0.145009
48005,TX,Angelina County,ANGELINA,2023,87698,12717,0.145009
48005,TX,Angelina County,ANGELINA,2024,88094,12774,0.145004
48007,TX,Aransas County,ARANSAS,2020,23939,3471,0.144994
48007,TX,Aransas County,ARANSAS,2021,24522,3555,0.144972
48007,TX,Aransas County,ARANSAS,2022,24973,3621,0.144997
48007,TX,Aransas County,ARANSAS,2023,25351,3676,0.145004
48007,TX,Aransas County,ARANSAS,2024,25595,3711,0.144989
48009,TX,Archer County,ARCHER,2020,8555,1240,0.144944
48009,TX,Archer County,ARCHER,2021,8703,1261,0.144893
48009,TX,Archer County,ARCHER,2022,8858,1284,0.144954
48009,TX,Archer County,ARCHER,2023,9066,1314,0.144937
48009,TX,Archer County,ARCHER,2024,9155,1327,0.144948
48011,TX,Armstrong County,ARMSTRONG,2020,1851,268,0.144787
48011,TX,Armstrong County,ARMSTRONG,2021,1839,266,0.144644
48011,TX,Armstrong County,ARMSTRONG,2022,1857,269,0.144857
48011,TX,Armstrong County,ARMSTRONG,2023,1830,265,0.144809
48011,TX,Armstrong County,ARMSTRONG,2024,1809,262,0.144831
48013,TX,Atascosa County,ATASCOSA,2020,49290,7147,0.144999
48013,TX,Atascosa County,ATASCOSA,2021,49991,7249,0.145006
48013,TX,Atascosa County,ATASCOSA,2022,50935,7386,0.145008
48013,TX,Atascosa County,ATASCOSA,2023,52039,7546,0.145007
48013,TX,Atascosa County,ATASCOSA,2024,52783,7654,0.145009
48015,TX,Austin County,AUSTIN,2020,30135,4369,0.144981
48015,TX,Austin County,AUSTIN,2021,30441,4414,0.145002
48015,TX,Austin County,AUSTIN,2022,31067,4505,0.145009
48015,TX,Austin County,AUSTIN,2023,31661,4591,0.145005
48015,TX,Austin County,AUSTIN,2024,32546,4719,0.144995
48017,TX,Bailey County,BAILEY,2020,6867,995,0.144896
48017,TX,Bailey County,BAILEY,2021,6805,986,0.144893
48017,TX,Bailey County,BAILEY,2022,6853,993,0.1449
48017,TX,Bailey County,BAILEY,2023,6853,993,0.1449
48017,TX,Bailey County,BAILEY,2024,7031,1019,0.14493
48019,TX,Bandera County,BANDERA,2020,20994,3044,0.144994
48019,TX,Bandera County,BANDERA,2021,21525,3121,0.144994
48019,TX,Bandera County,BANDERA,2022,22127,3208,0.144981
48019,TX,Bandera County,BANDERA,2023,22629,3281,0.144991
48019,TX,Bandera County,BANDERA,2024,22830,3310,0.144985
48021,TX,Bastrop County,BASTROP,2020,98072,14220,0.144996
48021,TX,Bastrop County,BASTROP,2021,102294,14833,0.145004
48021,TX,Bastrop County,BASTROP,2022,106484,15440,0.144998
48021,TX,Bastrop County,BASTROP,2023,111131,16114,0.145
48021,TX,Bastrop County,BASTROP,2024,114931,16665,0.145
48023,TX,Baylor County,BAYLOR,2020,3462,502,0.145003
48023,TX,Baylor County,BAYLOR,2021,3456,501,0.144965
48023,TX,Baylor County,BAYLOR,2022,3476,504,0.144994
48023,TX,Baylor County,BAYLOR,2023,3499,507,0.144899
48023,TX,Baylor County,BAYLOR,2024,3533,512,0.144919
48025,TX,Bee County,BEE,2020,31042,4501,0.144997
48025,TX,Bee County,BEE,2021,30842,4472,0.144997
48025,TX,Bee County,BEE,2022,30995,4495,0.145023
48025,TX,Bee County,BEE,2023,31308,4540,0.145011
48025,TX,Bee County,BEE,2024,31226,4528,0.145007
48027,TX,Bell County,BELL,2020,372404,53999,0.145001
48027,TX,Bell County,BELL,2021,380611,55189,0.145001
48027,TX,Bell County,BELL,2022,387828,56235,0.145
48027,TX,Bell County,BELL,2023,394065,57140,0.145001
48027,TX,Bell County,BELL,2024,399578,57939,0.145
48029,TX,Bexar County,BEXAR,2020,1316181,308522,0.234407
48029,TX,Bexar County,BEXAR,2021,1316181,308522,0.234407
48029,TX,Bexar County,BEXAR,2022,1316181,308522,0.234407
48029,TX,Bexar County,BEXAR,2023,1316181,308522,0.234407
48029,TX,Bexar County,BEXAR,2024,1316181,308522,0.234407
48031,TX,Blanco County,BLANCO,2020,11452,1661,0.14504
48031,TX,Blanco County,BLANCO,2021,11887,1724,0.145032
48031,TX,Blanco County,BLANCO,2022,12439,1804,0.145028
48031,TX,Blanco County,BLANCO,2023,13093,1899,0.145039
48031,TX,Blanco County,BLANCO,2024,13358,1937,0.145007
48033,TX,Borden County,BORDEN,2020,864,81,0.09375
48033,TX,Borden County,BORDEN,2021,864,81,0.09375
48033,TX,Borden County,BORDEN,2022,864,81,0.09375
48033,TX,Borden County,BORDEN,2023,864,81,0.09375
48033,TX,Borden County,BORDEN,2024,864,81,0.09375
48035,TX,Bosque County,BOSQUE,2020,18249,2646,0.144994
48035,TX,Bosque County,BOSQUE,2021,18492,2681,0.144982
48035,TX,Bosque County,BOSQUE,2022,18701,2712,0.145019
48035,TX,Bosque County,BOSQUE,2023,18982,2753,0.145032
48035,TX,Bosque County,BOSQUE,2024,19013,2757,0.145006
48037,TX,Bowie County,BOWIE,2020,92913,13473,0.145007
48037,TX,Bowie County,BOWIE,2021,92290,13382,0.144999
48037,TX,Bowie County,BOWIE,2022,91689,13295,0.145001
48037,TX,Bowie County,BOWIE,2023,91692,13295,0.144996
48037,TX,Bowie County,BOWIE,2024,91992,13339,0.145002
48039,TX,Brazoria County,BRAZORIA,2020,373509,54158,0.144998
48039,TX,Brazoria County,BRAZORIA,2021,379174,54980,0.144999
48039,TX,Brazoria County,BRAZORIA,2022,388946,56397,0.145
48039,TX,Brazoria County,BRAZORIA,2023,401422,58206,0.145
48039,TX,Brazoria County,BRAZORIA,2024,413224,59917,0.144999
48041,TX,Brazos County,BRAZOS,2020,234515,34004,0.144997
48041,TX,Brazos County,BRAZOS,2021,237637,34457,0.144998
48041,TX,Brazos County,BRAZOS,2022,242515,35164,0.144997
48041,TX,Brazos County,BRAZOS,2023,247263,35853,0.144999
48041,TX,Brazos County,BRAZOS,2024,249624,36195,0.144998
48043,TX,Brewster County,BREWSTER,2020,9564,1387,0.145023
48043,TX,Brewster County,BREWSTER,2021,9481,1375,0.145027
48043,TX,Brewster County,BREWSTER,2022,9381,1361,0.14508
48043,TX,Brewster County,BREWSTER,2023,9579,1389,0.145005
48043,TX,Brewster County,BREWSTER,2024,9508,1379,0.145036
48045,TX,Briscoe County,BRISCOE,2020,1422,207,0.14557
48045,TX,Briscoe County,BRISCOE,2021,1403,204,0.145403
48045,TX,Briscoe County,BRISCOE,2022,1441,209,0.145038
48045,TX,Briscoe County,BRISCOE,2023,1451,211,0.145417
48045,TX,Briscoe County,BRISCOE,2024,1494,217,0.145248
48047,TX,Brooks County,BROOKS,2020,7096,1029,0.145011
48047,TX,Brooks County,BROOKS,2021,7023,1018,0.144952
48047,TX,Brooks County,BROOKS,2022,6960,1009,0.144971
48047,TX,Brooks County,BROOKS,2023,6895,999,0.144888
48047,TX,Brooks County,BROOKS,2024,6740,977,0.144955
48049,TX,Brown County,BROWN,2020,38059,5518,0.144985
48049,TX,Brown County,BROWN,2021,38155,5532,0.144988
48049,TX,Brown County,BROWN,2022,38411,5569,0.144985
48049,TX,Brown County,BROWN,2023,38477,5579,0.144996
48049,TX,Brown County,BROWN,2024,38631,5601,0.144987
48051,TX,Burleson County,BURLESON,2020,17682,2564,0.145006
48051,TX,Burleson County,BURLESON,2021,18109,2626,0.145011
48051,TX,Burleson County,BURLESON,2022,18739,2717,0.144992
48051,TX,Burleson County,BURLESON,2023,19575,2838,0.144981
48051,TX,Burleson County,BURLESON,2024,20179,2926,0.145002
48053,TX,Burnet County,BURNET,2020,49479,7175,0.145011
48053,TX,Burnet County,BURNET,2021,51145,7416,0.145
48053,TX,Burnet County,BURNET,2022,52578,7624,0.145004
48053,TX,Burnet County,BURNET,2023,54336,7879,0.145005
48053,TX,Burnet County,BURNET,2024,55722,8080,0.145006
48055,TX,Caldwell County,CALDWELL,2020,45948,6662,0.14499
48055,TX,Caldwell County,CALDWELL,2021,46939,6806,0.144997
48055,TX,Caldwell County,CALDWELL,2022,47920,6948,0.144992
48055,TX,Caldwell County,CALDWELL,2023,50107,7265,0.14499
48055,TX,Caldwell County,CALDWELL,2024,52430,7602,0.144993
48057,TX,Calhoun County,CALHOUN,2020,20064,2910,0.145036
48057,TX,Calhoun County,CALHOUN,2021,19801,2872,0.145043
48057,TX,Calhoun County,CALHOUN,2022,19735,2862,0.145022
48057,TX,Calhoun County,CALHOUN,2023,19798,2871,0.145015
48057,TX,Calhoun County,CALHOUN,2024,19942,2892,0.145021
48059,TX,Callahan County,CALLAHAN,2020,13753,1994,0.144987
48059,TX,Callahan County,CALLAHAN,2021,14106,2045,0.144974
48059,TX,Callahan County,CALLAHAN,2022,14275,2070,0.145009
48059,TX,Callahan County,CALLAHAN,2023,14455,2096,0.145002
48059,TX,Callahan County,CALLAHAN,2024,14615,2119,0.144988
48061,TX,Cameron County,CAMERON,2020,421592,61131,0.145
48061,TX,Cameron County,CAMERON,2021,422805,61307,0.145001
48061,TX,Cameron County,CAMERON,2022,425819,61744,0.145001
48061,TX,Cameron County,CAMERON,2023,428508,62134,0.145001
48061,TX,Cameron County,CAMERON,2024,431874,62622,0.145001
48063,TX,Camp County,CAMP,2020,12430,1803,0.145052
48063,TX,Camp County,CAMP,2021,12607,1828,0.144999
48063,TX,Camp County,CAMP,2022,12750,1849,0.14502
48063,TX,Camp County,CAMP,2023,13041,1891,0.145004
48063,TX,Camp County,CAMP,2024,13164,1909,0.145017
48065,TX,Carson County,CARSON,2020,5794,840,0.144978
48065,TX,Carson County,CARSON,2021,5716,829,0.145031
48065,TX,Carson County,CARSON,2022,5809,842,0.144947
48065,TX,Carson County,CARSON,2023,5865,850,0.144928
48065,TX,Carson County,CARSON,2024,5822,844,0.144967
48067,TX,Cass County,CASS,2020,28443,4124,0.144992
48067,TX,Cass County,CASS,2021,28579,4144,0.145002
48067,TX,Cass County,CASS,2022,28530,4137,0.145005
48067,TX,Cass County,CASS,2023,28668,4157,0.145005
48067,TX,Cass County,CASS,2024,28622,4150,0.144993
48069,TX,Castro County,CASTRO,2020,7333,1063,0.144961
48069,TX,Castro County,CASTRO,2021,7369,1068,0.144931
48069,TX,Castro County,CASTRO,2022,7307,1059,0.14493
48069,TX,Castro County,CASTRO,2023,7330,1063,0.14502
48069,TX,Castro County,CASTRO,2024,7380,1070,0.144986
48071,TX,Chambers County,CHAMBERS,2020,47003,6815,0.144991
48071,TX,Chambers County,CHAMBERS,2021,48714,7064,0.14501
48071,TX,Chambers County,CHAMBERS,2022,51403,7453,0.144992
48071,TX,Chambers County,CHAMBERS,2023,54193,7858,0.145
48071,TX,Chambers County,CHAMBERS,2024,56179,8146,0.145001
48073,TX,Cherokee County,CHEROKEE,2020,50612,7338,0.144985
48073,TX,Cherokee County,CHEROKEE,2021,51278,7435,0.144994
48073,TX,Cherokee County,CHEROKEE,2022,51666,7491,0.144989
48073,TX,Cherokee County,CHEROKEE,2023,52651,7634,0.144992
48073,TX,Cherokee County,CHEROKEE,2024,53223,7717,0.144994
48075,TX,Childress County,CHILDRESS,2020,6658,965,0.144938
48075,TX,Childress County,CHILDRESS,2021,6786,984,0.145004
48075,TX,Childress County,CHILDRESS,2022,6834,990,0.144864
48075,TX,Childress County,CHILDRESS,2023,6757,979,0.144887
48075,TX,Childress County,CHILDRESS,2024,6679,968,0.144932
48077,TX,Clay County,CLAY,2020,10255,1487,0.145002
48077,TX,Clay County,CLAY,2021,10310,1495,0.145005
48077,TX,Clay County,CLAY,2022,10484,1520,0.144983
48077,TX,Clay County,CLAY,2023,10694,1551,0.145035
48077,TX,Clay County,CLAY,2024,10730,1556,0.145014
48079,TX,Cochran County,COCHRAN,2020,2564,372,0.145086
48079,TX,Cochran County,COCHRAN,2021,2483,360,0.144986
48079,TX,Cochran County,COCHRAN,2022,2551,370,0.145041
48079,TX,Cochran County,COCHRAN,2023,2571,373,0.14508
48079,TX,Cochran County,COCHRAN,2024,2583,375,0.14518
48081,TX,Coke County,COKE,2020,3320,481,0.14488
48081,TX,Coke County,COKE,2021,3324,482,0.145006
48081,TX,Coke County,COKE,2022,3347,485,0.144906
48081,TX,Coke County,COKE,2023,3378,489,0.14476
48081,TX,Coke County,COKE,2024,3396,492,0.144876
48083,TX,Coleman County,COLEMAN,2020,7683,1114,0.144995
48083,TX,Coleman County,COLEMAN,2021,7718,1120,0.145115
48083,TX,Coleman County,COLEMAN,2022,7863,1141,0.14511
48083,TX,Coleman County,COLEMAN,2023,7909,1147,0.145025
48083,TX,Coleman County,COLEMAN,2024,7990,1159,0.145056
48085,TX,Collin County,COLLIN,2020,1075651,155969,0.145
48085,TX,Collin County,COLLIN,2021,1114687,161629,0.144999
48085,TX,Collin County,COLLIN,2022,1163724,168740,0.145
48085,TX,Collin County,COLLIN,2023,1207964,175154,0.144999
48085,TX,Collin County,COLLIN,2024,1254658,181925,0.145
48087,TX,Collingsworth County,COLLINGSWORTH,2020,2643,384,0.145289
48087,TX,Collingsworth County,COLLINGSWORTH,2021,2609,379,0.145266
48087,TX,Collingsworth County,COLLINGSWORTH,2022,2584,375,0.145124
48087,TX,Collingsworth County,COLLINGSWORTH,2023,2561,372,0.145256
48087,TX,Collingsworth County,COLLINGSWORTH,2024,2611,379,0.145155
48089,TX,Colorado County,COLORADO,2020,20646,2994,0.145016
48089,TX,Colorado County,COLORADO,2021,20732,3006,0.144993
48089,TX,Colorado County,COLORADO,2022,20926,3034,0.144987
48089,TX,Colorado County,COLORADO,2023,21250,3081,0.144988
48089,TX,Colorado County,COLORADO,2024,21475,3114,0.145006
48091,TX,Comal County,COMAL,2020,163637,23727,0.144998
48091,TX,Comal County,COMAL,2021,174971,25371,0.145001
48091,TX,Comal County,COMAL,2022,184799,26796,0.145001
48091,TX,Comal County,COMAL,2023,194097,28144,0.145
48091,TX,Comal County,COMAL,2024,201628,29236,0.145
48093,TX,Comanche County,COMANCHE,2020,13629,1976,0.144985
48093,TX,Comanche County,COMANCHE,2021,13800,2001,0.145
48093,TX,Comanche County,COMANCHE,2022,13903,2016,0.145005
48093,TX,Comanche County,COMANCHE,2023,14058,2038,0.144971
48093,TX,Comanche County,COMANCHE,2024,14359,2082,0.144996
48095,TX,Concho County,CONCHO,2020,3316,481,0.145054
48095,TX,Concho County,CONCHO,2021,3349,485,0.144819
48095,TX,Concho County,CONCHO,2022,3371,489,0.145061
48095,TX,Concho County,CONCHO,2023,3280,475,0.144817
48095,TX,Concho County,CONCHO,2024,3326,482,0.144919
48097,TX,Cooke County,COOKE,2020,41749,6053,0.144986
48097,TX,Cooke County,COOKE,2021,42399,6147,0.14498
48097,TX,Cooke County,COOKE,2022,43047,6241,0.144981
48097,TX,Cooke County,COOKE,2023,43779,6348,0.145001
48097,TX,Cooke County,COOKE,2024,44258,6417,0.144991
48099,TX,Coryell County,CORYELL,2020,83126,12054,0.145009
48099,TX,Coryell County,CORYELL,2021,84400,12238,0.145
48099,TX,Coryell County,CORYELL,2022,84224,12213,0.145006
48099,TX,Coryell County,CORYELL,2023,85620,12415,0.145001
48099,TX,Coryell County,CORYELL,2024,86370,12524,0.145004
48101,TX,Cottle County,COTTLE,2020,1364,198,0.145161
48101,TX,Cottle County,COTTLE,2021,1353,196,0.144863
48101,TX,Cottle County,COTTLE,2022,1317,191,0.145027
48101,TX,Cottle County,COTTLE,2023,1292,187,0.144737
48101,TX,Cottle County,COTTLE,2024,1263,183,0.144893
48103,TX,Crane County,CRANE,2020,4675,678,0.145027
48103,TX,Crane County,CRANE,2021,4636,672,0.144953
48103,TX,Crane County,CRANE,2022,4557,661,0.145052
48103,TX,Crane County,CRANE,2023,4587,665,0.144975
48103,TX,Crane County,CRANE,2024,4594,666,0.144972
48105,TX,Crockett County,CROCKETT,2020,3094,449,0.14512
48105,TX,Crockett County,CROCKETT,2021,3015,437,0.144942
48105,TX,Crockett County,CROCKETT,2022,2952,428,0.144986
48105,TX,Crockett County,CROCKETT,2023,2842,412,0.144968
48105,TX,Crockett County,CROCKETT,2024,2799,406,0.145052
48107,TX,Crosby County,CROSBY,2020,5095,738,0.144848
48107,TX,Crosby County,CROSBY,2021,5082,737,0.145022
48107,TX,Crosby County,CROSBY,2022,5010,726,0.14491
48107,TX,Crosby County,CROSBY,2023,4990,723,0.14489
48107,TX,Crosby County,CROSBY,2024,5030,729,0.14493
48109,TX,Culberson County,CULBERSON,2020,2186,317,0.145014
48109,TX,Culberson County,CULBERSON,2021,2183,317,0.145213
48109,TX,Culberson County,CULBERSON,2022,2159,313,0.144975
48109,TX,Culberson County,CULBERSON,2023,2195,318,0.144875
48109,TX,Culberson County,CULBERSON,2024,2254,327,0.145075
48111,TX,Dallam County,DALLAM,2020,7138,1035,0.144999
48111,TX,Dallam County,DALLAM,2021,7185,1042,0.145024
48111,TX,Dallam County,DALLAM,2022,7271,1054,0.144959
48111,TX,Dallam County,DALLAM,2023,7372,1069,0.145008
48111,TX,Dallam County,DALLAM,2024,7526,1091,0.144964
48113,TX,Dallas County,DALLAS,2020,1316181,385124,0.292607
48113,TX,Dallas County,DALLAS,2021,1316181,385124,0.292607
48113,TX,Dallas County,DALLAS,2022,1316181,385124,0.292607
48113,TX,Dallas County,DALLAS,2023,1316181,385124,0.292607
48113,TX,Dallas County,DALLAS,2024,1316181,385124,0.292607
48115,TX,Dawson County,DAWSON,2020,12472,1809,0.145045
48115,TX,Dawson County,DAWSON,2021,12367,1793,0.144983
48115,TX,Dawson County,DAWSON,2022,12171,1765,0.145017
48115,TX,Dawson County,DAWSON,2023,11903,1726,0.145005
48115,TX,Dawson County,DAWSON,2024,11758,1705,0.145008
48117,TX,Deaf Smith County,DEAF SMITH,2020,18527,2687,0.145032
48117,TX,Deaf Smith County,DEAF SMITH,2021,18383,2666,0.145025
48117,TX,Deaf Smith County,DEAF SMITH,2022,18433,2673,0.145012
48117,TX,Deaf Smith County,DEAF SMITH,2023,18460,2677,0.145016
48117,TX,Deaf Smith County,DEAF SMITH,2024,18495,2682,0.145012
48119,TX,Delta County,DELTA,2020,5223,758,0.145127
48119,TX,Delta County,DELTA,2021,5339,774,0.144971
48119,TX,Delta County,DELTA,2022,5417,786,0.145099
48119,TX,Delta County,DELTA,2023,5563,807,0.145066
48119,TX,Delta County,DELTA,2024,5647,819,0.145033
48121,TX,Denton County,DENTON,2020,914510,132604,0.145
48121,TX,Denton County,DENTON,2021,944086,136892,0.145
48121,TX,Denton County,DENTON,2022,980355,142151,0.145
48121,TX,Denton County,DENTON,2023,1013736,146991,0.144999
48121,TX,Denton County,DENTON,2024,1045120,151542,0.145
48123,TX,DeWitt County,DEWITT,2020,19844,2878,0.145031
48123,TX,DeWitt County,DEWITT,2021,19965,2895,0.145004
48123,TX,DeWitt County,DEWITT,2022,19783,2869,0.145024
48123,TX,DeWitt County,DEWITT,2023,20238,2935,0.145024
48123,TX,DeWitt County,DEWITT,2024,20252,2937,0.145023
48125,TX,Dickens County,DICKENS,2020,1760,255,0.144886
48125,TX,Dickens County,DICKENS,2021,1736,252,0.145161
48125,TX,Dickens County,DICKENS,2022,1734,251,0.144752
48125,TX,Dickens County,DICKENS,2023,1711,248,0.144944
48125,TX,Dickens County,DICKENS,2024,1725,250,0.144928
48127,TX,Dimmit County,DIMMIT,2020,8582,1244,0.144955
48127,TX,Dimmit County,DIMMIT,2021,8481,1229,0.144912
48127,TX,Dimmit County,DIMMIT,2022,8377,1214,0.144921
48127,TX,Dimmit County,DIMMIT,2023,8279,1200,0.144945
48127,TX,Dimmit County,DIMMIT,2024,8181,1186,0.14497
48129,TX,Donley County,DONLEY,2020,3280,476,0.145122
48129,TX,Donley County,DONLEY,2021,3360,487,0.14494
48129,TX,Donley County,DONLEY,2022,3275,475,0.145038
48129,TX,Donley County,DONLEY,2023,3177,461,0.145105
48129,TX,Donley County,DONLEY,2024,3193,463,0.145005
48131,TX,Duval County,DUVAL,2020,9810,1423,0.145056
48131,TX,Duval County,DUVAL,2021,9999,1450,0.145015
48131,TX,Duval County,DUVAL,2022,9688,1405,0.145025
48131,TX,Duval County,DUVAL,2023,9626,1396,0.145024
48131,TX,Duval County,DUVAL,2024,9585,1390,0.145018
48133,TX,Eastland County,EASTLAND,2020,17795,2580,0.144985
48133,TX,Eastland County,EASTLAND,2021,17860,2590,0.145017
48133,TX,Eastland County,EASTLAND,2022,17909,2597,0.145011
48133,TX,Eastland County,EASTLAND,2023,18199,2639,0.145008
48133,TX,Eastland County,EASTLAND,2024,18290,2652,0.144997
48135,TX,Ector County,ECTOR,2020,165511,23999,0.144999
48135,TX,Ector County,ECTOR,2021,160809,23317,0.144998
48135,TX,Ector County,ECTOR,2022,161480,23414,0.144996
48135,TX,Ector County,ECTOR,2023,165450,23990,0.144998
48135,TX,Ector County,ECTOR,2024,170022,24653,0.144999
48137,TX,Edwards County,EDWARDS,2020,1420,206,0.14507
48137,TX,Edwards County,EDWARDS,2021,1430,208,0.145455
48137,TX,Edwards County,EDWARDS,2022,1423,207,0.145467
48137,TX,Edwards County,EDWARDS,2023,1391,202,0.145219
48137,TX,Edwards County,EDWARDS,2024,1383,201,0.145336
48139,TX,Ellis County,ELLIS,2020,194328,28177,0.144997
48139,TX,Ellis County,ELLIS,2021,203214,29466,0.145
48139,TX,Ellis County,ELLIS,2022,212548,30819,0.144998
48139,TX,Ellis County,ELLIS,2023,223324,32382,0.145
48139,TX,Ellis County,ELLIS,2024,232387,33696,0.145
48141,TX,El Paso County,EL PASO,2020,866684,125669,0.145
48141,TX,El Paso County,EL PASO,2021,867700,125817,0.145001
48141,TX,El Paso County,EL PASO,2022,868890,125989,0.145
48141,TX,El Paso County,EL PASO,2023,874836,126852,0.145001
48141,TX,El Paso County,EL PASO,2024,875784,126989,0.145
48143,TX,Erath County,ERATH,2020,42719,6194,0.144994
48143,TX,Erath County,ERATH,2021,43387,6291,0.144997
48143,TX,Erath County,ERATH,2022,43929,6370,0.145007
48143,TX,Erath County,ERATH,2023,44439,6444,0.145008
48143,TX,Erath County,ERATH,2024,44496,6452,0.145002
48145,TX,Falls County,FALLS,2020,16962,2459,0.144971
48145,TX,Falls County,FALLS,2021,17113,2481,0.144978
48145,TX,Falls County,FALLS,2022,16958,2459,0.145005
48145,TX,Falls County,FALLS,2023,17670,2562,0.144992
48145,TX,Falls County,FALLS,2024,17752,2574,0.144998
48147,TX,Fannin County,FANNIN,2020,35977,5216,0.144982
48147,TX,Fannin County,FANNIN,2021,36902,5351,0.145006
48147,TX,Fannin County,FANNIN,2022,37237,5399,0.14499
48147,TX,Fannin County,FANNIN,2023,37865,5490,0.144989
48147,TX,Fannin County,FANNIN,2024,38650,5604,0.144994
48149,TX,Fayette County,FAYETTE,2020,24512,3554,0.14499
48149,TX,Fayette County,FAYETTE,2021,24736,3587,0.145011
48149,TX,Fayette County,FAYETTE,2022,24987,3623,0.144995
48149,TX,Fayette County,FAYETTE,2023,25485,3696,0.145026
48149,TX,Fayette County,FAYETTE,2024,25488,3696,0.145009
48151,TX,Fisher County,FISHER,2020,3677,533,0.144955
48151,TX,Fisher County,FISHER,2021,3675,532,0.144762
48151,TX,Fisher County,FISHER,2022,3639,527,0.14482
48151,TX,Fisher County,FISHER,2023,3618,524,0.144831
48151,TX,Fisher County,FISHER,2024,3665,531,0.144884
48153,TX,Floyd County,FLOYD,2020,5374,779,0.144957
48153,TX,Floyd County,FLOYD,2021,5296,768,0.145015
48153,TX,Floyd County,FLOYD,2022,5250,761,0.144952
48153,TX,Floyd County,FLOYD,2023,5116,742,0.145035
48153,TX,Floyd County,FLOYD,2024,5042,731,0.144982
48155,TX,Foard County,FOARD,2020,1090,158,0.144954
48155,TX,Foard County,FOARD,2021,1058,154,0.145558
48155,TX,Foard County,FOARD,2022,1062,154,0.145009
48155,TX,Foard County,FOARD,2023,1084,158,0.145756
48155,TX,Foard County,FOARD,2024,1053,153,0.145299
48157,TX,Fort Bend County,FORT BEND,2020,829335,120254,0.145001
48157,TX,Fort Bend County,FORT BEND,2021,860626,124791,0.145
48157,TX,Fort Bend County,FORT BEND,2022,893319,129531,0.145
48157,TX,Fort Bend County,FORT BEND,2023,927120,134432,0.145
48157,TX,Fort Bend County,FORT BEND,2024,958434,138973,0.145
48159,TX,Franklin County,FRANKLIN,2020,10370,1503,0.144937
48159,TX,Franklin County,FRANKLIN,2021,10500,1522,0.144952
48159,TX,Franklin County,FRANKLIN,2022,10641,1543,0.145005
48159,TX,Franklin County,FRANKLIN,2023,10737,1557,0.145013
48159,TX,Franklin County,FRANKLIN,2024,10912,1582,0.144978
48161,TX,Freestone County,FREESTONE,2020,19441,2819,0.145003
48161,TX,Freestone County,FREESTONE,2021,19795,2871,0.145037
48161,TX,Freestone County,FREESTONE,2022,20006,2901,0.145006
48161,TX,Freestone County,FREESTONE,2023,20358,2952,0.145004
48161,TX,Freestone County,FREESTONE,2024,20645,2994,0.145023
48163,TX,Frio County,FRIO,2020,18414,2670,0.144998
48163,TX,Frio County,FRIO,2021,17944,2602,0.145007
48163,TX,Frio County,FRIO,2022,18220,2642,0.145005
48163,TX,Frio County,FRIO,2023,18811,2727,0.144968
48163,TX,Frio County,FRIO,2024,19520,2830,0.14498
48165,TX,Gaines County,GAINES,2020,21704,3147,0.144996
48165,TX,Gaines County,GAINES,2021,21885,3173,0.144985
48165,TX,Gaines County,GAINES,2022,22157,3212,0.144965
48165,TX,Gaines County,GAINES,2023,22524,3266,0.145001
48165,TX,Gaines County,GAINES,2024,22892,3319,0.144985
48167,TX,Galveston County,GALVESTON,2020,351606,50983,0.145
48167,TX,Galveston County,GALVESTON,2021,355616,51564,0.144999
48167,TX,Galveston County,GALVESTON,2022,357735,51872,0.145001
48167,TX,Galveston County,GALVESTON,2023,362586,52575,0.145
48167,TX,Galveston County,GALVESTON,2024,367407,53274,0.145
48169,TX,Garza County,GARZA,2020,5812,843,0.145045
48169,TX,Garza County,GARZA,2021,6265,909,0.145092
48169,TX,Garza County,GARZA,2022,5952,864,0.145161
48169,TX,Garza County,GARZA,2023,4590,666,0.145098
48169,TX,Garza County,GARZA,2024,4645,674,0.145102
48171,TX,Gillespie County,GILLESPIE,2020,26766,3881,0.144997
48171,TX,Gillespie County,GILLESPIE,2021,27313,3960,0.144986
48171,TX,Gillespie County,GILLESPIE,2022,27572,3998,0.145002
48171,TX,Gillespie County,GILLESPIE,2023,27809,4032,0.144989
48171,TX,Gillespie County,GILLESPIE,2024,28159,4083,0.144998
48173,TX,Glasscock County,GLASSCOCK,2020,1117,162,0.145031
48173,TX,Glasscock County,GLASSCOCK,2021,1138,165,0.144991
48173,TX,Glasscock County,GLASSCOCK,2022,1145,166,0.144978
48173,TX,Glasscock County,GLASSCOCK,2023,1151,167,0.145091
48173,TX,Glasscock County,GLASSCOCK,2024,1153,167,0.14484
48175,TX,Goliad County,GOLIAD,2020,7023,1018,0.144952
48175,TX,Goliad County,GOLIAD,2021,7134,1034,0.14494
48175,TX,Goliad County,GOLIAD,2022,7144,1036,0.145017
48175,TX,Goliad County,GOLIAD,2023,7183,1041,0.144926
48175,TX,Goliad County,GOLIAD,2024,7221,1047,0.144994
48177,TX,Gonzales County,GONZALES,2020,19681,2854,0.145013
48177,TX,Gonzales County,GONZALES,2021,19641,2848,0.145003
48177,TX,Gonzales County,GONZALES,2022,19865,2881,0.145029
48177,TX,Gonzales County,GONZALES,2023,20030,2905,0.145032
48177,TX,Gonzales County,GONZALES,2024,20040,2906,0.14501
48179,TX,Gray County,GRAY,2020,21195,3074,0.145034
48179,TX,Gray County,GRAY,2021,21128,3064,0.145021
48179,TX,Gray County,GRAY,2022,20986,3043,0.145001
48179,TX,Gray County,GRAY,2023,21030,3050,0.145031
48179,TX,Gray County,GRAY,2024,20888,3029,0.145011
48181,TX,Grayson County,GRAYSON,2020,136152,19742,0.145
48181,TX,Grayson County,GRAYSON,2021,139652,20249,0.144996
48181,TX,Grayson County,GRAYSON,2022,143292,20777,0.144998
48181,TX,Grayson County,GRAYSON,2023,147056,21323,0.144999
48181,TX,Grayson County,GRAYSON,2024,150532,21827,0.144999
48183,TX,Gregg County,GREGG,2020,124317,18026,0.145
48183,TX,Gregg County,GREGG,2021,124205,18009,0.144994
48183,TX,Gregg County,GREGG,2022,125668,18221,0.144993
48183,TX,Gregg County,GREGG,2023,126531,18347,0.145
48183,TX,Gregg County,GREGG,2024,126679,18368,0.144996
48185,TX,Grimes County,GRIMES,2020,29438,4269,0.145017
48185,TX,Grimes County,GRIMES,2021,30148,4371,0.144985
48185,TX,Grimes County,GRIMES,2022,31141,4515,0.144986
48185,TX,Grimes County,GRIMES,2023,32527,4716,0.144987
48185,TX,Grimes County,GRIMES,2024,33448,4850,0.145001
48187,TX,Guadalupe County,GUADALUPE,2020,173708,25188,0.145002
48187,TX,Guadalupe County,GUADALUPE,2021,177328,25712,0.144997
48187,TX,Guadalupe County,GUADALUPE,2022,182953,26528,0.144999
48187,TX,Guadalupe County,GUADALUPE,2023,189056,27413,0.144999
48187,TX,Guadalupe County,GUADALUPE,2024,195166,28299,0.145
48189,TX,Hale County,HALE,2020,32467,4708,0.145009
48189,TX,Hale County,HALE,2021,32212,4671,0.145008
48189,TX,Hale County,HALE,2022,32007,4641,0.145
48189,TX,Hale County,HALE,2023,32014,4642,0.144999
48189,TX,Hale County,HALE,2024,31953,4633,0.144994
48191,TX,Hall County,HALL,2020,2799,406,0.145052
48191,TX,Hall County,HALL,2021,2845,412,0.144815
48191,TX,Hall County,HALL,2022,2820,409,0.145035
48191,TX,Hall County,HALL,2023,2810,407,0.14484
48191,TX,Hall County,HALL,2024,2828,410,0.144979
48193,TX,Hamilton County,HAMILTON,2020,8247,1195,0.144901
48193,TX,Hamilton County,HAMILTON,2021,8234,1194,0.145009
48193,TX,Hamilton County,HAMILTON,2022,8314,1205,0.144936
48193,TX,Hamilton County,HAMILTON,2023,8593,1246,0.145002
48193,TX,Hamilton County,HAMILTON,2024,8644,1253,0.144956
48195,TX,Hansford County,HANSFORD,2020,5252,762,0.145088
48195,TX,Hansford County,HANSFORD,2021,5121,743,0.145089
48195,TX,Hansford County,HANSFORD,2022,5117,742,0.145007
48195,TX,Hansford County,HANSFORD,2023,5097,739,0.144987
48195,TX,Hansford County,HANSFORD,2024,5006,726,0.145026
48197,TX,Hardeman County,HARDEMAN,2020,3561,516,0.144903
48197,TX,Hardeman County,HARDEMAN,2021,3549,514,0.14483
48197,TX,Hardeman County,HARDEMAN,2022,3509,508,0.144771
48197,TX,Hardeman County,HARDEMAN,2023,3470,503,0.144957
48197,TX,Hardeman County,HARDEMAN,2024,3417,495,0.144864
48199,TX,Hardin County,HARDIN,2020,56355,8171,0.144992
48199,TX,Hardin County,HARDIN,2021,57141,8285,0.144992
48199,TX,Hardin County,HARDIN,2022,57819,8384,0.145004
48199,TX,Hardin County,HARDIN,2023,58227,8443,0.145001
48199,TX,Hardin County,HARDIN,2024,58670,8507,0.144997
48201,TX,Harris County,HARRIS,2020,1316181,526472,0.4
48201,TX,Harris County,HARRIS,2021,1316181,526472,0.4
48201,TX,Harris County,HARRIS,2022,1316181,526472,0.4
48201,TX,Harris County,HARRIS,2023,1316181,526472,0.4
48201,TX,Harris County,HARRIS,2024,1316181,526472,0.4
48203,TX,Harrison County,HARRISON,2020,68806,9977,0.145002
48203,TX,Harrison County,HARRISON,2021,69550,10085,0.145004
48203,TX,Harrison County,HARRISON,2022,70047,10157,0.145003
48203,TX,Harrison County,HARRISON,2023,71004,10296,0.145006
48203,TX,Harrison County,HARRISON,2024,71370,10349,0.145005
48205,TX,Hartley County,HARTLEY,2020,5340,774,0.144944
48205,TX,Hartley County,HARTLEY,2021,5383,780,0.144901
48205,TX,Hartley County,HARTLEY,2022,5220,756,0.144828
48205,TX,Hartley County,HARTLEY,2023,5137,744,0.144832
48205,TX,Hartley County,HARTLEY,2024,4996,724,0.144916
48207,TX,Haskell County,HASKELL,2020,5436,788,0.14496
48207,TX,Haskell County,HASKELL,2021,5379,780,0.145008
48207,TX,Haskell County,HASKELL,2022,5412,785,0.145048
48207,TX,Haskell County,HASKELL,2023,5442,789,0.144983
48207,TX,Haskell County,HASKELL,2024,5435,788,0.144986
48209,TX,Hays County,HAYS,2020,243988,35378,0.144999
48209,TX,Hays County,HAYS,2021,256002,37120,0.144999
48209,TX,Hays County,HAYS,2022,269476,39074,0.145
48209,TX,Hays County,HAYS,2023,281697,40846,0.145
48209,TX,Hays County,HAYS,2024,292029,42344,0.144999
48211,TX,Hemphill County,HEMPHILL,2020,3366,488,0.144979
48211,TX,Hemphill County,HEMPHILL,2021,3325,482,0.144962
48211,TX,Hemphill County,HEMPHILL,2022,3204,464,0.144819
48211,TX,Hemphill County,HEMPHILL,2023,3143,455,0.144766
48211,TX,Hemphill County,HEMPHILL,2024,3134,454,0.144863
48213,TX,Henderson County,HENDERSON,2020,82402,11949,0.145009
48213,TX,Henderson County,HENDERSON,2021,83655,12130,0.145
48213,TX,Henderson County,HENDERSON,2022,84508,12254,0.145004
48213,TX,Henderson County,HENDERSON,2023,86277,12510,0.144998
48213,TX,Henderson County,HENDERSON,2024,87467,12683,0.145003
48215,TX,Hidalgo County,HIDALGO,2020,872892,126569,0.145
48215,TX,Hidalgo County,HIDALGO,2021,879929,127590,0.145
48215,TX,Hidalgo County,HIDALGO,2022,889799,129021,0.145
48215,TX,Hidalgo County,HIDALGO,2023,902443,130854,0.145
48215,TX,Hidalgo County,HIDALGO,2024,914820,132649,0.145
48217,TX,Hill County,HILL,2020,35964,5215,0.145006
48217,TX,Hill County,HILL,2021,36379,5275,0.145001
48217,TX,Hill County,HILL,2022,37320,5412,0.145016
48217,TX,Hill County,HILL,2023,38206,5540,0.145003
48217,TX,Hill County,HILL,2024,38771,5622,0.145005
48219,TX,Hockley County,HOCKLEY,2020,21497,3117,0.144997
48219,TX,Hockley County,HOCKLEY,2021,21261,3083,0.145007
48219,TX,Hockley County,HOCKLEY,2022,21227,3078,0.145004
48219,TX,Hockley County,HOCKLEY,2023,21325,3092,0.144994
48219,TX,Hockley County,HOCKLEY,2024,21505,3118,0.14499
48221,TX,Hood County,HOOD,2020,62056,8998,0.144998
48221,TX,Hood County,HOOD,2021,64292,9322,0.144995
48221,TX,Hood County,HOOD,2022,66315,9615,0.14499
48221,TX,Hood County,HOOD,2023,67681,9813,0.144989
48221,TX,Hood County,HOOD,2024,69126,10023,0.144996
48223,TX,Hopkins County,HOPKINS,2020,36827,5340,0.145002
48223,TX,Hopkins County,HOPKINS,2021,37214,5396,0.144999
48223,TX,Hopkins County,HOPKINS,2022,37834,5486,0.145002
48223,TX,Hopkins County,HOPKINS,2023,38261,5548,0.145004
48223,TX,Hopkins County,HOPKINS,2024,38784,5624,0.145008
48225,TX,Houston County,HOUSTON,2020,22070,3201,0.145039
48225,TX,Houston County,HOUSTON,2021,21971,3186,0.145009
48225,TX,Houston County,HOUSTON,2022,21936,3181,0.145013
48225,TX,Houston County,HOUSTON,2023,22082,3202,0.145005
48225,TX,Houston County,HOUSTON,2024,22197,3219,0.14502
48227,TX,Howard County,HOWARD,2020,34807,5047,0.145
48227,TX,Howard County,HOWARD,2021,34360,4982,0.144994
48227,TX,Howard County,HOWARD,2022,32642,4733,0.144997
48227,TX,Howard County,HOWARD,2023,30704,4452,0.144997
48227,TX,Howard County,HOWARD,2024,30833,4471,0.145007
48229,TX,Hudspeth County,HUDSPETH,2020,3193,463,0.145005
48229,TX,Hudspeth County,HUDSPETH,2021,3278,475,0.144905
48229,TX,Hudspeth County,HUDSPETH,2022,3454,501,0.145049
48229,TX,Hudspeth County,HUDSPETH,2023,3483,505,0.14499
48229,TX,Hudspeth County,HUDSPETH,2024,3608,523,0.144956
48231,TX,Hunt County,HUNT,2020,100250,14536,0.144998
48231,TX,Hunt County,HUNT,2021,103596,15022,0.145006
48231,TX,Hunt County,HUNT,2022,108532,15737,0.144999
48231,TX,Hunt County,HUNT,2023,113754,16495,0.145006
48231,TX,Hunt County,HUNT,2024,118729,17216,0.145002
48233,TX,Hutchinson County,HUTCHINSON,2020,20577,2984,0.145016
48233,TX,Hutchinson County,HUTCHINSON,2021,20448,2965,0.145002
48233,TX,Hutchinson County,HUTCHINSON,2022,20176,2926,0.145024
48233,TX,Hutchinson County,HUTCHINSON,2023,19997,2900,0.145022
48233,TX,Hutchinson County,HUTCHINSON,2024,19721,2860,0.145023
48235,TX,Irion County,IRION,2020,1512,219,0.144841
48235,TX,Irion County,IRION,2021,1536,222,0.144531
48235,TX,Irion County,IRION,2022,1544,224,0.145078
48235,TX,Irion County,IRION,2023,1563,226,0.144594
48235,TX,Irion County,IRION,2024,1526,221,0.144823
48237,TX,Jack County,JACK,2020,8487,1231,0.145045
48237,TX,Jack County,JACK,2021,8549,1240,0.145046
48237,TX,Jack County,JACK,2022,8755,1270,0.14506
48237,TX,Jack County,JACK,2023,9220,1337,0.145011
48237,TX,Jack County,JACK,2024,9398,1363,0.145031
48239,TX,Jackson County,JACKSON,2020,14997,2174,0.144962
48239,TX,Jackson County,JACKSON,2021,15121,2192,0.144964
48239,TX,Jackson County,JACKSON,2022,15162,2198,0.144968
48239,TX,Jackson County,JACKSON,2023,15195,2203,0.144982
48239,TX,Jackson County,JACKSON,2024,15284,2216,0.144988
48241,TX,Jasper County,JASPER,2020,32923,4774,0.145005
48241,TX,Jasper County,JASPER,2021,32560,4722,0.145025
48241,TX,Jasper County,JASPER,2022,32518,4716,0.145027
48241,TX,Jasper County,JASPER,2023,32725,4746,0.145027
48241,TX,Jasper County,JASPER,2024,32907,4772,0.145015
48243,TX,Jeff Davis County,JEFF DAVIS,2020,1984,288,0.145161
48243,TX,Jeff Davis County,JEFF DAVIS,2021,1961,285,0.145334
48243,TX,Jeff Davis County,JEFF DAVIS,2022,1908,277,0.145178
48243,TX,Jeff Davis County,JEFF DAVIS,2023,1850,268,0.144865
48243,TX,Jeff Davis County,JEFF DAVIS,2024,1778,258,0.145107
48245,TX,Jefferson County,JEFFERSON,2020,256172,37144,0.144996
48245,TX,Jefferson County,JEFFERSON,2021,253784,36798,0.144997
48245,TX,Jefferson County,JEFFERSON,2022,252095,36553,0.144997
48245,TX,Jefferson County,JEFFERSON,2023,253392,36741,0.144997
48245,TX,Jefferson County,JEFFERSON,2024,253948,36822,0.144998
48247,TX,Jim Hogg County,JIM HOGG,2020,4846,703,0.145068
48247,TX,Jim Hogg County,JIM HOGG,2021,4786,694,0.145006
48247,TX,Jim Hogg County,JIM HOGG,2022,4764,691,0.145046
48247,TX,Jim Hogg County,JIM HOGG,2023,4657,676,0.145158
48247,TX,Jim Hogg County,JIM HOGG,2024,4583,665,0.145101
48249,TX,Jim Wells County,JIM WELLS,2020,38888,5638,0.14498
48249,TX,Jim Wells County,JIM WELLS,2021,38909,5641,0.144979
48249,TX,Jim Wells County,JIM WELLS,2022,38755,5619,0.144988
48249,TX,Jim Wells County,JIM WELLS,2023,38811,5627,0.144985
48249,TX,Jim Wells County,JIM WELLS,2024,38886,5638,0.144988
48251,TX,Johnson County,JOHNSON,2020,180950,26237,0.144996
48251,TX,Johnson County,JOHNSON,2021,187517,27190,0.145
48251,TX,Johnson County,JOHNSON,2022,195774,28387,0.144999
48251,TX,Johnson County,JOHNSON,2023,203196,29463,0.144998
48251,TX,Johnson County,JOHNSON,2024,210547,30529,0.144999
48253,TX,Jones County,JONES,2020,19680,2853,0.14497
48253,TX,Jones County,JONES,2021,19903,2886,0.145003
48253,TX,Jones County,JONES,2022,20316,2946,0.145009
48253,TX,Jones County,JONES,2023,20765,3011,0.145004
48253,TX,Jones County,JONES,2024,20850,3023,0.144988
48255,TX,Karnes County,KARNES,2020,14811,2148,0.145027
48255,TX,Karnes County,KARNES,2021,14800,2146,0.145
48255,TX,Karnes County,KARNES,2022,15039,2181,0.145023
48255,TX,Karnes County,KARNES,2023,15054,2183,0.145011
48255,TX,Karnes County,KARNES,2024,15137,2195,0.145009
48257,TX,Kaufman County,KAUFMAN,2020,147169,21339,0.144997
48257,TX,Kaufman County,KAUFMAN,2021,158355,22961,0.144997
48257,TX,Kaufman County,KAUFMAN,2022,172951,25078,0.145001
48257,TX,Kaufman County,KAUFMAN,2023,186715,27073,0.144996
48257,TX,Kaufman County,KAUFMAN,2024,197829,28685,0.144999
48259,TX,Kendall County,KENDALL,2020,44572,6463,0.145001
48259,TX,Kendall County,KENDALL,2021,46893,6799,0.14499
48259,TX,Kendall County,KENDALL,2022,49046,7112,0.145007
48259,TX,Kendall County,KENDALL,2023,50494,7322,0.145007
48259,TX,Kendall County,KENDALL,2024,51828,7515,0.144999
48261,TX,Kenedy County,KENEDY,2020,864,48,0.055556
48261,TX,Kenedy County,KENEDY,2021,864,48,0.055556
48261,TX,Kenedy County,KENEDY,2022,864,48,0.055556
48261,TX,Kenedy County,KENEDY,2023,864,48,0.055556
48261,TX,Kenedy County,KENEDY,2024,864,48,0.055556
48263,TX,Kent County,KENT,2020,864,102,0.118056
48263,TX,Kent County,KENT,2021,864,102,0.118056
48263,TX,Kent County,KENT,2022,864,102,0.118056
48263,TX,Kent County,KENT,2023,864,102,0.118056
48263,TX,Kent County,KENT,2024,864,102,0.118056
48265,TX,Kerr County,KERR,2020,52696,7640,0.144983
48265,TX,Kerr County,KERR,2021,53185,7711,0.144984
48265,TX,Kerr County,KERR,2022,53785,7798,0.144985
48265,TX,Kerr County,KERR,2023,53878,7812,0.144994
48265,TX,Kerr County,KERR,2024,53900,7815,0.144991
48267,TX,Kimble County,KIMBLE,2020,4293,622,0.144887
48267,TX,Kimble County,KIMBLE,2021,4348,630,0.144894
48267,TX,Kimble County,KIMBLE,2022,4438,643,0.144885
48267,TX,Kimble County,KIMBLE,2023,4465,647,0.144905
48267,TX,Kimble County,KIMBLE,2024,4401,638,0.144967
48269,TX,King County,KING,2020,864,31,0.03588
48269,TX,King County,KING,2021,864,31,0.03588
48269,TX,King County,KING,2022,864,31,0.03588
48269,TX,King County,KING,2023,864,31,0.03588
48269,TX,King County,KING,2024,864,31,0.03588
48271,TX,Kinney County,KINNEY,2020,3125,453,0.14496
48271,TX,Kinney County,KINNEY,2021,3120,453,0.145192
48271,TX,Kinney County,KINNEY,2022,3143,456,0.145084
48271,TX,Kinney County,KINNEY,2023,3204,465,0.145131
48271,TX,Kinney County,KINNEY,2024,3191,463,0.145096
48273,TX,Kleberg County,KLEBERG,2020,30986,4493,0.145001
48273,TX,Kleberg County,KLEBERG,2021,30632,4442,0.145012
48273,TX,Kleberg County,KLEBERG,2022,30454,4416,0.145006
48273,TX,Kleberg County,KLEBERG,2023,30381,4405,0.144992
48273,TX,Kleberg County,KLEBERG,2024,30442,4414,0.144997
48275,TX,Knox County,KNOX,2020,3351,486,0.145031
48275,TX,Knox County,KNOX,2021,3325,482,0.144962
48275,TX,Knox County,KNOX,2022,3288,477,0.145073
48275,TX,Knox County,KNOX,2023,3318,481,0.144967
48275,TX,Knox County,KNOX,2024,3255,472,0.145008
48277,TX,Lamar County,LAMAR,2020,50135,7269,0.144989
48277,TX,Lamar County,LAMAR,2021,50357,7302,0.145005
48277,TX,Lamar County,LAMAR,2022,50513,7324,0.144992
48277,TX,Lamar County,LAMAR,2023,51093,7408,0.144991
48277,TX,Lamar County,LAMAR,2024,51249,7431,0.144998
48279,TX,Lamb County,LAMB,2020,13006,1886,0.14501
48279,TX,Lamb County,LAMB,2021,12905,1872,0.14506
48279,TX,Lamb County,LAMB,2022,12774,1853,0.14506
48279,TX,Lamb County,LAMB,2023,12768,1852,0.14505
48279,TX,Lamb County,LAMB,2024,12687,1840,0.14503
48281,TX,Lampasas County,LAMPASAS,2020,21703,3147,0.145003
48281,TX,Lampasas County,LAMPASAS,2021,22227,3223,0.145004
48281,TX,Lampasas County,LAMPASAS,2022,22789,3304,0.144982
48281,TX,Lampasas County,LAMPASAS,2023,23319,3381,0.144989
48281,TX,Lampasas County,LAMPASAS,2024,23539,3413,0.144993
48283,TX,La Salle County,LA SALLE,2020,6652,964,0.144919
48283,TX,La Salle County,LA SALLE,2021,6698,971,0.144969
48283,TX,La Salle County,LA SALLE,2022,6561,951,0.144947
48283,TX,La Salle County,LA SALLE,2023,6599,956,0.14487
48283,TX,La Salle County,LA SALLE,2024,6679,968,0.144932
48285,TX,Lavaca County,LAVACA,2020,20352,2951,0.144998
48285,TX,Lavaca County,LAVACA,2021,20538,2978,0.145
48285,TX,Lavaca County,LAVACA,2022,20661,2996,0.145008
48285,TX,Lavaca County,LAVACA,2023,20604,2988,0.14502
48285,TX,Lavaca County,LAVACA,2024,20605,2988,0.145013
48287,TX,Lee County,LEE,2020,17506,2538,0.144979
48287,TX,Lee County,LEE,2021,17680,2563,0.144966
48287,TX,Lee County,LEE,2022,17966,2605,0.144996
48287,TX,Lee County,LEE,2023,18250,2646,0.144986
48287,TX,Lee County,LEE,2024,18451,2675,0.144979
48289,TX,Leon County,LEON,2020,15777,2287,0.144958
48289,TX,Leon County,LEON,2021,16056,2328,0.144993
48289,TX,Leon County,LEON,2022,16228,2353,0.144996
48289,TX,Leon County,LEON,2023,16556,2400,0.144963
48289,TX,Leon County,LEON,2024,16698,2421,0.144987
48291,TX,Liberty County,LIBERTY,2020,92510,13414,0.145001
48291,TX,Liberty County,LIBERTY,2021,97515,14140,0.145003
48291,TX,Liberty County,LIBERTY,2022,102661,14886,0.145002
48291,TX,Liberty County,LIBERTY,2023,109172,15830,0.145001
48291,TX,Liberty County,LIBERTY,2024,115042,16681,0.144999
48293,TX,Limestone County,LIMESTONE,2020,22150,3212,0.145011
48293,TX,Limestone County,LIMESTONE,2021,22069,3200,0.145
48293,TX,Limestone County,LIMESTONE,2022,22224,3223,0.145023
48293,TX,Limestone County,LIMESTONE,2023,22405,3249,0.145012
48293,TX,Limestone County,LIMESTONE,2024,22569,3273,0.145022
48295,TX,Lipscomb County,LIPSCOMB,2020,3038,441,0.145161
48295,TX,Lipscomb County,LIPSCOMB,2021,2901,421,0.145122
48295,TX,Lipscomb County,LIPSCOMB,2022,2855,414,0.145009
48295,TX,Lipscomb County,LIPSCOMB,2023,2915,423,0.145111
48295,TX,Lipscomb County,LIPSCOMB,2024,2880,418,0.145139
48297,TX,Live Oak County,LIVE OAK,2020,11348,1645,0.144959
48297,TX,Live Oak County,LIVE OAK,2021,11385,1651,0.145015
48297,TX,Live Oak County,LIVE OAK,2022,11571,1678,0.145018
48297,TX,Live Oak County,LIVE OAK,2023,11828,1715,0.144995
48297,TX,Live Oak County,LIVE OAK,2024,11967,1735,0.144982
48299,TX,Llano County,LLANO,2020,21318,3091,0.144995
48299,TX,Llano County,LLANO,2021,22091,3204,0.145036
48299,TX,Llano County,LLANO,2022,22664,3287,0.145032
48299,TX,Llano County,LLANO,2023,22883,3318,0.144998
48299,TX,Llano County,LLANO,2024,23163,3359,0.145016
48301,TX,Loving County,LOVING,2020,864,7,0.008102
48301,TX,Loving County,LOVING,2021,864,7,0.008102
48301,TX,Loving County,LOVING,2022,864,7,0.008102
48301,TX,Loving County,LOVING,2023,864,7,0.008102
48301,TX,Loving County,LOVING,2024,864,7,0.008102
48303,TX,Lubbock County,LUBBOCK,2020,311590,45180,0.144998
48303,TX,Lubbock County,LUBBOCK,2021,314677,45628,0.144999
48303,TX,Lubbock County,LUBBOCK,2022,318324,46157,0.145
48303,TX,Lubbock County,LUBBOCK,2023,322434,46753,0.145
48303,TX,Lubbock County,LUBBOCK,2024,327394,47472,0.145
48305,TX,Lynn County,LYNN,2020,5606,813,0.145023
48305,TX,Lynn County,LYNN,2021,5642,818,0.144984
48305,TX,Lynn County,LYNN,2022,5751,834,0.145018
48305,TX,Lynn County,LYNN,2023,5811,843,0.14507
48305,TX,Lynn County,LYNN,2024,5952,863,0.144993
48307,TX,McCulloch County,MCCULLOCH,2020,7587,1100,0.144985
48307,TX,McCulloch County,MCCULLOCH,2021,7524,1091,0.145003
48307,TX,McCulloch County,MCCULLOCH,2022,7494,1087,0.145049
48307,TX,McCulloch County,MCCULLOCH,2023,7516,1090,0.145024
48307,TX,McCulloch County,MCCULLOCH,2024,7448,1080,0.145005
48309,TX,McLennan County,MCLENNAN,2020,261192,37873,0.145001
48309,TX,McLennan County,MCLENNAN,2021,263751,38244,0.145
48309,TX,McLennan County,MCLENNAN,2022,266254,38607,0.145001
48309,TX,McLennan County,MCLENNAN,2023,268778,38973,0.145001
48309,TX,McLennan County,MCLENNAN,2024,270358,39202,0.145
48311,TX,McMullen County,MCMULLEN,2020,864,82,0.094907
48311,TX,McMullen County,MCMULLEN,2021,864,82,0.094907
48311,TX,McMullen County,MCMULLEN,2022,864,82,0.094907
48311,TX,McMullen County,MCMULLEN,2023,864,82,0.094907
48311,TX,McMullen County,MCMULLEN,2024,864,82,0.094907
48313,TX,Madison County,MADISON,2020,13458,1951,0.14497
48313,TX,Madison County,MADISON,2021,13514,1959,0.144961
48313,TX,Madison County,MADISON,2022,13642,1978,0.144993
48313,TX,Madison County,MADISON,2023,13750,1994,0.145018
48313,TX,Madison County,MADISON,2024,13877,2012,0.144988
48315,TX,Marion County,MARION,2020,9869,1431,0.144999
48315,TX,Marion County,MARION,2021,9740,1412,0.144969
48315,TX,Marion County,MARION,2022,9677,1403,0.144983
48315,TX,Marion County,MARION,2023,9693,1405,0.14495
48315,TX,Marion County,MARION,2024,9704,1407,0.144992
48317,TX,Martin County,MARTIN,2020,5261,763,0.145029
48317,TX,Martin County,MARTIN,2021,5224,758,0.1451
48317,TX,Martin County,MARTIN,2022,5226,758,0.145044
48317,TX,Martin County,MARTIN,2023,5200,754,0.145
48317,TX,Martin County,MARTIN,2024,5179,751,0.145009
48319,TX,Mason County,MASON,2020,3968,575,0.144909
48319,TX,Mason County,MASON,2021,3931,570,0.145001
48319,TX,Mason County,MASON,2022,3975,576,0.144906
48319,TX,Mason County,MASON,2023,3912,567,0.144939
48319,TX,Mason County,MASON,2024,3987,578,0.144971
48321,TX,Matagorda County,MATAGORDA,2020,36295,5263,0.145006
48321,TX,Matagorda County,MATAGORDA,2021,36353,5271,0.144995
48321,TX,Matagorda County,MATAGORDA,2022,36182,5247,0.145017
48321,TX,Matagorda County,MATAGORDA,2023,36422,5281,0.144995
48321,TX,Matagorda County,MATAGORDA,2024,36391,5277,0.145008
48323,TX,Maverick County,MAVERICK,2020,57873,8391,0.14499
48323,TX,Maverick County,MAVERICK,2021,57690,8365,0.144999
48323,TX,Maverick County,MAVERICK,2022,57813,8383,0.145002
48323,TX,Maverick County,MAVERICK,2023,58203,8439,0.144993
48323,TX,Maverick County,MAVERICK,2024,58829,8530,0.144997
48325,TX,Medina County,MEDINA,2020,51063,7404,0.144997
48325,TX,Medina County,MEDINA,2021,52445,7605,0.145009
48325,TX,Medina County,MEDINA,2022,53756,7795,0.145007
48325,TX,Medina County,MEDINA,2023,54851,7954,0.145011
48325,TX,Medina County,MEDINA,2024,55619,8065,0.145004
48327,TX,Menard County,MENARD,2020,1961,284,0.144824
48327,TX,Menard County,MENARD,2021,1968,285,0.144817
48327,TX,Menard County,MENARD,2022,1979,287,0.145023
48327,TX,Menard County,MENARD,2023,1958,284,0.145046
48327,TX,Menard County,MENARD,2024,1911,277,0.14495
48329,TX,Midland County,MIDLAND,2020,170725,24755,0.144999
48329,TX,Midland County,MIDLAND,2021,168629,24451,0.144999
48329,TX,Midland County,MIDLAND,2022,172705,25042,0.144999
48329,TX,Midland County,MIDLAND,2023,178357,25862,0.145001
48329,TX,Midland County,MIDLAND,2024,183587,26620,0.144999
48331,TX,Milam County,MILAM,2020,24778,3593,0.145008
48331,TX,Milam County,MILAM,2021,25215,3656,0.144993
48331,TX,Milam County,MILAM,2022,25649,3719,0.144996
48331,TX,Milam County,MILAM,2023,26033,3775,0.145008
48331,TX,Milam County,MILAM,2024,26159,3793,0.144998
48333,TX,Mills County,MILLS,2020,4450,646,0.145169
48333,TX,Mills County,MILLS,2021,4490,651,0.144989
48333,TX,Mills County,MILLS,2022,4504,653,0.144982
48333,TX,Mills County,MILLS,2023,4550,660,0.145055
48333,TX,Mills County,MILLS,2024,4563,662,0.14508
48335,TX,Mitchell County,MITCHELL,2020,9011,1306,0.144934
48335,TX,Mitchell County,MITCHELL,2021,9047,1311,0.14491
48335,TX,Mitchell County,MITCHELL,2022,8959,1299,0.144994
48335,TX,Mitchell County,MITCHELL,2023,9104,1320,0.144991
48335,TX,Mitchell County,MITCHELL,2024,8968,1300,0.14496
48337,TX,Montague County,MONTAGUE,2020,20043,2906,0.144988
48337,TX,Montague County,MONTAGUE,2021,20483,2970,0.144998
48337,TX,Montague County,MONTAGUE,2022,21134,3064,0.14498
48337,TX,Montague County,MONTAGUE,2023,21680,3144,0.145018
48337,TX,Montague County,MONTAGUE,2024,21890,3174,0.144998
48339,TX,Montgomery County,MONTGOMERY,2020,625420,90686,0.145
48339,TX,Montgomery County,MONTGOMERY,2021,650960,94389,0.145
48339,TX,Montgomery County,MONTGOMERY,2022,680824,98720,0.145001
48339,TX,Montgomery County,MONTGOMERY,2023,715345,103725,0.145
48339,TX,Montgomery County,MONTGOMERY,2024,749613,108694,0.145
48341,TX,Moore County,MOORE,2020,21269,3084,0.145
48341,TX,Moore County,MOORE,2021,21143,3065,0.144965
48341,TX,Moore County,MOORE,2022,21156,3067,0.144971
48341,TX,Moore County,MOORE,2023,21423,3106,0.144984
48341,TX,Moore County,MOORE,2024,21872,3171,0.14498
48343,TX,Morris County,MORRIS,2020,11973,1736,0.144993
48343,TX,Morris County,MORRIS,2021,12007,1741,0.144999
48343,TX,Morris County,MORRIS,2022,12082,1752,0.145009
48343,TX,Morris County,MORRIS,2023,12133,1760,0.145059
48343,TX,Morris County,MORRIS,2024,12184,1767,0.145026
48345,TX,Motley County,MOTLEY,2020,1064,154,0.144737
48345,TX,Motley County,MOTLEY,2021,1074,156,0.145251
48345,TX,Motley County,MOTLEY,2022,1033,150,0.145208
48345,TX,Motley County,MOTLEY,2023,1023,148,0.144673
48345,TX,Motley County,MOTLEY,2024,1015,147,0.144828
48347,TX,Nacogdoches County,NACOGDOCHES,2020,64643,9374,0.145012
48347,TX,Nacogdoches County,NACOGDOCHES,2021,64809,9398,0.145011
48347,TX,Nacogdoches County,NACOGDOCHES,2022,64995,9425,0.145011
48347,TX,Nacogdoches County,NACOGDOCHES,2023,65636,9518,0.145012
48347,TX,Nacogdoches County,NACOGDOCHES,2024,65728,9531,0.145007
48349,TX,Navarro County,NAVARRO,2020,52861,7665,0.145003
48349,TX,Navarro County,NAVARRO,2021,53667,7781,0.144987
48349,TX,Navarro County,NAVARRO,2022,54775,7942,0.144993
48349,TX,Navarro County,NAVARRO,2023,55719,8079,0.144995
48349,TX,Navarro County,NAVARRO,2024,56533,8197,0.144995
48351,TX,Newton County,NEWTON,2020,12159,1763,0.144995
48351,TX,Newton County,NEWTON,2021,12222,1773,0.145066
48351,TX,Newton County,NEWTON,2022,12076,1751,0.144998
48351,TX,Newton County,NEWTON,2023,12101,1755,0.145029
48351,TX,Newton County,NEWTON,2024,11908,1727,0.145029
48353,TX,Nolan County,NOLAN,2020,14729,2135,0.144952
48353,TX,Nolan County,NOLAN,2021,14618,2119,0.144958
48353,TX,Nolan County,NOLAN,2022,14460,2096,0.144952
48353,TX,Nolan County,NOLAN,2023,14281,2070,0.144948
48353,TX,Nolan County,NOLAN,2024,14182,2056,0.144973
48355,TX,Nueces County,NUECES,2020,353600,51272,0.145
48355,TX,Nueces County,NUECES,2021,353552,51265,0.145
48355,TX,Nueces County,NUECES,2022,351852,51018,0.144998
48355,TX,Nueces County,NUECES,2023,352645,51133,0.144999
48355,TX,Nueces County,NUECES,2024,353125,51203,0.145
48357,TX,Ochiltree County,OCHILTREE,2020,9953,1443,0.144981
48357,TX,Ochiltree County,OCHILTREE,2021,9767,1416,0.144978
48357,TX,Ochiltree County,OCHILTREE,2022,9718,1409,0.144989
48357,TX,Ochiltree County,OCHILTREE,2023,9774,1417,0.144976
48357,TX,Ochiltree County,OCHILTREE,2024,9717,1409,0.145004
48359,TX,Oldham County,OLDHAM,2020,1763,255,0.14464
48359,TX,Oldham County,OLDHAM,2021,1736,251,0.144585
48359,TX,Oldham County,OLDHAM,2022,1764,255,0.144558
48359,TX,Oldham County,OLDHAM,2023,1787,259,0.144936
48359,TX,Oldham County,OLDHAM,2024,1823,264,0.144816
48361,TX,Orange County,ORANGE,2020,84760,12291,0.145009
48361,TX,Orange County,ORANGE,2021,84677,12278,0.144998
48361,TX,Orange County,ORANGE,2022,85125,12343,0.144999
48361,TX,Orange County,ORANGE,2023,85857,12450,0.145009
48361,TX,Orange County,ORANGE,2024,86115,12487,0.145004
48363,TX,Palo Pinto County,PALO PINTO,2020,28450,4125,0.144991
48363,TX,Palo Pinto County,PALO PINTO,2021,28739,4167,0.144995
48363,TX,Palo Pinto County,PALO PINTO,2022,29292,4247,0.144988
48363,TX,Palo Pinto County,PALO PINTO,2023,29762,4315,0.144984
48363,TX,Palo Pinto County,PALO PINTO,2024,30231,4383,0.144984
48365,TX,Panola County,PANOLA,2020,22500,3262,0.144978
48365,TX,Panola County,PANOLA,2021,22560,3271,0.144991
48365,TX,Panola County,PANOLA,2022,22730,3296,0.145007
48365,TX,Panola County,PANOLA,2023,22816,3308,0.144986
48365,TX,Panola County,PANOLA,2024,23022,3338,0.144992
48367,TX,Parker County,PARKER,2020,149560,21687,0.145005
48367,TX,Parker County,PARKER,2021,157107,22781,0.145003
48367,TX,Parker County,PARKER,2022,165899,24056,0.145004
48367,TX,Parker County,PARKER,2023,173565,25167,0.145
48367,TX,Parker County,PARKER,2024,179707,26058,0.145003
48369,TX,Parmer County,PARMER,2020,9854,1429,0.145017
48369,TX,Parmer County,PARMER,2021,9785,1419,0.145018
48369,TX,Parmer County,PARMER,2022,9657,1400,0.144973
48369,TX,Parmer County,PARMER,2023,9691,1405,0.14498
48369,TX,Parmer County,PARMER,2024,9669,1402,0.144999
48371,TX,Pecos County,PECOS,2020,15184,2201,0.144955
48371,TX,Pecos County,PECOS,2021,15121,2192,0.144964
48371,TX,Pecos County,PECOS,2022,14742,2137,0.14496
48371,TX,Pecos County,PECOS,2023,14720,2134,0.144973
48371,TX,Pecos County,PECOS,2024,14712,2133,0.144984
48373,TX,Polk County,POLK,2020,50497,7322,0.144999
48373,TX,Polk County,POLK,2021,51878,7522,0.144994
48373,TX,Polk County,POLK,2022,53223,7717,0.144994
48373,TX,Polk County,POLK,2023,54146,7851,0.144997
48373,TX,Polk County,POLK,2024,54258,7867,0.144992
48375,TX,Potter County,POTTER,2020,118309,17155,0.145002
48375,TX,Potter County,POTTER,2021,116509,16894,0.145002
48375,TX,Potter County,POTTER,2022,115100,16689,0.144996
48375,TX,Potter County,POTTER,2023,115309,16720,0.145002
48375,TX,Potter County,POTTER,2024,114649,16624,0.144999
48377,TX,Presidio County,PRESIDIO,2020,6107,885,0.144916
48377,TX,Presidio County,PRESIDIO,2021,6113,886,0.144937
48377,TX,Presidio County,PRESIDIO,2022,5970,865,0.144891
48377,TX,Presidio County,PRESIDIO,2023,5776,837,0.14491
48377,TX,Presidio County,PRESIDIO,2024,5686,824,0.144917
48379,TX,Rains County,RAINS,2020,12179,1766,0.145004
48379,TX,Rains County,RAINS,2021,12471,1808,0.144976
48379,TX,Rains County,RAINS,2022,12858,1864,0.144968
48379,TX,Rains County,RAINS,2023,13059,1893,0.144958
48379,TX,Rains County,RAINS,2024,13306,1929,0.144972
48381,TX,Randall County,RANDALL,2020,141334,20493,0.144997
48381,TX,Randall County,RANDALL,2021,144058,20888,0.144997
48381,TX,Randall County,RANDALL,2022,146221,21202,0.145
48381,TX,Randall County,RANDALL,2023,148190,21487,0.144996
48381,TX,Randall County,RANDALL,2024,150547,21829,0.144998
48383,TX,Reagan County,REAGAN,2020,3423,496,0.144902
48383,TX,Reagan County,REAGAN,2021,3261,473,0.145048
48383,TX,Reagan County,REAGAN,2022,3161,458,0.144891
48383,TX,Reagan County,REAGAN,2023,3178,461,0.14506
48383,TX,Reagan County,REAGAN,2024,3139,455,0.144951
48385,TX,Real County,REAL,2020,2750,399,0.145091
48385,TX,Real County,REAL,2021,2817,409,0.14519
48385,TX,Real County,REAL,2022,2819,409,0.145087
48385,TX,Real County,REAL,2023,2854,414,0.14506
48385,TX,Real County,REAL,2024,2772,402,0.145022
48387,TX,Red River County,RED RIVER,2020,11556,1676,0.145033
48387,TX,Red River County,RED RIVER,2021,11560,1676,0.144983
48387,TX,Red River County,RED RIVER,2022,11594,1681,0.144989
48387,TX,Red River County,RED RIVER,2023,11651,1689,0.144966
48387,TX,Red River County,RED RIVER,2024,11696,1696,0.145007
48389,TX,Reeves County,REEVES,2020,14768,2142,0.145043
48389,TX,Reeves County,REEVES,2021,14030,2035,0.145046
48389,TX,Reeves County,REEVES,2022,12341,1790,0.145045
48389,TX,Reeves County,REEVES,2023,11856,1719,0.14499
48389,TX,Reeves County,REEVES,2024,11956,1734,0.145032
48391,TX,Refugio County,REFUGIO,2020,6740,977,0.144955
48391,TX,Refugio County,REFUGIO,2021,6698,971,0.144969
48391,TX,Refugio County,REFUGIO,2022,6649,964,0.144984
48391,TX,Refugio County,REFUGIO,2023,6711,973,0.144986
48391,TX,Refugio County,REFUGIO,2024,6739,977,0.144977
48393,TX,Roberts County,ROBERTS,2020,864,121,0.140046
48393,TX,Roberts County,ROBERTS,2021,864,121,0.140046
48393,TX,Roberts County,ROBERTS,2022,864,121,0.140046
48393,TX,Roberts County,ROBERTS,2023,864,121,0.140046
48393,TX,Roberts County,ROBERTS,2024,864,121,0.140046
48395,TX,Robertson County,ROBERTSON,2020,16768,2432,0.145038
48395,TX,Robertson County,ROBERTSON,2021,16951,2458,0.145006
48395,TX,Robertson County,ROBERTSON,2022,17135,2485,0.145025
48395,TX,Robertson County,ROBERTSON,2023,17322,2512,0.145018
48395,TX,Robertson County,ROBERTSON,2024,17659,2561,0.145025
48397,TX,Rockwall County,ROCKWALL,2020,109202,15834,0.144997
48397,TX,Rockwall County,ROCKWALL,2021,116666,16916,0.144995
48397,TX,Rockwall County,ROCKWALL,2022,123538,17913,0.145
48397,TX,Rockwall County,ROCKWALL,2023,131636,19087,0.144998
48397,TX,Rockwall County,ROCKWALL,2024,137044,19871,0.144997
48399,TX,Runnels County,RUNNELS,2020,9921,1439,0.145046
48399,TX,Runnels County,RUNNELS,2021,9893,1435,0.145052
48399,TX,Runnels County,RUNNELS,2022,9896,1435,0.145008
48399,TX,Runnels County,RUNNELS,2023,9909,1437,0.14502
48399,TX,Runnels County,RUNNELS,2024,9751,1414,0.145011
48401,TX,Rusk County,RUSK,2020,52254,7577,0.145003
48401,TX,Rusk County,RUSK,2021,52697,7641,0.144999
48401,TX,Rusk County,RUSK,2022,52597,7627,0.145008
48401,TX,Rusk County,RUSK,2023,53271,7725,0.145013
48401,TX,Rusk County,RUSK,2024,53391,7742,0.145006
48403,TX,Sabine County,SABINE,2020,9891,1434,0.14498
48403,TX,Sabine County,SABINE,2021,10013,1451,0.144912
48403,TX,Sabine County,SABINE,2022,10035,1455,0.144993
48403,TX,Sabine County,SABINE,2023,10118,1467,0.144989
48403,TX,Sabine County,SABINE,2024,10058,1458,0.144959
48405,TX,San Augustine County,SAN AUGUSTINE,2020,7925,1149,0.144984
48405,TX,San Augustine County,SAN AUGUSTINE,2021,7911,1147,0.144988
48405,TX,San Augustine County,SAN AUGUSTINE,2022,7886,1143,0.14494
48405,TX,San Augustine County,SAN AUGUSTINE,2023,7882,1143,0.145014
48405,TX,San Augustine County,SAN AUGUSTINE,2024,7767,1126,0.144972
48407,TX,San Jacinto County,SAN JACINTO,2020,27538,3993,0.145
48407,TX,San Jacinto County,SAN JACINTO,2021,27818,4033,0.144978
48407,TX,San Jacinto County,SAN JACINTO,2022,28399,4118,0.145005
48407,TX,San Jacinto County,SAN JACINTO,2023,29126,4223,0.144991
48407,TX,San Jacinto County,SAN JACINTO,2024,29326,4252,0.144991
48409,TX,San Patricio County,SAN PATRICIO,2020,68848,9983,0.145001
48409,TX,San Patricio County,SAN PATRICIO,2021,69776,10118,0.145007
48409,TX,San Patricio County,SAN PATRICIO,2022,70044,10157,0.145009
48409,TX,San Patricio County,SAN PATRICIO,2023,70770,10262,0.145005
48409,TX,San Patricio County,SAN PATRICIO,2024,71467,10363,0.145004
48411,TX,San Saba County,SAN SABA,2020,5728,831,0.145077
48411,TX,San Saba County,SAN SABA,2021,5830,846,0.145111
48411,TX,San Saba County,SAN SABA,2022,5873,852,0.145071
48411,TX,San Saba County,SAN SABA,2023,5579,809,0.145008
48411,TX,San Saba County,SAN SABA,2024,5508,799,0.145062
48413,TX,Schleicher County,SCHLEICHER,2020,2443,354,0.144904
48413,TX,Schleicher County,SCHLEICHER,2021,2442,354,0.144963
48413,TX,Schleicher County,SCHLEICHER,2022,2351,341,0.145045
48413,TX,Schleicher County,SCHLEICHER,2023,2369,344,0.145209
48413,TX,Schleicher County,SCHLEICHER,2024,2302,334,0.145091
48415,TX,Scurry County,SCURRY,2020,16922,2454,0.145018
48415,TX,Scurry County,SCURRY,2021,16817,2439,0.145032
48415,TX,Scurry County,SCURRY,2022,16258,2358,0.145036
48415,TX,Scurry County,SCURRY,2023,16230,2354,0.14504
48415,TX,Scurry County,SCURRY,2024,16211,2351,0.145025
48417,TX,Shackelford County,SHACKELFORD,2020,3109,451,0.145063
48417,TX,Shackelford County,SHACKELFORD,2021,3191,463,0.145096
48417,TX,Shackelford County,SHACKELFORD,2022,3201,465,0.145267
48417,TX,Shackelford County,SHACKELFORD,2023,3204,465,0.145131
48417,TX,Shackelford County,SHACKELFORD,2024,3169,460,0.145156
48419,TX,Shelby County,SHELBY,2020,24048,3487,0.145002
48419,TX,Shelby County,SHELBY,2021,24112,3496,0.14499
48419,TX,Shelby County,SHELBY,2022,24163,3504,0.145015
48419,TX,Shelby County,SHELBY,2023,24258,3518,0.145024
48419,TX,Shelby County,SHELBY,2024,24192,3508,0.145007
48421,TX,Sherman County,SHERMAN,2020,2791,405,0.145109
48421,TX,Sherman County,SHERMAN,2021,2792,405,0.145057
48421,TX,Sherman County,SHERMAN,2022,2781,403,0.144912
48421,TX,Sherman County,SHERMAN,2023,2710,393,0.145018
48421,TX,Sherman County,SHERMAN,2024,2771,402,0.145074
48423,TX,Smith County,SMITH,2020,234200,33959,0.145
48423,TX,Smith County,SMITH,2021,237206,34395,0.145001
48423,TX,Smith County,SMITH,2022,242249,35126,0.145
48423,TX,Smith County,SMITH,2023,245955,35663,0.144998
48423,TX,Smith County,SMITH,2024,249091,36118,0.144999
48425,TX,Somervell County,SOMERVELL,2020,9206,1335,0.145014
48425,TX,Somervell County,SOMERVELL,2021,9477,1374,0.144983
48425,TX,Somervell County,SOMERVELL,2022,9791,1419,0.144929
48425,TX,Somervell County,SOMERVELL,2023,9881,1433,0.145026
48425,TX,Somervell County,SOMERVELL,2024,10098,1464,0.144979
48427,TX,Starr County,STARR,2020,65871,9551,0.144996
48427,TX,Starr County,STARR,2021,65869,9551,0.145
48427,TX,Starr County,STARR,2022,65793,9540,0.145
48427,TX,Starr County,STARR,2023,66215,9601,0.144997
48427,TX,Starr County,STARR,2024,66587,9655,0.144998
48429,TX,Stephens County,STEPHENS,2020,9094,1319,0.145041
48429,TX,Stephens County,STEPHENS,2021,9434,1368,0.145007
48429,TX,Stephens County,STEPHENS,2022,9374,1359,0.144975
48429,TX,Stephens County,STEPHENS,2023,9380,1360,0.144989
48429,TX,Stephens County,STEPHENS,2024,9475,1374,0.145013
48431,TX,Sterling County,STERLING,2020,1384,201,0.145231
48431,TX,Sterling County,STERLING,2021,1384,201,0.145231
48431,TX,Sterling County,STERLING,2022,1417,205,0.144672
48431,TX,Sterling County,STERLING,2023,1377,200,0.145243
48431,TX,Sterling County,STERLING,2024,1387,201,0.144917
48433,TX,Stonewall County,STONEWALL,2020,1245,180,0.144578
48433,TX,Stonewall County,STONEWALL,2021,1213,176,0.145095
48433,TX,Stonewall County,STONEWALL,2022,1218,177,0.14532
48433,TX,Stonewall County,STONEWALL,2023,1220,177,0.145082
48433,TX,Stonewall County,STONEWALL,2024,1235,179,0.144939
48435,TX,Sutton County,SUTTON,2020,3357,487,0.14507
48435,TX,Sutton County,SUTTON,2021,3293,477,0.144853
48435,TX,Sutton County,SUTTON,2022,3239,470,0.145107
48435,TX,Sutton County,SUTTON,2023,3227,468,0.145026
48435,TX,Sutton County,SUTTON,2024,3269,474,0.144998
48437,TX,Swisher County,SWISHER,2020,6948,1007,0.144934
48437,TX,Swisher County,SWISHER,2021,7009,1016,0.144956
48437,TX,Swisher County,SWISHER,2022,6952,1008,0.144994
48437,TX,Swisher County,SWISHER,2023,6899,1000,0.144949
48437,TX,Swisher County,SWISHER,2024,6877,997,0.144976
48439,TX,Tarrant County,TARRANT,2020,1316181,323453,0.245751
48439,TX,Tarrant County,TARRANT,2021,1316181,323453,0.245751
48439,TX,Tarrant County,TARRANT,2022,1316181,323453,0.245751
48439,TX,Tarrant County,TARRANT,2023,1316181,323453,0.245751
48439,TX,Tarrant County,TARRANT,2024,1316181,323453,0.245751
48441,TX,Taylor County,TAYLOR,2020,143493,20807,0.145004
48441,TX,Taylor County,TAYLOR,2021,143909,20867,0.145001
48441,TX,Taylor County,TAYLOR,2022,145481,21095,0.145002
48441,TX,Taylor County,TAYLOR,2023,147618,21405,0.145003
48441,TX,Taylor County,TAYLOR,2024,148813,21578,0.145001
48443,TX,Terrell County,TERRELL,2020,864,104,0.12037
48443,TX,Terrell County,TERRELL,2021,864,104,0.12037
48443,TX,Terrell County,TERRELL,2022,864,104,0.12037
48443,TX,Terrell County,TERRELL,2023,864,104,0.12037
48443,TX,Terrell County,TERRELL,2024,864,104,0.12037
48445,TX,Terry County,TERRY,2020,11790,1709,0.144953
48445,TX,Terry County,TERRY,2021,11709,1698,0.145017
48445,TX,Terry County,TERRY,2022,11462,1662,0.145001
48445,TX,Terry County,TERRY,2023,11583,1679,0.144954
48445,TX,Terry County,TERRY,2024,11602,1682,0.144975
48447,TX,Throckmorton County,THROCKMORTON,2020,1451,210,0.144728
48447,TX,Throckmorton County,THROCKMORTON,2021,1505,218,0.14485
48447,TX,Throckmorton County,THROCKMORTON,2022,1543,224,0.145172
48447,TX,Throckmorton County,THROCKMORTON,2023,1531,222,0.145003
48447,TX,Throckmorton County,THROCKMORTON,2024,1532,222,0.144909
48449,TX,Titus County,TITUS,2020,31294,4537,0.14498
48449,TX,Titus County,TITUS,2021,31280,4535,0.144981
48449,TX,Titus County,TITUS,2022,31273,4534,0.144981
48449,TX,Titus County,TITUS,2023,31423,4556,0.144989
48449,TX,Titus County,TITUS,2024,31547,4574,0.14499
48451,TX,Tom Green County,TOM GREEN,2020,120201,17429,0.144999
48451,TX,Tom Green County,TOM GREEN,2021,119242,17290,0.144999
48451,TX,Tom Green County,TOM GREEN,2022,119006,17256,0.145001
48451,TX,Tom Green County,TOM GREEN,2023,119334,17303,0.144996
48451,TX,Tom Green County,TOM GREEN,2024,120103,17415,0.145001
48453,TX,Travis County,TRAVIS,2020,1296610,194806,0.150243
48453,TX,Travis County,TRAVIS,2021,1309113,196684,0.150242
48453,TX,Travis County,TRAVIS,2022,1316181,197746,0.150242
48453,TX,Travis County,TRAVIS,2023,1316181,197746,0.150242
48453,TX,Travis County,TRAVIS,2024,1316181,197746,0.150242
48455,TX,Trinity County,TRINITY,2020,13638,1978,0.145036
48455,TX,Trinity County,TRINITY,2021,13837,2006,0.144974
48455,TX,Trinity County,TRINITY,2022,13996,2030,0.145041
48455,TX,Trinity County,TRINITY,2023,14269,2069,0.145
48455,TX,Trinity County,TRINITY,2024,14489,2101,0.145007
48457,TX,Tyler County,TYLER,2020,19829,2875,0.14499
48457,TX,Tyler County,TYLER,2021,19921,2888,0.144973
48457,TX,Tyler County,TYLER,2022,20447,2965,0.145009
48457,TX,Tyler County,TYLER,2023,20435,2963,0.144996
48457,TX,Tyler County,TYLER,2024,20560,2981,0.14499
48459,TX,Upshur County,UPSHUR,2020,41040,5951,0.145005
48459,TX,Upshur County,UPSHUR,2021,41828,6065,0.144999
48459,TX,Upshur County,UPSHUR,2022,42492,6161,0.144992
48459,TX,Upshur County,UPSHUR,2023,43425,6296,0.144986
48459,TX,Upshur County,UPSHUR,2024,44050,6387,0.144994
48461,TX,Upton County,UPTON,2020,3303,479,0.14502
48461,TX,Upton County,UPTON,2021,3238,470,0.145151
48461,TX,Upton County,UPTON,2022,3157,458,0.145074
48461,TX,Upton County,UPTON,2023,3131,454,0.145002
48461,TX,Upton County,UPTON,2024,3128,454,0.145141
48463,TX,Uvalde County,UVALDE,2020,24564,3562,0.145009
48463,TX,Uvalde County,UVALDE,2021,24797,3596,0.145018
48463,TX,Uvalde County,UVALDE,2022,24895,3610,0.145009
48463,TX,Uvalde County,UVALDE,2023,25012,3627,0.14501
48463,TX,Uvalde County,UVALDE,2024,25138,3645,0.145
48465,TX,Val Verde County,VAL VERDE,2020,47605,6903,0.145006
48465,TX,Val Verde County,VAL VERDE,2021,47560,6896,0.144996
48465,TX,Val Verde County,VAL VERDE,2022,47678,6913,0.144993
48465,TX,Val Verde County,VAL VERDE,2023,47863,6940,0.144997
48465,TX,Val Verde County,VAL VERDE,2024,47999,6960,0.145003
48467,TX,Van Zandt County,VAN ZANDT,2020,59748,8663,0.144992
48467,TX,Van Zandt County,VAN ZANDT,2021,61246,8881,0.145005
48467,TX,Van Zandt County,VAN ZANDT,2022,62872,9116,0.144993
48467,TX,Van Zandt County,VAN ZANDT,2023,64077,9291,0.144997
48467,TX,Van Zandt County,VAN ZANDT,2024,65304,9469,0.144999
48469,TX,Victoria County,VICTORIA,2020,91315,13241,0.145004
48469,TX,Victoria County,VICTORIA,2021,90917,13183,0.145
48469,TX,Victoria County,VICTORIA,2022,91128,13214,0.145005
48469,TX,Victoria County,VICTORIA,2023,91756,13305,0.145004
48469,TX,Victoria County,VICTORIA,2024,91949,13333,0.145004
48471,TX,Walker County,WALKER,2020,76563,11102,0.145005
48471,TX,Walker County,WALKER,2021,78374,11365,0.14501
48471,TX,Walker County,WALKER,2022,79821,11574,0.144999
48471,TX,Walker County,WALKER,2023,82566,11972,0.144999
48471,TX,Walker County,WALKER,2024,83722,12140,0.145004
48473,TX,Waller County,WALLER,2020,57289,8307,0.145002
48473,TX,Waller County,WALLER,2021,59459,8622,0.145007
48473,TX,Waller County,WALLER,2022,61967,8985,0.144997
48473,TX,Waller County,WALLER,2023,63936,9271,0.145004
48473,TX,Waller County,WALLER,2024,65109,9441,0.145003
48475,TX,Ward County,WARD,2020,11677,1694,0.145072
48475,TX,Ward County,WARD,2021,11093,1609,0.145046
48475,TX,Ward County,WARD,2022,10946,1588,0.145076
48475,TX,Ward County,WARD,2023,10974,1592,0.14507
48475,TX,Ward County,WARD,2024,11038,1601,0.145044
48477,TX,Washington County,WASHINGTON,2020,35802,5191,0.144992
48477,TX,Washington County,WASHINGTON,2021,35955,5213,0.144987
48477,TX,Washington County,WASHINGTON,2022,36382,5275,0.144989
48477,TX,Washington County,WASHINGTON,2023,37286,5406,0.144987
48477,TX,Washington County,WASHINGTON,2024,37810,5482,0.144988
48479,TX,Webb County,WEBB,2020,267368,38768,0.144999
48479,TX,Webb County,WEBB,2021,267465,38782,0.144998
48479,TX,Webb County,WEBB,2022,268276,38900,0.145
48479,TX,Webb County,WEBB,2023,270538,39228,0.145
48479,TX,Webb County,WEBB,2024,272823,39559,0.144999
48481,TX,Wharton County,WHARTON,2020,41586,6030,0.145001
48481,TX,Wharton County,WHARTON,2021,41681,6044,0.145006
48481,TX,Wharton County,WHARTON,2022,41811,6063,0.14501
48481,TX,Wharton County,WHARTON,2023,41855,6069,0.145001
48481,TX,Wharton County,WHARTON,2024,42035,6095,0.144998
48483,TX,Wheeler County,WHEELER,2020,4976,721,0.144895
48483,TX,Wheeler County,WHEELER,2021,4885,708,0.144933
48483,TX,Wheeler County,WHEELER,2022,4801,696,0.14497
48483,TX,Wheeler County,WHEELER,2023,4825,699,0.14487
48483,TX,Wheeler County,WHEELER,2024,4824,699,0.1449
48485,TX,Wichita County,WICHITA,2020,129624,18796,0.145004
48485,TX,Wichita County,WICHITA,2021,130105,18866,0.145006
48485,TX,Wichita County,WICHITA,2022,130166,18874,0.144999
48485,TX,Wichita County,WICHITA,2023,130102,18865,0.145002
48485,TX,Wichita County,WICHITA,2024,129984,18848,0.145002
48487,TX,Wilbarger County,WILBARGER,2020,12845,1863,0.145037
48487,TX,Wilbarger County,WILBARGER,2021,12707,1843,0.145038
48487,TX,Wilbarger County,WILBARGER,2022,12544,1819,0.14501
48487,TX,Wilbarger County,WILBARGER,2023,12529,1817,0.145024
48487,TX,Wilbarger County,WILBARGER,2024,12455,1806,0.145002
48489,TX,Willacy County,WILLACY,2020,20141,2921,0.145028
48489,TX,Willacy County,WILLACY,2021,20292,2942,0.144983
48489,TX,Willacy County,WILLACY,2022,20231,2934,0.145025
48489,TX,Willacy County,WILLACY,2023,20003,2901,0.145028
48489,TX,Willacy County,WILLACY,2024,20027,2904,0.145004
48491,TX,Williamson County,WILLIAMSON,2020,615631,89267,0.145001
48491,TX,Williamson County,WILLIAMSON,2021,644740,93488,0.145001
48491,TX,Williamson County,WILLIAMSON,2022,673951,97723,0.145
48491,TX,Williamson County,WILLIAMSON,2023,701640,101738,0.145
48491,TX,Williamson County,WILLIAMSON,2024,727480,105485,0.145001
48493,TX,Wilson County,WILSON,2020,50051,7257,0.144992
48493,TX,Wilson County,WILSON,2021,51311,7440,0.144998
48493,TX,Wilson County,WILSON,2022,52772,7652,0.145001
48493,TX,Wilson County,WILSON,2023,54354,7881,0.144994
48493,TX,Wilson County,WILSON,2024,55415,8035,0.144997
48495,TX,Winkler County,WINKLER,2020,7754,1124,0.144957
48495,TX,Winkler County,WINKLER,2021,7383,1070,0.144928
48495,TX,Winkler County,WINKLER,2022,7305,1059,0.144969
48495,TX,Winkler County,WINKLER,2023,7447,1080,0.145025
48495,TX,Winkler County,WINKLER,2024,7381,1070,0.144967
48497,TX,Wise County,WISE,2020,68936,9996,0.145004
48497,TX,Wise County,WISE,2021,71862,10420,0.145
48497,TX,Wise County,WISE,2022,74900,10861,0.145007
48497,TX,Wise County,WISE,2023,78051,11318,0.145008
48497,TX,Wise County,WISE,2024,81275,11785,0.145002
48499,TX,Wood County,WOOD,2020,45038,6531,0.145011
48499,TX,Wood County,WOOD,2021,46075,6681,0.145003
48499,TX,Wood County,WOOD,2022,46967,6811,0.145017
48499,TX,Wood County,WOOD,2023,47981,6958,0.145016
48499,TX,Wood County,WOOD,2024,48742,7068,0.145008
48501,TX,Yoakum County,YOAKUM,2020,7673,1112,0.144924
48501,TX,Yoakum County,YOAKUM,2021,7562,1096,0.144935
48501,TX,Yoakum County,YOAKUM,2022,7523,1091,0.145022
48501,TX,Yoakum County,YOAKUM,2023,7517,1090,0.145005
48501,TX,Yoakum County,YOAKUM,2024,7581,1099,0.144968
48503,TX,Young County,YOUNG,2020,17844,2587,0.144979
48503,TX,Young County,YOUNG,2021,17938,2601,0.144999
48503,TX,Young County,YOUNG,2022,17998,2609,0.144961
48503,TX,Young County,YOUNG,2023,18131,2629,0.145
48503,TX,Young County,YOUNG,2024,18236,2644,0.144988
48505,TX,Zapata County,ZAPATA,2020,13875,2012,0.145009
48505,TX,Zapata County,ZAPATA,2021,13887,2014,0.145028
48505,TX,Zapata County,ZAPATA,2022,13841,2007,0.145004
48505,TX,Zapata County,ZAPATA,2023,13782,1999,0.145044
48505,TX,Zapata County,ZAPATA,2024,13819,2004,0.145018
48507,TX,Zavala County,ZAVALA,2020,9660,1400,0.144928
48507,TX,Zavala County,ZAVALA,2021,9472,1373,0.144954
48507,TX,Zavala County,ZAVALA,2022,9382,1360,0.144958
48507,TX,Zavala County,ZAVALA,2023,9339,1354,0.144983
48507,TX,Zavala County,ZAVALA,2024,9209,1335,0.144967
49001,UT,Beaver County,BEAVER,2020,7088,815,0.114983
49001,UT,Beaver County,BEAVER,2021,7216,830,0.115022
49001,UT,Beaver County,BEAVER,2022,7348,845,0.114997
49001,UT,Beaver County,BEAVER,2023,7291,839,0.115073
49001,UT,Beaver County,BEAVER,2024,7424,854,0.115032
49003,UT,Box Elder County,BOX ELDER,2020,57948,6664,0.115
49003,UT,Box Elder County,BOX ELDER,2021,59694,6865,0.115003
49003,UT,Box Elder County,BOX ELDER,2022,61590,7083,0.115002
49003,UT,Box Elder County,BOX ELDER,2023,62878,7231,0.115
49003,UT,Box Elder County,BOX ELDER,2024,64120,7374,0.115003
49005,UT,Cache County,CACHE,2020,133629,15367,0.114997
49005,UT,Cache County,CACHE,2021,137470,15809,0.115
49005,UT,Cache County,CACHE,2022,140450,16152,0.115002
49005,UT,Cache County,CACHE,2023,143193,16467,0.114999
49005,UT,Cache County,CACHE,2024,145487,16731,0.115
49007,UT,Carbon County,CARBON,2020,20480,2355,0.11499
49007,UT,Carbon County,CARBON,2021,20355,2340,0.114959
49007,UT,Carbon County,CARBON,2022,20530,2360,0.114954
49007,UT,Carbon County,CARBON,2023,20607,2369,0.114961
49007,UT,Carbon County,CARBON,2024,20613,2370,0.114976
49009,UT,Daggett County,DAGGETT,2020,952,110,0.115546
49009,UT,Daggett County,DAGGETT,2021,982,113,0.115071
49009,UT,Daggett County,DAGGETT,2022,1011,116,0.114738
49009,UT,Daggett County,DAGGETT,2023,983,113,0.114954
49009,UT,Daggett County,DAGGETT,2024,956,110,0.115063
49011,UT,Davis County,DAVIS,2020,363768,41833,0.114999
49011,UT,Davis County,DAVIS,2021,367529,42266,0.115
49011,UT,Davis County,DAVIS,2022,370424,42599,0.115001
49011,UT,Davis County,DAVIS,2023,374430,43059,0.114999
49011,UT,Davis County,DAVIS,2024,378470,43524,0.115
49013,UT,Duchesne County,DUCHESNE,2020,19625,2257,0.115006
49013,UT,Duchesne County,DUCHESNE,2021,19800,2277,0.115
49013,UT,Duchesne County,DUCHESNE,2022,20158,2318,0.114992
49013,UT,Duchesne County,DUCHESNE,2023,20541,2362,0.11499
49013,UT,Duchesne County,DUCHESNE,2024,20803,2392,0.114983
49015,UT,Emery County,EMERY,2020,9848,1133,0.115049
49015,UT,Emery County,EMERY,2021,9967,1147,0.11508
49015,UT,Emery County,EMERY,2022,10104,1162,0.115004
49015,UT,Emery County,EMERY,2023,10149,1168,0.115085
49015,UT,Emery County,EMERY,2024,10161,1169,0.115048
49017,UT,Garfield County,GARFIELD,2020,5098,586,0.114947
49017,UT,Garfield County,GARFIELD,2021,5122,589,0.114994
49017,UT,Garfield County,GARFIELD,2022,5264,605,0.114932
49017,UT,Garfield County,GARFIELD,2023,5320,611,0.11485
49017,UT,Garfield County,GARFIELD,2024,5290,608,0.114934
49019,UT,Grand County,GRAND,2020,9683,1114,0.115047
49019,UT,Grand County,GRAND,2021,9680,1114,0.115083
49019,UT,Grand County,GRAND,2022,9809,1128,0.114996
49019,UT,Grand County,GRAND,2023,9810,1129,0.115087
49019,UT,Grand County,GRAND,2024,9788,1126,0.115039
49021,UT,Iron County,IRON,2020,57711,6637,0.115004
49021,UT,Iron County,IRON,2021,60520,6960,0.115003
49021,UT,Iron County,IRON,2022,62607,7200,0.115003
49021,UT,Iron County,IRON,2023,64485,7416,0.115003
49021,UT,Iron County,IRON,2024,65936,7583,0.115005
49023,UT,Juab County,JUAB,2020,11826,1360,0.115001
49023,UT,Juab County,JUAB,2021,12214,1404,0.11495
49023,UT,Juab County,JUAB,2022,12575,1446,0.11499
49023,UT,Juab County,JUAB,2023,13016,1497,0.115012
49023,UT,Juab County,JUAB,2024,13297,1529,0.114988
49025,UT,Kane County,KANE,2020,7688,884,0.114984
49025,UT,Kane County,KANE,2021,7981,917,0.114898
49025,UT,Kane County,KANE,2022,8208,944,0.11501
49025,UT,Kane County,KANE,2023,8446,971,0.114966
49025,UT,Kane County,KANE,2024,8525,980,0.114956
49027,UT,Millard County,MILLARD,2020,13055,1502,0.115052
49027,UT,Millard County,MILLARD,2021,13189,1517,0.11502
49027,UT,Millard County,MILLARD,2022,13328,1533,0.115021
49027,UT,Millard County,MILLARD,2023,13432,1545,0.115024
49027,UT,Millard County,MILLARD,2024,13572,1561,0.115016
49029,UT,Morgan County,MORGAN,2020,12386,1425,0.115049
49029,UT,Morgan County,MORGAN,2021,12668,1457,0.115014
49029,UT,Morgan County,MORGAN,2022,12860,1479,0.115008
49029,UT,Morgan County,MORGAN,2023,13004,1496,0.115042
49029,UT,Morgan County,MORGAN,2024,13093,1506,0.115023
49031,UT,Piute County,PIUTE,2020,1438,165,0.114743
49031,UT,Piute County,PIUTE,2021,1491,171,0.114688
49031,UT,Piute County,PIUTE,2022,1493,171,0.114534
49031,UT,Piute County,PIUTE,2023,1546,177,0.114489
49031,UT,Piute County,PIUTE,2024,1534,176,0.114733
49033,UT,Rich County,RICH,2020,2504,288,0.115016
49033,UT,Rich County,RICH,2021,2599,298,0.114659
49033,UT,Rich County,RICH,2022,2634,302,0.114655
49033,UT,Rich County,RICH,2023,2665,306,0.114822
49033,UT,Rich County,RICH,2024,2752,316,0.114826
49035,UT,Salt Lake County,SALT LAKE,2020,1187028,136509,0.115001
49035,UT,Salt Lake County,SALT LAKE,2021,1186513,136449,0.115
49035,UT,Salt Lake County,SALT LAKE,2022,1192255,137110,0.115001
49035,UT,Salt Lake County,SALT LAKE,2023,1200544,138063,0.115
49035,UT,Salt Lake County,SALT LAKE,2024,1216274,139872,0.115
49037,UT,San Juan County,SAN JUAN,2020,14518,1669,0.114961
49037,UT,San Juan County,SAN JUAN,2021,14494,1667,0.115013
49037,UT,San Juan County,SAN JUAN,2022,14411,1657,0.114982
49037,UT,San Juan County,SAN JUAN,2023,14390,1655,0.11501
49037,UT,San Juan County,SAN JUAN,2024,14601,1679,0.114992
49039,UT,Sanpete County,SANPETE,2020,28524,3280,0.114991
49039,UT,Sanpete County,SANPETE,2021,29128,3350,0.11501
49039,UT,Sanpete County,SANPETE,2022,29762,3422,0.114979
49039,UT,Sanpete County,SANPETE,2023,30450,3502,0.115008
49039,UT,Sanpete County,SANPETE,2024,30732,3534,0.114994
49041,UT,Sevier County,SEVIER,2020,21564,2480,0.115006
49041,UT,Sevier County,SEVIER,2021,21909,2520,0.115021
49041,UT,Sevier County,SEVIER,2022,22065,2538,0.115024
49041,UT,Sevier County,SEVIER,2023,22367,2572,0.114991
49041,UT,Sevier County,SEVIER,2024,22520,2590,0.115009
49043,UT,Summit County,SUMMIT,2020,42485,4886,0.115005
49043,UT,Summit County,SUMMIT,2021,43182,4966,0.115002
49043,UT,Summit County,SUMMIT,2022,43134,4961,0.115014
49043,UT,Summit County,SUMMIT,2023,42939,4938,0.115
49043,UT,Summit County,SUMMIT,2024,43109,4958,0.115011
49045,UT,Tooele County,TOOELE,2020,73351,8435,0.114995
49045,UT,Tooele County,TOOELE,2021,76777,8829,0.114995
49045,UT,Tooele County,TOOELE,2022,79981,9198,0.115002
49045,UT,Tooele County,TOOELE,2023,82137,9446,0.115003
49045,UT,Tooele County,TOOELE,2024,84488,9716,0.114999
49047,UT,Uintah County,UINTAH,2020,35675,4102,0.114982
49047,UT,Uintah County,UINTAH,2021,36235,4167,0.114999
49047,UT,Uintah County,UINTAH,2022,37162,4273,0.114983
49047,UT,Uintah County,UINTAH,2023,37903,4359,0.115004
49047,UT,Uintah County,UINTAH,2024,38307,4405,0.114992
49049,UT,Utah County,UTAH,2020,663606,76315,0.115
49049,UT,Utah County,UTAH,2021,686038,78894,0.114999
49049,UT,Utah County,UTAH,2022,704764,81048,0.115
49049,UT,Utah County,UTAH,2023,725359,83416,0.115
49049,UT,Utah County,UTAH,2024,747234,85932,0.115
49051,UT,Wasatch County,WASATCH,2020,35063,4033,0.115022
49051,UT,Wasatch County,WASATCH,2021,36257,4170,0.115012
49051,UT,Wasatch County,WASATCH,2022,36731,4224,0.114998
49051,UT,Wasatch County,WASATCH,2023,37303,4290,0.115004
49051,UT,Wasatch County,WASATCH,2024,37858,4354,0.115009
49053,UT,Washington County,WASHINGTON,2020,182029,20933,0.114998
49053,UT,Washington County,WASHINGTON,2021,191552,22028,0.114997
49053,UT,Washington County,WASHINGTON,2022,197898,22758,0.114999
49053,UT,Washington County,WASHINGTON,2023,202735,23314,0.114997
49053,UT,Washington County,WASHINGTON,2024,207943,23913,0.114998
49055,UT,Wayne County,WAYNE,2020,2506,288,0.114924
49055,UT,Wayne County,WAYNE,2021,2563,295,0.115099
49055,UT,Wayne County,WAYNE,2022,2632,303,0.115122
49055,UT,Wayne County,WAYNE,2023,2613,301,0.115193
49055,UT,Wayne County,WAYNE,2024,2608,300,0.115031
49057,UT,Weber County,WEBER,2020,263001,30246,0.115003
49057,UT,Weber County,WEBER,2021,266613,30661,0.115002
49057,UT,Weber County,WEBER,2022,269823,31030,0.115001
49057,UT,Weber County,WEBER,2023,272686,31359,0.115
49057,UT,Weber County,WEBER,2024,276118,31754,0.115002
50001,VT,Addison County,ADDISON,2020,37354,7658,0.205012
50001,VT,Addison County,ADDISON,2021,37414,7670,0.205003
50001,VT,Addison County,ADDISON,2022,37619,7712,0.205003
50001,VT,Addison County,ADDISON,2023,37886,7767,0.20501
50001,VT,Addison County,ADDISON,2024,38047,7800,0.20501
50003,VT,Bennington County,BENNINGTON,2020,37312,7649,0.205001
50003,VT,Bennington County,BENNINGTON,2021,37443,7676,0.205005
50003,VT,Bennington County,BENNINGTON,2022,37367,7660,0.204994
50003,VT,Bennington County,BENNINGTON,2023,37185,7623,0.205002
50003,VT,Bennington County,BENNINGTON,2024,37039,7593,0.205
50005,VT,Caledonia County,CALEDONIA,2020,30179,6187,0.20501
50005,VT,Caledonia County,CALEDONIA,2021,30462,6245,0.20501
50005,VT,Caledonia County,CALEDONIA,2022,30578,6269,0.205017
50005,VT,Caledonia County,CALEDONIA,2023,30623,6278,0.205009
50005,VT,Caledonia County,CALEDONIA,2024,30535,6260,0.205011
50007,VT,Chittenden County,CHITTENDEN,2020,168419,34525,0.204995
50007,VT,Chittenden County,CHITTENDEN,2021,169377,34722,0.204998
50007,VT,Chittenden County,CHITTENDEN,2022,170050,34860,0.204999
50007,VT,Chittenden County,CHITTENDEN,2023,170092,34868,0.204995
50007,VT,Chittenden County,CHITTENDEN,2024,170851,35024,0.204997
50009,VT,Essex County,ESSEX,2020,5920,1214,0.205068
50009,VT,Essex County,ESSEX,2021,5970,1224,0.205025
50009,VT,Essex County,ESSEX,2022,5988,1228,0.205077
50009,VT,Essex County,ESSEX,2023,5993,1229,0.205073
50009,VT,Essex County,ESSEX,2024,6037,1238,0.205069
50011,VT,Franklin County,FRANKLIN,2020,50049,10261,0.205019
50011,VT,Franklin County,FRANKLIN,2021,50441,10341,0.205012
50011,VT,Franklin County,FRANKLIN,2022,50732,10401,0.205019
50011,VT,Franklin County,FRANKLIN,2023,50902,10435,0.205002
50011,VT,Franklin County,FRANKLIN,2024,51066,10469,0.205009
50013,VT,Grand Isle County,GRAND ISLE,2020,7275,1491,0.204948
50013,VT,Grand Isle County,GRAND ISLE,2021,7428,1523,0.205035
50013,VT,Grand Isle County,GRAND ISLE,2022,7508,1539,0.204981
50013,VT,Grand Isle County,GRAND ISLE,2023,7509,1539,0.204954
50013,VT,Grand Isle County,GRAND ISLE,2024,7528,1543,0.204968
50015,VT,Lamoille County,LAMOILLE,2020,25925,5315,0.205014
50015,VT,Lamoille County,LAMOILLE,2021,26156,5362,0.205001
50015,VT,Lamoille County,LAMOILLE,2022,26177,5366,0.204989
50015,VT,Lamoille County,LAMOILLE,2023,26233,5378,0.205009
50015,VT,Lamoille County,LAMOILLE,2024,26248,5381,0.205006
50017,VT,Orange County,ORANGE,2020,29295,6005,0.204984
50017,VT,Orange County,ORANGE,2021,29636,6075,0.204987
50017,VT,Orange County,ORANGE,2022,29892,6128,0.205005
50017,VT,Orange County,ORANGE,2023,29930,6135,0.204978
50017,VT,Orange County,ORANGE,2024,30050,6160,0.204992
50019,VT,Orleans County,ORLEANS,2020,27401,5617,0.204993
50019,VT,Orleans County,ORLEANS,2021,27590,5656,0.205002
50019,VT,Orleans County,ORLEANS,2022,27618,5662,0.205011
50019,VT,Orleans County,ORLEANS,2023,27697,5678,0.205004
50019,VT,Orleans County,ORLEANS,2024,27726,5684,0.205006
50021,VT,Rutland County,RUTLAND,2020,60464,12396,0.205015
50021,VT,Rutland County,RUTLAND,2021,60713,12447,0.205014
50021,VT,Rutland County,RUTLAND,2022,60381,12379,0.205015
50021,VT,Rutland County,RUTLAND,2023,60369,12376,0.205006
50021,VT,Rutland County,RUTLAND,2024,60198,12341,0.205007
50023,VT,Washington County,WASHINGTON,2020,59770,12253,0.205003
50023,VT,Washington County,WASHINGTON,2021,60050,12310,0.204996
50023,VT,Washington County,WASHINGTON,2022,60165,12334,0.205003
50023,VT,Washington County,WASHINGTON,2023,60258,12353,0.205002
50023,VT,Washington County,WASHINGTON,2024,59844,12268,0.205
50025,VT,Windham County,WINDHAM,2020,45878,9405,0.205
50025,VT,Windham County,WINDHAM,2021,46174,9466,0.205007
50025,VT,Windham County,WINDHAM,2022,45951,9420,0.205001
50025,VT,Windham County,WINDHAM,2023,45985,9427,0.205002
50025,VT,Windham County,WINDHAM,2024,45627,9354,0.20501
50027,VT,Windsor County,WINDSOR,2020,57736,11836,0.205002
50027,VT,Windsor County,WINDSOR,2021,58356,11963,0.205
50027,VT,Windsor County,WINDSOR,2022,58116,11914,0.205004
50027,VT,Windsor County,WINDSOR,2023,58046,11900,0.20501
50027,VT,Windsor County,WINDSOR,2024,57697,11828,0.205002
51001,VA,Accomack County,ACCOMACK,2020,33397,5344,0.160014
51001,VA,Accomack County,ACCOMACK,2021,33422,5348,0.160014
51001,VA,Accomack County,ACCOMACK,2022,33157,5305,0.159996
51001,VA,Accomack County,ACCOMACK,2023,33288,5326,0.159998
51001,VA,Accomack County,ACCOMACK,2024,33411,5346,0.160007
51003,VA,Albemarle County,ALBEMARLE,2020,112560,18010,0.160004
51003,VA,Albemarle County,ALBEMARLE,2021,113939,18230,0.159998
51003,VA,Albemarle County,ALBEMARLE,2022,114925,18388,0.16
51003,VA,Albemarle County,ALBEMARLE,2023,115857,18537,0.159999
51003,VA,Albemarle County,ALBEMARLE,2024,117313,18770,0.159999
51005,VA,Alleghany County,ALLEGHANY,2020,15194,2431,0.159997
51005,VA,Alleghany County,ALLEGHANY,2021,15007,2401,0.159992
51005,VA,Alleghany County,ALLEGHANY,2022,14764,2362,0.159984
51005,VA,Alleghany County,ALLEGHANY,2023,14698,2352,0.160022
51005,VA,Alleghany County,ALLEGHANY,2024,14632,2341,0.159992
51007,VA,Amelia County,AMELIA,2020,13267,2123,0.160021
51007,VA,Amelia County,AMELIA,2021,13311,2130,0.160018
51007,VA,Amelia County,AMELIA,2022,13419,2147,0.159997
51007,VA,Amelia County,AMELIA,2023,13596,2176,0.160047
51007,VA,Amelia County,AMELIA,2024,13716,2195,0.160032
51009,VA,Amherst County,AMHERST,2020,31313,5010,0.159997
51009,VA,Amherst County,AMHERST,2021,31391,5023,0.160014
51009,VA,Amherst County,AMHERST,2022,31512,5042,0.160003
51009,VA,Amherst County,AMHERST,2023,31559,5049,0.159986
51009,VA,Amherst County,AMHERST,2024,31650,5064,0.16
51011,VA,Appomattox County,APPOMATTOX,2020,16158,2585,0.159983
51011,VA,Appomattox County,APPOMATTOX,2021,16405,2625,0.160012
51011,VA,Appomattox County,APPOMATTOX,2022,16696,2671,0.159978
51011,VA,Appomattox County,APPOMATTOX,2023,16835,2693,0.159964
51011,VA,Appomattox County,APPOMATTOX,2024,16957,2713,0.159993
51013,VA,Arlington County,ARLINGTON,2020,238829,38213,0.160002
51013,VA,Arlington County,ARLINGTON,2021,233478,37356,0.159998
51013,VA,Arlington County,ARLINGTON,2022,233976,37436,0.159999
51013,VA,Arlington County,ARLINGTON,2023,235181,37629,0.16
51013,VA,Arlington County,ARLINGTON,2024,239807,38369,0.159999
51015,VA,Augusta County,AUGUSTA,2020,77589,12415,0.16001
51015,VA,Augusta County,AUGUSTA,2021,77787,12446,0.160001
51015,VA,Augusta County,AUGUSTA,2022,77919,12468,0.160012
51015,VA,Augusta County,AUGUSTA,2023,78250,12520,0.16
51015,VA,Augusta County,AUGUSTA,2024,78622,12580,0.160006
51017,VA,Bath County,BATH,2020,4188,670,0.159981
51017,VA,Bath County,BATH,2021,4094,655,0.15999
51017,VA,Bath County,BATH,2022,4077,652,0.159922
51017,VA,Bath County,BATH,2023,4070,651,0.159951
51017,VA,Bath County,BATH,2024,4071,651,0.159912
51019,VA,Bedford County,BEDFORD,2020,79581,12733,0.160001
51019,VA,Bedford County,BEDFORD,2021,80281,12845,0.16
51019,VA,Bedford County,BEDFORD,2022,80798,12928,0.160004
51019,VA,Bedford County,BEDFORD,2023,81628,13060,0.159994
51019,VA,Bedford County,BEDFORD,2024,82182,13149,0.159999
51021,VA,Bland County,BLAND,2020,6256,1001,0.160006
51021,VA,Bland County,BLAND,2021,6179,989,0.160058
51021,VA,Bland County,BLAND,2022,6151,984,0.159974
51021,VA,Bland County,BLAND,2023,6221,996,0.160103
51021,VA,Bland County,BLAND,2024,6186,990,0.160039
51023,VA,Botetourt County,BOTETOURT,2020,33641,5383,0.160013
51023,VA,Botetourt County,BOTETOURT,2021,34002,5441,0.16002
51023,VA,Botetourt County,BOTETOURT,2022,34092,5455,0.160008
51023,VA,Botetourt County,BOTETOURT,2023,34154,5465,0.160011
51023,VA,Botetourt County,BOTETOURT,2024,34129,5461,0.160011
51025,VA,Brunswick County,BRUNSWICK,2020,15827,2532,0.15998
51025,VA,Brunswick County,BRUNSWICK,2021,15969,2555,0.159997
51025,VA,Brunswick County,BRUNSWICK,2022,15856,2537,0.160003
51025,VA,Brunswick County,BRUNSWICK,2023,15801,2528,0.15999
51025,VA,Brunswick County,BRUNSWICK,2024,15750,2520,0.16
51027,VA,Buchanan County,BUCHANAN,2020,20250,3240,0.16
51027,VA,Buchanan County,BUCHANAN,2021,19886,3182,0.160012
51027,VA,Buchanan County,BUCHANAN,2022,19329,3093,0.160019
51027,VA,Buchanan County,BUCHANAN,2023,18978,3036,0.159975
51027,VA,Buchanan County,BUCHANAN,2024,18632,2981,0.159994
51029,VA,Buckingham County,BUCKINGHAM,2020,16830,2692,0.159952
51029,VA,Buckingham County,BUCKINGHAM,2021,16957,2713,0.159993
51029,VA,Buckingham County,BUCKINGHAM,2022,16983,2717,0.159984
51029,VA,Buckingham County,BUCKINGHAM,2023,16988,2718,0.159995
51029,VA,Buckingham County,BUCKINGHAM,2024,17115,2738,0.159977
51031,VA,Campbell County,CAMPBELL,2020,55610,8898,0.160007
51031,VA,Campbell County,CAMPBELL,2021,55323,8852,0.160006
51031,VA,Campbell County,CAMPBELL,2022,55035,8806,0.160007
51031,VA,Campbell County,CAMPBELL,2023,55248,8840,0.160006
51031,VA,Campbell County,CAMPBELL,2024,55342,8855,0.160005
51033,VA,Caroline County,CAROLINE,2020,30929,4948,0.159979
51033,VA,Caroline County,CAROLINE,2021,31418,5027,0.160004
51033,VA,Caroline County,CAROLINE,2022,31959,5113,0.159986
51033,VA,Caroline County,CAROLINE,2023,32705,5232,0.159976
51033,VA,Caroline County,CAROLINE,2024,33477,5356,0.15999
51035,VA,Carroll County,CARROLL,2020,29145,4663,0.159993
51035,VA,Carroll County,CARROLL,2021,29100,4656,0.16
51035,VA,Carroll County,CARROLL,2022,29096,4656,0.160022
51035,VA,Carroll County,CARROLL,2023,29202,4673,0.160023
51035,VA,Carroll County,CARROLL,2024,29242,4679,0.16001
51036,VA,Charles City County,CHARLES,2020,6746,1079,0.159947
51036,VA,Charles City County,CHARLES,2021,6611,1058,0.160036
51036,VA,Charles City County,CHARLES,2022,6580,1053,0.16003
51036,VA,Charles City County,CHARLES,2023,6635,1061,0.15991
51036,VA,Charles City County,CHARLES,2024,6564,1050,0.159963
51037,VA,Charlotte County,CHARLOTTE,2020,11539,1846,0.159979
51037,VA,Charlotte County,CHARLOTTE,2021,11500,1840,0.16
51037,VA,Charlotte County,CHARLOTTE,2022,11427,1828,0.159972
51037,VA,Charlotte County,CHARLOTTE,2023,11387,1822,0.160007
51037,VA,Charlotte County,CHARLOTTE,2024,11258,1801,0.159975
51041,VA,Chesterfield County,CHESTERFIELD,2020,365350,58456,0.16
51041,VA,Chesterfield County,CHESTERFIELD,2021,371022,59364,0.160001
51041,VA,Chesterfield County,CHESTERFIELD,2022,378488,60558,0.16
51041,VA,Chesterfield County,CHESTERFIELD,2023,384693,61551,0.16
51041,VA,Chesterfield County,CHESTERFIELD,2024,389793,62367,0.16
51043,VA,Clarke County,CLARKE,2020,14817,2371,0.160019
51043,VA,Clarke County,CLARKE,2021,14947,2392,0.160032
51043,VA,Clarke County,CLARKE,2022,15312,2450,0.160005
51043,VA,Clarke County,CLARKE,2023,15405,2465,0.160013
51043,VA,Clarke County,CLARKE,2024,15598,2496,0.160021
51045,VA,Craig County,CRAIG,2020,4880,781,0.160041
51045,VA,Craig County,CRAIG,2021,4891,783,0.16009
51045,VA,Craig County,CRAIG,2022,4859,778,0.160115
51045,VA,Craig County,CRAIG,2023,4827,773,0.160141
51045,VA,Craig County,CRAIG,2024,4829,773,0.160075
51047,VA,Culpeper County,CULPEPER,2020,52766,8443,0.160008
51047,VA,Culpeper County,CULPEPER,2021,53779,8605,0.160007
51047,VA,Culpeper County,CULPEPER,2022,54250,8680,0.16
51047,VA,Culpeper County,CULPEPER,2023,55065,8810,0.159993
51047,VA,Culpeper County,CULPEPER,2024,56125,8980,0.16
51049,VA,Cumberland County,CUMBERLAND,2020,9679,1549,0.160037
51049,VA,Cumberland County,CUMBERLAND,2021,9719,1555,0.159996
51049,VA,Cumberland County,CUMBERLAND,2022,9755,1561,0.160021
51049,VA,Cumberland County,CUMBERLAND,2023,9875,1580,0.16
51049,VA,Cumberland County,CUMBERLAND,2024,10062,1610,0.160008
51051,VA,Dickenson County,DICKENSON,2020,14077,2253,0.160048
51051,VA,Dickenson County,DICKENSON,2021,13867,2219,0.16002
51051,VA,Dickenson County,DICKENSON,2022,13714,2194,0.159982
51051,VA,Dickenson County,DICKENSON,2023,13594,2175,0.159997
51051,VA,Dickenson County,DICKENSON,2024,13411,2146,0.160018
51053,VA,Dinwiddie County,DINWIDDIE,2020,27889,4462,0.159991
51053,VA,Dinwiddie County,DINWIDDIE,2021,28000,4480,0.16
51053,VA,Dinwiddie County,DINWIDDIE,2022,28112,4498,0.160003
51053,VA,Dinwiddie County,DINWIDDIE,2023,28377,4540,0.159989
51053,VA,Dinwiddie County,DINWIDDIE,2024,28576,4572,0.159994
51057,VA,Essex County,ESSEX,2020,10597,1695,0.159951
51057,VA,Essex County,ESSEX,2021,10572,1691,0.159951
51057,VA,Essex County,ESSEX,2022,10644,1703,0.159996
51057,VA,Essex County,ESSEX,2023,10618,1699,0.160011
51057,VA,Essex County,ESSEX,2024,10683,1709,0.159974
51059,VA,Fairfax County,FAIRFAX,2020,1148680,183789,0.16
51059,VA,Fairfax County,FAIRFAX,2021,1142381,182781,0.16
51059,VA,Fairfax County,FAIRFAX,2022,1140521,182483,0.16
51059,VA,Fairfax County,FAIRFAX,2023,1146677,183468,0.16
51059,VA,Fairfax County,FAIRFAX,2024,1160925,185748,0.16
51061,VA,Fauquier County,FAUQUIER,2020,73010,11681,0.159992
51061,VA,Fauquier County,FAUQUIER,2021,74068,11850,0.159988
51061,VA,Fauquier County,FAUQUIER,2022,74686,11949,0.15999
51061,VA,Fauquier County,FAUQUIER,2023,75256,12041,0.160001
51061,VA,Fauquier County,FAUQUIER,2024,75865,12138,0.159995
51063,VA,Floyd County,FLOYD,2020,15473,2475,0.159956
51063,VA,Floyd County,FLOYD,2021,15514,2482,0.159985
51063,VA,Floyd County,FLOYD,2022,15625,2500,0.16
51063,VA,Floyd County,FLOYD,2023,15693,2511,0.160008
51063,VA,Floyd County,FLOYD,2024,15658,2505,0.159982
51065,VA,Fluvanna County,FLUVANNA,2020,27294,4367,0.159999
51065,VA,Fluvanna County,FLUVANNA,2021,27804,4448,0.159977
51065,VA,Fluvanna County,FLUVANNA,2022,28134,4501,0.159984
51065,VA,Fluvanna County,FLUVANNA,2023,28480,4556,0.159972
51065,VA,Fluvanna County,FLUVANNA,2024,28746,4599,0.159987
51067,VA,Franklin County,FRANKLIN,2020,54475,8716,0.16
51067,VA,Franklin County,FRANKLIN,2021,55020,8803,0.159996
51067,VA,Franklin County,FRANKLIN,2022,55047,8808,0.160009
51067,VA,Franklin County,FRANKLIN,2023,55471,8875,0.159994
51067,VA,Franklin County,FRANKLIN,2024,55637,8902,0.160001
51069,VA,Frederick County,FREDERICK,2020,91907,14705,0.159999
51069,VA,Frederick County,FREDERICK,2021,94009,15041,0.159995
51069,VA,Frederick County,FREDERICK,2022,94839,15174,0.159997
51069,VA,Frederick County,FREDERICK,2023,96178,15388,0.159995
51069,VA,Frederick County,FREDERICK,2024,98109,15697,0.159996
51071,VA,Giles County,GILES,2020,16786,2685,0.159955
51071,VA,Giles County,GILES,2021,16574,2652,0.16001
51071,VA,Giles County,GILES,2022,16430,2629,0.160012
51071,VA,Giles County,GILES,2023,16461,2633,0.159954
51071,VA,Giles County,GILES,2024,16533,2645,0.159983
51073,VA,Gloucester County,GLOUCESTER,2020,38724,6196,0.160004
51073,VA,Gloucester County,GLOUCESTER,2021,39184,6270,0.160014
51073,VA,Gloucester County,GLOUCESTER,2022,39546,6328,0.160016
51073,VA,Gloucester County,GLOUCESTER,2023,40024,6404,0.160004
51073,VA,Gloucester County,GLOUCESTER,2024,40154,6425,0.160009
51075,VA,Goochland County,GOOCHLAND,2020,24873,3980,0.160013
51075,VA,Goochland County,GOOCHLAND,2021,25556,4089,0.160002
51075,VA,Goochland County,GOOCHLAND,2022,26184,4190,0.160021
51075,VA,Goochland County,GOOCHLAND,2023,27216,4355,0.160016
51075,VA,Goochland County,GOOCHLAND,2024,28223,4516,0.160011
51077,VA,Grayson County,GRAYSON,2020,15279,2444,0.159958
51077,VA,Grayson County,GRAYSON,2021,15347,2455,0.159966
51077,VA,Grayson County,GRAYSON,2022,15310,2449,0.159961
51077,VA,Grayson County,GRAYSON,2023,15235,2437,0.159961
51077,VA,Grayson County,GRAYSON,2024,15265,2442,0.159974
51079,VA,Greene County,GREENE,2020,20608,3297,0.159986
51079,VA,Greene County,GREENE,2021,21007,3361,0.159994
51079,VA,Greene County,GREENE,2022,21026,3364,0.159992
51079,VA,Greene County,GREENE,2023,21391,3423,0.160021
51079,VA,Greene County,GREENE,2024,21744,3479,0.159998
51081,VA,Greensville County,GREENSVILLE,2020,11396,1823,0.159968
51081,VA,Greensville County,GREENSVILLE,2021,11424,1828,0.160014
51081,VA,Greensville County,GREENSVILLE,2022,11232,1797,0.159989
51081,VA,Greensville County,GREENSVILLE,2023,11174,1788,0.160014
51081,VA,Greensville County,GREENSVILLE,2024,11150,1784,0.16
51083,VA,Halifax County,HALIFAX,2020,33928,5429,0.160015
51083,VA,Halifax County,HALIFAX,2021,33784,5406,0.160017
51083,VA,Halifax County,HALIFAX,2022,33599,5376,0.160005
51083,VA,Halifax County,HALIFAX,2023,33434,5350,0.160017
51083,VA,Halifax County,HALIFAX,2024,33448,5352,0.16001
51085,VA,Hanover County,HANOVER,2020,110207,17633,0.159999
51085,VA,Hanover County,HANOVER,2021,111799,17887,0.159992
51085,VA,Hanover County,HANOVER,2022,112889,18062,0.159998
51085,VA,Hanover County,HANOVER,2023,114193,18270,0.159992
51085,VA,Hanover County,HANOVER,2024,115309,18449,0.159996
51087,VA,Henrico County,HENRICO,2020,334939,53590,0.159999
51087,VA,Henrico County,HENRICO,2021,334501,53520,0.16
51087,VA,Henrico County,HENRICO,2022,334855,53576,0.159998
51087,VA,Henrico County,HENRICO,2023,335729,53716,0.159998
51087,VA,Henrico County,HENRICO,2024,338696,54191,0.159999
51089,VA,Henry County,HENRY,2020,50848,8136,0.160006
51089,VA,Henry County,HENRY,2021,50268,8043,0.160002
51089,VA,Henry County,HENRY,2022,49765,7963,0.160012
51089,VA,Henry County,HENRY,2023,49636,7942,0.160005
51089,VA,Henry County,HENRY,2024,49385,7902,0.160008
51091,VA,Highland County,HIGHLAND,2020,2240,359,0.160268
51091,VA,Highland County,HIGHLAND,2021,2240,359,0.160268
51091,VA,Highland County,HIGHLAND,2022,2303,369,0.160226
51091,VA,Highland County,HIGHLAND,2023,2351,376,0.159932
51091,VA,Highland County,HIGHLAND,2024,2348,376,0.160136
51093,VA,Isle of Wight County,ISLE OF WIGHT,2020,38710,6194,0.16001
51093,VA,Isle of Wight County,ISLE OF WIGHT,2021,39401,6304,0.159996
51093,VA,Isle of Wight County,ISLE OF WIGHT,2022,40149,6424,0.160004
51093,VA,Isle of Wight County,ISLE OF WIGHT,2023,40667,6507,0.160007
51093,VA,Isle of Wight County,ISLE OF WIGHT,2024,40942,6551,0.160007
51095,VA,James City County,JAMES,2020,78487,12558,0.160001
51095,VA,James City County,JAMES,2021,80009,12802,0.160007
51095,VA,James City County,JAMES,2022,81426,13029,0.16001
51095,VA,James City County,JAMES,2023,82346,13176,0.160008
51095,VA,James City County,JAMES,2024,82797,13248,0.160006
51097,VA,King and Queen County,KING AND QUEEN,2020,6589,1055,0.160115
51097,VA,King and Queen County,KING AND QUEEN,2021,6672,1068,0.160072
51097,VA,King and Queen County,KING AND QUEEN,2022,6721,1076,0.160095
51097,VA,King and Queen County,KING AND QUEEN,2023,6746,1080,0.160095
51097,VA,King and Queen County,KING AND QUEEN,2024,6747,1080,0.160071
51099,VA,King George County,KING GEORGE,2020,26827,4293,0.160025
51099,VA,King George County,KING GEORGE,2021,27548,4408,0.160012
51099,VA,King George County,KING GEORGE,2022,27867,4459,0.16001
51099,VA,King George County,KING GEORGE,2023,28422,4548,0.160017
51099,VA,King George County,KING GEORGE,2024,28816,4611,0.160015
51101,VA,King William County,KING WILLIAM,2020,17922,2867,0.159971
51101,VA,King William County,KING WILLIAM,2021,18249,2920,0.160009
51101,VA,King William County,KING WILLIAM,2022,18528,2964,0.159974
51101,VA,King William County,KING WILLIAM,2023,19035,3045,0.159968
51101,VA,King William County,KING WILLIAM,2024,19232,3077,0.159994
51103,VA,Lancaster County,LANCASTER,2020,10905,1745,0.160018
51103,VA,Lancaster County,LANCASTER,2021,10943,1751,0.160011
51103,VA,Lancaster County,LANCASTER,2022,10838,1734,0.159993
51103,VA,Lancaster County,LANCASTER,2023,10927,1748,0.159971
51103,VA,Lancaster County,LANCASTER,2024,11062,1770,0.160007
51105,VA,Lee County,LEE,2020,22107,3537,0.159995
51105,VA,Lee County,LEE,2021,22009,3522,0.160025
51105,VA,Lee County,LEE,2022,21842,3495,0.160013
51105,VA,Lee County,LEE,2023,21761,3482,0.160011
51105,VA,Lee County,LEE,2024,21780,3485,0.160009
51107,VA,Loudoun County,LOUDOUN,2020,422723,67636,0.160001
51107,VA,Loudoun County,LOUDOUN,2021,428827,68613,0.160002
51107,VA,Loudoun County,LOUDOUN,2022,432897,69264,0.160001
51107,VA,Loudoun County,LOUDOUN,2023,437164,69946,0.159999
51107,VA,Loudoun County,LOUDOUN,2024,443380,70941,0.16
51109,VA,Louisa County,LOUISA,2020,37784,6045,0.159988
51109,VA,Louisa County,LOUISA,2021,39011,6241,0.159981
51109,VA,Louisa County,LOUISA,2022,39986,6397,0.159981
51109,VA,Louisa County,LOUISA,2023,41008,6561,0.159993
51109,VA,Louisa County,LOUISA,2024,42109,6737,0.15999
51111,VA,Lunenburg County,LUNENBURG,2020,11950,1912,0.16
51111,VA,Lunenburg County,LUNENBURG,2021,12007,1922,0.160073
51111,VA,Lunenburg County,LUNENBURG,2022,12020,1924,0.160067
51111,VA,Lunenburg County,LUNENBURG,2023,12042,1927,0.160023
51111,VA,Lunenburg County,LUNENBURG,2024,12060,1930,0.160033
51113,VA,Madison County,MADISON,2020,13861,2217,0.159945
51113,VA,Madison County,MADISON,2021,13959,2233,0.159968
51113,VA,Madison County,MADISON,2022,14013,2242,0.159994
51113,VA,Madison County,MADISON,2023,14135,2261,0.159958
51113,VA,Madison County,MADISON,2024,14252,2280,0.159978
51115,VA,Mathews County,MATHEWS,2020,8519,1363,0.159995
51115,VA,Mathews County,MATHEWS,2021,8545,1367,0.159977
51115,VA,Mathews County,MATHEWS,2022,8467,1354,0.159915
51115,VA,Mathews County,MATHEWS,2023,8568,1371,0.160014
51115,VA,Mathews County,MATHEWS,2024,8602,1376,0.159963
51117,VA,Mecklenburg County,MECKLENBURG,2020,30283,4845,0.159991
51117,VA,Mecklenburg County,MECKLENBURG,2021,30338,4854,0.159997
51117,VA,Mecklenburg County,MECKLENBURG,2022,30511,4882,0.160008
51117,VA,Mecklenburg County,MECKLENBURG,2023,30622,4900,0.160016
51117,VA,Mecklenburg County,MECKLENBURG,2024,30824,4932,0.160005
51119,VA,Middlesex County,MIDDLESEX,2020,10611,1698,0.160023
51119,VA,Middlesex County,MIDDLESEX,2021,10778,1725,0.160048
51119,VA,Middlesex County,MIDDLESEX,2022,10958,1753,0.159974
51119,VA,Middlesex County,MIDDLESEX,2023,10938,1750,0.159993
51119,VA,Middlesex County,MIDDLESEX,2024,10949,1752,0.160015
51121,VA,Montgomery County,MONTGOMERY,2020,99584,15934,0.160006
51121,VA,Montgomery County,MONTGOMERY,2021,98808,15810,0.160007
51121,VA,Montgomery County,MONTGOMERY,2022,98980,15837,0.160002
51121,VA,Montgomery County,MONTGOMERY,2023,99134,15862,0.160006
51121,VA,Montgomery County,MONTGOMERY,2024,98998,15840,0.160003
51125,VA,Nelson County,NELSON,2020,14739,2359,0.160052
51125,VA,Nelson County,NELSON,2021,14839,2375,0.160051
51125,VA,Nelson County,NELSON,2022,14692,2351,0.160019
51125,VA,Nelson County,NELSON,2023,14625,2340,0.16
51125,VA,Nelson County,NELSON,2024,14766,2363,0.16003
51127,VA,New Kent County,NEW KENT,2020,23126,3700,0.159993
51127,VA,New Kent County,NEW KENT,2021,23970,3835,0.159992
51127,VA,New Kent County,NEW KENT,2022,25000,4000,0.16
51127,VA,New Kent County,NEW KENT,2023,26211,4194,0.160009
51127,VA,New Kent County,NEW KENT,2024,27218,4355,0.160004
51131,VA,Northampton County,NORTHAMPTON,2020,12215,1955,0.160049
51131,VA,Northampton County,NORTHAMPTON,2021,12070,1932,0.160066
51131,VA,Northampton County,NORTHAMPTON,2022,11974,1916,0.160013
51131,VA,Northampton County,NORTHAMPTON,2023,12026,1925,0.16007
51131,VA,Northampton County,NORTHAMPTON,2024,12004,1921,0.16003
51133,VA,Northumberland County,NORTHUMBERLAND,2020,11837,1894,0.160007
51133,VA,Northumberland County,NORTHUMBERLAND,2021,12053,1929,0.160043
51133,VA,Northumberland County,NORTHUMBERLAND,2022,12263,1963,0.160075
51133,VA,Northumberland County,NORTHUMBERLAND,2023,12388,1983,0.160074
51133,VA,Northumberland County,NORTHUMBERLAND,2024,12397,1984,0.160039
51135,VA,Nottoway County,NOTTOWAY,2020,15645,2503,0.159987
51135,VA,Nottoway County,NOTTOWAY,2021,15576,2492,0.15999
51135,VA,Nottoway County,NOTTOWAY,2022,15561,2490,0.160015
51135,VA,Nottoway County,NOTTOWAY,2023,15570,2491,0.159987
51135,VA,Nottoway County,NOTTOWAY,2024,15632,2501,0.159992
51137,VA,Orange County,ORANGE,2020,36396,5824,0.160018
51137,VA,Orange County,ORANGE,2021,37224,5956,0.160004
51137,VA,Orange County,ORANGE,2022,38019,6083,0.159999
51137,VA,Orange County,ORANGE,2023,38487,6158,0.160002
51137,VA,Orange County,ORANGE,2024,38986,6238,0.160006
51139,VA,Page County,PAGE,2020,23689,3790,0.15999
51139,VA,Page County,PAGE,2021,23829,3813,0.160015
51139,VA,Page County,PAGE,2022,23747,3800,0.16002
51139,VA,Page County,PAGE,2023,23682,3789,0.159995
51139,VA,Page County,PAGE,2024,23686,3790,0.16001
51141,VA,Patrick County,PATRICK,2020,17591,2814,0.159968
51141,VA,Patrick County,PATRICK,2021,17654,2824,0.159964
51141,VA,Patrick County,PATRICK,2022,17569,2811,0.159998
51141,VA,Patrick County,PATRICK,2023,17440,2790,0.159977
51141,VA,Patrick County,PATRICK,2024,17308,2769,0.159984
51143,VA,Pittsylvania County,PITTSYLVANIA,2020,60380,9661,0.160003
51143,VA,Pittsylvania County,PITTSYLVANIA,2021,60062,9610,0.160001
51143,VA,Pittsylvania County,PITTSYLVANIA,2022,59845,9576,0.160013
51143,VA,Pittsylvania County,PITTSYLVANIA,2023,59581,9533,0.160001
51143,VA,Pittsylvania County,PITTSYLVANIA,2024,59410,9506,0.160007
51145,VA,Powhatan County,POWHATAN,2020,30451,4872,0.159995
51145,VA,Powhatan County,POWHATAN,2021,31238,4998,0.159997
51145,VA,Powhatan County,POWHATAN,2022,31582,5053,0.159996
51145,VA,Powhatan County,POWHATAN,2023,32113,5138,0.159998
51145,VA,Powhatan County,POWHATAN,2024,32392,5183,0.160009
51147,VA,Prince Edward County,PRINCE EDWARD,2020,21893,3503,0.160005
51147,VA,Prince Edward County,PRINCE EDWARD,2021,21955,3513,0.160009
51147,VA,Prince Edward County,PRINCE EDWARD,2022,21856,3497,0.160002
51147,VA,Prince Edward County,PRINCE EDWARD,2023,21998,3520,0.160015
51147,VA,Prince Edward County,PRINCE EDWARD,2024,22276,3564,0.159993
51149,VA,Prince George County,PRINCE GEORGE,2020,43086,6894,0.160006
51149,VA,Prince George County,PRINCE GEORGE,2021,42942,6870,0.159983
51149,VA,Prince George County,PRINCE GEORGE,2022,43067,6890,0.159983
51149,VA,Prince George County,PRINCE GEORGE,2023,43048,6887,0.159984
51149,VA,Prince George County,PRINCE GEORGE,2024,43589,6974,0.159994
51153,VA,Prince William County,PRINCE WILLIAM,2020,482863,77258,0.16
51153,VA,Prince William County,PRINCE WILLIAM,2021,485433,77669,0.159999
51153,VA,Prince William County,PRINCE WILLIAM,2022,487523,78003,0.159999
51153,VA,Prince William County,PRINCE WILLIAM,2023,491578,78652,0.159999
51153,VA,Prince William County,PRINCE WILLIAM,2024,497003,79520,0.159999
51155,VA,Pulaski County,PULASKI,2020,33800,5408,0.16
51155,VA,Pulaski County,PULASKI,2021,33809,5410,0.160017
51155,VA,Pulaski County,PULASKI,2022,33639,5383,0.160023
51155,VA,Pulaski County,PULASKI,2023,33607,5377,0.159996
51155,VA,Pulaski County,PULASKI,2024,33579,5373,0.160011
51157,VA,Rappahannock County,RAPPAHANNOCK,2020,7323,1172,0.160044
51157,VA,Rappahannock County,RAPPAHANNOCK,2021,7435,1190,0.160054
51157,VA,Rappahannock County,RAPPAHANNOCK,2022,7445,1192,0.160107
51157,VA,Rappahannock County,RAPPAHANNOCK,2023,7455,1193,0.160027
51157,VA,Rappahannock County,RAPPAHANNOCK,2024,7479,1197,0.160048
51159,VA,Richmond County,RICHMOND,2020,8918,1426,0.159901
51159,VA,Richmond County,RICHMOND,2021,9079,1452,0.15993
51159,VA,Richmond County,RICHMOND,2022,9099,1455,0.159908
51159,VA,Richmond County,RICHMOND,2023,9162,1466,0.160009
51159,VA,Richmond County,RICHMOND,2024,9215,1474,0.159957
51161,VA,Roanoke County,ROANOKE,2020,96952,15512,0.159997
51161,VA,Roanoke County,ROANOKE,2021,96711,15473,0.159992
51161,VA,Roanoke County,ROANOKE,2022,96856,15497,0.16
51161,VA,Roanoke County,ROANOKE,2023,97263,15562,0.159999
51161,VA,Roanoke County,ROANOKE,2024,97334,15573,0.159995
51163,VA,Rockbridge County,ROCKBRIDGE,2020,22657,3625,0.159995
51163,VA,Rockbridge County,ROCKBRIDGE,2021,22651,3624,0.159993
51163,VA,Rockbridge County,ROCKBRIDGE,2022,22585,3614,0.160018
51163,VA,Rockbridge County,ROCKBRIDGE,2023,22394,3583,0.159998
51163,VA,Rockbridge County,ROCKBRIDGE,2024,22368,3579,0.160005
51165,VA,Rockingham County,ROCKINGHAM,2020,83779,13405,0.160004
51165,VA,Rockingham County,ROCKINGHAM,2021,84528,13525,0.160006
51165,VA,Rockingham County,ROCKINGHAM,2022,85390,13663,0.160007
51165,VA,Rockingham County,ROCKINGHAM,2023,86630,13861,0.160002
51165,VA,Rockingham County,ROCKINGHAM,2024,87674,14028,0.160002
51167,VA,Russell County,RUSSELL,2020,25756,4121,0.160002
51167,VA,Russell County,RUSSELL,2021,25574,4092,0.160006
51167,VA,Russell County,RUSSELL,2022,25440,4070,0.159984
51167,VA,Russell County,RUSSELL,2023,25502,4080,0.159987
51167,VA,Russell County,RUSSELL,2024,25420,4067,0.159992
51169,VA,Scott County,SCOTT,2020,21586,3454,0.160011
51169,VA,Scott County,SCOTT,2021,21479,3437,0.160017
51169,VA,Scott County,SCOTT,2022,21497,3439,0.159976
51169,VA,Scott County,SCOTT,2023,21444,3431,0.159998
51169,VA,Scott County,SCOTT,2024,21388,3422,0.159996
51171,VA,Shenandoah County,SHENANDOAH,2020,44256,7081,0.160001
51171,VA,Shenandoah County,SHENANDOAH,2021,44837,7174,0.160002
51171,VA,Shenandoah County,SHENANDOAH,2022,44905,7185,0.160004
51171,VA,Shenandoah County,SHENANDOAH,2023,45185,7230,0.160009
51171,VA,Shenandoah County,SHENANDOAH,2024,45441,7271,0.16001
51173,VA,Smyth County,SMYTH,2020,29780,4765,0.160007
51173,VA,Smyth County,SMYTH,2021,29605,4737,0.160007
51173,VA,Smyth County,SMYTH,2022,29393,4703,0.160004
51173,VA,Smyth County,SMYTH,2023,29187,4670,0.160003
51173,VA,Smyth County,SMYTH,2024,29137,4662,0.160003
51175,VA,Southampton County,SOUTHAMPTON,2020,17951,2873,0.160047
51175,VA,Southampton County,SOUTHAMPTON,2021,18028,2885,0.160029
51175,VA,Southampton County,SOUTHAMPTON,2022,17897,2864,0.160027
51175,VA,Southampton County,SOUTHAMPTON,2023,18000,2880,0.16
51175,VA,Southampton County,SOUTHAMPTON,2024,17941,2871,0.160025
51177,VA,Spotsylvania County,SPOTSYLVANIA,2020,140611,22497,0.159995
51177,VA,Spotsylvania County,SPOTSYLVANIA,2021,144027,23044,0.159998
51177,VA,Spotsylvania County,SPOTSYLVANIA,2022,146744,23479,0.16
51177,VA,Spotsylvania County,SPOTSYLVANIA,2023,149614,23938,0.159998
51177,VA,Spotsylvania County,SPOTSYLVANIA,2024,152021,24323,0.159998
51179,VA,Stafford County,STAFFORD,2020,157767,25243,0.160002
51179,VA,Stafford County,STAFFORD,2021,161588,25854,0.16
51179,VA,Stafford County,STAFFORD,2022,163233,26117,0.159998
51179,VA,Stafford County,STAFFORD,2023,165821,26531,0.159998
51179,VA,Stafford County,STAFFORD,2024,168919,27027,0.16
51181,VA,Surry County,SURRY,2020,6551,1049,0.160128
51181,VA,Surry County,SURRY,2021,6535,1046,0.160061
51181,VA,Surry County,SURRY,2022,6506,1041,0.160006
51181,VA,Surry County,SURRY,2023,6575,1052,0.16
51181,VA,Surry County,SURRY,2024,6579,1053,0.160055
51183,VA,Sussex County,SUSSEX,2020,10798,1727,0.159937
51183,VA,Sussex County,SUSSEX,2021,10828,1732,0.159956
51183,VA,Sussex County,SUSSEX,2022,10652,1704,0.15997
51183,VA,Sussex County,SUSSEX,2023,10794,1727,0.159996
51183,VA,Sussex County,SUSSEX,2024,10753,1720,0.159955
51185,VA,Tazewell County,TAZEWELL,2020,40411,6466,0.160006
51185,VA,Tazewell County,TAZEWELL,2021,39960,6394,0.16001
51185,VA,Tazewell County,TAZEWELL,2022,39650,6344,0.16
51185,VA,Tazewell County,TAZEWELL,2023,39222,6276,0.160012
51185,VA,Tazewell County,TAZEWELL,2024,38875,6220,0.16
51187,VA,Warren County,WARREN,2020,40797,6528,0.160012
51187,VA,Warren County,WARREN,2021,40977,6557,0.160017
51187,VA,Warren County,WARREN,2022,41436,6630,0.160006
51187,VA,Warren County,WARREN,2023,41982,6717,0.159997
51187,VA,Warren County,WARREN,2024,42461,6794,0.160006
51191,VA,Washington County,WASHINGTON,2020,53903,8625,0.16001
51191,VA,Washington County,WASHINGTON,2021,53753,8601,0.16001
51191,VA,Washington County,WASHINGTON,2022,53846,8616,0.160012
51191,VA,Washington County,WASHINGTON,2023,54028,8645,0.16001
51191,VA,Washington County,WASHINGTON,2024,54098,8656,0.160006
51193,VA,Westmoreland County,WESTMORELAND,2020,18505,2961,0.160011
51193,VA,Westmoreland County,WESTMORELAND,2021,18768,3003,0.160006
51193,VA,Westmoreland County,WESTMORELAND,2022,18704,2993,0.160019
51193,VA,Westmoreland County,WESTMORELAND,2023,18918,3027,0.160006
51193,VA,Westmoreland County,WESTMORELAND,2024,19235,3078,0.160021
51195,VA,Wise County,WISE,2020,36066,5771,0.160012
51195,VA,Wise County,WISE,2021,35688,5710,0.159998
51195,VA,Wise County,WISE,2022,35324,5652,0.160005
51195,VA,Wise County,WISE,2023,35191,5631,0.160013
51195,VA,Wise County,WISE,2024,34973,5596,0.160009
51197,VA,Wythe County,WYTHE,2020,28322,4532,0.160017
51197,VA,Wythe County,WYTHE,2021,28205,4513,0.160007
51197,VA,Wythe County,WYTHE,2022,28143,4503,0.160004
51197,VA,Wythe County,WYTHE,2023,28171,4507,0.159987
51197,VA,Wythe County,WYTHE,2024,28100,4496,0.16
51199,VA,York County,YORK,2020,70238,11238,0.159999
51199,VA,York County,YORK,2021,71123,11380,0.160004
51199,VA,York County,YORK,2022,71209,11394,0.160008
51199,VA,York County,YORK,2023,71046,11368,0.160009
51199,VA,York County,YORK,2024,71410,11426,0.160006
51510,VA,Alexandria city,ALEXANDRIA,2020,159144,25463,0.16
51510,VA,Alexandria city,ALEXANDRIA,2021,155129,24820,0.159996
51510,VA,Alexandria city,ALEXANDRIA,2022,155235,24837,0.159996
51510,VA,Alexandria city,ALEXANDRIA,2023,156271,25003,0.159998
51510,VA,Alexandria city,ALEXANDRIA,2024,159102,25456,0.159998
51520,VA,Bristol city,BRISTOL,2020,17303,2769,0.16003
51520,VA,Bristol city,BRISTOL,2021,17074,2732,0.160009
51520,VA,Bristol city,BRISTOL,2022,16884,2702,0.160033
51520,VA,Bristol city,BRISTOL,2023,16668,2667,0.160007
51520,VA,Bristol city,BRISTOL,2024,16316,2611,0.160027
51530,VA,Buena Vista city,BUENA VISTA,2020,6621,1059,0.159946
51530,VA,Buena Vista city,BUENA VISTA,2021,6624,1060,0.160024
51530,VA,Buena Vista city,BUENA VISTA,2022,6567,1051,0.160043
51530,VA,Buena Vista city,BUENA VISTA,2023,6574,1052,0.160024
51530,VA,Buena Vista city,BUENA VISTA,2024,6581,1053,0.160006
51540,VA,Charlottesville city,CHARLOTTESVILLE,2020,46434,7430,0.160012
51540,VA,Charlottesville city,CHARLOTTESVILLE,2021,45713,7314,0.159998
51540,VA,Charlottesville city,CHARLOTTESVILLE,2022,45223,7236,0.160007
51540,VA,Charlottesville city,CHARLOTTESVILLE,2023,45047,7208,0.160011
51540,VA,Charlottesville city,CHARLOTTESVILLE,2024,44767,7163,0.160006
51550,VA,Chesapeake city,CHESAPEAKE,2020,249726,39957,0.160003
51550,VA,Chesapeake city,CHESAPEAKE,2021,251732,40278,0.160003
51550,VA,Chesapeake city,CHESAPEAKE,2022,252493,40399,0.16
51550,VA,Chesapeake city,CHESAPEAKE,2023,253967,40635,0.160001
51550,VA,Chesapeake city,CHESAPEAKE,2024,254997,40800,0.160002
51570,VA,Colonial Heights city,COLONIAL HEIGHTS,2020,18166,2907,0.160024
51570,VA,Colonial Heights city,COLONIAL HEIGHTS,2021,18207,2913,0.159993
51570,VA,Colonial Heights city,COLONIAL HEIGHTS,2022,18265,2923,0.160033
51570,VA,Colonial Heights city,COLONIAL HEIGHTS,2023,18446,2952,0.160035
51570,VA,Colonial Heights city,COLONIAL HEIGHTS,2024,18674,2988,0.160009
51580,VA,Covington city,COVINGTON,2020,5745,919,0.159965
51580,VA,Covington city,COVINGTON,2021,5715,914,0.15993
51580,VA,Covington city,COVINGTON,2022,5668,907,0.160021
51580,VA,Covington city,COVINGTON,2023,5611,898,0.160043
51580,VA,Covington city,COVINGTON,2024,5663,906,0.159986
51590,VA,Danville city,DANVILLE,2020,42578,6813,0.160012
51590,VA,Danville city,DANVILLE,2021,42292,6767,0.160007
51590,VA,Danville city,DANVILLE,2022,42099,6736,0.160004
51590,VA,Danville city,DANVILLE,2023,42108,6737,0.159993
51590,VA,Danville city,DANVILLE,2024,41993,6719,0.160003
51595,VA,Emporia city,EMPORIA,2020,5694,911,0.159993
51595,VA,Emporia city,EMPORIA,2021,5628,900,0.159915
51595,VA,Emporia city,EMPORIA,2022,5524,884,0.160029
51595,VA,Emporia city,EMPORIA,2023,5479,876,0.159883
51595,VA,Emporia city,EMPORIA,2024,5402,864,0.159941
51600,VA,Fairfax city,FAIRFAX,2020,24179,3868,0.159974
51600,VA,Fairfax city,FAIRFAX,2021,24361,3897,0.159969
51600,VA,Fairfax city,FAIRFAX,2022,24825,3972,0.16
51600,VA,Fairfax city,FAIRFAX,2023,25426,4068,0.159994
51600,VA,Fairfax city,FAIRFAX,2024,26340,4214,0.159985
51610,VA,Falls Church city,FALLS CHURCH,2020,14677,2348,0.159978
51610,VA,Falls Church city,FALLS CHURCH,2021,14515,2322,0.159972
51610,VA,Falls Church city,FALLS CHURCH,2022,14518,2322,0.159939
51610,VA,Falls Church city,FALLS CHURCH,2023,14805,2368,0.159946
51610,VA,Falls Church city,FALLS CHURCH,2024,15034,2405,0.159971
51620,VA,Franklin city,FRANKLIN,2020,8148,1304,0.160039
51620,VA,Franklin city,FRANKLIN,2021,8156,1305,0.160005
51620,VA,Franklin city,FRANKLIN,2022,8259,1322,0.160068
51620,VA,Franklin city,FRANKLIN,2023,8316,1331,0.160053
51620,VA,Franklin city,FRANKLIN,2024,8373,1340,0.160038
51630,VA,Fredericksburg city,FREDERICKSBURG,2020,27995,4479,0.159993
51630,VA,Fredericksburg city,FREDERICKSBURG,2021,28445,4551,0.159993
51630,VA,Fredericksburg city,FREDERICKSBURG,2022,28709,4594,0.16002
51630,VA,Fredericksburg city,FREDERICKSBURG,2023,29226,4676,0.159995
51630,VA,Fredericksburg city,FREDERICKSBURG,2024,29992,4799,0.160009
51640,VA,Galax city,GALAX,2020,6717,1074,0.159893
51640,VA,Galax city,GALAX,2021,6657,1065,0.159982
51640,VA,Galax city,GALAX,2022,6724,1076,0.160024
51640,VA,Galax city,GALAX,2023,6799,1088,0.160024
51640,VA,Galax city,GALAX,2024,6739,1078,0.159964
51650,VA,Hampton city,HAMPTON,2020,137282,21965,0.159999
51650,VA,Hampton city,HAMPTON,2021,137780,22044,0.159994
51650,VA,Hampton city,HAMPTON,2022,137970,22075,0.159999
51650,VA,Hampton city,HAMPTON,2023,137157,21945,0.159999
51650,VA,Hampton city,HAMPTON,2024,137596,22015,0.159997
51660,VA,Harrisonburg city,HARRISONBURG,2020,51705,8273,0.160004
51660,VA,Harrisonburg city,HARRISONBURG,2021,51504,8240,0.159988
51660,VA,Harrisonburg city,HARRISONBURG,2022,51207,8193,0.159998
51660,VA,Harrisonburg city,HARRISONBURG,2023,51378,8220,0.159991
51660,VA,Harrisonburg city,HARRISONBURG,2024,51164,8186,0.159995
51670,VA,Hopewell city,HOPEWELL,2020,23012,3682,0.160003
51670,VA,Hopewell city,HOPEWELL,2021,23081,3693,0.160002
51670,VA,Hopewell city,HOPEWELL,2022,22848,3655,0.15997
51670,VA,Hopewell city,HOPEWELL,2023,22883,3661,0.159988
51670,VA,Hopewell city,HOPEWELL,2024,22970,3675,0.159991
51678,VA,Lexington city,LEXINGTON,2020,7315,1170,0.159945
51678,VA,Lexington city,LEXINGTON,2021,7443,1191,0.160016
51678,VA,Lexington city,LEXINGTON,2022,7508,1201,0.159963
51678,VA,Lexington city,LEXINGTON,2023,7556,1209,0.160005
51678,VA,Lexington city,LEXINGTON,2024,7802,1248,0.159959
51680,VA,Lynchburg city,LYNCHBURG,2020,78993,12639,0.160002
51680,VA,Lynchburg city,LYNCHBURG,2021,79137,12662,0.160001
51680,VA,Lynchburg city,LYNCHBURG,2022,79279,12684,0.159992
51680,VA,Lynchburg city,LYNCHBURG,2023,79775,12764,0.16
51680,VA,Lynchburg city,LYNCHBURG,2024,80301,12848,0.159998
51683,VA,Manassas city,MANASSAS,2020,42695,6832,0.160019
51683,VA,Manassas city,MANASSAS,2021,42770,6844,0.160019
51683,VA,Manassas city,MANASSAS,2022,42710,6834,0.160009
51683,VA,Manassas city,MANASSAS,2023,43087,6894,0.160002
51683,VA,Manassas city,MANASSAS,2024,43616,6979,0.16001
51685,VA,Manassas Park city,MANASSAS PARK,2020,17164,2746,0.159986
51685,VA,Manassas Park city,MANASSAS PARK,2021,17094,2735,0.159998
51685,VA,Manassas Park city,MANASSAS PARK,2022,16675,2668,0.16
51685,VA,Manassas Park city,MANASSAS PARK,2023,16448,2632,0.160019
51685,VA,Manassas Park city,MANASSAS PARK,2024,16611,2658,0.160014
51690,VA,Martinsville city,MARTINSVILLE,2020,13476,2156,0.159988
51690,VA,Martinsville city,MARTINSVILLE,2021,13539,2166,0.159982
51690,VA,Martinsville city,MARTINSVILLE,2022,13686,2189,0.159944
51690,VA,Martinsville city,MARTINSVILLE,2023,13753,2200,0.159965
51690,VA,Martinsville city,MARTINSVILLE,2024,13834,2213,0.159968
51700,VA,Newport News city,NEWPORT NEWS,2020,186052,29768,0.159998
51700,VA,Newport News city,NEWPORT NEWS,2021,184717,29555,0.160002
51700,VA,Newport News city,NEWPORT NEWS,2022,184004,29441,0.160002
51700,VA,Newport News city,NEWPORT NEWS,2023,183249,29320,0.160001
51700,VA,Newport News city,NEWPORT NEWS,2024,183056,29289,0.16
51710,VA,Norfolk city,NORFOLK,2020,237813,38050,0.16
51710,VA,Norfolk city,NORFOLK,2021,234920,37587,0.159999
51710,VA,Norfolk city,NORFOLK,2022,232766,37243,0.160002
51710,VA,Norfolk city,NORFOLK,2023,231378,37021,0.160002
51710,VA,Norfolk city,NORFOLK,2024,231105,36977,0.160001
51720,VA,Norton city,NORTON,2020,3681,588,0.159739
51720,VA,Norton city,NORTON,2021,3631,580,0.159736
51720,VA,Norton city,NORTON,2022,3594,575,0.159989
51720,VA,Norton city,NORTON,2023,3501,560,0.159954
51720,VA,Norton city,NORTON,2024,3478,556,0.159862
51730,VA,Petersburg city,PETERSBURG,2020,33398,5343,0.15998
51730,VA,Petersburg city,PETERSBURG,2021,33422,5347,0.159984
51730,VA,Petersburg city,PETERSBURG,2022,33481,5357,0.160001
51730,VA,Petersburg city,PETERSBURG,2023,33328,5332,0.159986
51730,VA,Petersburg city,PETERSBURG,2024,34058,5449,0.159992
51735,VA,Poquoson city,POQUOSON,2020,12473,1996,0.160026
51735,VA,Poquoson city,POQUOSON,2021,12629,2021,0.160029
51735,VA,Poquoson city,POQUOSON,2022,12624,2020,0.160013
51735,VA,Poquoson city,POQUOSON,2023,12613,2018,0.159994
51735,VA,Poquoson city,POQUOSON,2024,12854,2057,0.160028
51740,VA,Portsmouth city,PORTSMOUTH,2020,97997,15679,0.159995
51740,VA,Portsmouth city,PORTSMOUTH,2021,97700,15632,0.16
51740,VA,Portsmouth city,PORTSMOUTH,2022,96989,15518,0.159998
51740,VA,Portsmouth city,PORTSMOUTH,2023,96782,15485,0.159999
51740,VA,Portsmouth city,PORTSMOUTH,2024,96482,15437,0.159999
51750,VA,Radford city,RADFORD,2020,16115,2579,0.160037
51750,VA,Radford city,RADFORD,2021,16525,2644,0.16
51750,VA,Radford city,RADFORD,2022,16723,2676,0.160019
51750,VA,Radford city,RADFORD,2023,16994,2719,0.159998
51750,VA,Radford city,RADFORD,2024,17273,2764,0.160019
51760,VA,Richmond city,RICHMOND,2020,226923,36308,0.160001
51760,VA,Richmond city,RICHMOND,2021,227164,36346,0.159999
51760,VA,Richmond city,RICHMOND,2022,228670,36587,0.159999
51760,VA,Richmond city,RICHMOND,2023,230383,36861,0.159999
51760,VA,Richmond city,RICHMOND,2024,233655,37385,0.160001
51770,VA,Roanoke city,ROANOKE,2020,99898,15984,0.160003
51770,VA,Roanoke city,ROANOKE,2021,98717,15795,0.160003
51770,VA,Roanoke city,ROANOKE,2022,97743,15639,0.160001
51770,VA,Roanoke city,ROANOKE,2023,97503,15601,0.160005
51770,VA,Roanoke city,ROANOKE,2024,97912,15666,0.160001
51775,VA,Salem city,SALEM,2020,25396,4063,0.159986
51775,VA,Salem city,SALEM,2021,25417,4066,0.159972
51775,VA,Salem city,SALEM,2022,25698,4111,0.159974
51775,VA,Salem city,SALEM,2023,25669,4107,0.159998
51775,VA,Salem city,SALEM,2024,25908,4145,0.159989
51790,VA,Staunton city,STAUNTON,2020,25809,4130,0.160022
51790,VA,Staunton city,STAUNTON,2021,25690,4111,0.160023
51790,VA,Staunton city,STAUNTON,2022,25942,4151,0.160011
51790,VA,Staunton city,STAUNTON,2023,25936,4150,0.160009
51790,VA,Staunton city,STAUNTON,2024,26361,4218,0.160009
51800,VA,Suffolk city,SUFFOLK,2020,94794,15167,0.16
51800,VA,Suffolk city,SUFFOLK,2021,96400,15424,0.16
51800,VA,Suffolk city,SUFFOLK,2022,98630,15781,0.160002
51800,VA,Suffolk city,SUFFOLK,2023,101050,16168,0.16
51800,VA,Suffolk city,SUFFOLK,2024,103105,16497,0.160002
51810,VA,Virginia Beach city,VIRGINIA BEACH,2020,459673,73547,0.159999
51810,VA,Virginia Beach city,VIRGINIA BEACH,2021,458599,73376,0.16
51810,VA,Virginia Beach city,VIRGINIA BEACH,2022,454886,72781,0.159998
51810,VA,Virginia Beach city,VIRGINIA BEACH,2023,453779,72604,0.159999
51810,VA,Virginia Beach city,VIRGINIA BEACH,2024,454808,72769,0.159999
51820,VA,Waynesboro city,WAYNESBORO,2020,22277,3565,0.160031
51820,VA,Waynesboro city,WAYNESBORO,2021,22606,3617,0.160002
51820,VA,Waynesboro city,WAYNESBORO,2022,22742,3639,0.160012
51820,VA,Waynesboro city,WAYNESBORO,2023,23083,3694,0.160031
51820,VA,Waynesboro city,WAYNESBORO,2024,23498,3760,0.160014
51830,VA,Williamsburg city,WILLIAMSBURG,2020,15473,2476,0.160021
51830,VA,Williamsburg city,WILLIAMSBURG,2021,15615,2499,0.160038
51830,VA,Williamsburg city,WILLIAMSBURG,2022,15757,2521,0.159992
51830,VA,Williamsburg city,WILLIAMSBURG,2023,16116,2579,0.160027
51830,VA,Williamsburg city,WILLIAMSBURG,2024,16030,2565,0.160012
51840,VA,Winchester city,WINCHESTER,2020,28003,4480,0.159983
51840,VA,Winchester city,WINCHESTER,2021,28088,4494,0.159997
51840,VA,Winchester city,WINCHESTER,2022,27919,4467,0.159999
51840,VA,Winchester city,WINCHESTER,2023,27754,4441,0.160013
51840,VA,Winchester city,WINCHESTER,2024,27800,4448,0.16
53001,WA,Adams County,ADAMS,2020,20609,3400,0.164976
53001,WA,Adams County,ADAMS,2021,20653,3407,0.164964
53001,WA,Adams County,ADAMS,2022,20843,3439,0.164995
53001,WA,Adams County,ADAMS,2023,20857,3441,0.164981
53001,WA,Adams County,ADAMS,2024,21039,3471,0.164979
53003,WA,Asotin County,ASOTIN,2020,22328,3684,0.164995
53003,WA,Asotin County,ASOTIN,2021,22476,3708,0.164976
53003,WA,Asotin County,ASOTIN,2022,22497,3712,0.165
53003,WA,Asotin County,ASOTIN,2023,22510,3714,0.164993
53003,WA,Asotin County,ASOTIN,2024,22523,3716,0.164987
53005,WA,Benton County,BENTON,2020,207426,34225,0.164999
53005,WA,Benton County,BENTON,2021,210627,34753,0.164998
53005,WA,Benton County,BENTON,2022,212838,35118,0.164999
53005,WA,Benton County,BENTON,2023,215445,35548,0.164998
53005,WA,Benton County,BENTON,2024,218190,36001,0.164998
53007,WA,Chelan County,CHELAN,2020,79307,13086,0.165004
53007,WA,Chelan County,CHELAN,2021,79854,13176,0.165001
53007,WA,Chelan County,CHELAN,2022,80032,13206,0.165009
53007,WA,Chelan County,CHELAN,2023,80439,13273,0.165007
53007,WA,Chelan County,CHELAN,2024,81228,13403,0.165005
53009,WA,Clallam County,CLALLAM,2020,77365,12765,0.164997
53009,WA,Clallam County,CLALLAM,2021,78476,12948,0.164993
53009,WA,Clallam County,CLALLAM,2022,77675,12816,0.164995
53009,WA,Clallam County,CLALLAM,2023,77589,12802,0.164998
53009,WA,Clallam County,CLALLAM,2024,77958,12863,0.164999
53011,WA,Clark County,CLARK,2020,505363,83385,0.165
53011,WA,Clark County,CLARK,2021,512662,84589,0.165
53011,WA,Clark County,CLARK,2022,517036,85311,0.165
53011,WA,Clark County,CLARK,2023,522467,86207,0.165
53011,WA,Clark County,CLARK,2024,527269,86999,0.164999
53013,WA,Columbia County,COLUMBIA,2020,3953,652,0.164938
53013,WA,Columbia County,COLUMBIA,2021,4019,663,0.164966
53013,WA,Columbia County,COLUMBIA,2022,4018,663,0.165007
53013,WA,Columbia County,COLUMBIA,2023,4055,669,0.164982
53013,WA,Columbia County,COLUMBIA,2024,4025,664,0.164969
53015,WA,Cowlitz County,COWLITZ,2020,111021,18318,0.164996
53015,WA,Cowlitz County,COWLITZ,2021,111701,18431,0.165003
53015,WA,Cowlitz County,COWLITZ,2022,112058,18490,0.165004
53015,WA,Cowlitz County,COWLITZ,2023,113040,18652,0.165004
53015,WA,Cowlitz County,COWLITZ,2024,113982,18807,0.165
53017,WA,Douglas County,DOUGLAS,2020,43032,7100,0.164993
53017,WA,Douglas County,DOUGLAS,2021,43847,7235,0.165006
53017,WA,Douglas County,DOUGLAS,2022,44147,7284,0.164994
53017,WA,Douglas County,DOUGLAS,2023,45010,7426,0.164986
53017,WA,Douglas County,DOUGLAS,2024,45795,7556,0.164996
53019,WA,Ferry County,FERRY,2020,7197,1188,0.165069
53019,WA,Ferry County,FERRY,2021,7290,1203,0.165021
53019,WA,Ferry County,FERRY,2022,7435,1227,0.16503
53019,WA,Ferry County,FERRY,2023,7472,1233,0.165016
53019,WA,Ferry County,FERRY,2024,7543,1245,0.165054
53021,WA,Franklin County,FRANKLIN,2020,97152,16030,0.164999
53021,WA,Franklin County,FRANKLIN,2021,98107,16187,0.164993
53021,WA,Franklin County,FRANKLIN,2022,98461,16246,0.164999
53021,WA,Franklin County,FRANKLIN,2023,99554,16426,0.164996
53021,WA,Franklin County,FRANKLIN,2024,101238,16704,0.164997
53023,WA,Garfield County,GARFIELD,2020,2297,379,0.164998
53023,WA,Garfield County,GARFIELD,2021,2348,388,0.165247
53023,WA,Garfield County,GARFIELD,2022,2355,389,0.16518
53023,WA,Garfield County,GARFIELD,2023,2360,390,0.165254
53023,WA,Garfield County,GARFIELD,2024,2404,397,0.165141
53025,WA,Grant County,GRANT,2020,99445,16408,0.164996
53025,WA,Grant County,GRANT,2021,100437,16572,0.164999
53025,WA,Grant County,GRANT,2022,101308,16716,0.165002
53025,WA,Grant County,GRANT,2023,103088,17009,0.164995
53025,WA,Grant County,GRANT,2024,104717,17278,0.164997
53027,WA,Grays Harbor County,GRAYS HARBOR,2020,75863,12517,0.164995
53027,WA,Grays Harbor County,GRAYS HARBOR,2021,76859,12681,0.16499
53027,WA,Grays Harbor County,GRAYS HARBOR,2022,77080,12718,0.164997
53027,WA,Grays Harbor County,GRAYS HARBOR,2023,77570,12799,0.164999
53027,WA,Grays Harbor County,GRAYS HARBOR,2024,77893,12852,0.164996
53029,WA,Island County,ISLAND,2020,87007,14356,0.164998
53029,WA,Island County,ISLAND,2021,87581,14451,0.165002
53029,WA,Island County,ISLAND,2022,86744,14313,0.165003
53029,WA,Island County,ISLAND,2023,86369,14251,0.165001
53029,WA,Island County,ISLAND,2024,86478,14269,0.165002
53031,WA,Jefferson County,JEFFERSON,2020,33061,5455,0.164998
53031,WA,Jefferson County,JEFFERSON,2021,33558,5537,0.164998
53031,WA,Jefferson County,JEFFERSON,2022,33597,5544,0.165015
53031,WA,Jefferson County,JEFFERSON,2023,33725,5565,0.165011
53031,WA,Jefferson County,JEFFERSON,2024,33944,5601,0.165007
53033,WA,King County,KING,2020,1316181,386135,0.293375
53033,WA,King County,KING,2021,1316181,386135,0.293375
53033,WA,King County,KING,2022,1316181,386135,0.293375
53033,WA,King County,KING,2023,1316181,386135,0.293375
53033,WA,King County,KING,2024,1316181,386135,0.293375
53035,WA,Kitsap County,KITSAP,2020,275832,45512,0.164999
53035,WA,Kitsap County,KITSAP,2021,276629,45643,0.164997
53035,WA,Kitsap County,KITSAP,2022,277876,45849,0.164998
53035,WA,Kitsap County,KITSAP,2023,277650,45812,0.164999
53035,WA,Kitsap County,KITSAP,2024,281420,46434,0.164999
53037,WA,Kittitas County,KITTITAS,2020,46823,7725,0.164983
53037,WA,Kittitas County,KITTITAS,2021,45653,7532,0.164984
53037,WA,Kittitas County,KITTITAS,2022,47368,7815,0.164985
53037,WA,Kittitas County,KITTITAS,2023,47845,7894,0.164991
53037,WA,Kittitas County,KITTITAS,2024,48172,7948,0.164992
53039,WA,Klickitat County,KLICKITAT,2020,22820,3765,0.164987
53039,WA,Klickitat County,KLICKITAT,2021,23177,3824,0.164991
53039,WA,Klickitat County,KLICKITAT,2022,23248,3835,0.16496
53039,WA,Klickitat County,KLICKITAT,2023,23688,3908,0.164978
53039,WA,Klickitat County,KLICKITAT,2024,24124,3980,0.164981
53041,WA,Lewis County,LEWIS,2020,82562,13623,0.165003
53041,WA,Lewis County,LEWIS,2021,84590,13957,0.164996
53041,WA,Lewis County,LEWIS,2022,85307,14076,0.165004
53041,WA,Lewis County,LEWIS,2023,86264,14233,0.164994
53041,WA,Lewis County,LEWIS,2024,87049,14363,0.164999
53043,WA,Lincoln County,LINCOLN,2020,10927,1803,0.165004
53043,WA,Lincoln County,LINCOLN,2021,11285,1862,0.164998
53043,WA,Lincoln County,LINCOLN,2022,11609,1915,0.164958
53043,WA,Lincoln County,LINCOLN,2023,11760,1940,0.164966
53043,WA,Lincoln County,LINCOLN,2024,11862,1957,0.164981
53045,WA,Mason County,MASON,2020,66033,10895,0.164993
53045,WA,Mason County,MASON,2021,67255,11097,0.164999
53045,WA,Mason County,MASON,2022,68238,11259,0.164996
53045,WA,Mason County,MASON,2023,68754,11344,0.164994
53045,WA,Mason County,MASON,2024,69632,11489,0.164996
53047,WA,Okanogan County,OKANOGAN,2020,42147,6954,0.164994
53047,WA,Okanogan County,OKANOGAN,2021,42785,7059,0.164988
53047,WA,Okanogan County,OKANOGAN,2022,43255,7137,0.164998
53047,WA,Okanogan County,OKANOGAN,2023,43998,7259,0.164985
53047,WA,Okanogan County,OKANOGAN,2024,44942,7415,0.16499
53049,WA,Pacific County,PACIFIC,2020,23492,3876,0.164992
53049,WA,Pacific County,PACIFIC,2021,23995,3959,0.164993
53049,WA,Pacific County,PACIFIC,2022,24067,3971,0.164998
53049,WA,Pacific County,PACIFIC,2023,24173,3988,0.164977
53049,WA,Pacific County,PACIFIC,2024,24245,4000,0.164982
53051,WA,Pend Oreille County,PEND OREILLE,2020,13506,2229,0.165038
53051,WA,Pend Oreille County,PEND OREILLE,2021,13897,2293,0.165
53051,WA,Pend Oreille County,PEND OREILLE,2022,14153,2335,0.164983
53051,WA,Pend Oreille County,PEND OREILLE,2023,14362,2370,0.165019
53051,WA,Pend Oreille County,PEND OREILLE,2024,14332,2365,0.165015
53053,WA,Pierce County,PIERCE,2020,923655,152403,0.165
53053,WA,Pierce County,PIERCE,2021,927738,153077,0.165
53053,WA,Pierce County,PIERCE,2022,927313,153007,0.165
53053,WA,Pierce County,PIERCE,2023,931718,153733,0.164999
53053,WA,Pierce County,PIERCE,2024,941170,155293,0.165
53055,WA,San Juan County,SAN JUAN,2020,17826,2941,0.164984
53055,WA,San Juan County,SAN JUAN,2021,18623,3073,0.165011
53055,WA,San Juan County,SAN JUAN,2022,18666,3080,0.165006
53055,WA,San Juan County,SAN JUAN,2023,18605,3070,0.165009
53055,WA,San Juan County,SAN JUAN,2024,18668,3080,0.164988
53057,WA,Skagit County,SKAGIT,2020,129901,21433,0.164995
53057,WA,Skagit County,SKAGIT,2021,131018,21618,0.165
53057,WA,Skagit County,SKAGIT,2022,131229,21652,0.164994
53057,WA,Skagit County,SKAGIT,2023,131754,21739,0.164997
53057,WA,Skagit County,SKAGIT,2024,132736,21901,0.164997
53059,WA,Skamania County,SKAMANIA,2020,12045,1988,0.165048
53059,WA,Skamania County,SKAMANIA,2021,12214,2015,0.164975
53059,WA,Skamania County,SKAMANIA,2022,12454,2055,0.165007
53059,WA,Skamania County,SKAMANIA,2023,12639,2086,0.165045
53059,WA,Skamania County,SKAMANIA,2024,12660,2089,0.165008
53061,WA,Snohomish County,SNOHOMISH,2020,829975,136946,0.165
53061,WA,Snohomish County,SNOHOMISH,2021,836235,137979,0.165
53061,WA,Snohomish County,SNOHOMISH,2022,841529,138853,0.165001
53061,WA,Snohomish County,SNOHOMISH,2023,850297,140299,0.165
53061,WA,Snohomish County,SNOHOMISH,2024,864113,142579,0.165
53063,WA,Spokane County,SPOKANE,2020,541198,89297,0.164999
53063,WA,Spokane County,SPOKANE,2021,545540,90014,0.165
53063,WA,Spokane County,SPOKANE,2022,549835,90723,0.165
53063,WA,Spokane County,SPOKANE,2023,552758,91205,0.165
53063,WA,Spokane County,SPOKANE,2024,555947,91731,0.165
53065,WA,Stevens County,STEVENS,2020,46589,7687,0.164996
53065,WA,Stevens County,STEVENS,2021,47620,7857,0.164994
53065,WA,Stevens County,STEVENS,2022,48273,7965,0.164999
53065,WA,Stevens County,STEVENS,2023,48838,8058,0.164994
53065,WA,Stevens County,STEVENS,2024,49015,8087,0.16499
53067,WA,Thurston County,THURSTON,2020,296018,48843,0.165
53067,WA,Thurston County,THURSTON,2021,298241,49209,0.164997
53067,WA,Thurston County,THURSTON,2022,298645,49276,0.164999
53067,WA,Thurston County,THURSTON,2023,299519,49420,0.164998
53067,WA,Thurston County,THURSTON,2024,302912,49980,0.164998
53069,WA,Wahkiakum County,WAHKIAKUM,2020,4448,734,0.165018
53069,WA,Wahkiakum County,WAHKIAKUM,2021,4586,757,0.165068
53069,WA,Wahkiakum County,WAHKIAKUM,2022,4691,774,0.164997
53069,WA,Wahkiakum County,WAHKIAKUM,2023,4767,787,0.165093
53069,WA,Wahkiakum County,WAHKIAKUM,2024,4800,792,0.165
53071,WA,Walla Walla County,WALLA WALLA,2020,62629,10334,0.165003
53071,WA,Walla Walla County,WALLA WALLA,2021,62232,10268,0.164996
53071,WA,Walla Walla County,WALLA WALLA,2022,62085,10244,0.165
53071,WA,Walla Walla County,WALLA WALLA,2023,61789,10195,0.164997
53071,WA,Walla Walla County,WALLA WALLA,2024,62068,10241,0.164996
53073,WA,Whatcom County,WHATCOM,2020,227451,37529,0.164998
53073,WA,Whatcom County,WHATCOM,2021,226725,37409,0.164997
53073,WA,Whatcom County,WHATCOM,2022,230701,38065,0.164997
53073,WA,Whatcom County,WHATCOM,2023,232686,38393,0.164999
53073,WA,Whatcom County,WHATCOM,2024,234954,38767,0.164998
53075,WA,Whitman County,WHITMAN,2020,47821,7891,0.165011
53075,WA,Whitman County,WHITMAN,2021,45430,7496,0.165001
53075,WA,Whitman County,WHITMAN,2022,47653,7863,0.165005
53075,WA,Whitman County,WHITMAN,2023,47900,7904,0.16501
53075,WA,Whitman County,WHITMAN,2024,48399,7986,0.165003
53077,WA,Yakima County,YAKIMA,2020,256736,42361,0.164998
53077,WA,Yakima County,YAKIMA,2021,256743,42362,0.164998
53077,WA,Yakima County,YAKIMA,2022,256566,42333,0.164998
53077,WA,Yakima County,YAKIMA,2023,257193,42437,0.165001
53077,WA,Yakima County,YAKIMA,2024,258523,42656,0.164999
54001,WV,Barbour County,BARBOUR,2020,15462,3170,0.205019
54001,WV,Barbour County,BARBOUR,2021,15447,3167,0.205024
54001,WV,Barbour County,BARBOUR,2022,15397,3157,0.20504
54001,WV,Barbour County,BARBOUR,2023,15443,3166,0.205012
54001,WV,Barbour County,BARBOUR,2024,15369,3151,0.205023
54003,WV,Berkeley County,BERKELEY,2020,122699,25153,0.204998
54003,WV,Berkeley County,BERKELEY,2021,126194,25870,0.205002
54003,WV,Berkeley County,BERKELEY,2022,129538,26555,0.204998
54003,WV,Berkeley County,BERKELEY,2023,132851,27235,0.205004
54003,WV,Berkeley County,BERKELEY,2024,136287,27939,0.205001
54005,WV,Boone County,BOONE,2020,21746,4458,0.205003
54005,WV,Boone County,BOONE,2021,21361,4379,0.205
54005,WV,Boone County,BOONE,2022,20925,4290,0.205018
54005,WV,Boone County,BOONE,2023,20600,4223,0.205
54005,WV,Boone County,BOONE,2024,20496,4202,0.205016
54007,WV,Braxton County,BRAXTON,2020,12396,2541,0.204985
54007,WV,Braxton County,BRAXTON,2021,12297,2520,0.204928
54007,WV,Braxton County,BRAXTON,2022,12158,2492,0.204968
54007,WV,Braxton County,BRAXTON,2023,12139,2488,0.204959
54007,WV,Braxton County,BRAXTON,2024,12051,2470,0.204962
54009,WV,Brooke County,BROOKE,2020,22484,4609,0.20499
54009,WV,Brooke County,BROOKE,2021,22080,4526,0.204982
54009,WV,Brooke County,BROOKE,2022,21739,4456,0.204977
54009,WV,Brooke County,BROOKE,2023,21438,4394,0.204963
54009,WV,Brooke County,BROOKE,2024,21285,4363,0.20498
54011,WV,Cabell County,CABELL,2020,94245,19320,0.204998
54011,WV,Cabell County,CABELL,2021,93422,19151,0.204995
54011,WV,Cabell County,CABELL,2022,92501,18962,0.204992
54011,WV,Cabell County,CABELL,2023,92036,18867,0.204996
54011,WV,Cabell County,CABELL,2024,91489,18755,0.204997
54013,WV,Calhoun County,CALHOUN,2020,6196,1270,0.204971
54013,WV,Calhoun County,CALHOUN,2021,6172,1265,0.204958
54013,WV,Calhoun County,CALHOUN,2022,6056,1242,0.205086
54013,WV,Calhoun County,CALHOUN,2023,5945,1219,0.205046
54013,WV,Calhoun County,CALHOUN,2024,5873,1204,0.205006
54015,WV,Clay County,CLAY,2020,8013,1642,0.204917
54015,WV,Clay County,CLAY,2021,7914,1622,0.204953
54015,WV,Clay County,CLAY,2022,7819,1603,0.205013
54015,WV,Clay County,CLAY,2023,7740,1586,0.20491
54015,WV,Clay County,CLAY,2024,7689,1576,0.204968
54017,WV,Doddridge County,DODDRIDGE,2020,7790,1597,0.205006
54017,WV,Doddridge County,DODDRIDGE,2021,7745,1588,0.205036
54017,WV,Doddridge County,DODDRIDGE,2022,7719,1582,0.204949
54017,WV,Doddridge County,DODDRIDGE,2023,7685,1575,0.204945
54017,WV,Doddridge County,DODDRIDGE,2024,7615,1561,0.20499
54019,WV,Fayette County,FAYETTE,2020,40445,8291,0.204994
54019,WV,Fayette County,FAYETTE,2021,40059,8212,0.204998
54019,WV,Fayette County,FAYETTE,2022,39411,8079,0.204994
54019,WV,Fayette County,FAYETTE,2023,39079,8011,0.204995
54019,WV,Fayette County,FAYETTE,2024,38600,7913,0.205
54021,WV,Gilmer County,GILMER,2020,7399,1517,0.205028
54021,WV,Gilmer County,GILMER,2021,7396,1516,0.204976
54021,WV,Gilmer County,GILMER,2022,7309,1499,0.20509
54021,WV,Gilmer County,GILMER,2023,7221,1481,0.205096
54021,WV,Gilmer County,GILMER,2024,7116,1459,0.205031
54023,WV,Grant County,GRANT,2020,10995,2254,0.205002
54023,WV,Grant County,GRANT,2021,10998,2255,0.205037
54023,WV,Grant County,GRANT,2022,10965,2248,0.205016
54023,WV,Grant County,GRANT,2023,10985,2252,0.205007
54023,WV,Grant County,GRANT,2024,10971,2249,0.204995
54025,WV,Greenbrier County,GREENBRIER,2020,32903,6745,0.204997
54025,WV,Greenbrier County,GREENBRIER,2021,32705,6704,0.204984
54025,WV,Greenbrier County,GREENBRIER,2022,32348,6631,0.204989
54025,WV,Greenbrier County,GREENBRIER,2023,32123,6585,0.204993
54025,WV,Greenbrier County,GREENBRIER,2024,31851,6529,0.204986
54027,WV,Hampshire County,HAMPSHIRE,2020,23085,4733,0.205025
54027,WV,Hampshire County,HAMPSHIRE,2021,23351,4787,0.205002
54027,WV,Hampshire County,HAMPSHIRE,2022,23464,4811,0.205038
54027,WV,Hampshire County,HAMPSHIRE,2023,23632,4845,0.205019
54027,WV,Hampshire County,HAMPSHIRE,2024,23793,4878,0.205018
54029,WV,Hancock County,HANCOCK,2020,29043,5954,0.205006
54029,WV,Hancock County,HANCOCK,2021,28604,5864,0.205006
54029,WV,Hancock County,HANCOCK,2022,28265,5794,0.204989
54029,WV,Hancock County,HANCOCK,2023,28191,5779,0.204995
54029,WV,Hancock County,HANCOCK,2024,28054,5751,0.204998
54031,WV,Hardy County,HARDY,2020,14241,2920,0.205042
54031,WV,Hardy County,HARDY,2021,14150,2901,0.205018
54031,WV,Hardy County,HARDY,2022,14196,2911,0.205058
54031,WV,Hardy County,HARDY,2023,14293,2930,0.204995
54031,WV,Hardy County,HARDY,2024,14335,2939,0.205023
54033,WV,Harrison County,HARRISON,2020,65842,13498,0.205006
54033,WV,Harrison County,HARRISON,2021,65412,13410,0.205008
54033,WV,Harrison County,HARRISON,2022,64683,13260,0.205
54033,WV,Harrison County,HARRISON,2023,64513,13225,0.204997
54033,WV,Harrison County,HARRISON,2024,64472,13217,0.205004
54035,WV,Jackson County,JACKSON,2020,27726,5684,0.205006
54035,WV,Jackson County,JACKSON,2021,27789,5697,0.205009
54035,WV,Jackson County,JACKSON,2022,27624,5663,0.205003
54035,WV,Jackson County,JACKSON,2023,27668,5672,0.205002
54035,WV,Jackson County,JACKSON,2024,27718,5682,0.204993
54037,WV,Jefferson County,JEFFERSON,2020,57785,11846,0.205001
54037,WV,Jefferson County,JEFFERSON,2021,58550,12003,0.205004
54037,WV,Jefferson County,JEFFERSON,2022,58957,12086,0.204997
54037,WV,Jefferson County,JEFFERSON,2023,59744,12247,0.204991
54037,WV,Jefferson County,JEFFERSON,2024,61264,12559,0.204998
54039,WV,Kanawha County,KANAWHA,2020,180208,36943,0.205002
54039,WV,Kanawha County,KANAWHA,2021,178071,36505,0.205002
54039,WV,Kanawha County,KANAWHA,2022,175899,36060,0.205004
54039,WV,Kanawha County,KANAWHA,2023,174602,35794,0.205003
54039,WV,Kanawha County,KANAWHA,2024,173906,35651,0.205002
54041,WV,Lewis County,LEWIS,2020,17020,3489,0.204994
54041,WV,Lewis County,LEWIS,2021,16877,3460,0.205013
54041,WV,Lewis County,LEWIS,2022,16719,3428,0.205036
54041,WV,Lewis County,LEWIS,2023,16605,3404,0.204998
54041,WV,Lewis County,LEWIS,2024,16477,3378,0.205013
54043,WV,Lincoln County,LINCOLN,2020,20368,4175,0.204978
54043,WV,Lincoln County,LINCOLN,2021,20197,4140,0.204981
54043,WV,Lincoln County,LINCOLN,2022,19862,4071,0.204964
54043,WV,Lincoln County,LINCOLN,2023,19699,4038,0.204985
54043,WV,Lincoln County,LINCOLN,2024,19377,3972,0.204985
54045,WV,Logan County,LOGAN,2020,32516,6666,0.205007
54045,WV,Logan County,LOGAN,2021,31852,6530,0.205011
54045,WV,Logan County,LOGAN,2022,31251,6407,0.205017
54045,WV,Logan County,LOGAN,2023,30910,6337,0.205015
54045,WV,Logan County,LOGAN,2024,30560,6265,0.205007
54047,WV,McDowell County,MCDOWELL,2020,18939,3882,0.204974
54047,WV,McDowell County,MCDOWELL,2021,18415,3775,0.204996
54047,WV,McDowell County,MCDOWELL,2022,17790,3647,0.205003
54047,WV,McDowell County,MCDOWELL,2023,17425,3572,0.204993
54047,WV,McDowell County,MCDOWELL,2024,17147,3515,0.204992
54049,WV,Marion County,MARION,2020,56234,11528,0.205001
54049,WV,Marion County,MARION,2021,56056,11491,0.204991
54049,WV,Marion County,MARION,2022,55799,11439,0.205004
54049,WV,Marion County,MARION,2023,55805,11440,0.205
54049,WV,Marion County,MARION,2024,55649,11408,0.204999
54051,WV,Marshall County,MARSHALL,2020,30529,6259,0.205018
54051,WV,Marshall County,MARSHALL,2021,30204,6192,0.205006
54051,WV,Marshall County,MARSHALL,2022,29722,6093,0.205
54051,WV,Marshall County,MARSHALL,2023,29517,6051,0.205001
54051,WV,Marshall County,MARSHALL,2024,29354,6018,0.205015
54053,WV,Mason County,MASON,2020,25413,5210,0.205013
54053,WV,Mason County,MASON,2021,25281,5183,0.205016
54053,WV,Mason County,MASON,2022,24938,5112,0.204988
54053,WV,Mason County,MASON,2023,24815,5087,0.204997
54053,WV,Mason County,MASON,2024,24770,5078,0.205006
54055,WV,Mercer County,MERCER,2020,59519,12201,0.204993
54055,WV,Mercer County,MERCER,2021,59163,12128,0.204993
54055,WV,Mercer County,MERCER,2022,58599,12012,0.204986
54055,WV,Mercer County,MERCER,2023,58008,11891,0.204989
54055,WV,Mercer County,MERCER,2024,57524,11792,0.204993
54057,WV,Mineral County,MINERAL,2020,26901,5514,0.204974
54057,WV,Mineral County,MINERAL,2021,26913,5517,0.204994
54057,WV,Mineral County,MINERAL,2022,26872,5508,0.204972
54057,WV,Mineral County,MINERAL,2023,26806,5495,0.204991
54057,WV,Mineral County,MINERAL,2024,26778,5489,0.204982
54059,WV,Mingo County,MINGO,2020,23487,4815,0.205007
54059,WV,Mingo County,MINGO,2021,23055,4726,0.204988
54059,WV,Mingo County,MINGO,2022,22427,4598,0.205021
54059,WV,Mingo County,MINGO,2023,22025,4515,0.204994
54059,WV,Mingo County,MINGO,2024,21712,4451,0.205002
54061,WV,Monongalia County,MONONGALIA,2020,105912,21712,0.205
54061,WV,Monongalia County,MONONGALIA,2021,106537,21840,0.204999
54061,WV,Monongalia County,MONONGALIA,2022,106921,21919,0.205002
54061,WV,Monongalia County,MONONGALIA,2023,107749,22089,0.205004
54061,WV,Monongalia County,MONONGALIA,2024,108697,22283,0.205001
54063,WV,Monroe County,MONROE,2020,12386,2539,0.20499
54063,WV,Monroe County,MONROE,2021,12394,2541,0.205019
54063,WV,Monroe County,MONROE,2022,12314,2525,0.205051
54063,WV,Monroe County,MONROE,2023,12376,2537,0.204994
54063,WV,Monroe County,MONROE,2024,12462,2555,0.205023
54065,WV,Morgan County,MORGAN,2020,17087,3503,0.20501
54065,WV,Morgan County,MORGAN,2021,17304,3547,0.204982
54065,WV,Morgan County,MORGAN,2022,17380,3563,0.205006
54065,WV,Morgan County,MORGAN,2023,17580,3604,0.205006
54065,WV,Morgan County,MORGAN,2024,17780,3645,0.205006
54067,WV,Nicholas County,NICHOLAS,2020,24562,5035,0.204991
54067,WV,Nicholas County,NICHOLAS,2021,24438,5009,0.204968
54067,WV,Nicholas County,NICHOLAS,2022,24266,4974,0.204978
54067,WV,Nicholas County,NICHOLAS,2023,24104,4941,0.204987
54067,WV,Nicholas County,NICHOLAS,2024,24017,4923,0.20498
54069,WV,Ohio County,OHIO,2020,42307,8672,0.204978
54069,WV,Ohio County,OHIO,2021,41817,8572,0.204988
54069,WV,Ohio County,OHIO,2022,41473,8502,0.205001
54069,WV,Ohio County,OHIO,2023,41221,8450,0.204993
54069,WV,Ohio County,OHIO,2024,41090,8423,0.204989
54071,WV,Pendleton County,PENDLETON,2020,6129,1257,0.205091
54071,WV,Pendleton County,PENDLETON,2021,6093,1250,0.205153
54071,WV,Pendleton County,PENDLETON,2022,6051,1241,0.20509
54071,WV,Pendleton County,PENDLETON,2023,5998,1230,0.205068
54071,WV,Pendleton County,PENDLETON,2024,5944,1219,0.205081
54073,WV,Pleasants County,PLEASANTS,2020,7653,1568,0.204887
54073,WV,Pleasants County,PLEASANTS,2021,7610,1560,0.204993
54073,WV,Pleasants County,PLEASANTS,2022,7564,1550,0.204918
54073,WV,Pleasants County,PLEASANTS,2023,7420,1521,0.204987
54073,WV,Pleasants County,PLEASANTS,2024,7358,1508,0.204947
54075,WV,Pocahontas County,POCAHONTAS,2020,7864,1612,0.204985
54075,WV,Pocahontas County,POCAHONTAS,2021,7888,1617,0.204995
54075,WV,Pocahontas County,POCAHONTAS,2022,7776,1594,0.20499
54075,WV,Pocahontas County,POCAHONTAS,2023,7739,1587,0.205065
54075,WV,Pocahontas County,POCAHONTAS,2024,7653,1569,0.205018
54077,WV,Preston County,PRESTON,2020,34191,7009,0.204995
54077,WV,Preston County,PRESTON,2021,34309,7033,0.20499
54077,WV,Preston County,PRESTON,2022,34196,7010,0.204995
54077,WV,Preston County,PRESTON,2023,34050,6980,0.204993
54077,WV,Preston County,PRESTON,2024,34055,6981,0.204992
54079,WV,Putnam County,PUTNAM,2020,57443,11776,0.205003
54079,WV,Putnam County,PUTNAM,2021,57365,11760,0.205003
54079,WV,Putnam County,PUTNAM,2022,57070,11700,0.205011
54079,WV,Putnam County,PUTNAM,2023,56942,11673,0.204998
54079,WV,Putnam County,PUTNAM,2024,57067,11699,0.205005
54081,WV,Raleigh County,RALEIGH,2020,74407,15254,0.205008
54081,WV,Raleigh County,RALEIGH,2021,73800,15129,0.205
54081,WV,Raleigh County,RALEIGH,2022,72863,14937,0.205001
54081,WV,Raleigh County,RALEIGH,2023,72526,14868,0.205002
54081,WV,Raleigh County,RALEIGH,2024,72379,14838,0.205004
54083,WV,Randolph County,RANDOLPH,2020,27892,5718,0.205005
54083,WV,Randolph County,RANDOLPH,2021,27902,5720,0.205003
54083,WV,Randolph County,RANDOLPH,2022,27539,5646,0.205018
54083,WV,Randolph County,RANDOLPH,2023,27359,5609,0.205015
54083,WV,Randolph County,RANDOLPH,2024,27190,5574,0.205002
54085,WV,Ritchie County,RITCHIE,2020,8422,1727,0.205058
54085,WV,Ritchie County,RITCHIE,2021,8413,1725,0.20504
54085,WV,Ritchie County,RITCHIE,2022,8239,1689,0.205001
54085,WV,Ritchie County,RITCHIE,2023,8187,1678,0.204959
54085,WV,Ritchie County,RITCHIE,2024,8170,1675,0.205018
54087,WV,Roane County,ROANE,2020,13984,2867,0.20502
54087,WV,Roane County,ROANE,2021,13933,2857,0.205053
54087,WV,Roane County,ROANE,2022,13794,2828,0.205017
54087,WV,Roane County,ROANE,2023,13678,2804,0.205001
54087,WV,Roane County,ROANE,2024,13540,2776,0.205022
54089,WV,Summers County,SUMMERS,2020,11940,2448,0.205025
54089,WV,Summers County,SUMMERS,2021,11869,2434,0.205072
54089,WV,Summers County,SUMMERS,2022,11711,2401,0.205021
54089,WV,Summers County,SUMMERS,2023,11581,2375,0.205077
54089,WV,Summers County,SUMMERS,2024,11544,2367,0.205042
54091,WV,Taylor County,TAYLOR,2020,16693,3422,0.204996
54091,WV,Taylor County,TAYLOR,2021,16534,3390,0.205032
54091,WV,Taylor County,TAYLOR,2022,16386,3359,0.204992
54091,WV,Taylor County,TAYLOR,2023,16385,3359,0.205005
54091,WV,Taylor County,TAYLOR,2024,16438,3370,0.205013
54093,WV,Tucker County,TUCKER,2020,6754,1384,0.204916
54093,WV,Tucker County,TUCKER,2021,6700,1373,0.204925
54093,WV,Tucker County,TUCKER,2022,6625,1358,0.204981
54093,WV,Tucker County,TUCKER,2023,6618,1356,0.204896
54093,WV,Tucker County,TUCKER,2024,6573,1347,0.204929
54095,WV,Tyler County,TYLER,2020,8292,1700,0.205017
54095,WV,Tyler County,TYLER,2021,8208,1683,0.205044
54095,WV,Tyler County,TYLER,2022,8081,1657,0.205049
54095,WV,Tyler County,TYLER,2023,7894,1618,0.204966
54095,WV,Tyler County,TYLER,2024,7843,1608,0.205024
54097,WV,Upshur County,UPSHUR,2020,23818,4882,0.204971
54097,WV,Upshur County,UPSHUR,2021,23812,4881,0.204981
54097,WV,Upshur County,UPSHUR,2022,23715,4861,0.204976
54097,WV,Upshur County,UPSHUR,2023,23566,4831,0.204999
54097,WV,Upshur County,UPSHUR,2024,23650,4848,0.204989
54099,WV,Wayne County,WAYNE,2020,38865,7968,0.205017
54099,WV,Wayne County,WAYNE,2021,38563,7906,0.205015
54099,WV,Wayne County,WAYNE,2022,38025,7795,0.204997
54099,WV,Wayne County,WAYNE,2023,37779,7745,0.205008
54099,WV,Wayne County,WAYNE,2024,37589,7706,0.205007
54101,WV,Webster County,WEBSTER,2020,8352,1712,0.204981
54101,WV,Webster County,WEBSTER,2021,8270,1695,0.204958
54101,WV,Webster County,WEBSTER,2022,8125,1665,0.204923
54101,WV,Webster County,WEBSTER,2023,8025,1645,0.204984
54101,WV,Webster County,WEBSTER,2024,7947,1629,0.204983
54103,WV,Wetzel County,WETZEL,2020,14412,2954,0.204968
54103,WV,Wetzel County,WETZEL,2021,14211,2913,0.204982
54103,WV,Wetzel County,WETZEL,2022,14027,2876,0.205033
54103,WV,Wetzel County,WETZEL,2023,13972,2864,0.204981
54103,WV,Wetzel County,WETZEL,2024,13766,2822,0.204998
54105,WV,Wirt County,WIRT,2020,5187,1063,0.204935
54105,WV,Wirt County,WIRT,2021,5067,1038,0.204855
54105,WV,Wirt County,WIRT,2022,5095,1044,0.204907
54105,WV,Wirt County,WIRT,2023,4994,1023,0.204846
54105,WV,Wirt County,WIRT,2024,4924,1009,0.204915
54107,WV,Wood County,WOOD,2020,84146,17250,0.205001
54107,WV,Wood County,WOOD,2021,83820,17183,0.204999
54107,WV,Wood County,WOOD,2022,83364,17089,0.204993
54107,WV,Wood County,WOOD,2023,82947,17004,0.204998
54107,WV,Wood County,WOOD,2024,82757,16965,0.204998
54109,WV,Wyoming County,WYOMING,2020,21319,4371,0.205028
54109,WV,Wyoming County,WYOMING,2021,21031,4312,0.205031
54109,WV,Wyoming County,WYOMING,2022,20570,4217,0.205007
54109,WV,Wyoming County,WYOMING,2023,20262,4154,0.205014
54109,WV,Wyoming County,WYOMING,2024,19964,4093,0.205019
55001,WI,Adams County,ADAMS,2020,20682,3722,0.179963
55001,WI,Adams County,ADAMS,2021,20844,3752,0.180004
55001,WI,Adams County,ADAMS,2022,21211,3818,0.180001
55001,WI,Adams County,ADAMS,2023,21528,3875,0.179998
55001,WI,Adams County,ADAMS,2024,21352,3843,0.179983
55003,WI,Ashland County,ASHLAND,2020,16015,2882,0.179956
55003,WI,Ashland County,ASHLAND,2021,16044,2888,0.180005
55003,WI,Ashland County,ASHLAND,2022,16037,2886,0.179959
55003,WI,Ashland County,ASHLAND,2023,16103,2898,0.179966
55003,WI,Ashland County,ASHLAND,2024,16196,2915,0.179983
55005,WI,Barron County,BARRON,2020,46723,8410,0.179997
55005,WI,Barron County,BARRON,2021,46701,8406,0.179996
55005,WI,Barron County,BARRON,2022,46828,8429,0.179999
55005,WI,Barron County,BARRON,2023,46922,8446,0.180001
55005,WI,Barron County,BARRON,2024,46810,8426,0.180004
55007,WI,Bayfield County,BAYFIELD,2020,16238,2923,0.18001
55007,WI,Bayfield County,BAYFIELD,2021,16327,2939,0.180009
55007,WI,Bayfield County,BAYFIELD,2022,16664,3000,0.180029
55007,WI,Bayfield County,BAYFIELD,2023,16809,3026,0.180023
55007,WI,Bayfield County,BAYFIELD,2024,16838,3031,0.18001
55009,WI,Brown County,BROWN,2020,268966,48414,0.18
55009,WI,Brown County,BROWN,2021,268948,48411,0.180001
55009,WI,Brown County,BROWN,2022,270561,48701,0.18
55009,WI,Brown County,BROWN,2023,272074,48974,0.180002
55009,WI,Brown County,BROWN,2024,273909,49304,0.180001
55011,WI,Buffalo County,BUFFALO,2020,13323,2399,0.180065
55011,WI,Buffalo County,BUFFALO,2021,13340,2402,0.18006
55011,WI,Buffalo County,BUFFALO,2022,13400,2412,0.18
55011,WI,Buffalo County,BUFFALO,2023,13440,2420,0.18006
55011,WI,Buffalo County,BUFFALO,2024,13464,2424,0.180036
55013,WI,Burnett County,BURNETT,2020,16578,2984,0.179998
55013,WI,Burnett County,BURNETT,2021,16755,3016,0.180006
55013,WI,Burnett County,BURNETT,2022,16973,3055,0.179992
55013,WI,Burnett County,BURNETT,2023,17089,3076,0.179999
55013,WI,Burnett County,BURNETT,2024,17187,3094,0.18002
55015,WI,Calumet County,CALUMET,2020,52478,9446,0.179999
55015,WI,Calumet County,CALUMET,2021,52581,9464,0.179989
55015,WI,Calumet County,CALUMET,2022,52745,9494,0.179998
55015,WI,Calumet County,CALUMET,2023,53303,9594,0.17999
55015,WI,Calumet County,CALUMET,2024,53602,9648,0.179993
55017,WI,Chippewa County,CHIPPEWA,2020,66346,11942,0.179996
55017,WI,Chippewa County,CHIPPEWA,2021,66601,11988,0.179997
55017,WI,Chippewa County,CHIPPEWA,2022,66775,12019,0.179993
55017,WI,Chippewa County,CHIPPEWA,2023,66949,12051,0.180003
55017,WI,Chippewa County,CHIPPEWA,2024,67323,12118,0.179998
55019,WI,Clark County,CLARK,2020,34629,6233,0.179994
55019,WI,Clark County,CLARK,2021,34732,6252,0.180007
55019,WI,Clark County,CLARK,2022,34742,6253,0.179984
55019,WI,Clark County,CLARK,2023,34792,6262,0.179984
55019,WI,Clark County,CLARK,2024,34801,6264,0.179995
55021,WI,Columbia County,COLUMBIA,2020,58520,10533,0.17999
55021,WI,Columbia County,COLUMBIA,2021,58440,10519,0.179997
55021,WI,Columbia County,COLUMBIA,2022,58337,10500,0.179989
55021,WI,Columbia County,COLUMBIA,2023,57949,10430,0.179986
55021,WI,Columbia County,COLUMBIA,2024,58113,10460,0.179994
55023,WI,Crawford County,CRAWFORD,2020,16084,2895,0.179993
55023,WI,Crawford County,CRAWFORD,2021,16097,2897,0.179971
55023,WI,Crawford County,CRAWFORD,2022,16032,2885,0.179953
55023,WI,Crawford County,CRAWFORD,2023,15991,2878,0.179976
55023,WI,Crawford County,CRAWFORD,2024,16008,2881,0.179973
55025,WI,Dane County,DANE,2020,562620,101271,0.179999
55025,WI,Dane County,DANE,2021,561788,101121,0.179999
55025,WI,Dane County,DANE,2022,570869,102756,0.179999
55025,WI,Dane County,DANE,2023,579739,104353,0.18
55025,WI,Dane County,DANE,2024,588347,105902,0.179999
55027,WI,Dodge County,DODGE,2020,89344,16082,0.180001
55027,WI,Dodge County,DODGE,2021,88693,15964,0.179992
55027,WI,Dodge County,DODGE,2022,88539,15937,0.18
55027,WI,Dodge County,DODGE,2023,88501,15930,0.179998
55027,WI,Dodge County,DODGE,2024,88635,15954,0.179997
55029,WI,Door County,DOOR,2020,30119,5421,0.179986
55029,WI,Door County,DOOR,2021,30430,5477,0.179987
55029,WI,Door County,DOOR,2022,30597,5507,0.179985
55029,WI,Door County,DOOR,2023,30566,5502,0.180004
55029,WI,Door County,DOOR,2024,30512,5492,0.179995
55031,WI,Douglas County,DOUGLAS,2020,44348,7983,0.180008
55031,WI,Douglas County,DOUGLAS,2021,44026,7925,0.180007
55031,WI,Douglas County,DOUGLAS,2022,44238,7963,0.180004
55031,WI,Douglas County,DOUGLAS,2023,44252,7966,0.180014
55031,WI,Douglas County,DOUGLAS,2024,44276,7970,0.180007
55033,WI,Dunn County,DUNN,2020,45453,8181,0.179988
55033,WI,Dunn County,DUNN,2021,44543,8017,0.179983
55033,WI,Dunn County,DUNN,2022,45676,8221,0.179985
55033,WI,Dunn County,DUNN,2023,45827,8249,0.180003
55033,WI,Dunn County,DUNN,2024,46135,8304,0.179993
55035,WI,Eau Claire County,EAU CLAIRE,2020,105877,19057,0.179992
55035,WI,Eau Claire County,EAU CLAIRE,2021,105979,19076,0.179998
55035,WI,Eau Claire County,EAU CLAIRE,2022,106835,19230,0.179997
55035,WI,Eau Claire County,EAU CLAIRE,2023,108058,19450,0.179996
55035,WI,Eau Claire County,EAU CLAIRE,2024,108830,19589,0.179996
55037,WI,Florence County,FLORENCE,2020,4563,821,0.179925
55037,WI,Florence County,FLORENCE,2021,4590,826,0.179956
55037,WI,Florence County,FLORENCE,2022,4708,847,0.179907
55037,WI,Florence County,FLORENCE,2023,4695,845,0.179979
55037,WI,Florence County,FLORENCE,2024,4673,841,0.17997
55039,WI,Fond du Lac County,FOND DU LAC,2020,104156,18748,0.179999
55039,WI,Fond du Lac County,FOND DU LAC,2021,104117,18741,0.179999
55039,WI,Fond du Lac County,FOND DU LAC,2022,104010,18721,0.179992
55039,WI,Fond du Lac County,FOND DU LAC,2023,104135,18744,0.179997
55039,WI,Fond du Lac County,FOND DU LAC,2024,104269,18768,0.179996
55041,WI,Forest County,FOREST,2020,9168,1650,0.179974
55041,WI,Forest County,FOREST,2021,9448,1701,0.180038
55041,WI,Forest County,FOREST,2022,9344,1682,0.180009
55041,WI,Forest County,FOREST,2023,9381,1689,0.180045
55041,WI,Forest County,FOREST,2024,9506,1711,0.179992
55043,WI,Grant County,GRANT,2020,51979,9356,0.179996
55043,WI,Grant County,GRANT,2021,51309,9235,0.179988
55043,WI,Grant County,GRANT,2022,51337,9240,0.179987
55043,WI,Grant County,GRANT,2023,51894,9341,0.180002
55043,WI,Grant County,GRANT,2024,52330,9419,0.179992
55045,WI,Green County,GREEN,2020,37033,6666,0.180002
55045,WI,Green County,GREEN,2021,37069,6672,0.179989
55045,WI,Green County,GREEN,2022,36864,6636,0.180013
55045,WI,Green County,GREEN,2023,36934,6648,0.179997
55045,WI,Green County,GREEN,2024,37183,6693,0.180002
55047,WI,Green Lake County,GREEN LAKE,2020,19027,3425,0.180007
55047,WI,Green Lake County,GREEN LAKE,2021,19262,3468,0.180044
55047,WI,Green Lake County,GREEN LAKE,2022,19241,3464,0.180032
55047,WI,Green Lake County,GREEN LAKE,2023,19417,3495,0.179997
55047,WI,Green Lake County,GREEN LAKE,2024,19370,3487,0.180021
55049,WI,Iowa County,IOWA,2020,23718,4269,0.17999
55049,WI,Iowa County,IOWA,2021,23815,4286,0.179971
55049,WI,Iowa County,IOWA,2022,23959,4312,0.179974
55049,WI,Iowa County,IOWA,2023,23881,4298,0.179976
55049,WI,Iowa County,IOWA,2024,23963,4313,0.179986
55051,WI,Iron County,IRON,2020,6140,1105,0.179967
55051,WI,Iron County,IRON,2021,6176,1111,0.17989
55051,WI,Iron County,IRON,2022,6221,1119,0.179875
55051,WI,Iron County,IRON,2023,6277,1130,0.180022
55051,WI,Iron County,IRON,2024,6235,1122,0.179952
55053,WI,Jackson County,JACKSON,2020,21095,3797,0.179995
55053,WI,Jackson County,JACKSON,2021,20913,3764,0.179984
55053,WI,Jackson County,JACKSON,2022,20930,3768,0.180029
55053,WI,Jackson County,JACKSON,2023,20938,3769,0.180008
55053,WI,Jackson County,JACKSON,2024,21027,3785,0.180007
55055,WI,Jefferson County,JEFFERSON,2020,86208,15517,0.179995
55055,WI,Jefferson County,JEFFERSON,2021,85781,15440,0.179993
55055,WI,Jefferson County,JEFFERSON,2022,85809,15446,0.180004
55055,WI,Jefferson County,JEFFERSON,2023,85971,15475,0.180003
55055,WI,Jefferson County,JEFFERSON,2024,86245,15524,0.179999
55057,WI,Juneau County,JUNEAU,2020,26780,4820,0.179985
55057,WI,Juneau County,JUNEAU,2021,26773,4819,0.179995
55057,WI,Juneau County,JUNEAU,2022,26743,4814,0.18001
55057,WI,Juneau County,JUNEAU,2023,26557,4780,0.17999
55057,WI,Juneau County,JUNEAU,2024,26590,4786,0.179992
55059,WI,Kenosha County,KENOSHA,2020,169202,30457,0.180004
55059,WI,Kenosha County,KENOSHA,2021,168446,30321,0.180004
55059,WI,Kenosha County,KENOSHA,2022,167920,30226,0.180002
55059,WI,Kenosha County,KENOSHA,2023,167867,30216,0.18
55059,WI,Kenosha County,KENOSHA,2024,168754,30376,0.180002
55061,WI,Kewaunee County,KEWAUNEE,2020,20563,3701,0.179983
55061,WI,Kewaunee County,KEWAUNEE,2021,20593,3707,0.180013
55061,WI,Kewaunee County,KEWAUNEE,2022,20681,3722,0.179972
55061,WI,Kewaunee County,KEWAUNEE,2023,20733,3732,0.180003
55061,WI,Kewaunee County,KEWAUNEE,2024,20751,3735,0.179991
55063,WI,La Crosse County,LA CROSSE,2020,120943,21770,0.180002
55063,WI,La Crosse County,LA CROSSE,2021,119362,21485,0.179999
55063,WI,La Crosse County,LA CROSSE,2022,120359,21665,0.180003
55063,WI,La Crosse County,LA CROSSE,2023,120717,21729,0.18
55063,WI,La Crosse County,LA CROSSE,2024,121060,21791,0.180002
55065,WI,Lafayette County,LAFAYETTE,2020,16604,2989,0.180017
55065,WI,Lafayette County,LAFAYETTE,2021,16817,3027,0.179996
55065,WI,Lafayette County,LAFAYETTE,2022,16926,3047,0.180019
55065,WI,Lafayette County,LAFAYETTE,2023,17059,3071,0.180022
55065,WI,Lafayette County,LAFAYETTE,2024,17306,3115,0.179995
55067,WI,Langlade County,LANGLADE,2020,19466,3504,0.180006
55067,WI,Langlade County,LANGLADE,2021,19486,3507,0.179975
55067,WI,Langlade County,LANGLADE,2022,19528,3515,0.179998
55067,WI,Langlade County,LANGLADE,2023,19435,3498,0.179985
55067,WI,Langlade County,LANGLADE,2024,19535,3516,0.179985
55069,WI,Lincoln County,LINCOLN,2020,28429,5117,0.179992
55069,WI,Lincoln County,LINCOLN,2021,28463,5123,0.179988
55069,WI,Lincoln County,LINCOLN,2022,28345,5102,0.179996
55069,WI,Lincoln County,LINCOLN,2023,28430,5117,0.179986
55069,WI,Lincoln County,LINCOLN,2024,28461,5123,0.180001
55071,WI,Manitowoc County,MANITOWOC,2020,81412,14654,0.179998
55071,WI,Manitowoc County,MANITOWOC,2021,81526,14674,0.179992
55071,WI,Manitowoc County,MANITOWOC,2022,81256,14626,0.179999
55071,WI,Manitowoc County,MANITOWOC,2023,81325,14638,0.179994
55071,WI,Manitowoc County,MANITOWOC,2024,81513,14672,0.179996
55073,WI,Marathon County,MARATHON,2020,138114,24860,0.179996
55073,WI,Marathon County,MARATHON,2021,137798,24803,0.179995
55073,WI,Marathon County,MARATHON,2022,138175,24871,0.179996
55073,WI,Marathon County,MARATHON,2023,138838,24990,0.179994
55073,WI,Marathon County,MARATHON,2024,139091,25036,0.179997
55075,WI,Marinette County,MARINETTE,2020,41900,7542,0.18
55075,WI,Marinette County,MARINETTE,2021,41875,7538,0.180012
55075,WI,Marinette County,MARINETTE,2022,42000,7560,0.18
55075,WI,Marinette County,MARINETTE,2023,42113,7581,0.180016
55075,WI,Marinette County,MARINETTE,2024,42343,7622,0.180006
55077,WI,Marquette County,MARQUETTE,2020,15580,2805,0.180039
55077,WI,Marquette County,MARQUETTE,2021,15778,2840,0.179997
55077,WI,Marquette County,MARQUETTE,2022,15776,2840,0.18002
55077,WI,Marquette County,MARQUETTE,2023,15851,2853,0.179989
55077,WI,Marquette County,MARQUETTE,2024,15743,2834,0.180017
55078,WI,Menominee County,MENOMINEE,2020,4258,766,0.179897
55078,WI,Menominee County,MENOMINEE,2021,4295,773,0.179977
55078,WI,Menominee County,MENOMINEE,2022,4199,755,0.179805
55078,WI,Menominee County,MENOMINEE,2023,4221,759,0.179815
55078,WI,Menominee County,MENOMINEE,2024,4286,771,0.179888
55079,WI,Milwaukee County,MILWAUKEE,2020,938609,168949,0.179999
55079,WI,Milwaukee County,MILWAUKEE,2021,924469,166404,0.18
55079,WI,Milwaukee County,MILWAUKEE,2022,921977,165956,0.18
55079,WI,Milwaukee County,MILWAUKEE,2023,921860,165935,0.18
55079,WI,Milwaukee County,MILWAUKEE,2024,924740,166453,0.18
55081,WI,Monroe County,MONROE,2020,46299,8334,0.180004
55081,WI,Monroe County,MONROE,2021,46157,8309,0.180016
55081,WI,Monroe County,MONROE,2022,46021,8284,0.180005
55081,WI,Monroe County,MONROE,2023,46193,8315,0.180006
55081,WI,Monroe County,MONROE,2024,46370,8347,0.180009
55083,WI,Oconto County,OCONTO,2020,39077,7034,0.180004
55083,WI,Oconto County,OCONTO,2021,39429,7098,0.18002
55083,WI,Oconto County,OCONTO,2022,39660,7139,0.180005
55083,WI,Oconto County,OCONTO,2023,39741,7154,0.180016
55083,WI,Oconto County,OCONTO,2024,40037,7207,0.180008
55085,WI,Oneida County,ONEIDA,2020,37877,6818,0.180004
55085,WI,Oneida County,ONEIDA,2021,38329,6900,0.18002
55085,WI,Oneida County,ONEIDA,2022,38267,6889,0.180025
55085,WI,Oneida County,ONEIDA,2023,38189,6875,0.180026
55085,WI,Oneida County,ONEIDA,2024,38175,6872,0.180013
55087,WI,Outagamie County,OUTAGAMIE,2020,190973,34375,0.179999
55087,WI,Outagamie County,OUTAGAMIE,2021,191380,34448,0.179998
55087,WI,Outagamie County,OUTAGAMIE,2022,192561,34661,0.18
55087,WI,Outagamie County,OUTAGAMIE,2023,193828,34889,0.18
55087,WI,Outagamie County,OUTAGAMIE,2024,195390,35170,0.179999
55089,WI,Ozaukee County,OZAUKEE,2020,91627,16493,0.180002
55089,WI,Ozaukee County,OZAUKEE,2021,92610,16670,0.180002
55089,WI,Ozaukee County,OZAUKEE,2022,93115,16761,0.180003
55089,WI,Ozaukee County,OZAUKEE,2023,93520,16834,0.180004
55089,WI,Ozaukee County,OZAUKEE,2024,93956,16912,0.179999
55091,WI,Pepin County,PEPIN,2020,7343,1322,0.180035
55091,WI,Pepin County,PEPIN,2021,7376,1328,0.180043
55091,WI,Pepin County,PEPIN,2022,7400,1332,0.18
55091,WI,Pepin County,PEPIN,2023,7482,1347,0.180032
55091,WI,Pepin County,PEPIN,2024,7555,1360,0.180013
55093,WI,Pierce County,PIERCE,2020,42229,7601,0.179995
55093,WI,Pierce County,PIERCE,2021,41609,7489,0.179985
55093,WI,Pierce County,PIERCE,2022,42597,7667,0.179989
55093,WI,Pierce County,PIERCE,2023,43101,7758,0.179996
55093,WI,Pierce County,PIERCE,2024,43380,7808,0.179991
55095,WI,Polk County,POLK,2020,45029,8106,0.180017
55095,WI,Polk County,POLK,2021,45462,8184,0.180018
55095,WI,Polk County,POLK,2022,45608,8210,0.180012
55095,WI,Polk County,POLK,2023,45845,8253,0.18002
55095,WI,Polk County,POLK,2024,45831,8250,0.180009
55097,WI,Portage County,PORTAGE,2020,70412,12674,0.179998
55097,WI,Portage County,PORTAGE,2021,69447,12500,0.179993
55097,WI,Portage County,PORTAGE,2022,70799,12744,0.180003
55097,WI,Portage County,PORTAGE,2023,71461,12863,0.18
55097,WI,Portage County,PORTAGE,2024,72040,12967,0.179997
55099,WI,Price County,PRICE,2020,14036,2527,0.180037
55099,WI,Price County,PRICE,2021,14061,2531,0.180001
55099,WI,Price County,PRICE,2022,14178,2552,0.179997
55099,WI,Price County,PRICE,2023,14098,2538,0.180026
55099,WI,Price County,PRICE,2024,14087,2536,0.180024
55101,WI,Racine County,RACINE,2020,198065,35652,0.180002
55101,WI,Racine County,RACINE,2021,196829,35429,0.179999
55101,WI,Racine County,RACINE,2022,196710,35408,0.180001
55101,WI,Racine County,RACINE,2023,197407,35533,0.179999
55101,WI,Racine County,RACINE,2024,198651,35757,0.179999
55103,WI,Richland County,RICHLAND,2020,17283,3111,0.180003
55103,WI,Richland County,RICHLAND,2021,17205,3097,0.180006
55103,WI,Richland County,RICHLAND,2022,17161,3089,0.180001
55103,WI,Richland County,RICHLAND,2023,17251,3105,0.17999
55103,WI,Richland County,RICHLAND,2024,17123,3082,0.179992
55105,WI,Rock County,ROCK,2020,163761,29477,0.18
55105,WI,Rock County,ROCK,2021,164128,29543,0.18
55105,WI,Rock County,ROCK,2022,163959,29513,0.180002
55105,WI,Rock County,ROCK,2023,164443,29600,0.180002
55105,WI,Rock County,ROCK,2024,165461,29783,0.18
55107,WI,Rusk County,RUSK,2020,14181,2552,0.179959
55107,WI,Rusk County,RUSK,2021,14115,2540,0.17995
55107,WI,Rusk County,RUSK,2022,14180,2552,0.179972
55107,WI,Rusk County,RUSK,2023,14252,2565,0.179975
55107,WI,Rusk County,RUSK,2024,14168,2550,0.179983
55109,WI,St. Croix County,ST. CROIX,2020,93893,16901,0.180003
55109,WI,St. Croix County,ST. CROIX,2021,95025,17105,0.180005
55109,WI,St. Croix County,ST. CROIX,2022,96138,17305,0.180002
55109,WI,St. Croix County,ST. CROIX,2023,97156,17488,0.179999
55109,WI,St. Croix County,ST. CROIX,2024,97954,17632,0.180003
55111,WI,Sauk County,SAUK,2020,65793,11842,0.179989
55111,WI,Sauk County,SAUK,2021,65705,11826,0.179986
55111,WI,Sauk County,SAUK,2022,65916,11864,0.179987
55111,WI,Sauk County,SAUK,2023,66143,11905,0.179989
55111,WI,Sauk County,SAUK,2024,66486,11967,0.179993
55113,WI,Sawyer County,SAWYER,2020,18119,3261,0.179977
55113,WI,Sawyer County,SAWYER,2021,18230,3281,0.179978
55113,WI,Sawyer County,SAWYER,2022,18575,3343,0.179973
55113,WI,Sawyer County,SAWYER,2023,18619,3351,0.179977
55113,WI,Sawyer County,SAWYER,2024,18835,3390,0.179984
55115,WI,Shawano County,SHAWANO,2020,40869,7357,0.180014
55115,WI,Shawano County,SHAWANO,2021,40861,7355,0.18
55115,WI,Shawano County,SHAWANO,2022,41017,7383,0.179999
55115,WI,Shawano County,SHAWANO,2023,41148,7407,0.180009
55115,WI,Shawano County,SHAWANO,2024,41299,7434,0.180004
55117,WI,Sheboygan County,SHEBOYGAN,2020,118058,21251,0.180005
55117,WI,Sheboygan County,SHEBOYGAN,2021,117710,21188,0.180002
55117,WI,Sheboygan County,SHEBOYGAN,2022,117860,21215,0.180002
55117,WI,Sheboygan County,SHEBOYGAN,2023,117995,21240,0.180008
55117,WI,Sheboygan County,SHEBOYGAN,2024,118331,21300,0.180004
55119,WI,Taylor County,TAYLOR,2020,19938,3589,0.180008
55119,WI,Taylor County,TAYLOR,2021,19946,3590,0.179986
55119,WI,Taylor County,TAYLOR,2022,19946,3590,0.179986
55119,WI,Taylor County,TAYLOR,2023,20123,3622,0.179993
55119,WI,Taylor County,TAYLOR,2024,20167,3630,0.179997
55121,WI,Trempealeau County,TREMPEALEAU,2020,30813,5546,0.179989
55121,WI,Trempealeau County,TREMPEALEAU,2021,30722,5530,0.180001
55121,WI,Trempealeau County,TREMPEALEAU,2022,30920,5565,0.179981
55121,WI,Trempealeau County,TREMPEALEAU,2023,30939,5569,0.179999
55121,WI,Trempealeau County,TREMPEALEAU,2024,30801,5544,0.179994
55123,WI,Vernon County,VERNON,2020,30710,5528,0.180007
55123,WI,Vernon County,VERNON,2021,30932,5568,0.180008
55123,WI,Vernon County,VERNON,2022,31110,5600,0.180006
55123,WI,Vernon County,VERNON,2023,31143,5606,0.180008
55123,WI,Vernon County,VERNON,2024,31351,5643,0.179994
55125,WI,Vilas County,VILAS,2020,23097,4158,0.180023
55125,WI,Vilas County,VILAS,2021,23516,4233,0.180005
55125,WI,Vilas County,VILAS,2022,23755,4276,0.180004
55125,WI,Vilas County,VILAS,2023,23914,4305,0.18002
55125,WI,Vilas County,VILAS,2024,23948,4311,0.180015
55127,WI,Walworth County,WALWORTH,2020,105310,18956,0.180002
55127,WI,Walworth County,WALWORTH,2021,105231,18941,0.179994
55127,WI,Walworth County,WALWORTH,2022,105705,19027,0.180001
55127,WI,Walworth County,WALWORTH,2023,106008,19081,0.179996
55127,WI,Walworth County,WALWORTH,2024,106029,19085,0.179998
55129,WI,Washburn County,WASHBURN,2020,16623,2992,0.179992
55129,WI,Washburn County,WASHBURN,2021,16755,3016,0.180006
55129,WI,Washburn County,WASHBURN,2022,16915,3045,0.180018
55129,WI,Washburn County,WASHBURN,2023,16996,3060,0.180042
55129,WI,Washburn County,WASHBURN,2024,16982,3057,0.180014
55131,WI,Washington County,WASHINGTON,2020,136811,24626,0.18
55131,WI,Washington County,WASHINGTON,2021,137361,24725,0.18
55131,WI,Washington County,WASHINGTON,2022,137999,24840,0.180001
55131,WI,Washington County,WASHINGTON,2023,138496,24929,0.179998
55131,WI,Washington County,WASHINGTON,2024,138727,24971,0.180001
55133,WI,Waukesha County,WAUKESHA,2020,407518,73353,0.179999
55133,WI,Waukesha County,WAUKESHA,2021,409191,73654,0.179999
55133,WI,Waukesha County,WAUKESHA,2022,411061,73991,0.18
55133,WI,Waukesha County,WAUKESHA,2023,414013,74522,0.179999
55133,WI,Waukesha County,WAUKESHA,2024,417029,75065,0.179999
55135,WI,Waupaca County,WAUPACA,2020,51806,9325,0.179998
55135,WI,Waupaca County,WAUPACA,2021,51897,9342,0.18001
55135,WI,Waupaca County,WAUPACA,2022,51645,9296,0.179998
55135,WI,Waupaca County,WAUPACA,2023,51324,9239,0.180013
55135,WI,Waupaca County,WAUPACA,2024,51171,9211,0.180004
55137,WI,Waushara County,WAUSHARA,2020,24550,4419,0.18
55137,WI,Waushara County,WAUSHARA,2021,24767,4458,0.179998
55137,WI,Waushara County,WAUSHARA,2022,24932,4488,0.18001
55137,WI,Waushara County,WAUSHARA,2023,25014,4502,0.179979
55137,WI,Waushara County,WAUSHARA,2024,25079,4514,0.179991
55139,WI,Winnebago County,WINNEBAGO,2020,171796,30923,0.179998
55139,WI,Winnebago County,WINNEBAGO,2021,170590,30706,0.179999
55139,WI,Winnebago County,WINNEBAGO,2022,171049,30789,0.180001
55139,WI,Winnebago County,WINNEBAGO,2023,172105,30979,0.180001
55139,WI,Winnebago County,WINNEBAGO,2024,173307,31195,0.179998
55141,WI,Wood County,WOOD,2020,74189,13354,0.18
55141,WI,Wood County,WOOD,2021,74002,13321,0.180009
55141,WI,Wood County,WOOD,2022,73849,13293,0.180002
55141,WI,Wood County,WOOD,2023,74037,13327,0.180005
55141,WI,Wood County,WOOD,2024,73943,13310,0.180004
56001,WY,Albany County,ALBANY,2020,37115,6310,0.170012
56001,WY,Albany County,ALBANY,2021,37859,6436,0.169999
56001,WY,Albany County,ALBANY,2022,38361,6521,0.16999
56001,WY,Albany County,ALBANY,2023,38624,6566,0.169998
56001,WY,Albany County,ALBANY,2024,39288,6679,0.170001
56003,WY,Big Horn County,BIG HORN,2020,11479,1951,0.169963
56003,WY,Big Horn County,BIG HORN,2021,11641,1979,0.170003
56003,WY,Big Horn County,BIG HORN,2022,11876,2019,0.170007
56003,WY,Big Horn County,BIG HORN,2023,12061,2050,0.169969
56003,WY,Big Horn County,BIG HORN,2024,12084,2054,0.169977
56005,WY,Campbell County,CAMPBELL,2020,47146,8015,0.170004
56005,WY,Campbell County,CAMPBELL,2021,46547,7913,0.17
56005,WY,Campbell County,CAMPBELL,2022,47049,7999,0.170014
56005,WY,Campbell County,CAMPBELL,2023,47511,8077,0.170003
56005,WY,Campbell County,CAMPBELL,2024,47946,8151,0.170004
56007,WY,Carbon County,CARBON,2020,14508,2466,0.169975
56007,WY,Carbon County,CARBON,2021,14711,2500,0.169941
56007,WY,Carbon County,CARBON,2022,14527,2469,0.169959
56007,WY,Carbon County,CARBON,2023,14317,2433,0.169938
56007,WY,Carbon County,CARBON,2024,14250,2422,0.169965
56009,WY,Converse County,CONVERSE,2020,13750,2337,0.169964
56009,WY,Converse County,CONVERSE,2021,13670,2324,0.170007
56009,WY,Converse County,CONVERSE,2022,13774,2341,0.169958
56009,WY,Converse County,CONVERSE,2023,13850,2354,0.169964
56009,WY,Converse County,CONVERSE,2024,13766,2340,0.169984
56011,WY,Crook County,CROOK,2020,7179,1221,0.170079
56011,WY,Crook County,CROOK,2021,7309,1243,0.170064
56011,WY,Crook County,CROOK,2022,7417,1261,0.170015
56011,WY,Crook County,CROOK,2023,7596,1292,0.17009
56011,WY,Crook County,CROOK,2024,7775,1322,0.170032
56013,WY,Fremont County,FREMONT,2020,39190,6663,0.170018
56013,WY,Fremont County,FREMONT,2021,39408,6700,0.170016
56013,WY,Fremont County,FREMONT,2022,39545,6723,0.170009
56013,WY,Fremont County,FREMONT,2023,39800,6766,0.17
56013,WY,Fremont County,FREMONT,2024,39721,6753,0.170011
56015,WY,Goshen County,GOSHEN,2020,12517,2128,0.170009
56015,WY,Goshen County,GOSHEN,2021,12571,2137,0.169994
56015,WY,Goshen County,GOSHEN,2022,12638,2149,0.170043
56015,WY,Goshen County,GOSHEN,2023,12662,2153,0.170036
56015,WY,Goshen County,GOSHEN,2024,12635,2148,0.170004
56017,WY,Hot Springs County,HOT SPRINGS,2020,4620,785,0.169913
56017,WY,Hot Springs County,HOT SPRINGS,2021,4595,781,0.169967
56017,WY,Hot Springs County,HOT SPRINGS,2022,4609,783,0.169885
56017,WY,Hot Springs County,HOT SPRINGS,2023,4652,791,0.170034
56017,WY,Hot Springs County,HOT SPRINGS,2024,4625,786,0.169946
56019,WY,Johnson County,JOHNSON,2020,8469,1440,0.170032
56019,WY,Johnson County,JOHNSON,2021,8629,1467,0.170008
56019,WY,Johnson County,JOHNSON,2022,8735,1485,0.170006
56019,WY,Johnson County,JOHNSON,2023,8792,1495,0.170041
56019,WY,Johnson County,JOHNSON,2024,8803,1497,0.170056
56021,WY,Laramie County,LARAMIE,2020,100733,17125,0.170004
56021,WY,Laramie County,LARAMIE,2021,100843,17143,0.169997
56021,WY,Laramie County,LARAMIE,2022,100860,17146,0.169998
56021,WY,Laramie County,LARAMIE,2023,101079,17183,0.169996
56021,WY,Laramie County,LARAMIE,2024,101783,17303,0.169999
56023,WY,Lincoln County,LINCOLN,2020,19658,3342,0.170007
56023,WY,Lincoln County,LINCOLN,2021,20174,3430,0.170021
56023,WY,Lincoln County,LINCOLN,2022,20690,3517,0.169986
56023,WY,Lincoln County,LINCOLN,2023,20909,3555,0.170022
56023,WY,Lincoln County,LINCOLN,2024,21000,3570,0.17
56025,WY,Natrona County,NATRONA,2020,80300,13651,0.17
56025,WY,Natrona County,NATRONA,2021,79642,13539,0.169998
56025,WY,Natrona County,NATRONA,2022,79565,13526,0.169999
56025,WY,Natrona County,NATRONA,2023,79968,13595,0.170006
56025,WY,Natrona County,NATRONA,2024,80410,13670,0.170004
56027,WY,Niobrara County,NIOBRARA,2020,2453,417,0.169996
56027,WY,Niobrara County,NIOBRARA,2021,2413,410,0.169913
56027,WY,Niobrara County,NIOBRARA,2022,2346,399,0.170077
56027,WY,Niobrara County,NIOBRARA,2023,2327,395,0.169746
56027,WY,Niobrara County,NIOBRARA,2024,2301,391,0.169926
56029,WY,Park County,PARK,2020,29666,5043,0.169993
56029,WY,Park County,PARK,2021,30146,5125,0.170006
56029,WY,Park County,PARK,2022,30530,5190,0.169997
56029,WY,Park County,PARK,2023,30822,5240,0.170008
56029,WY,Park County,PARK,2024,31082,5284,0.170002
56031,WY,Platte County,PLATTE,2020,8632,1467,0.169949
56031,WY,Platte County,PLATTE,2021,8679,1475,0.16995
56031,WY,Platte County,PLATTE,2022,8655,1471,0.16996
56031,WY,Platte County,PLATTE,2023,8581,1459,0.170027
56031,WY,Platte County,PLATTE,2024,8512,1447,0.169995
56033,WY,Sheridan County,SHERIDAN,2020,31005,5271,0.170005
56033,WY,Sheridan County,SHERIDAN,2021,31663,5382,0.169978
56033,WY,Sheridan County,SHERIDAN,2022,32049,5448,0.16999
56033,WY,Sheridan County,SHERIDAN,2023,32581,5539,0.170007
56033,WY,Sheridan County,SHERIDAN,2024,32978,5606,0.169992
56035,WY,Sublette County,SUBLETTE,2020,8740,1486,0.170023
56035,WY,Sublette County,SUBLETTE,2021,8729,1484,0.170008
56035,WY,Sublette County,SUBLETTE,2022,8767,1490,0.169956
56035,WY,Sublette County,SUBLETTE,2023,8991,1528,0.169948
56035,WY,Sublette County,SUBLETTE,2024,8965,1524,0.169994
56037,WY,Sweetwater County,SWEETWATER,2020,42196,7173,0.169992
56037,WY,Sweetwater County,SWEETWATER,2021,41630,7077,0.169998
56037,WY,Sweetwater County,SWEETWATER,2022,41322,7024,0.169982
56037,WY,Sweetwater County,SWEETWATER,2023,41288,7019,0.170001
56037,WY,Sweetwater County,SWEETWATER,2024,41273,7016,0.16999
56039,WY,Teton County,TETON,2020,23384,3975,0.169988
56039,WY,Teton County,TETON,2021,23613,4014,0.169991
56039,WY,Teton County,TETON,2022,23341,3968,0.170001
56039,WY,Teton County,TETON,2023,23368,3972,0.169976
56039,WY,Teton County,TETON,2024,23272,3956,0.16999
56041,WY,Uinta County,UINTA,2020,20461,3479,0.170031
56041,WY,Uinta County,UINTA,2021,20690,3518,0.170034
56041,WY,Uinta County,UINTA,2022,20722,3523,0.170013
56041,WY,Uinta County,UINTA,2023,20724,3524,0.170044
56041,WY,Uinta County,UINTA,2024,20621,3506,0.170021
56043,WY,Washakie County,WASHAKIE,2020,7663,1303,0.170038
56043,WY,Washakie County,WASHAKIE,2021,7727,1314,0.170053
56043,WY,Washakie County,WASHAKIE,2022,7728,1314,0.170031
56043,WY,Washakie County,WASHAKIE,2023,7736,1316,0.170114
56043,WY,Washakie County,WASHAKIE,2024,7662,1303,0.17006
56045,WY,Weston County,WESTON,2020,6817,1159,0.170016
56045,WY,Weston County,WESTON,2021,6747,1147,0.170001
56045,WY,Weston County,WESTON,2022,6872,1168,0.169965
56045,WY,Weston County,WESTON,2023,6828,1161,0.170035
56045,WY,Weston County,WESTON,2024,6866,1167,0.169968
